sample_id,modality,window_units,unit_start,feature_indices,text,char_start,char_end_exclusive,text_mapping_status,start_seconds,end_seconds,time_mapping_status,target_class,contrast_class,class_margin_effect,intensity_effect,after_target_probability,selected,direction
01,text,1,0,[1],Replacing,0,9,verified,,,unresolved,Neutral,Positive,0.1745463645057893,-0.03802564740180969,0.4250342043863314,True,support
01,text,1,1,[2],these,10,15,verified,,,unresolved,Neutral,Positive,0.061761276127756726,-0.013655781745910645,0.4439940709126727,False,support
01,text,1,2,[3],wear,16,20,verified,,,unresolved,Neutral,Positive,0.0016371964948710405,-0.0024596452713012695,0.4523309568110561,False,support
01,text,1,3,[4],components,21,31,verified,,,unresolved,Neutral,Positive,0.020447040720529275,-0.0021098852157592773,0.4499380285175498,False,support
01,text,1,4,[5],when,32,36,verified,,,unresolved,Neutral,Positive,-0.05937326532169629,0.01575985550880432,0.46125171343484306,False,oppose
01,text,1,5,[6],replacing,37,46,verified,,,unresolved,Neutral,Positive,0.008935809020815366,-0.004466414451599121,0.45129810008719257,False,support
01,text,1,6,[7],the,47,50,verified,,,unresolved,Neutral,Positive,0.017341426362674217,-0.0027041733264923096,0.45155468763222756,False,support
01,text,1,7,[8],timing,51,57,verified,,,unresolved,Neutral,Positive,0.11348043253702533,-0.024354636669158936,0.43051163079809124,False,support
01,text,1,8,[9],belt,58,62,verified,,,unresolved,Neutral,Positive,0.054776675429625055,-0.0115317702293396,0.4416645478033059,False,support
01,text,1,9,[10],is,63,65,verified,,,unresolved,Neutral,Positive,0.0014519530253251922,0.002524256706237793,0.4549297811068027,False,support
01,text,1,10,[11],essential,66,75,verified,,,unresolved,Neutral,Positive,-0.0553391262451266,0.017994165420532227,0.4660708511960318,False,oppose
01,text,1,11,[12],to,76,78,verified,,,unresolved,Neutral,Positive,0.04728252641791808,-0.008120179176330566,0.4472221165407423,False,support
01,text,1,12,[13],ensuring,79,87,verified,,,unresolved,Neutral,Positive,0.06649304844503623,-0.010227441787719727,0.44475413843140243,False,support
01,text,1,13,[14],the,88,91,verified,,,unresolved,Neutral,Positive,-0.05176727071738485,0.013478130102157593,0.46241558489499396,False,oppose
01,text,1,14,[15],new,92,95,verified,,,unresolved,Neutral,Positive,0.036018991527357436,-0.006406843662261963,0.4483243682678446,False,support
01,text,1,15,[16],belt,96,100,verified,,,unresolved,Neutral,Positive,-0.012201722661150272,0.0018056035041809082,0.453841154554178,False,oppose
01,text,1,16,[17],performs,101,109,verified,,,unresolved,Neutral,Positive,-0.03307032374714114,0.00732421875,0.46212280278640444,False,oppose
01,text,1,17,[18],to,110,112,verified,,,unresolved,Neutral,Positive,-0.10938637057251377,0.023190677165985107,0.47621771316971,False,oppose
01,text,1,18,[19],its,113,116,verified,,,unresolved,Neutral,Positive,-0.06693174010654801,0.013924628496170044,0.46770419554589776,True,oppose
01,text,1,19,"[20, 21]",mileage,117,124,verified,,,unresolved,Neutral,Positive,-0.020125824530889513,0.0035340487957000732,0.45565036378777013,False,oppose
01,text,1,20,[22],requirements,125,137,verified,,,unresolved,Neutral,Positive,0.02612941190044904,-0.0070955753326416016,0.4487634168268365,False,support
01,text,3,0,"[1, 2, 3]",Replacing these wear,0,20,verified,,,unresolved,Neutral,Positive,0.13629784476032158,-0.029410988092422485,0.4309921465565558,False,support
01,text,3,1,"[2, 3, 4]",these wear components,10,31,verified,,,unresolved,Neutral,Positive,-0.014953167531979394,0.006822526454925537,0.4552065009556949,False,oppose
01,text,3,2,"[3, 4, 5]",wear components when,16,36,verified,,,unresolved,Neutral,Positive,0.009454400682588626,0.0005362927913665771,0.4479591740156072,False,support
01,text,3,3,"[4, 5, 6]",components when replacing,21,46,verified,,,unresolved,Neutral,Positive,0.022904507777416483,-0.0002498626708984375,0.4475822599796499,False,support
01,text,3,4,"[5, 6, 7]",when replacing the,32,50,verified,,,unresolved,Neutral,Positive,-0.016040632715665915,0.005824565887451172,0.45290212121751305,False,oppose
01,text,3,5,"[6, 7, 8]",replacing the timing,37,57,verified,,,unresolved,Neutral,Positive,0.13466557497756781,-0.02977687120437622,0.4269230026401783,False,support
01,text,3,6,"[7, 8, 9]",the timing belt,47,62,verified,,,unresolved,Neutral,Positive,0.20134467010060852,-0.04441097378730774,0.41263687199816385,False,support
01,text,3,7,"[8, 9, 10]",timing belt is,51,65,verified,,,unresolved,Neutral,Positive,0.14529799621496364,-0.025655001401901245,0.423928839588602,False,support
01,text,3,8,"[9, 10, 11]",belt is essential,58,75,verified,,,unresolved,Neutral,Positive,0.036231943028190994,0.001146554946899414,0.44957496002261266,False,support
01,text,3,9,"[10, 11, 12]",is essential to,63,78,verified,,,unresolved,Neutral,Positive,-0.05010756495580837,0.01775228977203369,0.46463098868229563,False,oppose
01,text,3,10,"[11, 12, 13]",essential to ensuring,66,87,verified,,,unresolved,Neutral,Positive,-0.06215576554899849,0.022742152214050293,0.466428669671443,False,oppose
01,text,3,11,"[12, 13, 14]",to ensuring the,76,91,verified,,,unresolved,Neutral,Positive,0.061895270119543544,-0.007081776857376099,0.4440586315839689,False,support
01,text,3,12,"[13, 14, 15]",ensuring the new,79,95,verified,,,unresolved,Neutral,Positive,0.12649717859738785,-0.018172740936279297,0.4346146562064083,True,support
01,text,3,13,"[14, 15, 16]",the new belt,88,100,verified,,,unresolved,Neutral,Positive,0.046025993308720925,-0.006152808666229248,0.4446514018004331,False,support
01,text,3,14,"[15, 16, 17]",new belt performs,92,109,verified,,,unresolved,Neutral,Positive,-0.06161248846643308,0.018809616565704346,0.46853445785565073,False,oppose
01,text,3,15,"[16, 17, 18]",belt performs to,96,112,verified,,,unresolved,Neutral,Positive,-0.1392817960401781,0.03269857168197632,0.481086604732037,True,oppose
01,text,3,16,"[17, 18, 19]",performs to its,101,116,verified,,,unresolved,Neutral,Positive,-0.16589019432377716,0.03705650568008423,0.4880568172309705,False,oppose
01,text,3,17,"[18, 19, 20, 21]",to its mileage,110,124,verified,,,unresolved,Neutral,Positive,-0.13334872695891598,0.027453362941741943,0.4812765825063427,False,oppose
01,text,3,18,"[19, 20, 21, 22]",its mileage requirements,113,137,verified,,,unresolved,Neutral,Positive,-0.17339766588158656,0.03594261407852173,0.4855235622385771,False,oppose
01,text,5,0,"[1, 2, 3, 4, 5]",Replacing these wear components when,0,36,verified,,,unresolved,Neutral,Positive,0.03449345022516659,-0.0007905960083007812,0.44159720758522336,False,support
01,text,5,1,"[2, 3, 4, 5, 6]",these wear components when replacing,10,46,verified,,,unresolved,Neutral,Positive,-0.0013973537204649,0.006365537643432617,0.44830754655185395,False,oppose
01,text,5,2,"[3, 4, 5, 6, 7]",wear components when replacing the,16,50,verified,,,unresolved,Neutral,Positive,0.03820893575323847,-0.003216773271560669,0.44246182990777594,False,support
01,text,5,3,"[4, 5, 6, 7, 8]",components when replacing the timing,21,57,verified,,,unresolved,Neutral,Positive,0.11228269730899765,-0.01672607660293579,0.4283723326793165,False,support
01,text,5,4,"[5, 6, 7, 8, 9]",when replacing the timing belt,32,62,verified,,,unresolved,Neutral,Positive,0.2143189506511065,-0.041127413511276245,0.40280376263917617,False,support
01,text,5,5,"[6, 7, 8, 9, 10]",replacing the timing belt is,37,65,verified,,,unresolved,Neutral,Positive,0.2599529732958433,-0.05825793743133545,0.40319886716522185,True,support
01,text,5,6,"[7, 8, 9, 10, 11]",the timing belt is essential,47,75,verified,,,unresolved,Neutral,Positive,0.1511883169231446,-0.023699581623077393,0.4257606082428697,False,support
01,text,5,7,"[8, 9, 10, 11, 12]",timing belt is essential to,51,78,verified,,,unresolved,Neutral,Positive,0.09082723457361386,-0.011760950088500977,0.4359757053226335,False,support
01,text,5,8,"[9, 10, 11, 12, 13]",belt is essential to ensuring,58,87,verified,,,unresolved,Neutral,Positive,0.010223977760364433,0.009358525276184082,0.4512733272540735,False,support
01,text,5,9,"[10, 11, 12, 13, 14]",is essential to ensuring the,63,91,verified,,,unresolved,Neutral,Positive,-0.0014195541814820967,0.015292227268218994,0.45258829405610834,False,oppose
01,text,5,10,"[11, 12, 13, 14, 15]",essential to ensuring the new,66,95,verified,,,unresolved,Neutral,Positive,-0.04941951657107313,0.026694118976593018,0.4652618853400092,False,oppose
01,text,5,11,"[12, 13, 14, 15, 16]",to ensuring the new belt,76,100,verified,,,unresolved,Neutral,Positive,0.11921418203767364,-0.017029941082000732,0.4340322826644303,False,support
01,text,5,12,"[13, 14, 15, 16, 17]",ensuring the new belt performs,79,109,verified,,,unresolved,Neutral,Positive,-0.06797033581281486,0.024745523929595947,0.4677161596520849,False,oppose
01,text,5,13,"[14, 15, 16, 17, 18]",the new belt performs to,88,112,verified,,,unresolved,Neutral,Positive,-0.1259479846509015,0.03335142135620117,0.47712663993039384,False,oppose
01,text,5,14,"[15, 16, 17, 18, 19]",new belt performs to its,92,116,verified,,,unresolved,Neutral,Positive,-0.18785421924144752,0.04692906141281128,0.4915956465853072,False,oppose
01,text,5,15,"[16, 17, 18, 19, 20, 21]",belt performs to its mileage,96,124,verified,,,unresolved,Neutral,Positive,-0.1647362575198763,0.03922960162162781,0.4869765003911347,False,oppose
01,text,5,16,"[17, 18, 19, 20, 21, 22]",performs to its mileage requirements,101,137,verified,,,unresolved,Neutral,Positive,-0.21604692718913676,0.047080397605895996,0.4914847036134063,True,oppose
01,audio,1,0,[1],,,,not_applicable,,,unresolved,Neutral,Positive,-0.01870152154275606,0.002890288829803467,0.4564204432944349,True,oppose
01,audio,1,1,[2],,,,not_applicable,,,unresolved,Neutral,Positive,-0.011142900204962336,0.0014975965023040771,0.4558599548546457,False,oppose
01,audio,1,2,[3],,,,not_applicable,,,unresolved,Neutral,Positive,-0.011459690948637635,0.001812070608139038,0.4559365607453979,False,oppose
01,audio,1,3,[4],,,,not_applicable,,,unresolved,Neutral,Positive,-0.01293679069152398,0.0021156668663024902,0.45615069613175346,False,oppose
01,audio,1,4,[5],,,,not_applicable,,,unresolved,Neutral,Positive,-0.00038585806988034044,-0.001082092523574829,0.45421016526679564,False,oppose
01,audio,1,5,[6],,,,not_applicable,,,unresolved,Neutral,Positive,0.011210342586061794,-0.002967238426208496,0.45209083469930006,False,support
01,audio,1,6,[7],,,,not_applicable,,,unresolved,Neutral,Positive,0.00036039278064547986,-0.00255507230758667,0.45410255285260337,False,support
01,audio,1,7,[8],,,,not_applicable,,,unresolved,Neutral,Positive,-0.010320848203437594,0.0017658472061157227,0.45639394366926656,False,oppose
01,audio,1,8,[9],,,,not_applicable,,,unresolved,Neutral,Positive,-0.007955689050506254,0.001230478286743164,0.4558534820189637,False,oppose
01,audio,1,9,[10],,,,not_applicable,,,unresolved,Neutral,Positive,0.002506901028398234,-0.001515805721282959,0.454016288334392,False,support
01,audio,1,10,[11],,,,not_applicable,,,unresolved,Neutral,Positive,0.0032770191787778735,-0.0006131529808044434,0.45346086706165806,False,support
01,audio,1,11,[12],,,,not_applicable,,,unresolved,Neutral,Positive,0.012556054509443526,-0.003550499677658081,0.4520282655637872,False,support
01,audio,1,12,[13],,,,not_applicable,,,unresolved,Neutral,Positive,0.017006888640826667,-0.004554301500320435,0.4509996725572469,False,support
01,audio,1,13,[14],,,,not_applicable,,,unresolved,Neutral,Positive,0.014570790367871678,-0.0035974979400634766,0.4513332319115654,False,support
01,audio,1,14,[15],,,,not_applicable,,,unresolved,Neutral,Positive,0.015853707540579576,-0.0035431981086730957,0.4513590240254695,False,support
01,audio,1,15,[16],,,,not_applicable,,,unresolved,Neutral,Positive,0.0129500028672912,-0.002937406301498413,0.4517180425831906,False,support
01,audio,1,16,[17],,,,not_applicable,,,unresolved,Neutral,Positive,0.03502980537077094,-0.007995188236236572,0.4476918040578372,False,support
01,audio,1,17,[18],,,,not_applicable,,,unresolved,Neutral,Positive,0.016994848265683205,-0.004004001617431641,0.45125868427908616,False,support
01,audio,1,18,[19],,,,not_applicable,,,unresolved,Neutral,Positive,0.015908882828854276,-0.0041953325271606445,0.45134175059389514,False,support
01,audio,1,19,[20],,,,not_applicable,,,unresolved,Neutral,Positive,0.021016006852331737,-0.004952341318130493,0.45049130784289554,False,support
01,audio,1,20,[21],,,,not_applicable,,,unresolved,Neutral,Positive,0.021156420522038366,-0.004831254482269287,0.4505240813741112,False,support
01,audio,1,21,[22],,,,not_applicable,,,unresolved,Neutral,Positive,0.006412760695115316,-0.0015946626663208008,0.45295701782824543,False,support
01,audio,3,0,"[1, 2, 3]",,,,not_applicable,,,unresolved,Neutral,Positive,-0.040407489363673665,0.006143003702163696,0.4598935148811713,False,oppose
01,audio,3,1,"[2, 3, 4]",,,,not_applicable,,,unresolved,Neutral,Positive,-0.0348180074608716,0.0054013729095458984,0.45975560635681045,False,oppose
01,audio,3,2,"[3, 4, 5]",,,,not_applicable,,,unresolved,Neutral,Positive,-0.024339850602566604,0.002878934144973755,0.4581929065134374,False,oppose
01,audio,3,3,"[4, 5, 6]",,,,not_applicable,,,unresolved,Neutral,Positive,-0.0016253800670373852,-0.0019408166408538818,0.45435212659913954,False,oppose
01,audio,3,4,"[5, 6, 7]",,,,not_applicable,,,unresolved,Neutral,Positive,0.01180142913125759,-0.006698787212371826,0.4522575034068952,False,support
01,audio,3,5,"[6, 7, 8]",,,,not_applicable,,,unresolved,Neutral,Positive,0.0018228250582325023,-0.003788769245147705,0.45445592711627875,False,support
01,audio,3,6,"[7, 8, 9]",,,,not_applicable,,,unresolved,Neutral,Positive,-0.01726635382452868,0.00027441978454589844,0.45819456211145376,True,oppose
01,audio,3,7,"[8, 9, 10]",,,,not_applicable,,,unresolved,Neutral,Positive,-0.015125478695455219,0.0012546181678771973,0.4581067451954747,False,oppose
01,audio,3,8,"[9, 10, 11]",,,,not_applicable,,,unresolved,Neutral,Positive,-0.0013955373540154303,-0.001089930534362793,0.45515468671771175,False,oppose
01,audio,3,9,"[10, 11, 12]",,,,not_applicable,,,unresolved,Neutral,Positive,0.019307521387771476,-0.005766451358795166,0.4512789522375799,False,support
01,audio,3,10,"[11, 12, 13]",,,,not_applicable,,,unresolved,Neutral,Positive,0.033715267402192994,-0.008703768253326416,0.4482675410539794,False,support
01,audio,3,11,"[12, 13, 14]",,,,not_applicable,,,unresolved,Neutral,Positive,0.04487562081012364,-0.011721789836883545,0.44611732259326403,False,support
01,audio,3,12,"[13, 14, 15]",,,,not_applicable,,,unresolved,Neutral,Positive,0.04738819282532525,-0.011584997177124023,0.4455681848520533,False,support
01,audio,3,13,"[14, 15, 16]",,,,not_applicable,,,unresolved,Neutral,Positive,0.043224462777761596,-0.00998157262802124,0.4463135903564465,False,support
01,audio,3,14,"[15, 16, 17]",,,,not_applicable,,,unresolved,Neutral,Positive,0.06365723967671377,-0.014283955097198486,0.4426652513378129,False,support
01,audio,3,15,"[16, 17, 18]",,,,not_applicable,,,unresolved,Neutral,Positive,0.06553550741829495,-0.014914840459823608,0.44245398947098263,False,support
01,audio,3,16,"[17, 18, 19]",,,,not_applicable,,,unresolved,Neutral,Positive,0.06784351515594689,-0.01601007580757141,0.4422125698647223,False,support
01,audio,3,17,"[18, 19, 20]",,,,not_applicable,,,unresolved,Neutral,Positive,0.05307361556018764,-0.012983500957489014,0.4451450542288114,False,support
01,audio,3,18,"[19, 20, 21]",,,,not_applicable,,,unresolved,Neutral,Positive,0.05533785223842602,-0.013558447360992432,0.44470928548789174,False,support
01,audio,3,19,"[20, 21, 22]",,,,not_applicable,,,unresolved,Neutral,Positive,0.04629013938152837,-0.011057049036026001,0.4462767549635197,False,support
01,audio,5,0,"[1, 2, 3, 4, 5]",,,,not_applicable,,,unresolved,Neutral,Positive,-0.052044267679317024,0.007149010896682739,0.4618954932850002,True,oppose
01,audio,5,1,"[2, 3, 4, 5, 6]",,,,not_applicable,,,unresolved,Neutral,Positive,-0.02204709322009024,0.0011881887912750244,0.4577444779983511,False,oppose
01,audio,5,2,"[3, 4, 5, 6, 7]",,,,not_applicable,,,unresolved,Neutral,Positive,-0.01068342004073386,-0.002843618392944336,0.4560346502913335,False,oppose
01,audio,5,3,"[4, 5, 6, 7, 8]",,,,not_applicable,,,unresolved,Neutral,Positive,-0.009992529991062482,-0.003005087375640869,0.45655902921045477,False,oppose
01,audio,5,4,"[5, 6, 7, 8, 9]",,,,not_applicable,,,unresolved,Neutral,Positive,-0.005391222215414659,-0.0038992762565612793,0.4563013452300907,False,oppose
01,audio,5,5,"[6, 7, 8, 9, 10]",,,,not_applicable,,,unresolved,Neutral,Positive,-0.0019866297680289913,-0.004421591758728027,0.45598742631493877,False,oppose
01,audio,5,6,"[7, 8, 9, 10, 11]",,,,not_applicable,,,unresolved,Neutral,Positive,-0.00875845077193238,-0.002462834119796753,0.45714320184919904,False,oppose
01,audio,5,7,"[8, 9, 10, 11, 12]",,,,not_applicable,,,unresolved,Neutral,Positive,0.0029151131795756013,-0.0031838715076446533,0.4551559666910124,False,support
01,audio,5,8,"[9, 10, 11, 12, 13]",,,,not_applicable,,,unresolved,Neutral,Positive,0.02936052624089469,-0.009087860584259033,0.44987414587298985,False,support
01,audio,5,9,"[10, 11, 12, 13, 14]",,,,not_applicable,,,unresolved,Neutral,Positive,0.052689610566593936,-0.013990014791488647,0.4451157008432893,False,support
01,audio,5,10,"[11, 12, 13, 14, 15]",,,,not_applicable,,,unresolved,Neutral,Positive,0.06481390312295543,-0.01567155122756958,0.4426357364546169,True,support
01,audio,5,11,"[12, 13, 14, 15, 16]",,,,not_applicable,,,unresolved,Neutral,Positive,0.07346596582412968,-0.01788201928138733,0.441016280920077,False,support
01,audio,5,12,"[13, 14, 15, 16, 17]",,,,not_applicable,,,unresolved,Neutral,Positive,0.09628094477209603,-0.02235966920852661,0.4365500253847054,False,support
01,audio,5,13,"[14, 15, 16, 17, 18]",,,,not_applicable,,,unresolved,Neutral,Positive,0.0973239795982409,-0.022022098302841187,0.43664724630955365,True,support
01,audio,5,14,"[15, 16, 17, 18, 19]",,,,not_applicable,,,unresolved,Neutral,Positive,0.09711073644941848,-0.02234494686126709,0.4369900213989312,False,support
01,audio,5,15,"[16, 17, 18, 19, 20]",,,,not_applicable,,,unresolved,Neutral,Positive,0.10072972079203191,-0.02367699146270752,0.43639826279846605,False,support
01,audio,5,16,"[17, 18, 19, 20, 21]",,,,not_applicable,,,unresolved,Neutral,Positive,0.10602475145079404,-0.0250435471534729,0.4356770543352146,True,support
01,audio,5,17,"[18, 19, 20, 21, 22]",,,,not_applicable,,,unresolved,Neutral,Positive,0.0775216530276518,-0.01891186833381653,0.44102243150441256,False,support
01,vision,1,0,[1],,,,not_applicable,,,unresolved,Neutral,Positive,0.007723862059937692,-0.0020596683025360107,0.45313224410968983,False,support
01,vision,1,1,[2],,,,not_applicable,,,unresolved,Neutral,Positive,0.009635473505424597,-0.00211411714553833,0.45273362638709563,False,support
01,vision,1,2,[3],,,,not_applicable,,,unresolved,Neutral,Positive,0.0069642849891579095,-0.0010169446468353271,0.453543296172462,False,support
01,vision,1,3,[4],,,,not_applicable,,,unresolved,Neutral,Positive,0.009644982126487678,-0.0018343329429626465,0.45292099300653293,False,support
01,vision,1,4,[5],,,,not_applicable,,,unresolved,Neutral,Positive,0.004205524407482675,-0.0005838871002197266,0.45392024839129597,False,support
01,vision,1,5,[6],,,,not_applicable,,,unresolved,Neutral,Positive,0.006455354506860189,-0.001052558422088623,0.45360915979298555,False,support
01,vision,1,6,[7],,,,not_applicable,,,unresolved,Neutral,Positive,0.008038039154924514,-0.0011153221130371094,0.45312090714721953,False,support
01,vision,1,7,[8],,,,not_applicable,,,unresolved,Neutral,Positive,0.00409316760972378,-0.0008411407470703125,0.4536876152463484,False,support
01,vision,1,8,[9],,,,not_applicable,,,unresolved,Neutral,Positive,0.0020409180131041316,-0.00039207935333251953,0.4540880418431772,False,support
01,vision,1,9,[10],,,,not_applicable,,,unresolved,Neutral,Positive,0.00917057311243541,-0.0017533302307128906,0.452874116655607,False,support
01,vision,1,10,[11],,,,not_applicable,,,unresolved,Neutral,Positive,0.0064560694644266725,-0.001415550708770752,0.4532817214852907,False,support
01,vision,1,11,[12],,,,not_applicable,,,unresolved,Neutral,Positive,0.009597701244180246,-0.002025693655014038,0.45269308095867705,False,support
01,vision,1,12,[13],,,,not_applicable,,,unresolved,Neutral,Positive,0.00976438320294426,-0.0018688738346099854,0.45264224881190634,False,support
01,vision,1,13,[14],,,,not_applicable,,,unresolved,Neutral,Positive,0.008186555733171064,-0.0018420219421386719,0.4531589856675223,False,support
01,vision,1,14,[15],,,,not_applicable,,,unresolved,Neutral,Positive,0.005641779332243524,-0.0010155439376831055,0.4532908535492155,False,support
01,vision,1,15,[16],,,,not_applicable,,,unresolved,Neutral,Positive,-0.0004960812555895311,0.00026294589042663574,0.4547770787158989,False,oppose
01,vision,1,16,[17],,,,not_applicable,,,unresolved,Neutral,Positive,-0.0033742216528567237,0.00012513995170593262,0.4552398219959419,False,oppose
01,vision,1,17,[18],,,,not_applicable,,,unresolved,Neutral,Positive,-2.459219183159611e-05,4.51207160949707e-05,0.454555984904385,False,oppose
01,vision,1,18,[19],,,,not_applicable,,,unresolved,Neutral,Positive,-0.00016839848524030643,0.0009731054306030273,0.454448656996595,False,oppose
01,vision,1,19,[20],,,,not_applicable,,,unresolved,Neutral,Positive,-0.006466404220913158,0.0016537308692932129,0.4557775026582877,True,oppose
01,vision,1,20,[21],,,,not_applicable,,,unresolved,Neutral,Positive,-0.004161205508853683,0.0013158321380615234,0.45528364144371897,True,oppose
01,vision,1,21,[22],,,,not_applicable,,,unresolved,Neutral,Positive,-0.004059158379663752,0.001512765884399414,0.4552080001622421,False,oppose
01,vision,3,0,"[1, 2, 3]",,,,not_applicable,,,unresolved,Neutral,Positive,0.02583885741764791,-0.004976212978363037,0.4510410754184858,False,support
01,vision,3,1,"[2, 3, 4]",,,,not_applicable,,,unresolved,Neutral,Positive,0.02852337597585597,-0.0049304962158203125,0.45068045682779256,False,support
01,vision,3,2,"[3, 4, 5]",,,,not_applicable,,,unresolved,Neutral,Positive,0.023094935102427994,-0.0034341514110565186,0.45185192479728004,False,support
01,vision,3,3,"[4, 5, 6]",,,,not_applicable,,,unresolved,Neutral,Positive,0.022195209814117933,-0.003382652997970581,0.45198316172077,False,support
01,vision,3,4,"[5, 6, 7]",,,,not_applicable,,,unresolved,Neutral,Positive,0.020277222694951913,-0.002593815326690674,0.45224366006232436,False,support
01,vision,3,5,"[6, 7, 8]",,,,not_applicable,,,unresolved,Neutral,Positive,0.019832964096540562,-0.002809852361679077,0.4520903701482497,False,support
01,vision,3,6,"[7, 8, 9]",,,,not_applicable,,,unresolved,Neutral,Positive,0.01514737955269918,-0.0021801888942718506,0.45264873953787255,False,support
01,vision,3,7,"[8, 9, 10]",,,,not_applicable,,,unresolved,Neutral,Positive,0.015901241571829594,-0.0027641654014587402,0.45247574477651664,False,support
01,vision,3,8,"[9, 10, 11]",,,,not_applicable,,,unresolved,Neutral,Positive,0.01844497622549235,-0.0033794641494750977,0.45204757422588193,False,support
01,vision,3,9,"[10, 11, 12]",,,,not_applicable,,,unresolved,Neutral,Positive,0.026229104798175307,-0.005088508129119873,0.45060552566961265,False,support
01,vision,3,10,"[11, 12, 13]",,,,not_applicable,,,unresolved,Neutral,Positive,0.02646504992939136,-0.005118429660797119,0.4504506308711857,False,support
01,vision,3,11,"[12, 13, 14]",,,,not_applicable,,,unresolved,Neutral,Positive,0.027911527304486095,-0.00539475679397583,0.4503771893974749,False,support
01,vision,3,12,"[13, 14, 15]",,,,not_applicable,,,unresolved,Neutral,Positive,0.023321925890248174,-0.00425344705581665,0.45110403763550977,False,support
01,vision,3,13,"[14, 15, 16]",,,,not_applicable,,,unresolved,Neutral,Positive,0.013154161684231891,-0.002070128917694092,0.4532113460644883,False,support
01,vision,3,14,"[15, 16, 17]",,,,not_applicable,,,unresolved,Neutral,Positive,0.0013066396134606695,-6.878376007080078e-05,0.45536085629407025,False,support
01,vision,3,15,"[16, 17, 18]",,,,not_applicable,,,unresolved,Neutral,Positive,-0.003998206274013483,0.0008688569068908691,0.4565553677613027,False,oppose
01,vision,3,16,"[17, 18, 19]",,,,not_applicable,,,unresolved,Neutral,Positive,-0.003949048257029575,0.0015266835689544678,0.4562958530672107,False,oppose
01,vision,3,17,"[18, 19, 20]",,,,not_applicable,,,unresolved,Neutral,Positive,-0.007183285262969186,0.0031006336212158203,0.4568484599457681,False,oppose
01,vision,3,18,"[19, 20, 21]",,,,not_applicable,,,unresolved,Neutral,Positive,-0.0115802090337489,0.004431247711181641,0.4576214279583555,False,oppose
01,vision,3,19,"[20, 21, 22]",,,,not_applicable,,,unresolved,Neutral,Positive,-0.015112086457373497,0.004898130893707275,0.45829927617254035,False,oppose
01,vision,5,0,"[1, 2, 3, 4, 5]",,,,not_applicable,,,unresolved,Neutral,Positive,0.04492910392675886,-0.0073511600494384766,0.4487423401241447,True,support
01,vision,5,1,"[2, 3, 4, 5, 6]",,,,not_applicable,,,unresolved,Neutral,Positive,0.04341722818341087,-0.006297111511230469,0.4492214253393621,False,support
01,vision,5,2,"[3, 4, 5, 6, 7]",,,,not_applicable,,,unresolved,Neutral,Positive,0.04209545509283252,-0.005332469940185547,0.4495561244871625,False,support
01,vision,5,3,"[4, 5, 6, 7, 8]",,,,not_applicable,,,unresolved,Neutral,Positive,0.03836615721116732,-0.005167126655578613,0.44988989153302567,True,support
01,vision,5,4,"[5, 6, 7, 8, 9]",,,,not_applicable,,,unresolved,Neutral,Positive,0.028720901779234476,-0.0033888816833496094,0.4514738426403024,False,support
01,vision,5,5,"[6, 7, 8, 9, 10]",,,,not_applicable,,,unresolved,Neutral,Positive,0.03309837143356209,-0.004428446292877197,0.4505691746220029,False,support
01,vision,5,6,"[7, 8, 9, 10, 11]",,,,not_applicable,,,unresolved,Neutral,Positive,0.03343972133635542,-0.00506901741027832,0.45022797411739307,False,support
01,vision,5,7,"[8, 9, 10, 11, 12]",,,,not_applicable,,,unresolved,Neutral,Positive,0.033955745842449425,-0.0058553218841552734,0.45000273048596634,False,support
01,vision,5,8,"[9, 10, 11, 12, 13]",,,,not_applicable,,,unresolved,Neutral,Positive,0.039221452982591276,-0.006764233112335205,0.44905948782087823,False,support
01,vision,5,9,"[10, 11, 12, 13, 14]",,,,not_applicable,,,unresolved,Neutral,Positive,0.04571921689625935,-0.00813382863998413,0.44805947922966183,True,support
01,vision,5,10,"[11, 12, 13, 14, 15]",,,,not_applicable,,,unresolved,Neutral,Positive,0.04056291119476585,-0.007086634635925293,0.4488029945022813,False,support
01,vision,5,11,"[12, 13, 14, 15, 16]",,,,not_applicable,,,unresolved,Neutral,Positive,0.03276573615163514,-0.005038917064666748,0.45045202335476947,False,support
01,vision,5,12,"[13, 14, 15, 16, 17]",,,,not_applicable,,,unresolved,Neutral,Positive,0.019124541417925744,-0.0026061534881591797,0.4531543433260984,False,support
01,vision,5,13,"[14, 15, 16, 17, 18]",,,,not_applicable,,,unresolved,Neutral,Positive,0.009325899103358903,-0.0007937848567962646,0.455062326011327,False,support
01,vision,5,14,"[15, 16, 17, 18, 19]",,,,not_applicable,,,unresolved,Neutral,Positive,0.00043311586931571444,0.0018700957298278809,0.4564811557382325,False,support
01,vision,5,15,"[16, 17, 18, 19, 20]",,,,not_applicable,,,unresolved,Neutral,Positive,-0.011375766774221474,0.00453263521194458,0.4588974583918945,False,oppose
01,vision,5,16,"[17, 18, 19, 20, 21]",,,,not_applicable,,,unresolved,Neutral,Positive,-0.015926879163320584,0.005639255046844482,0.4595777714800433,False,oppose
01,vision,5,17,"[18, 19, 20, 21, 22]",,,,not_applicable,,,unresolved,Neutral,Positive,-0.01606315926393387,0.0067601799964904785,0.4594175445358268,True,oppose
02,text,1,0,[1],We,0,2,verified,,,unresolved,Positive,Negative,0.2120701682364753,0.10634297132492065,0.3690179110638389,False,support
02,text,1,1,[2],want,3,7,verified,,,unresolved,Positive,Negative,-0.487029817253955,-0.11175596714019775,0.5115196082794518,True,oppose
02,text,1,2,[3],to,8,10,verified,,,unresolved,Positive,Negative,-0.12741280910772523,-0.039879024028778076,0.4662677911943759,False,oppose
02,text,1,3,[4],live,11,15,verified,,,unresolved,Positive,Negative,0.19542128155150917,0.09434548020362854,0.3765538546304409,False,support
02,text,1,4,[5],by,16,18,verified,,,unresolved,Positive,Negative,-0.31557180673484553,-0.09728813171386719,0.4987162709639083,False,oppose
02,text,1,5,[6],each,19,23,verified,,,unresolved,Positive,Negative,0.0014733698424302943,0.03546991944313049,0.42182357456595077,False,support
02,text,1,6,[7],other,24,29,verified,,,unresolved,Positive,Negative,0.054316122700189706,0.0315513014793396,0.42509702248251985,False,support
02,text,1,7,[8],’,29,30,verified,,,unresolved,Positive,Negative,-0.04212554376899191,-0.007152646780014038,0.45012888062655243,False,oppose
02,text,1,8,[9],s,30,31,verified,,,unresolved,Positive,Negative,0.2011464789489189,0.06239056587219238,0.4156741665584806,False,support
02,text,1,9,[10],happiness,32,41,verified,,,unresolved,Positive,Negative,0.884957006431456,0.29603710770606995,0.2960910851038864,True,support
02,text,1,10,[11],-,42,43,verified,,,unresolved,Positive,Negative,-0.2982667052637201,-0.08256852626800537,0.4927970773448734,False,oppose
02,text,1,11,[12],not,44,47,verified,,,unresolved,Positive,Negative,0.25300662028332743,0.06962329149246216,0.4024485624681635,False,support
02,text,1,12,[13],by,48,50,verified,,,unresolved,Positive,Negative,-0.11056583568399048,-0.021714061498641968,0.45473480231430113,False,oppose
02,text,1,13,[14],each,51,55,verified,,,unresolved,Positive,Negative,-0.15118852423202833,-0.009377092123031616,0.4487840289826874,False,oppose
02,text,1,14,[15],other,56,61,verified,,,unresolved,Positive,Negative,0.16542869216237144,0.06660401821136475,0.402853936340431,False,support
02,text,1,15,[16],’,61,62,verified,,,unresolved,Positive,Negative,-0.10744233778179091,-0.03570309281349182,0.4665139645480893,False,oppose
02,text,1,16,[17],s,62,63,verified,,,unresolved,Positive,Negative,0.2252376842093221,0.08248144388198853,0.40047553547241815,False,support
02,text,1,17,[18],misery,64,70,verified,,,unresolved,Positive,Negative,-0.6484108945052208,-0.16968584060668945,0.5432668141082759,True,oppose
02,text,1,18,[19],.,70,71,verified,,,unresolved,Positive,Negative,-0.07242162346016967,-0.02071964740753174,0.45205619467573815,False,oppose
02,text,3,0,"[1, 2, 3]",We want to,0,10,verified,,,unresolved,Positive,Negative,-0.023218287338593102,0.04794159531593323,0.4257006986262788,False,oppose
02,text,3,1,"[2, 3, 4]",want to live,3,15,verified,,,unresolved,Positive,Negative,0.5200752066458759,0.19682009518146515,0.3324550773625092,False,support
02,text,3,2,"[3, 4, 5]",to live by,8,18,verified,,,unresolved,Positive,Negative,0.433297316977597,0.14071589708328247,0.36604024697310567,False,support
02,text,3,3,"[4, 5, 6]",live by each,11,23,verified,,,unresolved,Positive,Negative,-0.0008738662031101407,0.036162108182907104,0.42292906691264026,False,oppose
02,text,3,4,"[5, 6, 7]",by each other,16,29,verified,,,unresolved,Positive,Negative,-0.09090345865985128,-0.0204617977142334,0.46273953673727275,False,oppose
02,text,3,5,"[6, 7, 8]",each other’,19,30,verified,,,unresolved,Positive,Negative,0.1488469545443999,0.07113546133041382,0.4122737313225619,False,support
02,text,3,6,"[7, 8, 9]",other’s,24,31,verified,,,unresolved,Positive,Negative,0.263360011298155,0.09855231642723083,0.39688145060336905,False,support
02,text,3,7,"[8, 9, 10]",’s happiness,29,41,verified,,,unresolved,Positive,Negative,0.9363644495132519,0.3050216883420944,0.2952528939359032,False,support
02,text,3,8,"[9, 10, 11]",s happiness -,30,43,verified,,,unresolved,Positive,Negative,0.7872566595690482,0.25111299753189087,0.32179860845210456,False,support
02,text,3,9,"[10, 11, 12]",happiness - not,32,47,verified,,,unresolved,Positive,Negative,0.9994671126202219,0.33615535497665405,0.28337845196107286,False,support
02,text,3,10,"[11, 12, 13]",- not by,42,50,verified,,,unresolved,Positive,Negative,0.41247713886309423,0.1364057958126068,0.38092247788145295,False,support
02,text,3,11,"[12, 13, 14]",not by each,44,55,verified,,,unresolved,Positive,Negative,0.16693797424955426,0.06635907292366028,0.41821617897497715,False,support
02,text,3,12,"[13, 14, 15]",by each other,48,61,verified,,,unresolved,Positive,Negative,-0.3878712454257922,-0.09581983089447021,0.5062091924738792,False,oppose
02,text,3,13,"[14, 15, 16]",each other’,51,62,verified,,,unresolved,Positive,Negative,-0.08556624337077368,-0.006458640098571777,0.4599434300349497,False,oppose
02,text,3,14,"[15, 16, 17]",other’s,56,63,verified,,,unresolved,Positive,Negative,0.02992028958411075,0.03317534923553467,0.43335703846742607,False,support
02,text,3,15,"[16, 17, 18]",’s misery,61,70,verified,,,unresolved,Positive,Negative,-0.5796247162988732,-0.14988470077514648,0.5351267578463649,False,oppose
02,text,3,16,"[17, 18, 19]",s misery.,62,71,verified,,,unresolved,Positive,Negative,-0.39356368673426423,-0.061296701431274414,0.4777077648245108,False,oppose
02,text,5,0,"[1, 2, 3, 4, 5]",We want to live by,0,18,verified,,,unresolved,Positive,Negative,0.6788417053337992,0.25796037912368774,0.3104394316174263,False,support
02,text,5,1,"[2, 3, 4, 5, 6]",want to live by each,3,23,verified,,,unresolved,Positive,Negative,0.5412676175285277,0.21736179292201996,0.32522644945326645,False,support
02,text,5,2,"[3, 4, 5, 6, 7]",to live by each other,8,29,verified,,,unresolved,Positive,Negative,0.5851834396176439,0.20630759000778198,0.341548110194283,False,support
02,text,5,3,"[4, 5, 6, 7, 8]",live by each other’,11,30,verified,,,unresolved,Positive,Negative,0.3492980815983783,0.14788776636123657,0.3761209576080116,False,support
02,text,5,4,"[5, 6, 7, 8, 9]",by each other’s,16,31,verified,,,unresolved,Positive,Negative,-0.05723211973800624,-0.006076395511627197,0.4584291486577609,False,oppose
02,text,5,5,"[6, 7, 8, 9, 10]",each other’s happiness,19,41,verified,,,unresolved,Positive,Negative,1.2536888469886693,0.43417899310588837,0.2470489692704626,True,support
02,text,5,6,"[7, 8, 9, 10, 11]",other’s happiness -,24,43,verified,,,unresolved,Positive,Negative,0.7502247495710059,0.25977693498134613,0.32310357415272045,False,support
02,text,5,7,"[8, 9, 10, 11, 12]",’s happiness - not,29,47,verified,,,unresolved,Positive,Negative,1.1778403555320605,0.4025435596704483,0.2632267050050125,False,support
02,text,5,8,"[9, 10, 11, 12, 13]",s happiness - not by,30,50,verified,,,unresolved,Positive,Negative,1.1768946129144844,0.397627130150795,0.261433679071684,True,support
02,text,5,9,"[10, 11, 12, 13, 14]",happiness - not by each,32,55,verified,,,unresolved,Positive,Negative,1.1581640082643152,0.40850959718227386,0.26138159777488756,False,support
02,text,5,10,"[11, 12, 13, 14, 15]",- not by each other,42,61,verified,,,unresolved,Positive,Negative,0.3464085961046802,0.13542622327804565,0.3851768725099741,False,support
02,text,5,11,"[12, 13, 14, 15, 16]",not by each other’,44,62,verified,,,unresolved,Positive,Negative,0.3452681658116359,0.13047301769256592,0.39547208069203355,False,support
02,text,5,12,"[13, 14, 15, 16, 17]",by each other’s,48,63,verified,,,unresolved,Positive,Negative,-0.39749739880658774,-0.11345338821411133,0.5259994388882558,False,oppose
02,text,5,13,"[14, 15, 16, 17, 18]",each other’s misery,51,70,verified,,,unresolved,Positive,Negative,-0.601385642703667,-0.12535762786865234,0.528911438555331,False,oppose
02,text,5,14,"[15, 16, 17, 18, 19]",other’s misery.,56,71,verified,,,unresolved,Positive,Negative,-0.6081975213866756,-0.13679826259613037,0.5331117999894045,True,oppose
02,audio,1,0,[1],,,,not_applicable,,,unresolved,Positive,Negative,0.0061321161782396105,0.0014969706535339355,0.437930218108858,False,support
02,audio,1,1,[2],,,,not_applicable,,,unresolved,Positive,Negative,-0.0046709886913706145,-0.002998650074005127,0.441375742370589,False,oppose
02,audio,1,2,[3],,,,not_applicable,,,unresolved,Positive,Negative,-0.03298123341940862,-0.012772202491760254,0.44772778188111745,False,oppose
02,audio,1,3,[4],,,,not_applicable,,,unresolved,Positive,Negative,-0.04117038949173457,-0.013989627361297607,0.44791969475107113,False,oppose
02,audio,1,4,[5],,,,not_applicable,,,unresolved,Positive,Negative,-0.06150397377106609,-0.020224660634994507,0.4531669692893227,False,oppose
02,audio,1,5,[6],,,,not_applicable,,,unresolved,Positive,Negative,-0.037437520892934506,-0.01356998085975647,0.44798491635824667,False,oppose
02,audio,1,6,[7],,,,not_applicable,,,unresolved,Positive,Negative,-0.03750591259849523,-0.015412330627441406,0.44867174045075126,False,oppose
02,audio,1,7,[8],,,,not_applicable,,,unresolved,Positive,Negative,-0.011956881027196498,-0.0054724812507629395,0.4422010140744444,False,oppose
02,audio,1,8,[9],,,,not_applicable,,,unresolved,Positive,Negative,-0.08030453125895931,-0.030358880758285522,0.458392225176667,False,oppose
02,audio,1,9,[10],,,,not_applicable,,,unresolved,Positive,Negative,-0.0433842725221012,-0.016646891832351685,0.44967328794594297,False,oppose
02,audio,1,10,[11],,,,not_applicable,,,unresolved,Positive,Negative,-0.015529373527408352,-0.005415081977844238,0.4430778282412473,False,oppose
02,audio,1,11,[12],,,,not_applicable,,,unresolved,Positive,Negative,-0.016170203945467088,-0.003135383129119873,0.44218546931275776,False,oppose
02,audio,1,12,[13],,,,not_applicable,,,unresolved,Positive,Negative,-0.0058050911821335704,-0.002237856388092041,0.44089574702606477,False,oppose
02,audio,1,13,[14],,,,not_applicable,,,unresolved,Positive,Negative,-0.019839858832582657,-0.0086669921875,0.44483002013858663,False,oppose
02,audio,1,14,[15],,,,not_applicable,,,unresolved,Positive,Negative,0.0104610005904342,0.000996232032775879,0.4397012323627055,False,support
02,audio,1,15,[16],,,,not_applicable,,,unresolved,Positive,Negative,0.003823554189181344,-0.001080632209777832,0.4399225592985933,False,support
02,audio,1,16,[17],,,,not_applicable,,,unresolved,Positive,Negative,0.004360552422773556,-0.0007898807525634766,0.4417115735808708,False,support
02,audio,1,17,[18],,,,not_applicable,,,unresolved,Positive,Negative,0.012569927194383101,0.007571041584014893,0.44676722467856106,True,support
02,audio,1,18,[19],,,,not_applicable,,,unresolved,Positive,Negative,0.020516093615819186,0.0021515488624572754,0.44050948084563696,True,support
02,audio,3,0,"[1, 2, 3]",,,,not_applicable,,,unresolved,Positive,Negative,-0.03058633835798441,-0.014368295669555664,0.4486554774329601,False,oppose
02,audio,3,1,"[2, 3, 4]",,,,not_applicable,,,unresolved,Positive,Negative,-0.07726599856759797,-0.02973484992980957,0.4586918629413959,False,oppose
02,audio,3,2,"[3, 4, 5]",,,,not_applicable,,,unresolved,Positive,Negative,-0.13426323336905954,-0.047059088945388794,0.4706455568779588,False,oppose
02,audio,3,3,"[4, 5, 6]",,,,not_applicable,,,unresolved,Positive,Negative,-0.13931735970218528,-0.04798847436904907,0.4710562225163657,False,oppose
02,audio,3,4,"[5, 6, 7]",,,,not_applicable,,,unresolved,Positive,Negative,-0.13110944624537912,-0.04816502332687378,0.47082655693142167,False,oppose
02,audio,3,5,"[6, 7, 8]",,,,not_applicable,,,unresolved,Positive,Negative,-0.08610194452441589,-0.03466305136680603,0.46065776702511746,False,oppose
02,audio,3,6,"[7, 8, 9]",,,,not_applicable,,,unresolved,Positive,Negative,-0.12557925370738066,-0.05047738552093506,0.4703639051858384,False,oppose
02,audio,3,7,"[8, 9, 10]",,,,not_applicable,,,unresolved,Positive,Negative,-0.13419390158097555,-0.05262628197669983,0.4718707038979639,False,oppose
02,audio,3,8,"[9, 10, 11]",,,,not_applicable,,,unresolved,Positive,Negative,-0.13763317065823666,-0.05249977111816406,0.4727249202874326,False,oppose
02,audio,3,9,"[10, 11, 12]",,,,not_applicable,,,unresolved,Positive,Negative,-0.07725888159935901,-0.02606019377708435,0.45712531763750963,False,oppose
02,audio,3,10,"[11, 12, 13]",,,,not_applicable,,,unresolved,Positive,Negative,-0.04010379323814195,-0.0115586519241333,0.4484020079124768,False,oppose
02,audio,3,11,"[12, 13, 14]",,,,not_applicable,,,unresolved,Positive,Negative,-0.04413483590579714,-0.0149364173412323,0.4501468296972694,False,oppose
02,audio,3,12,"[13, 14, 15]",,,,not_applicable,,,unresolved,Positive,Negative,-0.016541005412305743,-0.010527729988098145,0.44742489907374194,False,oppose
02,audio,3,13,"[14, 15, 16]",,,,not_applicable,,,unresolved,Positive,Negative,-0.006106813979919856,-0.009164750576019287,0.4463323846984238,False,oppose
02,audio,3,14,"[15, 16, 17]",,,,not_applicable,,,unresolved,Positive,Negative,0.017827288049244605,-0.0009355545043945312,0.4432559458595136,False,support
02,audio,3,15,"[16, 17, 18]",,,,not_applicable,,,unresolved,Positive,Negative,0.02084955648496689,0.006857693195343018,0.4497385892453879,False,support
02,audio,3,16,"[17, 18, 19]",,,,not_applicable,,,unresolved,Positive,Negative,0.038259334032770265,0.010863423347473145,0.4498410815616615,False,support
02,audio,5,0,"[1, 2, 3, 4, 5]",,,,not_applicable,,,unresolved,Positive,Negative,-0.13297835511410827,-0.04951852560043335,0.47198364305511414,False,oppose
02,audio,5,1,"[2, 3, 4, 5, 6]",,,,not_applicable,,,unresolved,Positive,Negative,-0.1727581366641947,-0.06360268592834473,0.4815918185445019,True,oppose
02,audio,5,2,"[3, 4, 5, 6, 7]",,,,not_applicable,,,unresolved,Positive,Negative,-0.2010102335157976,-0.07458972930908203,0.4880545356349121,False,oppose
02,audio,5,3,"[4, 5, 6, 7, 8]",,,,not_applicable,,,unresolved,Positive,Negative,-0.18674722717137104,-0.06916201114654541,0.48380545539068026,False,oppose
02,audio,5,4,"[5, 6, 7, 8, 9]",,,,not_applicable,,,unresolved,Positive,Negative,-0.21533977689354622,-0.08270466327667236,0.49203072468307657,True,oppose
02,audio,5,5,"[6, 7, 8, 9, 10]",,,,not_applicable,,,unresolved,Positive,Negative,-0.19865428149617437,-0.07957440614700317,0.4885875185763086,False,oppose
02,audio,5,6,"[7, 8, 9, 10, 11]",,,,not_applicable,,,unresolved,Positive,Negative,-0.18324005183122916,-0.07322633266448975,0.4848987091613654,False,oppose
02,audio,5,7,"[8, 9, 10, 11, 12]",,,,not_applicable,,,unresolved,Positive,Negative,-0.1707084638105687,-0.06327956914901733,0.47998170719494215,True,oppose
02,audio,5,8,"[9, 10, 11, 12, 13]",,,,not_applicable,,,unresolved,Positive,Negative,-0.16676238385259812,-0.060366272926330566,0.47895633153676803,False,oppose
02,audio,5,9,"[10, 11, 12, 13, 14]",,,,not_applicable,,,unresolved,Positive,Negative,-0.1076545552895809,-0.038914769887924194,0.46560222456596373,False,oppose
02,audio,5,10,"[11, 12, 13, 14, 15]",,,,not_applicable,,,unresolved,Positive,Negative,-0.05280078397093968,-0.02082940936088562,0.45541749562797146,False,oppose
02,audio,5,11,"[12, 13, 14, 15, 16]",,,,not_applicable,,,unresolved,Positive,Negative,-0.03304634822167263,-0.016278564929962158,0.4521520901145915,False,oppose
02,audio,5,12,"[13, 14, 15, 16, 17]",,,,not_applicable,,,unresolved,Positive,Negative,-0.01220375055945433,-0.013344228267669678,0.4515228842705634,False,oppose
02,audio,5,13,"[14, 15, 16, 17, 18]",,,,not_applicable,,,unresolved,Positive,Negative,0.00909878217917437,-0.0014652609825134277,0.4560818359467331,False,support
02,audio,5,14,"[15, 16, 17, 18, 19]",,,,not_applicable,,,unresolved,Positive,Negative,0.053029579643042224,0.011819779872894287,0.45075139283968896,True,support
02,vision,1,0,[1],,,,not_applicable,,,unresolved,Positive,Negative,-0.029498049059417886,-0.011426806449890137,0.44340079864053783,False,oppose
02,vision,1,1,[2],,,,not_applicable,,,unresolved,Positive,Negative,-0.026226535350695968,-0.010120928287506104,0.44285524715425173,False,oppose
02,vision,1,2,[3],,,,not_applicable,,,unresolved,Positive,Negative,-0.020956923520002668,-0.00887906551361084,0.4423593598436714,False,oppose
02,vision,1,3,[4],,,,not_applicable,,,unresolved,Positive,Negative,-0.03318953963803184,-0.011794447898864746,0.44388482974532034,False,oppose
02,vision,1,4,[5],,,,not_applicable,,,unresolved,Positive,Negative,-0.035728544486631764,-0.011097729206085205,0.44427778117110284,False,oppose
02,vision,1,5,[6],,,,not_applicable,,,unresolved,Positive,Negative,-0.025759660677144525,-0.009111911058425903,0.44290335361738403,False,oppose
02,vision,1,6,[7],,,,not_applicable,,,unresolved,Positive,Negative,-0.027317327472763386,-0.009366124868392944,0.4434637419825849,False,oppose
02,vision,1,7,[8],,,,not_applicable,,,unresolved,Positive,Negative,-0.02233542189020954,-0.008073985576629639,0.44251594738479505,False,oppose
02,vision,1,8,[9],,,,not_applicable,,,unresolved,Positive,Negative,-0.03202886892922674,-0.011925101280212402,0.44465799765042635,False,oppose
02,vision,1,9,[10],,,,not_applicable,,,unresolved,Positive,Negative,-0.033945931199983015,-0.0117875337600708,0.44518062269724734,False,oppose
02,vision,1,10,[11],,,,not_applicable,,,unresolved,Positive,Negative,-0.02150929964670989,-0.008408427238464355,0.4428775011760115,False,oppose
02,vision,1,11,[12],,,,not_applicable,,,unresolved,Positive,Negative,-0.030864935708251995,-0.009761035442352295,0.4437879984211875,False,oppose
02,vision,1,12,[13],,,,not_applicable,,,unresolved,Positive,Negative,-0.03141975836529187,-0.00961768627166748,0.4441772346466871,False,oppose
02,vision,1,13,[14],,,,not_applicable,,,unresolved,Positive,Negative,-0.026948438170918187,-0.00857427716255188,0.4433515650052106,False,oppose
02,vision,1,14,[15],,,,not_applicable,,,unresolved,Positive,Negative,-0.03729367215816903,-0.012152522802352905,0.4446394340244293,False,oppose
02,vision,1,15,[16],,,,not_applicable,,,unresolved,Positive,Negative,-0.022248223312551718,-0.00846061110496521,0.4425506012303995,False,oppose
02,vision,1,16,[17],,,,not_applicable,,,unresolved,Positive,Negative,-0.05469999357235911,-0.01765701174736023,0.44676197166600806,False,oppose
02,vision,1,17,[18],,,,not_applicable,,,unresolved,Positive,Negative,-0.13256305322485207,-0.038463592529296875,0.4572770589225365,False,oppose
02,vision,1,18,[19],,,,not_applicable,,,unresolved,Positive,Negative,-0.03202880222998705,-0.01022428274154663,0.4438786816106792,False,oppose
02,vision,3,0,"[1, 2, 3]",,,,not_applicable,,,unresolved,Positive,Negative,-0.07752876609654102,-0.029880642890930176,0.45042360153309496,False,oppose
02,vision,3,1,"[2, 3, 4]",,,,not_applicable,,,unresolved,Positive,Negative,-0.08110102244941553,-0.03013908863067627,0.45091326125727405,False,oppose
02,vision,3,2,"[3, 4, 5]",,,,not_applicable,,,unresolved,Positive,Negative,-0.09125722462110641,-0.03114175796508789,0.4524046622368344,False,oppose
02,vision,3,3,"[4, 5, 6]",,,,not_applicable,,,unresolved,Positive,Negative,-0.09661014042370686,-0.03143981099128723,0.4530363387922271,False,oppose
02,vision,3,4,"[5, 6, 7]",,,,not_applicable,,,unresolved,Positive,Negative,-0.08968480457170602,-0.028682559728622437,0.4523457044635753,False,oppose
02,vision,3,5,"[6, 7, 8]",,,,not_applicable,,,unresolved,Positive,Negative,-0.07535524345022038,-0.025574922561645508,0.45052968728197257,False,oppose
02,vision,3,6,"[7, 8, 9]",,,,not_applicable,,,unresolved,Positive,Negative,-0.08059423083041961,-0.027930885553359985,0.45204397838680543,False,oppose
02,vision,3,7,"[8, 9, 10]",,,,not_applicable,,,unresolved,Positive,Negative,-0.08658508443423762,-0.030321180820465088,0.45366070731380015,False,oppose
02,vision,3,8,"[9, 10, 11]",,,,not_applicable,,,unresolved,Positive,Negative,-0.08646225340093183,-0.03095683455467224,0.45411923531370496,False,oppose
02,vision,3,9,"[10, 11, 12]",,,,not_applicable,,,unresolved,Positive,Negative,-0.08713884482277423,-0.029430240392684937,0.4536764029474272,False,oppose
02,vision,3,10,"[11, 12, 13]",,,,not_applicable,,,unresolved,Positive,Negative,-0.08612589945879079,-0.027821213006973267,0.45299265573217845,False,oppose
02,vision,3,11,"[12, 13, 14]",,,,not_applicable,,,unresolved,Positive,Negative,-0.09245310713975574,-0.028133779764175415,0.45358258613636454,False,oppose
02,vision,3,12,"[13, 14, 15]",,,,not_applicable,,,unresolved,Positive,Negative,-0.09906254509308876,-0.0305231511592865,0.45442479589317747,False,oppose
02,vision,3,13,"[14, 15, 16]",,,,not_applicable,,,unresolved,Positive,Negative,-0.08901687833077676,-0.029144287109375,0.452681004062737,False,oppose
02,vision,3,14,"[15, 16, 17]",,,,not_applicable,,,unresolved,Positive,Negative,-0.11753420238231416,-0.0382656455039978,0.45618459537169453,False,oppose
02,vision,3,15,"[16, 17, 18]",,,,not_applicable,,,unresolved,Positive,Negative,-0.2153824959980456,-0.0646364688873291,0.46920055344659894,False,oppose
02,vision,3,16,"[17, 18, 19]",,,,not_applicable,,,unresolved,Positive,Negative,-0.22570931727987942,-0.06623733043670654,0.47058613642087505,False,oppose
02,vision,5,0,"[1, 2, 3, 4, 5]",,,,not_applicable,,,unresolved,Positive,Negative,-0.15199644723462669,-0.051974594593048096,0.4610263717919657,False,oppose
02,vision,5,1,"[2, 3, 4, 5, 6]",,,,not_applicable,,,unresolved,Positive,Negative,-0.14704472106737465,-0.04934704303741455,0.4602416022319171,False,oppose
02,vision,5,2,"[3, 4, 5, 6, 7]",,,,not_applicable,,,unresolved,Positive,Negative,-0.1480269883945109,-0.048148393630981445,0.46074036622436665,False,oppose
02,vision,5,3,"[4, 5, 6, 7, 8]",,,,not_applicable,,,unresolved,Positive,Negative,-0.14923879741346535,-0.04731258749961853,0.46102538995766396,False,oppose
02,vision,5,4,"[5, 6, 7, 8, 9]",,,,not_applicable,,,unresolved,Positive,Negative,-0.14477836988662818,-0.04643493890762329,0.4609804661078717,False,oppose
02,vision,5,5,"[6, 7, 8, 9, 10]",,,,not_applicable,,,unresolved,Positive,Negative,-0.1403781763316594,-0.04658094048500061,0.46145462868355513,False,oppose
02,vision,5,6,"[7, 8, 9, 10, 11]",,,,not_applicable,,,unresolved,Positive,Negative,-0.1360876474922692,-0.04619091749191284,0.4615253557598522,False,oppose
02,vision,5,7,"[8, 9, 10, 11, 12]",,,,not_applicable,,,unresolved,Positive,Negative,-0.14234370511538463,-0.04761987924575806,0.462455467272346,False,oppose
02,vision,5,8,"[9, 10, 11, 12, 13]",,,,not_applicable,,,unresolved,Positive,Negative,-0.15422028008266386,-0.049989670515060425,0.46456862649190034,True,oppose
02,vision,5,9,"[10, 11, 12, 13, 14]",,,,not_applicable,,,unresolved,Positive,Negative,-0.15184031485616512,-0.04782348871231079,0.4638726445093019,False,oppose
02,vision,5,10,"[11, 12, 13, 14, 15]",,,,not_applicable,,,unresolved,Positive,Negative,-0.15883404737013218,-0.04917275905609131,0.4640174551237782,False,oppose
02,vision,5,11,"[12, 13, 14, 15, 16]",,,,not_applicable,,,unresolved,Positive,Negative,-0.15985862992315403,-0.0492112934589386,0.46379796233916615,True,oppose
02,vision,5,12,"[13, 14, 15, 16, 17]",,,,not_applicable,,,unresolved,Positive,Negative,-0.1848605821552226,-0.057095229625701904,0.4668277108505849,False,oppose
02,vision,5,13,"[14, 15, 16, 17, 18]",,,,not_applicable,,,unresolved,Positive,Negative,-0.2906252867884669,-0.08554887771606445,0.48060745505598956,False,oppose
02,vision,5,14,"[15, 16, 17, 18, 19]",,,,not_applicable,,,unresolved,Positive,Negative,-0.2943636387614682,-0.08681786060333252,0.481024215798965,True,oppose
03,text,1,0,[1],There,0,5,verified,,,unresolved,Negative,Positive,0.02784699713755323,-0.00047534704208374023,0.8110044719784733,False,support
03,text,1,1,[2],',5,6,verified,,,unresolved,Negative,Positive,0.09718656514701185,-0.05189692974090576,0.7977845148258839,False,support
03,text,1,2,[3],s,6,7,verified,,,unresolved,Negative,Positive,0.005294604039909334,0.0042234063148498535,0.814554772243362,False,support
03,text,1,3,[4],one,8,11,verified,,,unresolved,Negative,Positive,-0.2346976130247862,0.18488776683807373,0.848811972320046,True,oppose
03,text,1,4,"[5, 6]",lender,12,18,verified,,,unresolved,Negative,Positive,0.05644919471720855,-0.009728193283081055,0.8102350621325882,False,support
03,text,1,5,[7],at,19,21,verified,,,unresolved,Negative,Positive,0.18649529676159893,-0.08692938089370728,0.7850904365980329,False,support
03,text,1,6,[8],the,22,25,verified,,,unresolved,Negative,Positive,-0.03844661806085181,0.03855985403060913,0.8213282739144199,False,oppose
03,text,1,7,[9],moment,26,32,verified,,,unresolved,Negative,Positive,0.2574054915038064,-0.13602271676063538,0.7701873776068583,False,support
03,text,1,8,[10],which,33,38,verified,,,unresolved,Negative,Positive,-0.027383901645542608,0.023794472217559814,0.8179970678978524,False,oppose
03,text,1,9,[11],I,39,40,verified,,,unresolved,Negative,Positive,-0.15511263968869926,0.12470567226409912,0.8398536961275358,False,oppose
03,text,1,10,[12],think,41,46,verified,,,unresolved,Negative,Positive,0.3509185449735597,-0.1809561848640442,0.7520556752389868,False,support
03,text,1,11,[13],is,47,49,verified,,,unresolved,Negative,Positive,0.47124270412303826,-0.24584919214248657,0.7243918180478853,False,support
03,text,1,12,[14],just,50,54,verified,,,unresolved,Negative,Positive,0.6687467115410619,-0.34197215735912323,0.6773210691050503,False,support
03,text,1,13,"[15, 16]",Bankwest,55,63,verified,,,unresolved,Negative,Positive,0.05520001675160868,-0.026744723320007324,0.8037503923780064,False,support
03,text,1,14,[17],who,64,67,verified,,,unresolved,Negative,Positive,0.2637004876936053,-0.146744966506958,0.7640599161373877,False,support
03,text,1,15,[18],don,68,71,verified,,,unresolved,Negative,Positive,-0.022545679281263276,0.013304948806762695,0.8177090971332036,False,oppose
03,text,1,16,[19],',71,72,verified,,,unresolved,Negative,Positive,0.03112038159776631,-0.014538288116455078,0.8076723945977093,False,support
03,text,1,17,[20],t,72,73,verified,,,unresolved,Negative,Positive,0.41590016391151696,-0.22150766849517822,0.7351505260051904,False,support
03,text,1,18,[21],take,74,78,verified,,,unresolved,Negative,Positive,0.23630342573816954,-0.1330803632736206,0.7721009374276973,False,support
03,text,1,19,[22],rental,79,85,verified,,,unresolved,Negative,Positive,-0.13242638192026712,0.09762150049209595,0.83593338975877,False,oppose
03,text,1,20,[23],income,86,92,verified,,,unresolved,Negative,Positive,0.004734926963443797,-0.002407550811767578,0.8113819097654288,False,support
03,text,1,21,[24],into,93,97,verified,,,unresolved,Negative,Positive,0.33623505839219225,-0.1851673126220703,0.7508273511605976,False,support
03,text,1,22,[25],account,98,105,verified,,,unresolved,Negative,Positive,0.49769115926644303,-0.2605299949645996,0.7173889287888423,False,support
03,text,1,23,[26],",",105,106,verified,,,unresolved,Negative,Positive,0.3404587441360367,-0.19132769107818604,0.7487292220096388,False,support
03,text,1,24,[27],they,107,111,verified,,,unresolved,Negative,Positive,-0.027490265546656456,0.0172385573387146,0.8189672333467584,False,oppose
03,text,1,25,[28],take,112,116,verified,,,unresolved,Negative,Positive,-0.05477754750651709,0.04036545753479004,0.8246174519850996,False,oppose
03,text,1,26,[29],rental,117,123,verified,,,unresolved,Negative,Positive,-0.08618257834303122,0.07053661346435547,0.8298764387866693,False,oppose
03,text,1,27,[30],yield,124,129,verified,,,unresolved,Negative,Positive,-0.17443564452175142,0.11509859561920166,0.8405031878143346,False,oppose
03,text,1,28,[31],into,130,134,verified,,,unresolved,Negative,Positive,0.1459223690229443,-0.08110257983207703,0.7884712595404463,False,support
03,text,1,29,[32],account,135,142,verified,,,unresolved,Negative,Positive,0.2520837406376877,-0.13978078961372375,0.7685400171981605,False,support
03,text,1,30,[33],.,142,143,verified,,,unresolved,Negative,Positive,0.17467958272037065,-0.10417753458023071,0.7813782798112511,False,support
03,text,3,0,"[1, 2, 3]",There's,0,7,verified,,,unresolved,Negative,Positive,0.3090422851467518,-0.1565702259540558,0.7649042256952593,False,support
03,text,3,1,"[2, 3, 4]",'s one,5,11,verified,,,unresolved,Negative,Positive,-0.0131264411956864,0.049013733863830566,0.8213745727283317,False,oppose
03,text,3,2,"[3, 4, 5, 6]",s one lender,6,18,verified,,,unresolved,Negative,Positive,-0.3486835681672651,0.2936497926712036,0.8702426503059141,True,oppose
03,text,3,3,"[4, 5, 6, 7]",one lender at,8,21,verified,,,unresolved,Negative,Positive,0.04010901802102329,0.033689141273498535,0.8176782706120536,False,support
03,text,3,4,"[5, 6, 7, 8]",lender at the,12,25,verified,,,unresolved,Negative,Positive,0.28048080238805784,-0.1135219931602478,0.7740949509156286,False,support
03,text,3,5,"[7, 8, 9]",at the moment,19,32,verified,,,unresolved,Negative,Positive,0.02444068508830144,0.009244799613952637,0.8142963675227441,False,support
03,text,3,6,"[8, 9, 10]",the moment which,22,38,verified,,,unresolved,Negative,Positive,0.2113854468495049,-0.10659533739089966,0.7795706974166547,False,support
03,text,3,7,"[9, 10, 11]",moment which I,26,40,verified,,,unresolved,Negative,Positive,0.11917736943348523,-0.05511903762817383,0.7969588812667698,False,support
03,text,3,8,"[10, 11, 12]",which I think,33,46,verified,,,unresolved,Negative,Positive,0.41072989115084635,-0.20452094078063965,0.7406768667567641,False,support
03,text,3,9,"[11, 12, 13]",I think is,39,49,verified,,,unresolved,Negative,Positive,1.0151679399886469,-0.46784408390522003,0.5859619762787092,False,support
03,text,3,10,"[12, 13, 14]",think is just,41,54,verified,,,unresolved,Negative,Positive,1.2183125536603736,-0.5370343327522278,0.5366566963508853,False,support
03,text,3,11,"[13, 14, 15, 16]",is just Bankwest,47,63,verified,,,unresolved,Negative,Positive,0.7494690793546206,-0.3687645196914673,0.6596080641107268,False,support
03,text,3,12,"[14, 15, 16, 17]",just Bankwest who,50,67,verified,,,unresolved,Negative,Positive,1.1496417051636585,-0.5048021450638771,0.5493497834331178,False,support
03,text,3,13,"[15, 16, 17, 18]",Bankwest who don,55,71,verified,,,unresolved,Negative,Positive,-0.16765498401386436,0.1253044605255127,0.8401284615472883,False,oppose
03,text,3,14,"[17, 18, 19]",who don',64,72,verified,,,unresolved,Negative,Positive,0.4723001466110317,-0.25189730525016785,0.717448776030156,False,support
03,text,3,15,"[18, 19, 20]",don't,68,73,verified,,,unresolved,Negative,Positive,2.0759093664763575,-0.7509971857070923,0.3019610616903247,False,support
03,text,3,16,"[19, 20, 21]",'t take,71,78,verified,,,unresolved,Negative,Positive,1.0339301016571814,-0.4695838689804077,0.588851262397912,False,support
03,text,3,17,"[20, 21, 22]",t take rental,72,85,verified,,,unresolved,Negative,Positive,0.4283168833224762,-0.2176843285560608,0.7388451376916277,False,support
03,text,3,18,"[21, 22, 23]",take rental income,74,92,verified,,,unresolved,Negative,Positive,0.29732414357718073,-0.15464138984680176,0.7626748956367795,False,support
03,text,3,19,"[22, 23, 24]",rental income into,79,97,verified,,,unresolved,Negative,Positive,-0.0019558312443810344,0.01275724172592163,0.8152324308109515,False,oppose
03,text,3,20,"[23, 24, 25]",income into account,86,105,verified,,,unresolved,Negative,Positive,0.3962770508294895,-0.21116194128990173,0.7402144334852894,False,support
03,text,3,21,"[24, 25, 26]","into account,",93,106,verified,,,unresolved,Negative,Positive,0.3374334664185741,-0.18751823902130127,0.7512806776600034,False,support
03,text,3,22,"[25, 26, 27]","account, they",98,111,verified,,,unresolved,Negative,Positive,0.6343756318422229,-0.3250371813774109,0.6836031861461549,False,support
03,text,3,23,"[26, 27, 28]",", they take",105,116,verified,,,unresolved,Negative,Positive,0.24838436543211695,-0.14461061358451843,0.769729160967882,False,support
03,text,3,24,"[27, 28, 29]",they take rental,107,123,verified,,,unresolved,Negative,Positive,-0.016937710192356903,0.022649168968200684,0.8224909082026269,False,oppose
03,text,3,25,"[28, 29, 30]",take rental yield,112,129,verified,,,unresolved,Negative,Positive,-0.18247809133866122,0.13995790481567383,0.8462195658571844,True,oppose
03,text,3,26,"[29, 30, 31]",rental yield into,117,134,verified,,,unresolved,Negative,Positive,-0.14451861327807958,0.1092715859413147,0.839169040679375,False,oppose
03,text,3,27,"[30, 31, 32]",yield into account,124,142,verified,,,unresolved,Negative,Positive,0.005278612701337337,0.003374457359313965,0.8143532792072443,False,support
03,text,3,28,"[31, 32, 33]",into account.,130,143,verified,,,unresolved,Negative,Positive,0.26090496524045714,-0.14432844519615173,0.7676567369490548,False,support
03,text,5,0,"[1, 2, 3, 4, 5, 6]",There's one lender,0,18,verified,,,unresolved,Negative,Positive,-0.25088669075202885,0.2428070306777954,0.8605456780754333,False,oppose
03,text,5,1,"[2, 3, 4, 5, 6, 7]",'s one lender at,5,21,verified,,,unresolved,Negative,Positive,0.2873898868740876,-0.09090244770050049,0.7826459935847128,False,support
03,text,5,2,"[3, 4, 5, 6, 7, 8]",s one lender at the,6,25,verified,,,unresolved,Negative,Positive,-0.001939757914743545,0.06675201654434204,0.8237510654988105,False,oppose
03,text,5,3,"[4, 5, 6, 7, 8, 9]",one lender at the moment,8,32,verified,,,unresolved,Negative,Positive,-0.1920675139465362,0.1969091296195984,0.8531100233950452,False,oppose
03,text,5,4,"[5, 6, 7, 8, 9, 10]",lender at the moment which,12,38,verified,,,unresolved,Negative,Positive,0.10275467770132085,-0.018628180027008057,0.8057562425453465,False,support
03,text,5,5,"[7, 8, 9, 10, 11]",at the moment which I,19,40,verified,,,unresolved,Negative,Positive,-0.09775781229079072,0.09792768955230713,0.8352618002200249,False,oppose
03,text,5,6,"[8, 9, 10, 11, 12]",the moment which I think,22,46,verified,,,unresolved,Negative,Positive,0.5107054570446823,-0.23767384886741638,0.7256059617248227,False,support
03,text,5,7,"[9, 10, 11, 12, 13]",moment which I think is,26,49,verified,,,unresolved,Negative,Positive,1.0811082235263316,-0.48351146280765533,0.5755577292123696,True,support
03,text,5,8,"[10, 11, 12, 13, 14]",which I think is just,33,54,verified,,,unresolved,Negative,Positive,0.8573227046813223,-0.412148654460907,0.6368690367777485,False,support
03,text,5,9,"[11, 12, 13, 14, 15, 16]",I think is just Bankwest,39,63,verified,,,unresolved,Negative,Positive,1.5552233781765372,-0.634030893445015,0.42740441950434643,False,support
03,text,5,10,"[12, 13, 14, 15, 16, 17]",think is just Bankwest who,41,67,verified,,,unresolved,Negative,Positive,1.7949027258879826,-0.6809062957763672,0.3573849355434195,True,support
03,text,5,11,"[13, 14, 15, 16, 17, 18]",is just Bankwest who don,47,71,verified,,,unresolved,Negative,Positive,0.82351630115994,-0.3954468220472336,0.6396116368273415,False,support
03,text,5,12,"[14, 15, 16, 17, 18, 19]",just Bankwest who don',50,72,verified,,,unresolved,Negative,Positive,0.9480457111090441,-0.4366748034954071,0.603986762371159,False,support
03,text,5,13,"[15, 16, 17, 18, 19, 20]",Bankwest who don't,55,73,verified,,,unresolved,Negative,Positive,1.7672735325450317,-0.6746279746294022,0.37660657536320485,False,support
03,text,5,14,"[17, 18, 19, 20, 21]",who don't take,64,78,verified,,,unresolved,Negative,Positive,1.999552301626044,-0.7293380796909332,0.31237111886261254,False,support
03,text,5,15,"[18, 19, 20, 21, 22]",don't take rental,68,85,verified,,,unresolved,Negative,Positive,2.154638952259987,-0.7687559425830841,0.29166512877445044,True,support
03,text,5,16,"[19, 20, 21, 22, 23]",'t take rental income,71,92,verified,,,unresolved,Negative,Positive,1.147019747902326,-0.503986731171608,0.5611563402473816,False,support
03,text,5,17,"[20, 21, 22, 23, 24]",t take rental income into,72,97,verified,,,unresolved,Negative,Positive,0.893819262407693,-0.4202744662761688,0.6267277289251965,False,support
03,text,5,18,"[21, 22, 23, 24, 25]",take rental income into account,74,105,verified,,,unresolved,Negative,Positive,0.6653763008607831,-0.3257848918437958,0.6840883689407696,False,support
03,text,5,19,"[22, 23, 24, 25, 26]","rental income into account,",79,106,verified,,,unresolved,Negative,Positive,0.17246616048443397,-0.0885971188545227,0.7866965956792277,False,support
03,text,5,20,"[23, 24, 25, 26, 27]","income into account, they",86,111,verified,,,unresolved,Negative,Positive,0.5129788234076567,-0.27475520968437195,0.7123597408320759,False,support
03,text,5,21,"[24, 25, 26, 27, 28]","into account, they take",93,116,verified,,,unresolved,Negative,Positive,0.3288203110842738,-0.18160408735275269,0.7558270647067258,False,support
03,text,5,22,"[25, 26, 27, 28, 29]","account, they take rental",98,123,verified,,,unresolved,Negative,Positive,0.2977609984328229,-0.1512673795223236,0.7673229647986575,False,support
03,text,5,23,"[26, 27, 28, 29, 30]",", they take rental yield",105,129,verified,,,unresolved,Negative,Positive,0.058083019718319306,-0.020685136318206787,0.8095100061985754,False,support
03,text,5,24,"[27, 28, 29, 30, 31]",they take rental yield into,107,134,verified,,,unresolved,Negative,Positive,0.14626642279909685,-0.0739942193031311,0.7956718158263879,False,support
03,text,5,25,"[28, 29, 30, 31, 32]",take rental yield into account,112,142,verified,,,unresolved,Negative,Positive,-0.12190794307541664,0.10599911212921143,0.8388773560202092,False,oppose
03,text,5,26,"[29, 30, 31, 32, 33]",rental yield into account.,117,143,verified,,,unresolved,Negative,Positive,0.05226563208046198,-0.013492405414581299,0.8090118049158475,False,support
03,audio,1,0,[1],,,,not_applicable,,,unresolved,Negative,Positive,-0.024214704093277195,0.010133147239685059,0.8158809109979998,False,oppose
03,audio,1,1,[2],,,,not_applicable,,,unresolved,Negative,Positive,-0.031698801005763055,0.015266239643096924,0.8171715849002772,False,oppose
03,audio,1,2,[3],,,,not_applicable,,,unresolved,Negative,Positive,-0.038243121712343786,0.020144879817962646,0.8183906694483785,False,oppose
03,audio,1,3,[4],,,,not_applicable,,,unresolved,Negative,Positive,-0.03218872794180605,0.016579747200012207,0.8174359332191534,False,oppose
03,audio,1,4,[5],,,,not_applicable,,,unresolved,Negative,Positive,-0.01780524084200419,0.0093153715133667,0.8152498611144531,False,oppose
03,audio,1,5,[6],,,,not_applicable,,,unresolved,Negative,Positive,-0.02131403150930966,0.01105576753616333,0.8156364826774878,False,oppose
03,audio,1,6,[7],,,,not_applicable,,,unresolved,Negative,Positive,-0.033703737526173505,0.01635950803756714,0.8180480788938325,False,oppose
03,audio,1,7,[8],,,,not_applicable,,,unresolved,Negative,Positive,-0.019142555055665866,0.0072917938232421875,0.8151425881131438,False,oppose
03,audio,1,8,[9],,,,not_applicable,,,unresolved,Negative,Positive,-0.047804003565554254,0.025656819343566895,0.8198404298242081,False,oppose
03,audio,1,9,[10],,,,not_applicable,,,unresolved,Negative,Positive,-0.02961314387305869,0.015841305255889893,0.8178115677060439,False,oppose
03,audio,1,10,[11],,,,not_applicable,,,unresolved,Negative,Positive,-0.03842658093817608,0.019832193851470947,0.8187468524862896,False,oppose
03,audio,1,11,[12],,,,not_applicable,,,unresolved,Negative,Positive,-0.036192665039865624,0.02046513557434082,0.8181877317903314,False,oppose
03,audio,1,12,[13],,,,not_applicable,,,unresolved,Negative,Positive,-0.022563822506324716,0.012060761451721191,0.8163946511603352,False,oppose
03,audio,1,13,[14],,,,not_applicable,,,unresolved,Negative,Positive,-0.027788815422988833,0.015980124473571777,0.8168898647063375,False,oppose
03,audio,1,14,[15],,,,not_applicable,,,unresolved,Negative,Positive,-0.006622461198611429,0.0019470453262329102,0.8139080528616244,False,oppose
03,audio,1,15,[16],,,,not_applicable,,,unresolved,Negative,Positive,-0.0069555574490274275,0.0020664334297180176,0.8136193332598115,False,oppose
03,audio,1,16,[17],,,,not_applicable,,,unresolved,Negative,Positive,-0.02434391065895891,0.015130996704101562,0.8169144581268115,False,oppose
03,audio,1,17,[18],,,,not_applicable,,,unresolved,Negative,Positive,-0.024706492502761357,0.013154745101928711,0.8168434995105645,False,oppose
03,audio,1,18,[19],,,,not_applicable,,,unresolved,Negative,Positive,-0.017175179607454183,0.008956372737884521,0.8157916990373636,False,oppose
03,audio,1,19,[20],,,,not_applicable,,,unresolved,Negative,Positive,-0.02147457498616312,0.01092064380645752,0.8162625713041111,False,oppose
03,audio,1,20,[21],,,,not_applicable,,,unresolved,Negative,Positive,-0.010154870999337096,0.004250168800354004,0.8143213078083102,False,oppose
03,audio,1,21,[22],,,,not_applicable,,,unresolved,Negative,Positive,-0.005789542422767191,0.0017898082733154297,0.8140204270944364,False,oppose
03,audio,1,22,[23],,,,not_applicable,,,unresolved,Negative,Positive,-0.01727158515324856,0.010382890701293945,0.8159885566062284,False,oppose
03,audio,1,23,[24],,,,not_applicable,,,unresolved,Negative,Positive,-0.014344223831010972,0.007559537887573242,0.8151170976383746,False,oppose
03,audio,1,24,[25],,,,not_applicable,,,unresolved,Negative,Positive,-0.00742759579496477,0.0037291646003723145,0.814011686990209,False,oppose
03,audio,1,25,[26],,,,not_applicable,,,unresolved,Negative,Positive,-0.01572616705700991,0.009089350700378418,0.8158803411595589,False,oppose
03,audio,1,26,[27],,,,not_applicable,,,unresolved,Negative,Positive,-0.022541430736578327,0.012506306171417236,0.8165044492736502,False,oppose
03,audio,1,27,[28],,,,not_applicable,,,unresolved,Negative,Positive,-0.010695488211546866,0.005882859230041504,0.8143581043029857,False,oppose
03,audio,1,28,[29],,,,not_applicable,,,unresolved,Negative,Positive,-0.014471996212170879,0.007935643196105957,0.8150654611049141,False,oppose
03,audio,1,29,[30],,,,not_applicable,,,unresolved,Negative,Positive,-0.019866929988175297,0.010515689849853516,0.8159395461222891,False,oppose
03,audio,1,30,[31],,,,not_applicable,,,unresolved,Negative,Positive,-0.0260794764691612,0.010924696922302246,0.8163422227176843,False,oppose
03,audio,1,31,[32],,,,not_applicable,,,unresolved,Negative,Positive,-0.03752201149624046,0.020560503005981445,0.8181812304415605,False,oppose
03,audio,1,32,[33],,,,not_applicable,,,unresolved,Negative,Positive,-0.03476963151709045,0.01964282989501953,0.8181521336524877,False,oppose
03,audio,3,0,"[1, 2, 3]",,,,not_applicable,,,unresolved,Negative,Positive,-0.09035305035162455,0.044335901737213135,0.8250912857440457,False,oppose
03,audio,3,1,"[2, 3, 4]",,,,not_applicable,,,unresolved,Negative,Positive,-0.09872175492139457,0.05128836631774902,0.8266332002143586,False,oppose
03,audio,3,2,"[3, 4, 5]",,,,not_applicable,,,unresolved,Negative,Positive,-0.0861045910953191,0.045753657817840576,0.8249821079887629,False,oppose
03,audio,3,3,"[4, 5, 6]",,,,not_applicable,,,unresolved,Negative,Positive,-0.07009635028933126,0.03694784641265869,0.8224562471290728,False,oppose
03,audio,3,4,"[5, 6, 7]",,,,not_applicable,,,unresolved,Negative,Positive,-0.07146663275516385,0.03661614656448364,0.823032202727913,False,oppose
03,audio,3,5,"[6, 7, 8]",,,,not_applicable,,,unresolved,Negative,Positive,-0.07278546366672911,0.034528493881225586,0.8229330382803925,False,oppose
03,audio,3,6,"[7, 8, 9]",,,,not_applicable,,,unresolved,Negative,Positive,-0.09884556373242193,0.049260079860687256,0.8269131194525727,False,oppose
03,audio,3,7,"[8, 9, 10]",,,,not_applicable,,,unresolved,Negative,Positive,-0.09474608101595994,0.04867583513259888,0.8266742076944759,False,oppose
03,audio,3,8,"[9, 10, 11]",,,,not_applicable,,,unresolved,Negative,Positive,-0.11260930527345492,0.060946106910705566,0.8298457968762356,False,oppose
03,audio,3,9,"[10, 11, 12]",,,,not_applicable,,,unresolved,Negative,Positive,-0.10086076591508553,0.05533432960510254,0.8282419204911747,False,oppose
03,audio,3,10,"[11, 12, 13]",,,,not_applicable,,,unresolved,Negative,Positive,-0.09407910685487542,0.05133068561553955,0.8269154115825,False,oppose
03,audio,3,11,"[12, 13, 14]",,,,not_applicable,,,unresolved,Negative,Positive,-0.08399015414070554,0.04757958650588989,0.8252171481151114,False,oppose
03,audio,3,12,"[13, 14, 15]",,,,not_applicable,,,unresolved,Negative,Positive,-0.05613630062686159,0.029789090156555176,0.8213618639815536,False,oppose
03,audio,3,13,"[14, 15, 16]",,,,not_applicable,,,unresolved,Negative,Positive,-0.041619896639999876,0.020319700241088867,0.8188521978875755,False,oppose
03,audio,3,14,"[15, 16, 17]",,,,not_applicable,,,unresolved,Negative,Positive,-0.03754369690990922,0.019147217273712158,0.8187935136282896,False,oppose
03,audio,3,15,"[16, 17, 18]",,,,not_applicable,,,unresolved,Negative,Positive,-0.055234772616359784,0.030360400676727295,0.8216092657767349,False,oppose
03,audio,3,16,"[17, 18, 19]",,,,not_applicable,,,unresolved,Negative,Positive,-0.06559426348172082,0.037515878677368164,0.8237070629499457,False,oppose
03,audio,3,17,"[18, 19, 20]",,,,not_applicable,,,unresolved,Negative,Positive,-0.06319717559009908,0.03362339735031128,0.8231455246391689,False,oppose
03,audio,3,18,"[19, 20, 21]",,,,not_applicable,,,unresolved,Negative,Positive,-0.04878091014701402,0.024582624435424805,0.8207361490286335,False,oppose
03,audio,3,19,"[20, 21, 22]",,,,not_applicable,,,unresolved,Negative,Positive,-0.03719819587444517,0.01727139949798584,0.8189865192503986,False,oppose
03,audio,3,20,"[21, 22, 23]",,,,not_applicable,,,unresolved,Negative,Positive,-0.032993469707560674,0.016712069511413574,0.8187078845052819,False,oppose
03,audio,3,21,"[22, 23, 24]",,,,not_applicable,,,unresolved,Negative,Positive,-0.037118620573491246,0.020010948181152344,0.8194677715690791,False,oppose
03,audio,3,22,"[23, 24, 25]",,,,not_applicable,,,unresolved,Negative,Positive,-0.03856228880883039,0.021818816661834717,0.8194299981859918,False,oppose
03,audio,3,23,"[24, 25, 26]",,,,not_applicable,,,unresolved,Negative,Positive,-0.03692737734186169,0.02050304412841797,0.8193102099826737,False,oppose
03,audio,3,24,"[25, 26, 27]",,,,not_applicable,,,unresolved,Negative,Positive,-0.04490225536951398,0.025336265563964844,0.8206302180319314,False,oppose
03,audio,3,25,"[26, 27, 28]",,,,not_applicable,,,unresolved,Negative,Positive,-0.048334694300552705,0.02748239040374756,0.8209798754229994,False,oppose
03,audio,3,26,"[27, 28, 29]",,,,not_applicable,,,unresolved,Negative,Positive,-0.047037947924930545,0.026162326335906982,0.8201806038619657,False,oppose
03,audio,3,27,"[28, 29, 30]",,,,not_applicable,,,unresolved,Negative,Positive,-0.04512565314120165,0.024603664875030518,0.8197541397393853,False,oppose
03,audio,3,28,"[29, 30, 31]",,,,not_applicable,,,unresolved,Negative,Positive,-0.060959497822272724,0.030042290687561035,0.8217653446847489,False,oppose
03,audio,3,29,"[30, 31, 32]",,,,not_applicable,,,unresolved,Negative,Positive,-0.08407764636298465,0.0430372953414917,0.8248021485583995,False,oppose
03,audio,3,30,"[31, 32, 33]",,,,not_applicable,,,unresolved,Negative,Positive,-0.09832795632177493,0.05208742618560791,0.8268256118447603,False,oppose
03,audio,5,0,"[1, 2, 3, 4, 5]",,,,not_applicable,,,unresolved,Negative,Positive,-0.13545217130166387,0.06947517395019531,0.8310728424670388,False,oppose
03,audio,5,1,"[2, 3, 4, 5, 6]",,,,not_applicable,,,unresolved,Negative,Positive,-0.13362353639585134,0.07089102268218994,0.8309804810507176,False,oppose
03,audio,5,2,"[3, 4, 5, 6, 7]",,,,not_applicable,,,unresolved,Negative,Positive,-0.1365656435915965,0.07268893718719482,0.8319318264365657,True,oppose
03,audio,5,3,"[4, 5, 6, 7, 8]",,,,not_applicable,,,unresolved,Negative,Positive,-0.11957755116833457,0.060326457023620605,0.8292139289887889,False,oppose
03,audio,5,4,"[5, 6, 7, 8, 9]",,,,not_applicable,,,unresolved,Negative,Positive,-0.1346234704804039,0.06921911239624023,0.8313652328934201,False,oppose
03,audio,5,5,"[6, 7, 8, 9, 10]",,,,not_applicable,,,unresolved,Negative,Positive,-0.14534453723697327,0.07563656568527222,0.8335616965398845,True,oppose
03,audio,5,6,"[7, 8, 9, 10, 11]",,,,not_applicable,,,unresolved,Negative,Positive,-0.16091546028353942,0.08430516719818115,0.8361509684106342,False,oppose
03,audio,5,7,"[8, 9, 10, 11, 12]",,,,not_applicable,,,unresolved,Negative,Positive,-0.16264811013930291,0.08764159679412842,0.836142655902868,False,oppose
03,audio,5,8,"[9, 10, 11, 12, 13]",,,,not_applicable,,,unresolved,Negative,Positive,-0.16419370914998987,0.0913165807723999,0.8369216538453729,True,oppose
03,audio,5,9,"[10, 11, 12, 13, 14]",,,,not_applicable,,,unresolved,Negative,Positive,-0.14469877225260852,0.08117818832397461,0.834275966655959,False,oppose
03,audio,5,10,"[11, 12, 13, 14, 15]",,,,not_applicable,,,unresolved,Negative,Positive,-0.12533769609166834,0.06838899850845337,0.8312090304966064,False,oppose
03,audio,5,11,"[12, 13, 14, 15, 16]",,,,not_applicable,,,unresolved,Negative,Positive,-0.09719167542718932,0.0517767071723938,0.8269318038609879,False,oppose
03,audio,5,12,"[13, 14, 15, 16, 17]",,,,not_applicable,,,unresolved,Negative,Positive,-0.08542376546665231,0.04658770561218262,0.8257775577642192,False,oppose
03,audio,5,13,"[14, 15, 16, 17, 18]",,,,not_applicable,,,unresolved,Negative,Positive,-0.08822874610868858,0.04830825328826904,0.8263561944631705,False,oppose
03,audio,5,14,"[15, 16, 17, 18, 19]",,,,not_applicable,,,unresolved,Negative,Positive,-0.07815843221443286,0.041516125202178955,0.8254031979640994,False,oppose
03,audio,5,15,"[16, 17, 18, 19, 20]",,,,not_applicable,,,unresolved,Negative,Positive,-0.09291369707371278,0.050946176052093506,0.8276202211282617,False,oppose
03,audio,5,16,"[17, 18, 19, 20, 21]",,,,not_applicable,,,unresolved,Negative,Positive,-0.09615338340882351,0.053393781185150146,0.8282893106720409,False,oppose
03,audio,5,17,"[18, 19, 20, 21, 22]",,,,not_applicable,,,unresolved,Negative,Positive,-0.07845427818125339,0.04027700424194336,0.8256929300650034,False,oppose
03,audio,5,18,"[19, 20, 21, 22, 23]",,,,not_applicable,,,unresolved,Negative,Positive,-0.07103315299424073,0.03737211227416992,0.8248727086077012,False,oppose
03,audio,5,19,"[20, 21, 22, 23, 24]",,,,not_applicable,,,unresolved,Negative,Positive,-0.0681845091719091,0.03601968288421631,0.8242313906470314,False,oppose
03,audio,5,20,"[21, 22, 23, 24, 25]",,,,not_applicable,,,unresolved,Negative,Positive,-0.05379459906507211,0.028389394283294678,0.8220148742793145,False,oppose
03,audio,5,21,"[22, 23, 24, 25, 26]",,,,not_applicable,,,unresolved,Negative,Positive,-0.05874080389937353,0.03302401304244995,0.8233895690099414,False,oppose
03,audio,5,22,"[23, 24, 25, 26, 27]",,,,not_applicable,,,unresolved,Negative,Positive,-0.07531886225887785,0.04375118017196655,0.8257221177327042,False,oppose
03,audio,5,23,"[24, 25, 26, 27, 28]",,,,not_applicable,,,unresolved,Negative,Positive,-0.06917730898059071,0.03913998603820801,0.8242424980973682,False,oppose
03,audio,5,24,"[25, 26, 27, 28, 29]",,,,not_applicable,,,unresolved,Negative,Positive,-0.0686957048979484,0.0389595627784729,0.8240868006515121,False,oppose
03,audio,5,25,"[26, 27, 28, 29, 30]",,,,not_applicable,,,unresolved,Negative,Positive,-0.08212349664461716,0.0463634729385376,0.8260637504186377,False,oppose
03,audio,5,26,"[27, 28, 29, 30, 31]",,,,not_applicable,,,unresolved,Negative,Positive,-0.09329811650307951,0.04860949516296387,0.8266452970192666,False,oppose
03,audio,5,27,"[28, 29, 30, 31, 32]",,,,not_applicable,,,unresolved,Negative,Positive,-0.10916185132821443,0.05749070644378662,0.8284002545435726,False,oppose
03,audio,5,28,"[29, 30, 31, 32, 33]",,,,not_applicable,,,unresolved,Negative,Positive,-0.13376369082942086,0.07239174842834473,0.8320360566380034,False,oppose
03,vision,1,0,[1],,,,not_applicable,,,unresolved,Negative,Positive,0.0014254344610735714,-0.0011768341064453125,0.8121097664543792,False,support
03,vision,1,1,[2],,,,not_applicable,,,unresolved,Negative,Positive,0.003153430736486662,-0.002543926239013672,0.8117491602646548,False,support
03,vision,1,2,[3],,,,not_applicable,,,unresolved,Negative,Positive,0.0116672730775087,-0.007555365562438965,0.8104561372696353,False,support
03,vision,1,3,[4],,,,not_applicable,,,unresolved,Negative,Positive,0.0005092677995484074,-0.0010885000228881836,0.8122796215662866,False,support
03,vision,1,4,[5],,,,not_applicable,,,unresolved,Negative,Positive,-0.0013984505647313128,0.0010901689529418945,0.8124332813306271,False,oppose
03,vision,1,5,[6],,,,not_applicable,,,unresolved,Negative,Positive,0.0019394346180585664,-0.0013475418090820312,0.8119224786660361,False,support
03,vision,1,6,[7],,,,not_applicable,,,unresolved,Negative,Positive,0.00377487562443779,-0.0017940998077392578,0.8120555046683526,False,support
03,vision,1,7,[8],,,,not_applicable,,,unresolved,Negative,Positive,0.0007928811869342134,0.0009688735008239746,0.8125563931437337,False,support
03,vision,1,8,[9],,,,not_applicable,,,unresolved,Negative,Positive,0.0026625226148233594,-0.002285182476043701,0.8121992290049578,False,support
03,vision,1,9,[10],,,,not_applicable,,,unresolved,Negative,Positive,0.014312041783733243,-0.009695231914520264,0.8102885051432636,False,support
03,vision,1,10,[11],,,,not_applicable,,,unresolved,Negative,Positive,0.015784341565178384,-0.01197803020477295,0.8097530039980173,False,support
03,vision,1,11,[12],,,,not_applicable,,,unresolved,Negative,Positive,0.008344616859735421,-0.005521059036254883,0.8113796228645629,False,support
03,vision,1,12,[13],,,,not_applicable,,,unresolved,Negative,Positive,0.015465693377883394,-0.011325597763061523,0.8102197901410385,False,support
03,vision,1,13,[14],,,,not_applicable,,,unresolved,Negative,Positive,0.018567763615979782,-0.012450754642486572,0.8096192485865176,False,support
03,vision,1,14,[15],,,,not_applicable,,,unresolved,Negative,Positive,-0.008809755191269808,0.0045201778411865234,0.8139949142359908,False,oppose
03,vision,1,15,[16],,,,not_applicable,,,unresolved,Negative,Positive,-0.008004020036643134,0.0044945478439331055,0.8138002698680795,False,oppose
03,vision,1,16,[17],,,,not_applicable,,,unresolved,Negative,Positive,0.005684414990492659,-0.004383981227874756,0.811731799731308,False,support
03,vision,1,17,[18],,,,not_applicable,,,unresolved,Negative,Positive,0.001230106004176168,-0.0021860599517822266,0.8121078357036088,False,support
03,vision,1,18,[19],,,,not_applicable,,,unresolved,Negative,Positive,-0.012716950102884095,0.007137715816497803,0.8144191123809834,False,oppose
03,vision,1,19,[20],,,,not_applicable,,,unresolved,Negative,Positive,-0.0020393032679981715,0.0005081295967102051,0.8126182562337777,False,oppose
03,vision,1,20,[21],,,,not_applicable,,,unresolved,Negative,Positive,-0.010337931431739111,0.006437242031097412,0.8139466001053188,False,oppose
03,vision,1,21,[22],,,,not_applicable,,,unresolved,Negative,Positive,-0.006203860680993767,0.003906905651092529,0.8133738961453991,False,oppose
03,vision,1,22,[23],,,,not_applicable,,,unresolved,Negative,Positive,-0.004297729625109437,0.0019783377647399902,0.8130752655827072,False,oppose
03,vision,1,23,[24],,,,not_applicable,,,unresolved,Negative,Positive,-0.006605734008325204,0.004163980484008789,0.8133666653760591,False,oppose
03,vision,1,24,[25],,,,not_applicable,,,unresolved,Negative,Positive,-0.007833298007572598,0.005659043788909912,0.8135557251779831,False,oppose
03,vision,1,25,[26],,,,not_applicable,,,unresolved,Negative,Positive,-0.003106484545195798,0.0021059513092041016,0.8129798155851193,False,oppose
03,vision,1,26,[27],,,,not_applicable,,,unresolved,Negative,Positive,-0.0007865096646901826,0.0009655356407165527,0.81240726906896,False,oppose
03,vision,1,27,[28],,,,not_applicable,,,unresolved,Negative,Positive,0.014793936662548912,-0.008398890495300293,0.8099446846918478,False,support
03,vision,1,28,[29],,,,not_applicable,,,unresolved,Negative,Positive,0.002423442069871662,-0.0007593631744384766,0.8119648522473649,False,support
03,vision,1,29,[30],,,,not_applicable,,,unresolved,Negative,Positive,-0.002799033023895614,0.002331852912902832,0.8126700862801468,False,oppose
03,vision,1,30,[31],,,,not_applicable,,,unresolved,Negative,Positive,-0.0021808406010417336,0.0015957355499267578,0.8126224167200968,False,oppose
03,vision,1,31,[32],,,,not_applicable,,,unresolved,Negative,Positive,-0.005537709843610905,0.003542304039001465,0.8131355691363337,False,oppose
03,vision,1,32,[33],,,,not_applicable,,,unresolved,Negative,Positive,-0.00411889506778973,0.002631545066833496,0.8129711947118317,False,oppose
03,vision,3,0,"[1, 2, 3]",,,,not_applicable,,,unresolved,Negative,Positive,0.017840758787164734,-0.012158751487731934,0.8084585237210438,False,support
03,vision,3,1,"[2, 3, 4]",,,,not_applicable,,,unresolved,Negative,Positive,0.01691539966363509,-0.012078344821929932,0.8086349342114365,False,support
03,vision,3,2,"[3, 4, 5]",,,,not_applicable,,,unresolved,Negative,Positive,0.011655902865405299,-0.008034884929656982,0.8094555252577197,False,support
03,vision,3,3,"[4, 5, 6]",,,,not_applicable,,,unresolved,Negative,Positive,0.0014531250165510379,-0.0014957189559936523,0.8110204328549615,False,support
03,vision,3,4,"[5, 6, 7]",,,,not_applicable,,,unresolved,Negative,Positive,0.0045829618233210745,-0.002135157585144043,0.8108186174830788,False,support
03,vision,3,5,"[6, 7, 8]",,,,not_applicable,,,unresolved,Negative,Positive,0.006895505832257953,-0.002393960952758789,0.8109282230849799,False,support
03,vision,3,6,"[7, 8, 9]",,,,not_applicable,,,unresolved,Negative,Positive,0.007910207408551528,-0.003568410873413086,0.8111585400834671,False,support
03,vision,3,7,"[8, 9, 10]",,,,not_applicable,,,unresolved,Negative,Positive,0.018792895201476423,-0.011771082878112793,0.809321569248979,False,support
03,vision,3,8,"[9, 10, 11]",,,,not_applicable,,,unresolved,Negative,Positive,0.03560204462479799,-0.025774478912353516,0.806147933327307,False,support
03,vision,3,9,"[10, 11, 12]",,,,not_applicable,,,unresolved,Negative,Positive,0.04151828388078571,-0.02913510799407959,0.8052677074745803,False,support
03,vision,3,10,"[11, 12, 13]",,,,not_applicable,,,unresolved,Negative,Positive,0.04380032567205028,-0.03136003017425537,0.8050082084729505,False,support
03,vision,3,11,"[12, 13, 14]",,,,not_applicable,,,unresolved,Negative,Positive,0.046612940007676684,-0.03182065486907959,0.804880564737542,False,support
03,vision,3,12,"[13, 14, 15]",,,,not_applicable,,,unresolved,Negative,Positive,0.027297927336950245,-0.020653128623962402,0.8079259486268554,False,support
03,vision,3,13,"[14, 15, 16]",,,,not_applicable,,,unresolved,Negative,Positive,0.0013846038149192275,-0.0033132433891296387,0.8119535662600194,False,support
03,vision,3,14,"[15, 16, 17]",,,,not_applicable,,,unresolved,Negative,Positive,-0.01149151214678712,0.0048569440841674805,0.8140507651430009,False,oppose
03,vision,3,15,"[16, 17, 18]",,,,not_applicable,,,unresolved,Negative,Positive,-0.00043074458771963364,-0.0025095343589782715,0.8119912015993254,False,oppose
03,vision,3,16,"[17, 18, 19]",,,,not_applicable,,,unresolved,Negative,Positive,-0.005234393917890934,0.00013816356658935547,0.8126175701247161,False,oppose
03,vision,3,17,"[18, 19, 20]",,,,not_applicable,,,unresolved,Negative,Positive,-0.012803740900222849,0.004987835884094238,0.8134710255916124,False,oppose
03,vision,3,18,"[19, 20, 21]",,,,not_applicable,,,unresolved,Negative,Positive,-0.02474867527142388,0.013908863067626953,0.815368516685342,False,oppose
03,vision,3,19,"[20, 21, 22]",,,,not_applicable,,,unresolved,Negative,Positive,-0.017879611028638998,0.010497748851776123,0.8142788121551696,False,oppose
03,vision,3,20,"[21, 22, 23]",,,,not_applicable,,,unresolved,Negative,Positive,-0.020618286555272647,0.012267053127288818,0.8148117446523311,False,oppose
03,vision,3,21,"[22, 23, 24]",,,,not_applicable,,,unresolved,Negative,Positive,-0.016832154828323453,0.009922206401824951,0.8142244324486957,False,oppose
03,vision,3,22,"[23, 24, 25]",,,,not_applicable,,,unresolved,Negative,Positive,-0.01860195730241232,0.011787354946136475,0.8144285449661628,False,oppose
03,vision,3,23,"[24, 25, 26]",,,,not_applicable,,,unresolved,Negative,Positive,-0.01730603248742968,0.011921525001525879,0.8143154833303623,False,oppose
03,vision,3,24,"[25, 26, 27]",,,,not_applicable,,,unresolved,Negative,Positive,-0.011468072709440502,0.008698046207427979,0.8133419222257869,False,oppose
03,vision,3,25,"[26, 27, 28]",,,,not_applicable,,,unresolved,Negative,Positive,0.011846345791406865,-0.005898773670196533,0.8095972876057886,False,support
03,vision,3,26,"[27, 28, 29]",,,,not_applicable,,,unresolved,Negative,Positive,0.017265997562848856,-0.008632481098175049,0.8085843416104206,False,support
03,vision,3,27,"[28, 29, 30]",,,,not_applicable,,,unresolved,Negative,Positive,0.014776072372770344,-0.006992220878601074,0.80893453093651,False,support
03,vision,3,28,"[29, 30, 31]",,,,not_applicable,,,unresolved,Negative,Positive,-0.002366586323192088,0.0031009912490844727,0.8116606226054534,False,oppose
03,vision,3,29,"[30, 31, 32]",,,,not_applicable,,,unresolved,Negative,Positive,-0.010549069116529974,0.007540881633758545,0.8128612327759545,False,oppose
03,vision,3,30,"[31, 32, 33]",,,,not_applicable,,,unresolved,Negative,Positive,-0.011923465250010423,0.007836699485778809,0.8131649165601087,False,oppose
03,vision,5,0,"[1, 2, 3, 4, 5]",,,,not_applicable,,,unresolved,Negative,Positive,0.01900626934107441,-0.013208985328674316,0.8071957600250185,False,support
03,vision,5,1,"[2, 3, 4, 5, 6]",,,,not_applicable,,,unresolved,Negative,Positive,0.019321260056851308,-0.013248622417449951,0.8070475722249377,False,support
03,vision,5,2,"[3, 4, 5, 6, 7]",,,,not_applicable,,,unresolved,Negative,Positive,0.019205817834365924,-0.012090802192687988,0.8075073499916358,False,support
03,vision,5,3,"[4, 5, 6, 7, 8]",,,,not_applicable,,,unresolved,Negative,Positive,0.0069203685117114055,-0.0028043389320373535,0.809903339989521,False,support
03,vision,5,4,"[5, 6, 7, 8, 9]",,,,not_applicable,,,unresolved,Negative,Positive,0.009349718047900524,-0.004265546798706055,0.809776274611228,False,support
03,vision,5,5,"[6, 7, 8, 9, 10]",,,,not_applicable,,,unresolved,Negative,Positive,0.02628177433240575,-0.016002893447875977,0.8073973324883162,False,support
03,vision,5,6,"[7, 8, 9, 10, 11]",,,,not_applicable,,,unresolved,Negative,Positive,0.04268187900449738,-0.028283238410949707,0.8047182424813577,True,support
03,vision,5,7,"[8, 9, 10, 11, 12]",,,,not_applicable,,,unresolved,Negative,Positive,0.04855088415884623,-0.03286850452423096,0.803800271146862,False,support
03,vision,5,8,"[9, 10, 11, 12, 13]",,,,not_applicable,,,unresolved,Negative,Positive,0.067492123953655,-0.047569453716278076,0.8006156024199113,False,support
03,vision,5,9,"[10, 11, 12, 13, 14]",,,,not_applicable,,,unresolved,Negative,Positive,0.08721320294046975,-0.05976903438568115,0.797214520642329,True,support
03,vision,5,10,"[11, 12, 13, 14, 15]",,,,not_applicable,,,unresolved,Negative,Positive,0.059231882540903724,-0.04290211200714111,0.8019818144037634,False,support
03,vision,5,11,"[12, 13, 14, 15, 16]",,,,not_applicable,,,unresolved,Negative,Positive,0.029787403634399023,-0.023152709007263184,0.8071654044120556,False,support
03,vision,5,12,"[13, 14, 15, 16, 17]",,,,not_applicable,,,unresolved,Negative,Positive,0.02732222780271476,-0.022196412086486816,0.8074792447216661,True,support
03,vision,5,13,"[14, 15, 16, 17, 18]",,,,not_applicable,,,unresolved,Negative,Positive,0.011379344825176663,-0.011893272399902344,0.8096737296049626,False,support
03,vision,5,14,"[15, 16, 17, 18, 19]",,,,not_applicable,,,unresolved,Negative,Positive,-0.022576607217406064,0.009594559669494629,0.8149124033105497,True,oppose
03,vision,5,15,"[16, 17, 18, 19, 20]",,,,not_applicable,,,unresolved,Negative,Positive,-0.013956467917296322,0.004360616207122803,0.8132278826583277,False,oppose
03,vision,5,16,"[17, 18, 19, 20, 21]",,,,not_applicable,,,unresolved,Negative,Positive,-0.015532839622859118,0.005800724029541016,0.8132423738301554,False,oppose
03,vision,5,17,"[18, 19, 20, 21, 22]",,,,not_applicable,,,unresolved,Negative,Positive,-0.028010982917940463,0.014673709869384766,0.8149778473102686,True,oppose
03,vision,5,18,"[19, 20, 21, 22, 23]",,,,not_applicable,,,unresolved,Negative,Positive,-0.034475875117344845,0.019424617290496826,0.8160934804757848,False,oppose
03,vision,5,19,"[20, 21, 22, 23, 24]",,,,not_applicable,,,unresolved,Negative,Positive,-0.027994284129945424,0.016233980655670166,0.8150047910408701,False,oppose
03,vision,5,20,"[21, 22, 23, 24, 25]",,,,not_applicable,,,unresolved,Negative,Positive,-0.03467138737680964,0.022112131118774414,0.8160842681919852,True,oppose
03,vision,5,21,"[22, 23, 24, 25, 26]",,,,not_applicable,,,unresolved,Negative,Positive,-0.02718577795742405,0.017642438411712646,0.8150758769744172,False,oppose
03,vision,5,22,"[23, 24, 25, 26, 27]",,,,not_applicable,,,unresolved,Negative,Positive,-0.021835161085823618,0.014634251594543457,0.8140976505978194,False,oppose
03,vision,5,23,"[24, 25, 26, 27, 28]",,,,not_applicable,,,unresolved,Negative,Positive,-0.002074603959730137,0.00376129150390625,0.8108414098570392,False,oppose
03,vision,5,24,"[25, 26, 27, 28, 29]",,,,not_applicable,,,unresolved,Negative,Positive,0.007208668282725039,-0.001234591007232666,0.8093698418145928,False,support
03,vision,5,25,"[26, 27, 28, 29, 30]",,,,not_applicable,,,unresolved,Negative,Positive,0.012313361800172284,-0.004667103290557861,0.8084378218306528,False,support
03,vision,5,26,"[27, 28, 29, 30, 31]",,,,not_applicable,,,unresolved,Negative,Positive,0.013132378760608798,-0.005127549171447754,0.8080844849993742,False,support
03,vision,5,27,"[28, 29, 30, 31, 32]",,,,not_applicable,,,unresolved,Negative,Positive,0.007554716836340791,-0.002103745937347412,0.8089606767832759,False,support
03,vision,5,28,"[29, 30, 31, 32, 33]",,,,not_applicable,,,unresolved,Negative,Positive,-0.012318852344650022,0.009504258632659912,0.8121582321736716,False,oppose
04,text,1,0,[1],If,0,2,verified,,,unresolved,Negative,Positive,0.0951826918905817,-0.029867738485336304,0.4892090682189222,False,support
04,text,1,1,[2],I,3,4,verified,,,unresolved,Negative,Positive,0.8399417608151927,-0.29616686701774597,0.317869205799261,False,support
04,text,1,2,[3],blow,5,9,verified,,,unresolved,Negative,Positive,0.5739707253660415,-0.168502539396286,0.3686966292451181,False,support
04,text,1,3,[4],it,10,12,verified,,,unresolved,Negative,Positive,0.39298060119580536,-0.1484452188014984,0.41953954944817623,False,support
04,text,1,4,[5],at,13,15,verified,,,unresolved,Negative,Positive,0.4256657368158151,-0.13907989859580994,0.4083522948845102,False,support
04,text,1,5,[6],the,16,19,verified,,,unresolved,Negative,Positive,-0.2050419316112545,0.0804818868637085,0.5672953625373208,True,oppose
04,text,1,6,[7],team,20,24,verified,,,unresolved,Negative,Positive,-0.07965736636819143,0.023587912321090698,0.537334471137913,False,oppose
04,text,1,7,[8],exercise,25,33,verified,,,unresolved,Negative,Positive,-0.5030034239566543,0.21550777554512024,0.6394254461658435,False,oppose
04,text,1,8,[9],",",33,34,verified,,,unresolved,Negative,Positive,-0.15117319148085695,0.04891633987426758,0.5563134274706092,False,oppose
04,text,1,9,[10],should,35,41,verified,,,unresolved,Negative,Positive,0.23921525374854324,-0.10282620787620544,0.4595532978175428,False,support
04,text,1,10,[11],I,42,43,verified,,,unresolved,Negative,Positive,0.12284002715540565,-0.07014986872673035,0.4915273329068984,False,support
04,text,1,11,[12],kiss,44,48,verified,,,unresolved,Negative,Positive,-0.09501576724997352,0.031605809926986694,0.5419888372143771,False,oppose
04,text,1,12,[13],my,49,51,verified,,,unresolved,Negative,Positive,0.3679898039951235,-0.11468979716300964,0.42099763087443337,False,support
04,text,1,13,[14],chances,52,59,verified,,,unresolved,Negative,Positive,0.4775558451213494,-0.16265001893043518,0.39845824850408024,False,support
04,text,1,14,[15],of,60,62,verified,,,unresolved,Negative,Positive,0.17124026216372557,-0.06597539782524109,0.474537215585415,False,support
04,text,1,15,[16],cheering,63,71,verified,,,unresolved,Negative,Positive,0.12858286175788314,-0.026341408491134644,0.4773342513203042,False,support
04,text,1,16,[17],"""",72,73,verified,,,unresolved,Negative,Positive,-0.021025076969741208,0.0037485063076019287,0.520383813853279,False,oppose
04,text,1,17,[18],GO,73,75,verified,,,unresolved,Negative,Positive,0.06996029654858382,-0.027945339679718018,0.4975860178279978,False,support
04,text,1,18,[19],BLUE,76,80,verified,,,unresolved,Negative,Positive,-0.03852790638767356,0.02513900399208069,0.5235072751864944,False,oppose
04,text,1,19,[20],"""",80,81,verified,,,unresolved,Negative,Positive,0.201306709746503,-0.07437410950660706,0.46313748862646215,False,support
04,text,1,20,[21],goodbye,82,89,verified,,,unresolved,Negative,Positive,0.36868549678175355,-0.12002596259117126,0.41830168753660796,False,support
04,text,1,21,[22],?,89,90,verified,,,unresolved,Negative,Positive,0.09628676861595575,-0.03405886888504028,0.4898266515606517,False,support
04,text,1,22,[23],],90,91,verified,,,unresolved,Negative,Positive,-0.20566123768486877,0.12825679779052734,0.5548597037160888,True,oppose
04,text,1,23,[24],Absolutely,92,102,verified,,,unresolved,Negative,Positive,0.6000664957247873,-0.17662063241004944,0.3624593296168529,False,support
04,text,1,24,[25],not,103,106,verified,,,unresolved,Negative,Positive,1.6737834419737354,-0.5480165183544159,0.1715378332314434,True,support
04,text,1,25,[26],.,106,107,verified,,,unresolved,Negative,Positive,0.46664018075175406,-0.16708096861839294,0.40243268980306685,False,support
04,text,3,0,"[1, 2, 3]",If I blow,0,9,verified,,,unresolved,Negative,Positive,0.8878860419930193,-0.2751525342464447,0.3005745807382997,False,support
04,text,3,1,"[2, 3, 4]",I blow it,3,12,verified,,,unresolved,Negative,Positive,1.3580080045573715,-0.41559240221977234,0.21507113631174768,True,support
04,text,3,2,"[3, 4, 5]",blow it at,5,15,verified,,,unresolved,Negative,Positive,0.9000417865937229,-0.2779296934604645,0.29971286115972673,False,support
04,text,3,3,"[4, 5, 6]",it at the,10,19,verified,,,unresolved,Negative,Positive,0.2434756459523253,-0.10130557417869568,0.45834672363566703,False,support
04,text,3,4,"[5, 6, 7]",at the team,13,24,verified,,,unresolved,Negative,Positive,0.30684830411507813,-0.12423381209373474,0.44307099923384335,False,support
04,text,3,5,"[6, 7, 8]",the team exercise,16,33,verified,,,unresolved,Negative,Positive,-0.4394434136046401,0.18411648273468018,0.6300883828299827,False,oppose
04,text,3,6,"[7, 8, 9]","team exercise,",20,34,verified,,,unresolved,Negative,Positive,-0.6755411267944681,0.3028770387172699,0.6812910603851715,True,oppose
04,text,3,7,"[8, 9, 10]","exercise, should",25,41,verified,,,unresolved,Negative,Positive,-0.5632784313871745,0.2362002581357956,0.6563159602423659,False,oppose
04,text,3,8,"[9, 10, 11]",", should I",33,43,verified,,,unresolved,Negative,Positive,0.20735854233102535,-0.1124815046787262,0.47266428341679023,False,support
04,text,3,9,"[10, 11, 12]",should I kiss,35,48,verified,,,unresolved,Negative,Positive,-0.10572543299233939,0.008825629949569702,0.5516107310421073,False,oppose
04,text,3,10,"[11, 12, 13]",I kiss my,42,51,verified,,,unresolved,Negative,Positive,0.09609969010700226,-0.05589762330055237,0.5001257957386084,False,support
04,text,3,11,"[12, 13, 14]",kiss my chances,44,59,verified,,,unresolved,Negative,Positive,0.047204304029325184,-0.026194125413894653,0.507274633549252,False,support
04,text,3,12,"[13, 14, 15]",my chances of,49,62,verified,,,unresolved,Negative,Positive,0.8008869010171337,-0.2579898536205292,0.321525752097513,False,support
04,text,3,13,"[14, 15, 16]",chances of cheering,52,71,verified,,,unresolved,Negative,Positive,0.562301586759814,-0.17423608899116516,0.3741406251573343,False,support
04,text,3,14,"[15, 16, 17]","of cheering """,60,73,verified,,,unresolved,Negative,Positive,0.2835266550027872,-0.08989706635475159,0.44365634310465585,False,support
04,text,3,15,"[16, 17, 18]","cheering ""GO",63,75,verified,,,unresolved,Negative,Positive,0.3037733013482973,-0.09653356671333313,0.43655631529540473,False,support
04,text,3,16,"[17, 18, 19]","""GO BLUE",72,80,verified,,,unresolved,Negative,Positive,0.10118905040062687,-0.04946383833885193,0.49589439498302834,False,support
04,text,3,17,"[18, 19, 20]","GO BLUE""",73,81,verified,,,unresolved,Negative,Positive,0.20479177677243354,-0.07850512862205505,0.4651890143995956,False,support
04,text,3,18,"[19, 20, 21]","BLUE"" goodbye",76,89,verified,,,unresolved,Negative,Positive,0.4205656400931663,-0.12896189093589783,0.4055525872224365,False,support
04,text,3,19,"[20, 21, 22]",""" goodbye?",80,90,verified,,,unresolved,Negative,Positive,0.21958148701713998,-0.08214148879051208,0.45801666476553377,False,support
04,text,3,20,"[21, 22, 23]",goodbye?],82,91,verified,,,unresolved,Negative,Positive,0.3123447329333531,-0.06590226292610168,0.4274822715658891,False,support
04,text,3,21,"[22, 23, 24]",?] Absolutely,89,102,verified,,,unresolved,Negative,Positive,1.14944043598913,-0.292068749666214,0.2430029832888765,False,support
04,text,3,22,"[23, 24, 25]",] Absolutely not,90,106,verified,,,unresolved,Negative,Positive,1.0533354080762356,-0.29685744643211365,0.2666523675040924,False,support
04,text,3,23,"[24, 25, 26]",Absolutely not.,92,107,verified,,,unresolved,Negative,Positive,1.202740382380919,-0.37615588307380676,0.24216887277737584,False,support
04,text,5,0,"[1, 2, 3, 4, 5]",If I blow it at,0,15,verified,,,unresolved,Negative,Positive,1.0974649027674728,-0.36909791827201843,0.26440009362819333,False,support
04,text,5,1,"[2, 3, 4, 5, 6]",I blow it at the,3,19,verified,,,unresolved,Negative,Positive,1.2082934420347264,-0.40069612860679626,0.244013401874018,False,support
04,text,5,2,"[3, 4, 5, 6, 7]",blow it at the team,5,24,verified,,,unresolved,Negative,Positive,0.6007021844948175,-0.219273179769516,0.3721446108888262,False,support
04,text,5,3,"[4, 5, 6, 7, 8]",it at the team exercise,10,33,verified,,,unresolved,Negative,Positive,0.0964878356265334,-0.06460222601890564,0.5001166784393932,False,support
04,text,5,4,"[5, 6, 7, 8, 9]","at the team exercise,",13,34,verified,,,unresolved,Negative,Positive,-0.4053597319814818,0.16583171486854553,0.6243964687564866,False,oppose
04,text,5,5,"[6, 7, 8, 9, 10]","the team exercise, should",16,41,verified,,,unresolved,Negative,Positive,-0.5735257303580339,0.24915805459022522,0.6629921130801975,False,oppose
04,text,5,6,"[7, 8, 9, 10, 11]","team exercise, should I",20,43,verified,,,unresolved,Negative,Positive,-0.2009408421586033,0.06636041402816772,0.5758841389246443,False,oppose
04,text,5,7,"[8, 9, 10, 11, 12]","exercise, should I kiss",25,48,verified,,,unresolved,Negative,Positive,-0.3674130171220449,0.14369404315948486,0.6176305523223754,False,oppose
04,text,5,8,"[9, 10, 11, 12, 13]",", should I kiss my",33,51,verified,,,unresolved,Negative,Positive,0.021205983583042376,-0.03580045700073242,0.5224562951110819,False,support
04,text,5,9,"[10, 11, 12, 13, 14]",should I kiss my chances,35,59,verified,,,unresolved,Negative,Positive,0.3366542264162813,-0.1591222584247589,0.44047521623169295,False,support
04,text,5,10,"[11, 12, 13, 14, 15]",I kiss my chances of,42,62,verified,,,unresolved,Negative,Positive,0.1313310626853028,-0.060060590505599976,0.48939129495444944,False,support
04,text,5,11,"[12, 13, 14, 15, 16]",kiss my chances of cheering,44,71,verified,,,unresolved,Negative,Positive,0.28055991932188107,-0.07847258448600769,0.4461291704350518,False,support
04,text,5,12,"[13, 14, 15, 16, 17]","my chances of cheering """,49,73,verified,,,unresolved,Negative,Positive,1.03935264436586,-0.3124403655529022,0.2709377564176454,False,support
04,text,5,13,"[14, 15, 16, 17, 18]","chances of cheering ""GO",52,75,verified,,,unresolved,Negative,Positive,0.7344156500699432,-0.2358851134777069,0.3362950675487985,False,support
04,text,5,14,"[15, 16, 17, 18, 19]","of cheering ""GO BLUE",60,80,verified,,,unresolved,Negative,Positive,0.4056572460915979,-0.14117202162742615,0.4166626823553879,False,support
04,text,5,15,"[16, 17, 18, 19, 20]","cheering ""GO BLUE""",63,81,verified,,,unresolved,Negative,Positive,0.1246635227713786,-0.05207899212837219,0.4871843887022131,False,support
04,text,5,16,"[17, 18, 19, 20, 21]","""GO BLUE"" goodbye",72,89,verified,,,unresolved,Negative,Positive,0.4637172462781184,-0.16546478867530823,0.3995312935172547,False,support
04,text,5,17,"[18, 19, 20, 21, 22]","GO BLUE"" goodbye?",73,90,verified,,,unresolved,Negative,Positive,0.24840659808344523,-0.09866544604301453,0.45394495858411893,False,support
04,text,5,18,"[19, 20, 21, 22, 23]","BLUE"" goodbye?]",76,91,verified,,,unresolved,Negative,Positive,0.52388835012002,-0.13070592284202576,0.3761321609849326,False,support
04,text,5,19,"[20, 21, 22, 23, 24]",""" goodbye?] Absolutely",80,102,verified,,,unresolved,Negative,Positive,1.4824565142966901,-0.3754368722438812,0.18908156142925153,False,support
04,text,5,20,"[21, 22, 23, 24, 25]",goodbye?] Absolutely not,82,106,verified,,,unresolved,Negative,Positive,1.7036032277805082,-0.46053358912467957,0.16070242706137897,True,support
04,text,5,21,"[22, 23, 24, 25, 26]",?] Absolutely not.,89,107,verified,,,unresolved,Negative,Positive,1.1693801457517217,-0.3337484896183014,0.24419025352175558,False,support
04,audio,1,0,[1],,,,not_applicable,,,unresolved,Negative,Positive,-0.07108183143661673,0.030758649110794067,0.5319711241985594,False,oppose
04,audio,1,1,[2],,,,not_applicable,,,unresolved,Negative,Positive,-0.06040038182348495,0.02554890513420105,0.5304036016553857,False,oppose
04,audio,1,2,[3],,,,not_applicable,,,unresolved,Negative,Positive,-0.05355524885674656,0.025091201066970825,0.5275960648665283,False,oppose
04,audio,1,3,[4],,,,not_applicable,,,unresolved,Negative,Positive,-0.05609304218020128,0.02739730477333069,0.5292518833978535,False,oppose
04,audio,1,4,[5],,,,not_applicable,,,unresolved,Negative,Positive,0.007769134486855234,-0.005290001630783081,0.5136099512379753,False,support
04,audio,1,5,[6],,,,not_applicable,,,unresolved,Negative,Positive,-0.0017994332822011128,-0.0019163191318511963,0.5161618881703218,False,oppose
04,audio,1,6,[7],,,,not_applicable,,,unresolved,Negative,Positive,0.0003109433982784182,-0.0022591352462768555,0.5154343127513199,False,support
04,audio,1,7,[8],,,,not_applicable,,,unresolved,Negative,Positive,-0.0179080690775113,0.004030108451843262,0.5195587770494491,False,oppose
04,audio,1,8,[9],,,,not_applicable,,,unresolved,Negative,Positive,-0.03203534617221193,0.008221447467803955,0.5232673235426744,False,oppose
04,audio,1,9,[10],,,,not_applicable,,,unresolved,Negative,Positive,-0.03785269242011158,0.012367159128189087,0.5247260289355723,False,oppose
04,audio,1,10,[11],,,,not_applicable,,,unresolved,Negative,Positive,-0.03302336191126587,0.013718515634536743,0.5244848748133383,False,oppose
04,audio,1,11,[12],,,,not_applicable,,,unresolved,Negative,Positive,-0.020221041784815985,0.004096716642379761,0.5207533392754573,False,oppose
04,audio,1,12,[13],,,,not_applicable,,,unresolved,Negative,Positive,-0.04797265860340172,0.019426584243774414,0.5273590262556712,False,oppose
04,audio,1,13,[14],,,,not_applicable,,,unresolved,Negative,Positive,-0.04101804516147356,0.012034773826599121,0.5255301727941724,False,oppose
04,audio,1,14,[15],,,,not_applicable,,,unresolved,Negative,Positive,-0.04396319730898357,0.013090014457702637,0.5262189974994157,False,oppose
04,audio,1,15,[16],,,,not_applicable,,,unresolved,Negative,Positive,-0.0404572629576998,0.013813316822052002,0.5252852919175841,False,oppose
04,audio,1,16,[17],,,,not_applicable,,,unresolved,Negative,Positive,-0.0379779768966646,0.015245556831359863,0.5240194242370028,False,oppose
04,audio,1,17,[18],,,,not_applicable,,,unresolved,Negative,Positive,-0.03185175400656293,0.011790543794631958,0.5226499312646846,False,oppose
04,audio,1,18,[19],,,,not_applicable,,,unresolved,Negative,Positive,-0.004221352513436916,-0.0006165206432342529,0.5159845025157307,False,oppose
04,audio,1,19,[20],,,,not_applicable,,,unresolved,Negative,Positive,0.003002065475789073,-0.001995772123336792,0.5142828736010178,True,support
04,audio,1,20,[21],,,,not_applicable,,,unresolved,Negative,Positive,-0.022081558753122343,0.007478058338165283,0.5209186008179851,False,oppose
04,audio,1,21,[22],,,,not_applicable,,,unresolved,Negative,Positive,-0.024888309977714296,0.00947919487953186,0.5214877439608896,False,oppose
04,audio,1,22,[23],,,,not_applicable,,,unresolved,Negative,Positive,-0.01830574037489574,0.004543095827102661,0.5199053492883469,False,oppose
04,audio,1,23,[24],,,,not_applicable,,,unresolved,Negative,Positive,-0.05939848919330026,0.02135443687438965,0.530262790318831,False,oppose
04,audio,1,24,[25],,,,not_applicable,,,unresolved,Negative,Positive,-0.06428435678424449,0.02919405698776245,0.5311626674533818,False,oppose
04,audio,1,25,[26],,,,not_applicable,,,unresolved,Negative,Positive,-0.06621953874832831,0.023245692253112793,0.5311815985506206,False,oppose
04,audio,3,0,"[1, 2, 3]",,,,not_applicable,,,unresolved,Negative,Positive,-0.18576327752166022,0.08328527212142944,0.5607238475942581,False,oppose
04,audio,3,1,"[2, 3, 4]",,,,not_applicable,,,unresolved,Negative,Positive,-0.17028795118568574,0.0801132321357727,0.5578953517431979,False,oppose
04,audio,3,2,"[3, 4, 5]",,,,not_applicable,,,unresolved,Negative,Positive,-0.10048557250198564,0.047517240047454834,0.5409123239527978,False,oppose
04,audio,3,3,"[4, 5, 6]",,,,not_applicable,,,unresolved,Negative,Positive,-0.04861823172980839,0.020099341869354248,0.5294561337481472,False,oppose
04,audio,3,4,"[5, 6, 7]",,,,not_applicable,,,unresolved,Negative,Positive,0.009224355708556509,-0.010356754064559937,0.5153086550778335,True,support
04,audio,3,5,"[6, 7, 8]",,,,not_applicable,,,unresolved,Negative,Positive,-0.017589114636336278,-0.0006766617298126221,0.5215478234234524,False,oppose
04,audio,3,6,"[7, 8, 9]",,,,not_applicable,,,unresolved,Negative,Positive,-0.049013305388287964,0.009990513324737549,0.5289440193444214,False,oppose
04,audio,3,7,"[8, 9, 10]",,,,not_applicable,,,unresolved,Negative,Positive,-0.08917261161770862,0.02551862597465515,0.5386878385141032,False,oppose
04,audio,3,8,"[9, 10, 11]",,,,not_applicable,,,unresolved,Negative,Positive,-0.10347224081446782,0.03523877263069153,0.5433187481403072,False,oppose
04,audio,3,9,"[10, 11, 12]",,,,not_applicable,,,unresolved,Negative,Positive,-0.09140632404780502,0.031031787395477295,0.5407289509376277,False,oppose
04,audio,3,10,"[11, 12, 13]",,,,not_applicable,,,unresolved,Negative,Positive,-0.10225188023085552,0.03858986496925354,0.5435391101039512,False,oppose
04,audio,3,11,"[12, 13, 14]",,,,not_applicable,,,unresolved,Negative,Positive,-0.1112548608216628,0.03710338473320007,0.5448531284445591,False,oppose
04,audio,3,12,"[13, 14, 15]",,,,not_applicable,,,unresolved,Negative,Positive,-0.13802995425810627,0.04746431112289429,0.5510033345750018,False,oppose
04,audio,3,13,"[14, 15, 16]",,,,not_applicable,,,unresolved,Negative,Positive,-0.12869663575979418,0.04100194573402405,0.5485103188154314,False,oppose
04,audio,3,14,"[15, 16, 17]",,,,not_applicable,,,unresolved,Negative,Positive,-0.12513560085951214,0.04384550452232361,0.5469063305960952,False,oppose
04,audio,3,15,"[16, 17, 18]",,,,not_applicable,,,unresolved,Negative,Positive,-0.1107868459622251,0.041539520025253296,0.5428095355914955,False,oppose
04,audio,3,16,"[17, 18, 19]",,,,not_applicable,,,unresolved,Negative,Positive,-0.07125914472404016,0.025592148303985596,0.5327630929375425,False,oppose
04,audio,3,17,"[18, 19, 20]",,,,not_applicable,,,unresolved,Negative,Positive,-0.028764709080668527,0.007728010416030884,0.5226787034197447,False,oppose
04,audio,3,18,"[19, 20, 21]",,,,not_applicable,,,unresolved,Negative,Positive,-0.019859063108973563,0.003599703311920166,0.5211543640403044,False,oppose
04,audio,3,19,"[20, 21, 22]",,,,not_applicable,,,unresolved,Negative,Positive,-0.041311727310654245,0.014157772064208984,0.5268184127771888,False,oppose
04,audio,3,20,"[21, 22, 23]",,,,not_applicable,,,unresolved,Negative,Positive,-0.06314690988448979,0.021018683910369873,0.5325387585116861,False,oppose
04,audio,3,21,"[22, 23, 24]",,,,not_applicable,,,unresolved,Negative,Positive,-0.10095825592947416,0.03519734740257263,0.5419605422649845,False,oppose
04,audio,3,22,"[23, 24, 25]",,,,not_applicable,,,unresolved,Negative,Positive,-0.14251297302774946,0.05613258481025696,0.5520909820824458,False,oppose
04,audio,3,23,"[24, 25, 26]",,,,not_applicable,,,unresolved,Negative,Positive,-0.19173742205231115,0.07589304447174072,0.5635358451677855,False,oppose
04,audio,5,0,"[1, 2, 3, 4, 5]",,,,not_applicable,,,unresolved,Negative,Positive,-0.23069141105861313,0.10650831460952759,0.5733147695608161,True,oppose
04,audio,5,1,"[2, 3, 4, 5, 6]",,,,not_applicable,,,unresolved,Negative,Positive,-0.16219265062481736,0.07315149903297424,0.557974438942211,False,oppose
04,audio,5,2,"[3, 4, 5, 6, 7]",,,,not_applicable,,,unresolved,Negative,Positive,-0.09896732787455309,0.04323360323905945,0.5426218060734139,False,oppose
04,audio,5,3,"[4, 5, 6, 7, 8]",,,,not_applicable,,,unresolved,Negative,Positive,-0.06332698439570572,0.021633625030517578,0.5345646669708349,False,oppose
04,audio,5,4,"[5, 6, 7, 8, 9]",,,,not_applicable,,,unresolved,Negative,Positive,-0.037805276300642565,0.0013452470302581787,0.52827519531275,False,oppose
04,audio,5,5,"[6, 7, 8, 9, 10]",,,,not_applicable,,,unresolved,Negative,Positive,-0.08729797621086555,0.020667195320129395,0.5402912725944815,False,oppose
04,audio,5,6,"[7, 8, 9, 10, 11]",,,,not_applicable,,,unresolved,Negative,Positive,-0.12053726987689295,0.037513792514801025,0.5489758696058491,False,oppose
04,audio,5,7,"[8, 9, 10, 11, 12]",,,,not_applicable,,,unresolved,Negative,Positive,-0.14295336507766843,0.045173466205596924,0.5546155808025653,False,oppose
04,audio,5,8,"[9, 10, 11, 12, 13]",,,,not_applicable,,,unresolved,Negative,Positive,-0.17256698288177896,0.06121733784675598,0.5621320768155004,False,oppose
04,audio,5,9,"[10, 11, 12, 13, 14]",,,,not_applicable,,,unresolved,Negative,Positive,-0.182423216089868,0.06556987762451172,0.5645411477029453,False,oppose
04,audio,5,10,"[11, 12, 13, 14, 15]",,,,not_applicable,,,unresolved,Negative,Positive,-0.19297543908548975,0.06829944252967834,0.5670974470031069,False,oppose
04,audio,5,11,"[12, 13, 14, 15, 16]",,,,not_applicable,,,unresolved,Negative,Positive,-0.20214971937654136,0.06867879629135132,0.5683605368872627,False,oppose
04,audio,5,12,"[13, 14, 15, 16, 17]",,,,not_applicable,,,unresolved,Negative,Positive,-0.2230554901053622,0.08106893301010132,0.5723275523189599,True,oppose
04,audio,5,13,"[14, 15, 16, 17, 18]",,,,not_applicable,,,unresolved,Negative,Positive,-0.20062900336343203,0.07034391164779663,0.5662124441155898,False,oppose
04,audio,5,14,"[15, 16, 17, 18, 19]",,,,not_applicable,,,unresolved,Negative,Positive,-0.15681528286469337,0.05396279692649841,0.5551818931273231,False,oppose
04,audio,5,15,"[16, 17, 18, 19, 20]",,,,not_applicable,,,unresolved,Negative,Positive,-0.10242724027012995,0.035718679428100586,0.5415425002737377,False,oppose
04,audio,5,16,"[17, 18, 19, 20, 21]",,,,not_applicable,,,unresolved,Negative,Positive,-0.08308841001661471,0.028688132762908936,0.5369679358632342,False,oppose
04,audio,5,17,"[18, 19, 20, 21, 22]",,,,not_applicable,,,unresolved,Negative,Positive,-0.06918140791899596,0.02260345220565796,0.5342283404727948,False,oppose
04,audio,5,18,"[19, 20, 21, 22, 23]",,,,not_applicable,,,unresolved,Negative,Positive,-0.05496795428842327,0.015032023191452026,0.5313000599365625,False,oppose
04,audio,5,19,"[20, 21, 22, 23, 24]",,,,not_applicable,,,unresolved,Negative,Positive,-0.11352396797435815,0.03874003887176514,0.5462592446461905,False,oppose
04,audio,5,20,"[21, 22, 23, 24, 25]",,,,not_applicable,,,unresolved,Negative,Positive,-0.1849495983150905,0.07261213660240173,0.563878650485648,False,oppose
04,audio,5,21,"[22, 23, 24, 25, 26]",,,,not_applicable,,,unresolved,Negative,Positive,-0.2319547190415958,0.08991086483001709,0.5746622683354823,True,oppose
04,vision,1,0,[1],,,,not_applicable,,,unresolved,Negative,Positive,0.021381018977312483,-0.015875428915023804,0.5103724688383634,False,support
04,vision,1,1,[2],,,,not_applicable,,,unresolved,Negative,Positive,0.09427692207456428,-0.04591307044029236,0.4923016277952242,True,support
04,vision,1,2,[3],,,,not_applicable,,,unresolved,Negative,Positive,0.040725689512505325,-0.025957047939300537,0.5057475943973028,False,support
04,vision,1,3,[4],,,,not_applicable,,,unresolved,Negative,Positive,0.09417264366367872,-0.045288532972335815,0.49216019166675634,True,support
04,vision,1,4,[5],,,,not_applicable,,,unresolved,Negative,Positive,-0.02840357409122518,0.01234370470046997,0.5213855900274085,False,oppose
04,vision,1,5,[6],,,,not_applicable,,,unresolved,Negative,Positive,-0.02859885646041105,0.01183474063873291,0.521198547722653,False,oppose
04,vision,1,6,[7],,,,not_applicable,,,unresolved,Negative,Positive,-0.03893531362232694,0.01606789231300354,0.5237523760518935,False,oppose
04,vision,1,7,[8],,,,not_applicable,,,unresolved,Negative,Positive,-0.02729006704564041,0.011982053518295288,0.5208222654504063,False,oppose
04,vision,1,8,[9],,,,not_applicable,,,unresolved,Negative,Positive,-0.02584244433773586,0.0114918053150177,0.5205008036187044,False,oppose
04,vision,1,9,[10],,,,not_applicable,,,unresolved,Negative,Positive,-0.011901638348287058,0.005351155996322632,0.517029487895357,False,oppose
04,vision,1,10,[11],,,,not_applicable,,,unresolved,Negative,Positive,0.034097885750890566,-0.014000654220581055,0.5052700983203277,False,support
04,vision,1,11,[12],,,,not_applicable,,,unresolved,Negative,Positive,-0.023413703012158726,0.012516170740127563,0.5195827619029932,False,oppose
04,vision,1,12,[13],,,,not_applicable,,,unresolved,Negative,Positive,0.026683752272007144,-0.009694486856460571,0.5072380010238937,False,support
04,vision,1,13,[14],,,,not_applicable,,,unresolved,Negative,Positive,-0.011121536856964598,0.0035070478916168213,0.5169973011436751,False,oppose
04,vision,1,14,[15],,,,not_applicable,,,unresolved,Negative,Positive,-0.006943010564191443,0.0013643205165863037,0.5158062915971501,False,oppose
04,vision,1,15,[16],,,,not_applicable,,,unresolved,Negative,Positive,-0.01542004033192812,0.004147320985794067,0.5184055104392181,False,oppose
04,vision,1,16,[17],,,,not_applicable,,,unresolved,Negative,Positive,-0.031909924411220425,0.011283129453659058,0.5222760750027587,False,oppose
04,vision,1,17,[18],,,,not_applicable,,,unresolved,Negative,Positive,-0.026111331002849125,0.008182108402252197,0.5210437102211447,False,oppose
04,vision,1,18,[19],,,,not_applicable,,,unresolved,Negative,Positive,-0.03232468584935655,0.011316895484924316,0.5227914058705239,False,oppose
04,vision,1,19,[20],,,,not_applicable,,,unresolved,Negative,Positive,-0.03434838159025777,0.012011110782623291,0.523084364032557,False,oppose
04,vision,1,20,[21],,,,not_applicable,,,unresolved,Negative,Positive,0.013154404371435557,-0.0061321258544921875,0.5113284335376459,False,support
04,vision,1,21,[22],,,,not_applicable,,,unresolved,Negative,Positive,0.000982942997880154,-0.0033412575721740723,0.5146944996257167,False,support
04,vision,1,22,[23],,,,not_applicable,,,unresolved,Negative,Positive,-0.019010784518815105,0.00566670298576355,0.5196726921977366,False,oppose
04,vision,1,23,[24],,,,not_applicable,,,unresolved,Negative,Positive,0.010970701092316126,-0.008131355047225952,0.5122483382464649,False,support
04,vision,1,24,[25],,,,not_applicable,,,unresolved,Negative,Positive,0.0562514776816575,-0.022727161645889282,0.5010042539970445,False,support
04,vision,1,25,[26],,,,not_applicable,,,unresolved,Negative,Positive,-0.014689587654401093,0.003881216049194336,0.5182645272481236,False,oppose
04,vision,3,0,"[1, 2, 3]",,,,not_applicable,,,unresolved,Negative,Positive,0.16539873727155618,-0.0911988914012909,0.47707644243459824,False,support
04,vision,3,1,"[2, 3, 4]",,,,not_applicable,,,unresolved,Negative,Positive,0.24470930984408845,-0.1225416362285614,0.4573233538062951,False,support
04,vision,3,2,"[3, 4, 5]",,,,not_applicable,,,unresolved,Negative,Positive,0.11155983800238667,-0.06148448586463928,0.4889401766967862,False,support
04,vision,3,3,"[4, 5, 6]",,,,not_applicable,,,unresolved,Negative,Positive,0.038665278490759514,-0.02215513586997986,0.5052583450888272,False,support
04,vision,3,4,"[5, 6, 7]",,,,not_applicable,,,unresolved,Negative,Positive,-0.0980277733085625,0.04183626174926758,0.5376378721505047,False,oppose
04,vision,3,5,"[6, 7, 8]",,,,not_applicable,,,unresolved,Negative,Positive,-0.0968481711265774,0.041394442319869995,0.5370451517211583,False,oppose
04,vision,3,6,"[7, 8, 9]",,,,not_applicable,,,unresolved,Negative,Positive,-0.09428375300070302,0.04102504253387451,0.5363786221512223,False,oppose
04,vision,3,7,"[8, 9, 10]",,,,not_applicable,,,unresolved,Negative,Positive,-0.06665985601381808,0.029844671487808228,0.5295169427942238,False,oppose
04,vision,3,8,"[9, 10, 11]",,,,not_applicable,,,unresolved,Negative,Positive,-0.0028616764410488438,0.002759307622909546,0.5133399885915979,False,oppose
04,vision,3,9,"[10, 11, 12]",,,,not_applicable,,,unresolved,Negative,Positive,0.00014316653389057077,0.003653585910797119,0.5122537060933914,False,support
04,vision,3,10,"[11, 12, 13]",,,,not_applicable,,,unresolved,Negative,Positive,0.042529742477146915,-0.012496083974838257,0.5014349759815218,False,support
04,vision,3,11,"[12, 13, 14]",,,,not_applicable,,,unresolved,Negative,Positive,-0.008835983986388296,0.006935566663742065,0.5147676144389884,False,oppose
04,vision,3,12,"[13, 14, 15]",,,,not_applicable,,,unresolved,Negative,Positive,0.006740236383019904,-0.003794640302658081,0.5112086054419175,False,support
04,vision,3,13,"[14, 15, 16]",,,,not_applicable,,,unresolved,Negative,Positive,-0.03594751718514677,0.010261446237564087,0.5225516724123925,False,oppose
04,vision,3,14,"[15, 16, 17]",,,,not_applicable,,,unresolved,Negative,Positive,-0.057118898946853514,0.01824703812599182,0.5279312143267102,False,oppose
04,vision,3,15,"[16, 17, 18]",,,,not_applicable,,,unresolved,Negative,Positive,-0.0766225843415479,0.025470227003097534,0.5332536778303076,False,oppose
04,vision,3,16,"[17, 18, 19]",,,,not_applicable,,,unresolved,Negative,Positive,-0.09370618908891404,0.032935380935668945,0.5376777602652374,False,oppose
04,vision,3,17,"[18, 19, 20]",,,,not_applicable,,,unresolved,Negative,Positive,-0.09622284680947812,0.03378814458847046,0.538506985749869,False,oppose
04,vision,3,18,"[19, 20, 21]",,,,not_applicable,,,unresolved,Negative,Positive,-0.05542022821075687,0.01858675479888916,0.5284554016744328,False,oppose
04,vision,3,19,"[20, 21, 22]",,,,not_applicable,,,unresolved,Negative,Positive,-0.02068237119851113,0.003321230411529541,0.520019779414638,False,oppose
04,vision,3,20,"[21, 22, 23]",,,,not_applicable,,,unresolved,Negative,Positive,-0.004391049609181574,-0.0033869147300720215,0.5163737702966478,False,oppose
04,vision,3,21,"[22, 23, 24]",,,,not_applicable,,,unresolved,Negative,Positive,-0.006972176054197754,-0.005052536725997925,0.5173872178335879,False,oppose
04,vision,3,22,"[23, 24, 25]",,,,not_applicable,,,unresolved,Negative,Positive,0.050257139232836034,-0.025500982999801636,0.5032441133930539,False,support
04,vision,3,23,"[24, 25, 26]",,,,not_applicable,,,unresolved,Negative,Positive,0.05495309130525017,-0.02729666233062744,0.5017405728230152,False,support
04,vision,5,0,"[1, 2, 3, 4, 5]",,,,not_applicable,,,unresolved,Negative,Positive,0.24950341886702077,-0.13162323832511902,0.4571449244642635,True,support
04,vision,5,1,"[2, 3, 4, 5, 6]",,,,not_applicable,,,unresolved,Negative,Positive,0.19293130682283421,-0.10162606835365295,0.46952417612037267,False,support
04,vision,5,2,"[3, 4, 5, 6, 7]",,,,not_applicable,,,unresolved,Negative,Positive,0.043815845397654374,-0.033651202917099,0.5048766444326668,False,support
04,vision,5,3,"[4, 5, 6, 7, 8]",,,,not_applicable,,,unresolved,Negative,Positive,-0.030042343960404172,0.007354140281677246,0.5213068345094718,False,oppose
04,vision,5,4,"[5, 6, 7, 8, 9]",,,,not_applicable,,,unresolved,Negative,Positive,-0.15588477600939077,0.06849181652069092,0.5507856346315646,True,oppose
04,vision,5,5,"[6, 7, 8, 9, 10]",,,,not_applicable,,,unresolved,Negative,Positive,-0.1386019169636623,0.06084325909614563,0.5462309589745844,False,oppose
04,vision,5,6,"[7, 8, 9, 10, 11]",,,,not_applicable,,,unresolved,Negative,Positive,-0.07255205078439542,0.03274327516555786,0.5294607073017036,False,oppose
04,vision,5,7,"[8, 9, 10, 11, 12]",,,,not_applicable,,,unresolved,Negative,Positive,-0.055967749655805976,0.028739839792251587,0.5249361964673344,False,oppose
04,vision,5,8,"[9, 10, 11, 12, 13]",,,,not_applicable,,,unresolved,Negative,Positive,0.005243141008281049,0.004728823900222778,0.5094387300664902,False,support
04,vision,5,9,"[10, 11, 12, 13, 14]",,,,not_applicable,,,unresolved,Negative,Positive,0.01958566317036614,-0.0027639567852020264,0.5059976265368074,False,support
04,vision,5,10,"[11, 12, 13, 14, 15]",,,,not_applicable,,,unresolved,Negative,Positive,0.020354153498031047,-0.005301743745803833,0.5057475811263193,False,support
04,vision,5,11,"[12, 13, 14, 15, 16]",,,,not_applicable,,,unresolved,Negative,Positive,-0.03560344652106884,0.014759480953216553,0.520641811869387,False,oppose
04,vision,5,12,"[13, 14, 15, 16, 17]",,,,not_applicable,,,unresolved,Negative,Positive,-0.04595280747001751,0.01429516077041626,0.5238458526971544,False,oppose
04,vision,5,13,"[14, 15, 16, 17, 18]",,,,not_applicable,,,unresolved,Negative,Positive,-0.10053060909308265,0.0332847535610199,0.53811830983755,False,oppose
04,vision,5,14,"[15, 16, 17, 18, 19]",,,,not_applicable,,,unresolved,Negative,Positive,-0.12307187950355081,0.04204714298248291,0.544250601905135,False,oppose
04,vision,5,15,"[16, 17, 18, 19, 20]",,,,not_applicable,,,unresolved,Negative,Positive,-0.15109102495664917,0.05383443832397461,0.5516445664127453,True,oppose
04,vision,5,16,"[17, 18, 19, 20, 21]",,,,not_applicable,,,unresolved,Negative,Positive,-0.1196484827159543,0.042171359062194824,0.5439448724578502,False,oppose
04,vision,5,17,"[18, 19, 20, 21, 22]",,,,not_applicable,,,unresolved,Negative,Positive,-0.08438573154789619,0.02655315399169922,0.5358474652648204,False,oppose
04,vision,5,18,"[19, 20, 21, 22, 23]",,,,not_applicable,,,unresolved,Negative,Positive,-0.07612096291587345,0.023730039596557617,0.5342219414127893,True,oppose
04,vision,5,19,"[20, 21, 22, 23, 24]",,,,not_applicable,,,unresolved,Negative,Positive,-0.028740909830150763,0.0025349557399749756,0.5226943481459083,False,oppose
04,vision,5,20,"[21, 22, 23, 24, 25]",,,,not_applicable,,,unresolved,Negative,Positive,0.07090338165776444,-0.035959333181381226,0.4983922761659293,False,support
04,vision,5,21,"[22, 23, 24, 25, 26]",,,,not_applicable,,,unresolved,Negative,Positive,0.038317134639336836,-0.024221569299697876,0.5065588587866097,False,support
05,text,1,0,[1],Hi,0,2,verified,,,unresolved,Positive,Neutral,0.20105079224242806,0.0666341781616211,0.5769213115864106,False,support
05,text,1,1,[2],",",2,3,verified,,,unresolved,Positive,Neutral,-0.060227472354501654,-0.01988166570663452,0.6367634207635908,False,oppose
05,text,1,2,[3],my,4,6,verified,,,unresolved,Positive,Neutral,0.2879241944669608,0.09688955545425415,0.5570348782728581,True,support
05,text,1,3,[4],name,7,11,verified,,,unresolved,Positive,Neutral,-0.21822280059759114,-0.08599162101745605,0.6685520917623242,True,oppose
05,text,1,4,[5],is,12,14,verified,,,unresolved,Positive,Neutral,0.10076031647649664,0.03132587671279907,0.6003020964841306,False,support
05,text,1,5,[6],Chloe,15,20,verified,,,unresolved,Positive,Neutral,0.2855278380948644,0.10488009452819824,0.5582110527739534,False,support
05,text,1,6,[7],",",20,21,verified,,,unresolved,Positive,Neutral,0.09153977602590402,0.03587079048156738,0.6027669911496404,False,support
05,text,1,7,[8],video,22,27,verified,,,unresolved,Positive,Neutral,-0.09306626142870289,-0.04309093952178955,0.6420275483167236,False,oppose
05,text,1,8,"[9, 10]",marketer,28,36,verified,,,unresolved,Positive,Neutral,0.008059259906155414,-0.004171133041381836,0.6198004912680739,False,support
05,text,1,9,[11],for,37,40,verified,,,unresolved,Positive,Neutral,0.0003529154384483979,-0.005077779293060303,0.6230251484771678,False,support
05,text,1,10,[12],Red,41,44,verified,,,unresolved,Positive,Neutral,0.06272720847118862,0.02117908000946045,0.6084331198231422,False,support
05,text,1,11,[13],Wagon,45,50,verified,,,unresolved,Positive,Neutral,0.024922682179661204,-0.0007900595664978027,0.6165438159746303,False,support
05,text,1,12,[14],Marketing,51,60,verified,,,unresolved,Positive,Neutral,-0.044296327817177295,-0.01772010326385498,0.6309760179641879,False,oppose
05,text,1,13,[15],.,60,61,verified,,,unresolved,Positive,Neutral,-0.12014116172997247,-0.047626495361328125,0.6496999015554549,True,oppose
05,text,3,0,"[1, 2, 3]","Hi, my",0,6,verified,,,unresolved,Positive,Neutral,0.3810641064299186,0.12141185998916626,0.5326172383433362,False,support
05,text,3,1,"[2, 3, 4]",", my name",2,11,verified,,,unresolved,Positive,Neutral,0.2947787572618683,0.10813510417938232,0.5537663951335072,False,support
05,text,3,2,"[3, 4, 5]",my name is,4,14,verified,,,unresolved,Positive,Neutral,0.1317093637254867,0.054955244064331055,0.5919801765953353,False,support
05,text,3,3,"[4, 5, 6]",name is Chloe,7,20,verified,,,unresolved,Positive,Neutral,-0.17170556774460877,-0.05578577518463135,0.660000021994696,False,oppose
05,text,3,4,"[5, 6, 7]","is Chloe,",12,21,verified,,,unresolved,Positive,Neutral,0.31804679173416883,0.11473965644836426,0.5500939945764536,False,support
05,text,3,5,"[6, 7, 8]","Chloe, video",15,27,verified,,,unresolved,Positive,Neutral,0.2179288209224144,0.07586181163787842,0.5706703935152275,False,support
05,text,3,6,"[7, 8, 9, 10]",", video marketer",20,36,verified,,,unresolved,Positive,Neutral,-0.045970643557261215,-0.027213096618652344,0.6276776961715907,False,oppose
05,text,3,7,"[8, 9, 10, 11]",video marketer for,22,40,verified,,,unresolved,Positive,Neutral,-0.1068740219874249,-0.052728891372680664,0.6414273060684206,False,oppose
05,text,3,8,"[9, 10, 11, 12]",marketer for Red,28,44,verified,,,unresolved,Positive,Neutral,0.11451300848692436,0.033231139183044434,0.5942516306041398,False,support
05,text,3,9,"[11, 12, 13]",for Red Wagon,37,50,verified,,,unresolved,Positive,Neutral,0.052164720865327974,0.006417214870452881,0.6085578235717161,False,support
05,text,3,10,"[12, 13, 14]",Red Wagon Marketing,41,60,verified,,,unresolved,Positive,Neutral,-0.01091803738443542,-0.017687201499938965,0.6210720234939897,False,oppose
05,text,3,11,"[13, 14, 15]",Wagon Marketing.,45,61,verified,,,unresolved,Positive,Neutral,-0.037257542642374464,-0.029858171939849854,0.6272622735745688,False,oppose
05,text,5,0,"[1, 2, 3, 4, 5]","Hi, my name is",0,14,verified,,,unresolved,Positive,Neutral,0.40814108122697423,0.14231044054031372,0.5237849678302635,False,support
05,text,5,1,"[2, 3, 4, 5, 6]",", my name is Chloe",2,20,verified,,,unresolved,Positive,Neutral,0.5285090530961887,0.1853606104850769,0.4947432004340592,True,support
05,text,5,2,"[3, 4, 5, 6, 7]","my name is Chloe,",4,21,verified,,,unresolved,Positive,Neutral,0.27783753024338087,0.10831224918365479,0.5558257453776151,False,support
05,text,5,3,"[4, 5, 6, 7, 8]","name is Chloe, video",7,27,verified,,,unresolved,Positive,Neutral,-0.10880322760953443,-0.04447132349014282,0.6424976084222772,False,oppose
05,text,5,4,"[5, 6, 7, 8, 9, 10]","is Chloe, video marketer",12,36,verified,,,unresolved,Positive,Neutral,0.28894199320321257,0.09483468532562256,0.5500325921370544,True,support
05,text,5,5,"[6, 7, 8, 9, 10, 11]","Chloe, video marketer for",15,40,verified,,,unresolved,Positive,Neutral,0.23151820981178206,0.07985079288482666,0.5633243582400569,False,support
05,text,5,6,"[7, 8, 9, 10, 11, 12]",", video marketer for Red",20,44,verified,,,unresolved,Positive,Neutral,-0.01998707155899082,-0.01453256607055664,0.6186153943931231,False,oppose
05,text,5,7,"[8, 9, 10, 11, 12, 13]",video marketer for Red Wagon,22,50,verified,,,unresolved,Positive,Neutral,0.04854316863814001,0.0016602277755737305,0.6043179280330043,False,support
05,text,5,8,"[9, 10, 11, 12, 13, 14]",marketer for Red Wagon Marketing,28,60,verified,,,unresolved,Positive,Neutral,-0.005423451038091054,-0.017839252948760986,0.6161661209995931,False,oppose
05,text,5,9,"[11, 12, 13, 14, 15]",for Red Wagon Marketing.,37,61,verified,,,unresolved,Positive,Neutral,-0.11991937434444722,-0.06414401531219482,0.6421976567721623,True,oppose
05,audio,1,0,[1],,,,not_applicable,,,unresolved,Positive,Neutral,-0.04936374961557444,-0.02151966094970703,0.6342598051563506,False,oppose
05,audio,1,1,[2],,,,not_applicable,,,unresolved,Positive,Neutral,-0.07827309608442723,-0.030795693397521973,0.6407198387014178,False,oppose
05,audio,1,2,[3],,,,not_applicable,,,unresolved,Positive,Neutral,-0.06126964488093478,-0.026662111282348633,0.6370115630102311,False,oppose
05,audio,1,3,[4],,,,not_applicable,,,unresolved,Positive,Neutral,-0.04416992705957312,-0.017026305198669434,0.6337030378523508,False,oppose
05,audio,1,4,[5],,,,not_applicable,,,unresolved,Positive,Neutral,-0.05640889082542666,-0.020128071308135986,0.6362710406635099,False,oppose
05,audio,1,5,[6],,,,not_applicable,,,unresolved,Positive,Neutral,-0.022363084281161294,-0.007981598377227783,0.6288716123057632,False,oppose
05,audio,1,6,[7],,,,not_applicable,,,unresolved,Positive,Neutral,-0.04417416016164577,-0.017116427421569824,0.6337382193884286,False,oppose
05,audio,1,7,[8],,,,not_applicable,,,unresolved,Positive,Neutral,-0.03858781528915978,-0.013530433177947998,0.6324597398844156,False,oppose
05,audio,1,8,[9],,,,not_applicable,,,unresolved,Positive,Neutral,-0.04701286218105449,-0.01672285795211792,0.6345059099430964,False,oppose
05,audio,1,9,[10],,,,not_applicable,,,unresolved,Positive,Neutral,-0.04326023457319217,-0.014588713645935059,0.6336230949079447,False,oppose
05,audio,1,10,[11],,,,not_applicable,,,unresolved,Positive,Neutral,-0.04579569078374879,-0.01524198055267334,0.634193207343627,False,oppose
05,audio,1,11,[12],,,,not_applicable,,,unresolved,Positive,Neutral,-0.053581655016603946,-0.018223166465759277,0.6359367198134397,False,oppose
05,audio,1,12,[13],,,,not_applicable,,,unresolved,Positive,Neutral,-0.02404459883327159,-0.005644559860229492,0.62937367213019,False,oppose
05,audio,1,13,[14],,,,not_applicable,,,unresolved,Positive,Neutral,-0.021144555111440755,-0.002669811248779297,0.6289343161257919,False,oppose
05,audio,1,14,[15],,,,not_applicable,,,unresolved,Positive,Neutral,-0.011645781586518522,-0.0047907233238220215,0.6263693531976441,False,oppose
05,audio,3,0,"[1, 2, 3]",,,,not_applicable,,,unresolved,Positive,Neutral,-0.1913455504497913,-0.08287787437438965,0.6646928530973456,False,oppose
05,audio,3,1,"[2, 3, 4]",,,,not_applicable,,,unresolved,Positive,Neutral,-0.18364498692615994,-0.07752478122711182,0.6636549646002631,False,oppose
05,audio,3,2,"[3, 4, 5]",,,,not_applicable,,,unresolved,Positive,Neutral,-0.16031158255432187,-0.0661170482635498,0.659030596251474,False,oppose
05,audio,3,3,"[4, 5, 6]",,,,not_applicable,,,unresolved,Positive,Neutral,-0.12315898431596717,-0.04683732986450195,0.6515439246522845,False,oppose
05,audio,3,4,"[5, 6, 7]",,,,not_applicable,,,unresolved,Positive,Neutral,-0.1248158044111578,-0.047382652759552,0.6519561160893963,False,oppose
05,audio,3,5,"[6, 7, 8]",,,,not_applicable,,,unresolved,Positive,Neutral,-0.10996617589117463,-0.04143798351287842,0.6488879534748908,False,oppose
05,audio,3,6,"[7, 8, 9]",,,,not_applicable,,,unresolved,Positive,Neutral,-0.13461363627816414,-0.05047452449798584,0.654356615740435,False,oppose
05,audio,3,7,"[8, 9, 10]",,,,not_applicable,,,unresolved,Positive,Neutral,-0.13399860285948362,-0.04813361167907715,0.654289716584976,False,oppose
05,audio,3,8,"[9, 10, 11]",,,,not_applicable,,,unresolved,Positive,Neutral,-0.14064376615836205,-0.05001330375671387,0.6557853517981752,False,oppose
05,audio,3,9,"[10, 11, 12]",,,,not_applicable,,,unresolved,Positive,Neutral,-0.1448172066560175,-0.05085468292236328,0.6566769482260183,False,oppose
05,audio,3,10,"[11, 12, 13]",,,,not_applicable,,,unresolved,Positive,Neutral,-0.12422350083764233,-0.040619492530822754,0.6522954551949832,False,oppose
05,audio,3,11,"[12, 13, 14]",,,,not_applicable,,,unresolved,Positive,Neutral,-0.0975889374376705,-0.026982605457305908,0.6467498427582491,False,oppose
05,audio,3,12,"[13, 14, 15]",,,,not_applicable,,,unresolved,Positive,Neutral,-0.057962689876367546,-0.013988792896270752,0.6378360721843009,False,oppose
05,audio,5,0,"[1, 2, 3, 4, 5]",,,,not_applicable,,,unresolved,Positive,Neutral,-0.2900617030728775,-0.12544572353363037,0.685454545937902,True,oppose
05,audio,5,1,"[2, 3, 4, 5, 6]",,,,not_applicable,,,unresolved,Positive,Neutral,-0.2641588732200545,-0.11084961891174316,0.6807923278532537,False,oppose
05,audio,5,2,"[3, 4, 5, 6, 7]",,,,not_applicable,,,unresolved,Positive,Neutral,-0.23276661397593956,-0.09732800722122192,0.6748040355951916,False,oppose
05,audio,5,3,"[4, 5, 6, 7, 8]",,,,not_applicable,,,unresolved,Positive,Neutral,-0.21045443645009143,-0.08285152912139893,0.6706219639119491,False,oppose
05,audio,5,4,"[5, 6, 7, 8, 9]",,,,not_applicable,,,unresolved,Positive,Neutral,-0.21973963662624818,-0.08430254459381104,0.6727584144631187,True,oppose
05,audio,5,5,"[6, 7, 8, 9, 10]",,,,not_applicable,,,unresolved,Positive,Neutral,-0.2136896493015764,-0.08096420764923096,0.6717190777618294,False,oppose
05,audio,5,6,"[7, 8, 9, 10, 11]",,,,not_applicable,,,unresolved,Positive,Neutral,-0.23419701074068733,-0.08856725692749023,0.6759878150597491,False,oppose
05,audio,5,7,"[8, 9, 10, 11, 12]",,,,not_applicable,,,unresolved,Positive,Neutral,-0.24103857131662998,-0.08899426460266113,0.6775073773634892,True,oppose
05,audio,5,8,"[9, 10, 11, 12, 13]",,,,not_applicable,,,unresolved,Positive,Neutral,-0.22446664404419348,-0.07930326461791992,0.6741893481592235,False,oppose
05,audio,5,9,"[10, 11, 12, 13, 14]",,,,not_applicable,,,unresolved,Positive,Neutral,-0.1925833223291099,-0.06255674362182617,0.6676710618786097,False,oppose
05,audio,5,10,"[11, 12, 13, 14, 15]",,,,not_applicable,,,unresolved,Positive,Neutral,-0.16140936060686084,-0.05149871110916138,0.6609377701522409,False,oppose
05,vision,1,0,[1],,,,not_applicable,,,unresolved,Positive,Neutral,0.024211834831492918,0.012716412544250488,0.6185342648954641,False,support
05,vision,1,1,[2],,,,not_applicable,,,unresolved,Positive,Neutral,0.026157955855863668,0.013270854949951172,0.6180738616480058,False,support
05,vision,1,2,[3],,,,not_applicable,,,unresolved,Positive,Neutral,0.030529760257564376,0.015239715576171875,0.6172073688577946,False,support
05,vision,1,3,[4],,,,not_applicable,,,unresolved,Positive,Neutral,0.028122024384059974,0.013103067874908447,0.617764298791192,False,support
05,vision,1,4,[5],,,,not_applicable,,,unresolved,Positive,Neutral,0.03130234780035701,0.014323592185974121,0.616999327179297,True,support
05,vision,1,5,[6],,,,not_applicable,,,unresolved,Positive,Neutral,0.02067716804548747,0.011117935180664062,0.6193671673299143,False,support
05,vision,1,6,[7],,,,not_applicable,,,unresolved,Positive,Neutral,0.015926107901908404,0.009499907493591309,0.6204229027153222,False,support
05,vision,1,7,[8],,,,not_applicable,,,unresolved,Positive,Neutral,0.00576631994643495,0.00509488582611084,0.6228359548995971,False,support
05,vision,1,8,[9],,,,not_applicable,,,unresolved,Positive,Neutral,-0.033689158649220174,-0.00842142105102539,0.631661283496919,False,oppose
05,vision,1,9,[10],,,,not_applicable,,,unresolved,Positive,Neutral,-0.03474133889314057,-0.008581221103668213,0.6318570007660331,False,oppose
05,vision,1,10,[11],,,,not_applicable,,,unresolved,Positive,Neutral,-0.03642765896135525,-0.008877217769622803,0.6323505866748649,False,oppose
05,vision,1,11,[12],,,,not_applicable,,,unresolved,Positive,Neutral,-0.022448493802301628,-0.003573179244995117,0.6289779192318383,False,oppose
05,vision,1,12,[13],,,,not_applicable,,,unresolved,Positive,Neutral,-0.046084685190991403,-0.013957381248474121,0.6338437261234394,False,oppose
05,vision,1,13,[14],,,,not_applicable,,,unresolved,Positive,Neutral,-0.060250483104352104,-0.019623517990112305,0.6370652195793993,False,oppose
05,vision,1,14,[15],,,,not_applicable,,,unresolved,Positive,Neutral,-0.06656559707158227,-0.02143305540084839,0.6383739785495235,True,oppose
05,vision,3,0,"[1, 2, 3]",,,,not_applicable,,,unresolved,Positive,Neutral,0.0901402985179206,0.0444713830947876,0.6045956017451644,False,support
05,vision,3,1,"[2, 3, 4]",,,,not_applicable,,,unresolved,Positive,Neutral,0.09457016507904148,0.04522651433944702,0.6036843695691739,False,support
05,vision,3,2,"[3, 4, 5]",,,,not_applicable,,,unresolved,Positive,Neutral,0.09958736469000096,0.04634571075439453,0.6025992906778168,False,support
05,vision,3,3,"[4, 5, 6]",,,,not_applicable,,,unresolved,Positive,Neutral,0.08858259402531576,0.041651904582977295,0.6050895162708964,False,support
05,vision,3,4,"[5, 6, 7]",,,,not_applicable,,,unresolved,Positive,Neutral,0.07648656177975832,0.038036346435546875,0.6077821421895511,False,support
05,vision,3,5,"[6, 7, 8]",,,,not_applicable,,,unresolved,Positive,Neutral,0.04796465522736748,0.027907252311706543,0.614377778913857,False,support
05,vision,3,6,"[7, 8, 9]",,,,not_applicable,,,unresolved,Positive,Neutral,-0.01041764313622473,0.007402777671813965,0.6276636448114083,False,oppose
05,vision,3,7,"[8, 9, 10]",,,,not_applicable,,,unresolved,Positive,Neutral,-0.06504170729558356,-0.012463271617889404,0.6398654645293975,False,oppose
05,vision,3,8,"[9, 10, 11]",,,,not_applicable,,,unresolved,Positive,Neutral,-0.10880899517858655,-0.027483820915222168,0.6494960024921855,False,oppose
05,vision,3,9,"[10, 11, 12]",,,,not_applicable,,,unresolved,Positive,Neutral,-0.09604349997609551,-0.022062361240386963,0.646580023427179,False,oppose
05,vision,3,10,"[11, 12, 13]",,,,not_applicable,,,unresolved,Positive,Neutral,-0.10711649020917269,-0.027391672134399414,0.6484990077295887,False,oppose
05,vision,3,11,"[12, 13, 14]",,,,not_applicable,,,unresolved,Positive,Neutral,-0.13155326830668457,-0.0386582612991333,0.6532670071075474,False,oppose
05,vision,3,12,"[13, 14, 15]",,,,not_applicable,,,unresolved,Positive,Neutral,-0.17599440450067916,-0.05728179216384888,0.6624359057814165,False,oppose
05,vision,5,0,"[1, 2, 3, 4, 5]",,,,not_applicable,,,unresolved,Positive,Neutral,0.17214127413515679,0.0795433521270752,0.5866436170212425,True,support
05,vision,5,1,"[2, 3, 4, 5, 6]",,,,not_applicable,,,unresolved,Positive,Neutral,0.1684662058915073,0.07789301872253418,0.5875446486946835,False,support
05,vision,5,2,"[3, 4, 5, 6, 7]",,,,not_applicable,,,unresolved,Positive,Neutral,0.15680968022989783,0.07413089275360107,0.5902999344150612,False,support
05,vision,5,3,"[4, 5, 6, 7, 8]",,,,not_applicable,,,unresolved,Positive,Neutral,0.12672221867993183,0.06239283084869385,0.5973970536903562,True,support
05,vision,5,4,"[5, 6, 7, 8, 9]",,,,not_applicable,,,unresolved,Positive,Neutral,0.054101909022124306,0.03799891471862793,0.6141180434633233,False,support
05,vision,5,5,"[6, 7, 8, 9, 10]",,,,not_applicable,,,unresolved,Positive,Neutral,-0.023319353062524528,0.0111275315284729,0.6316128665498904,False,oppose
05,vision,5,6,"[7, 8, 9, 10, 11]",,,,not_applicable,,,unresolved,Positive,Neutral,-0.08754112468861697,-0.011670887470245361,0.6459547714830123,False,oppose
05,vision,5,7,"[8, 9, 10, 11, 12]",,,,not_applicable,,,unresolved,Positive,Neutral,-0.12929779428336807,-0.027200698852539062,0.6549901899132989,True,oppose
05,vision,5,8,"[9, 10, 11, 12, 13]",,,,not_applicable,,,unresolved,Positive,Neutral,-0.18324832022420956,-0.04805099964141846,0.666028337529893,False,oppose
05,vision,5,9,"[10, 11, 12, 13, 14]",,,,not_applicable,,,unresolved,Positive,Neutral,-0.21024780838504842,-0.05995023250579834,0.6712871517746782,False,oppose
05,vision,5,10,"[11, 12, 13, 14, 15]",,,,not_applicable,,,unresolved,Positive,Neutral,-0.24167442639161096,-0.07346338033676147,0.6774013324619386,True,oppose
06,text,1,0,[1],If,0,2,verified,,,unresolved,Positive,Neutral,0.014080085717593338,0.0029059648513793945,0.5860499099521138,False,support
06,text,1,1,[2],you,3,6,verified,,,unresolved,Positive,Neutral,0.0023408939500785264,0.0033682584762573242,0.5911883877106539,False,support
06,text,1,2,[3],',6,7,verified,,,unresolved,Positive,Neutral,0.0034286136668438827,0.0027717947959899902,0.5923646473753554,False,support
06,text,1,3,[4],re,7,9,verified,,,unresolved,Positive,Neutral,0.15989056192758078,0.057684361934661865,0.5573434460232585,False,support
06,text,1,4,[5],a,10,11,verified,,,unresolved,Positive,Neutral,0.04909221592353297,0.01909816265106201,0.5809657714494888,False,support
06,text,1,5,[6],fan,12,15,verified,,,unresolved,Positive,Neutral,0.4715503380729176,0.16160395741462708,0.4853886947507703,False,support
06,text,1,6,[7],of,16,18,verified,,,unresolved,Positive,Neutral,-0.06665525791782412,-0.023933768272399902,0.6063227783850428,False,oppose
06,text,1,7,[8],dancing,19,26,verified,,,unresolved,Positive,Neutral,0.0023173627919560458,0.0015745759010314941,0.5908224790822378,False,support
06,text,1,8,[9],in,27,29,verified,,,unresolved,Positive,Neutral,0.06896627631419072,0.025801777839660645,0.5774041463983716,False,support
06,text,1,9,[10],that,30,34,verified,,,unresolved,Positive,Neutral,-0.01685123125390886,-0.00620955228805542,0.596737903474924,False,oppose
06,text,1,10,[11],sense,35,40,verified,,,unresolved,Positive,Neutral,0.03615136504564487,0.009432435035705566,0.5830343833605879,False,support
06,text,1,11,[12],",",40,41,verified,,,unresolved,Positive,Neutral,0.03283749059659613,0.01093912124633789,0.585014006495033,False,support
06,text,1,12,[13],just,42,46,verified,,,unresolved,Positive,Neutral,0.08530413451704177,0.03107696771621704,0.5734805787540179,False,support
06,text,1,13,[14],like,47,51,verified,,,unresolved,Positive,Neutral,0.28232323530559056,0.09720230102539062,0.5257398531949886,False,support
06,text,1,14,[15],to,52,54,verified,,,unresolved,Positive,Neutral,0.26255822615159474,0.0858696699142456,0.5296539094343098,False,support
06,text,1,15,[16],watch,55,60,verified,,,unresolved,Positive,Neutral,0.03582041689762261,0.017208099365234375,0.5851587900460523,False,support
06,text,1,16,[17],people,61,67,verified,,,unresolved,Positive,Neutral,-0.11997011371240152,-0.0433657169342041,0.619135760317298,False,oppose
06,text,1,17,[18],dance,68,73,verified,,,unresolved,Positive,Neutral,-0.03849524107190372,-0.015481114387512207,0.6000535818613184,False,oppose
06,text,1,18,[19],",",73,74,verified,,,unresolved,Positive,Neutral,0.07718653628179073,0.02800661325454712,0.5742025893748439,False,support
06,text,1,19,[20],see,75,78,verified,,,unresolved,Positive,Neutral,-0.09718904829162123,-0.039022862911224365,0.6129415799976642,False,oppose
06,text,1,20,[21],impressive,79,89,verified,,,unresolved,Positive,Neutral,0.1583215393576568,0.05367249250411987,0.5536885697054285,False,support
06,text,1,21,[22],dance,90,95,verified,,,unresolved,Positive,Neutral,-0.000391516987677365,-0.0014466047286987305,0.590845082902741,False,oppose
06,text,1,22,[23],moves,96,101,verified,,,unresolved,Positive,Neutral,0.1058623073418371,0.03702723979949951,0.5664268166957118,False,support
06,text,1,23,[24],then,102,106,verified,,,unresolved,Positive,Neutral,-0.11850078770877015,-0.043940842151641846,0.6168707569346226,False,oppose
06,text,1,24,[25],you,107,110,verified,,,unresolved,Positive,Neutral,0.01867320302211728,0.00437849760055542,0.5856306477549645,False,support
06,text,1,25,[26],might,111,116,verified,,,unresolved,Positive,Neutral,0.04567177258025357,0.015419960021972656,0.5801211475826366,False,support
06,text,1,26,[27],want,117,121,verified,,,unresolved,Positive,Neutral,-0.014930875024040557,-0.006903171539306641,0.5949318602432605,False,oppose
06,text,1,27,[28],to,122,124,verified,,,unresolved,Positive,Neutral,0.009063129442841933,0.0026749372482299805,0.5889974291416409,False,support
06,text,1,28,[29],check,125,130,verified,,,unresolved,Positive,Neutral,-0.12723765739835202,-0.05367511510848999,0.6150253944961781,False,oppose
06,text,1,29,[30],out,131,134,verified,,,unresolved,Positive,Neutral,0.29719728463381156,0.09850060939788818,0.5217739454661902,False,support
06,text,1,30,[31],this,135,139,verified,,,unresolved,Positive,Neutral,0.1887592527951295,0.05935037136077881,0.5472983877278967,False,support
06,text,1,31,[32],movie,140,145,verified,,,unresolved,Positive,Neutral,0.30014135446642554,0.10323542356491089,0.5240071476176638,False,support
06,text,1,32,[33],solely,146,152,verified,,,unresolved,Positive,Neutral,-0.05144288120787077,-0.01628696918487549,0.6045318037431608,False,oppose
06,text,1,33,[34],for,153,156,verified,,,unresolved,Positive,Neutral,0.2230199980813774,0.07906389236450195,0.5395437405788706,False,support
06,text,1,34,[35],that,157,161,verified,,,unresolved,Positive,Neutral,0.11389424146687865,0.03791171312332153,0.5636157473329593,False,support
06,text,3,0,"[1, 2, 3]",If you',0,7,verified,,,unresolved,Positive,Neutral,-0.08193969446566463,-0.03132200241088867,0.6081965903740459,False,oppose
06,text,3,1,"[2, 3, 4]",you're,3,9,verified,,,unresolved,Positive,Neutral,0.1952332835613131,0.06960046291351318,0.5486913055695595,False,support
06,text,3,2,"[3, 4, 5]",'re a,6,11,verified,,,unresolved,Positive,Neutral,0.06677837191531089,0.025258541107177734,0.578523046554157,False,support
06,text,3,3,"[4, 5, 6]",re a fan,7,15,verified,,,unresolved,Positive,Neutral,0.6280787969500915,0.20530962944030762,0.4481652276924858,False,support
06,text,3,4,"[5, 6, 7]",a fan of,10,18,verified,,,unresolved,Positive,Neutral,0.6131069074514559,0.20193830132484436,0.45067025685374096,False,support
06,text,3,5,"[6, 7, 8]",fan of dancing,12,26,verified,,,unresolved,Positive,Neutral,0.39674330282061976,0.13811224699020386,0.5017146547330789,False,support
06,text,3,6,"[7, 8, 9]",of dancing in,16,29,verified,,,unresolved,Positive,Neutral,-0.04439955032196863,-0.013517439365386963,0.6004749767533513,False,oppose
06,text,3,7,"[8, 9, 10]",dancing in that,19,34,verified,,,unresolved,Positive,Neutral,-0.009021542069948651,-0.0007140636444091797,0.5934939184106813,False,oppose
06,text,3,8,"[9, 10, 11]",in that sense,27,40,verified,,,unresolved,Positive,Neutral,-0.018205100244460426,-0.007634997367858887,0.5953418783668075,False,oppose
06,text,3,9,"[10, 11, 12]","that sense,",30,41,verified,,,unresolved,Positive,Neutral,0.13023098837794223,0.04366505146026611,0.5615449874919463,False,support
06,text,3,10,"[11, 12, 13]","sense, just",35,46,verified,,,unresolved,Positive,Neutral,0.13789428600909093,0.04545396566390991,0.5593663084581352,False,support
06,text,3,11,"[12, 13, 14]",", just like",40,51,verified,,,unresolved,Positive,Neutral,0.2626589049946494,0.0893087387084961,0.5315673661573115,False,support
06,text,3,12,"[13, 14, 15]",just like to,42,54,verified,,,unresolved,Positive,Neutral,0.2299739194492969,0.07765793800354004,0.5366656712271323,False,support
06,text,3,13,"[14, 15, 16]",like to watch,47,60,verified,,,unresolved,Positive,Neutral,0.2749735379920619,0.09720182418823242,0.527121734170931,False,support
06,text,3,14,"[15, 16, 17]",to watch people,52,67,verified,,,unresolved,Positive,Neutral,0.09188127878214869,0.03146028518676758,0.5701107251646129,False,support
06,text,3,15,"[16, 17, 18]",watch people dance,55,73,verified,,,unresolved,Positive,Neutral,-0.16872653200165832,-0.062349677085876465,0.6278667165716479,False,oppose
06,text,3,16,"[17, 18, 19]","people dance,",61,74,verified,,,unresolved,Positive,Neutral,-0.040867361833220484,-0.015087783336639404,0.5988930879019306,False,oppose
06,text,3,17,"[18, 19, 20]","dance, see",68,78,verified,,,unresolved,Positive,Neutral,0.02648743857150826,0.005582749843597412,0.5836388144518634,False,support
06,text,3,18,"[19, 20, 21]",", see impressive",73,89,verified,,,unresolved,Positive,Neutral,0.2732914639563442,0.0907178521156311,0.524746730276693,False,support
06,text,3,19,"[20, 21, 22]",see impressive dance,75,95,verified,,,unresolved,Positive,Neutral,0.14787984231512852,0.04831814765930176,0.5546979448157052,False,support
06,text,3,20,"[21, 22, 23]",impressive dance moves,79,101,verified,,,unresolved,Positive,Neutral,0.16636277950264178,0.057920634746551514,0.5505540181377598,False,support
06,text,3,21,"[22, 23, 24]",dance moves then,90,106,verified,,,unresolved,Positive,Neutral,-0.10219334824432547,-0.039183199405670166,0.6111297021895952,False,oppose
06,text,3,22,"[23, 24, 25]",moves then you,96,110,verified,,,unresolved,Positive,Neutral,0.10964151334198047,0.03642070293426514,0.5649764424554526,False,support
06,text,3,23,"[24, 25, 26]",then you might,102,116,verified,,,unresolved,Positive,Neutral,-0.19489749657055233,-0.07003593444824219,0.6356407235946073,False,oppose
06,text,3,24,"[25, 26, 27]",you might want,107,121,verified,,,unresolved,Positive,Neutral,-0.09961835861864443,-0.0416947603225708,0.6135772280634846,False,oppose
06,text,3,25,"[26, 27, 28]",might want to,111,124,verified,,,unresolved,Positive,Neutral,-0.032884302088782125,-0.0154305100440979,0.5978105766883433,False,oppose
06,text,3,26,"[27, 28, 29]",want to check,117,130,verified,,,unresolved,Positive,Neutral,-0.28661093002033555,-0.11868524551391602,0.6475701774107923,False,oppose
06,text,3,27,"[28, 29, 30]",to check out,122,134,verified,,,unresolved,Positive,Neutral,-0.07832951726111437,-0.03647428750991821,0.6026025186059295,False,oppose
06,text,3,28,"[29, 30, 31]",check out this,125,139,verified,,,unresolved,Positive,Neutral,-0.07469059863438265,-0.03835940361022949,0.6007477978231868,False,oppose
06,text,3,29,"[30, 31, 32]",out this movie,131,145,verified,,,unresolved,Positive,Neutral,0.4331319851795442,0.1417534351348877,0.49001687759695645,False,support
06,text,3,30,"[31, 32, 33]",this movie solely,135,152,verified,,,unresolved,Positive,Neutral,0.14653014964908873,0.04900074005126953,0.556785836245953,False,support
06,text,3,31,"[32, 33, 34]",movie solely for,140,156,verified,,,unresolved,Positive,Neutral,0.3093917220986405,0.10551512241363525,0.5199150932915163,False,support
06,text,3,32,"[33, 34, 35]",solely for that,146,161,verified,,,unresolved,Positive,Neutral,0.007759234232597945,-0.0003705620765686035,0.5871106199439694,False,support
06,text,5,0,"[1, 2, 3, 4, 5]",If you're a,0,11,verified,,,unresolved,Positive,Neutral,-0.14141280844994364,-0.05299222469329834,0.6219546430277199,False,oppose
06,text,5,1,"[2, 3, 4, 5, 6]",you're a fan,3,15,verified,,,unresolved,Positive,Neutral,0.6859987430794279,0.21945804357528687,0.4347946420919096,True,support
06,text,5,2,"[3, 4, 5, 6, 7]",'re a fan of,6,18,verified,,,unresolved,Positive,Neutral,0.5554769429254238,0.1831304132938385,0.4642143048315567,False,support
06,text,5,3,"[4, 5, 6, 7, 8]",re a fan of dancing,7,26,verified,,,unresolved,Positive,Neutral,0.6147952847530169,0.20172962546348572,0.4498915843313005,False,support
06,text,5,4,"[5, 6, 7, 8, 9]",a fan of dancing in,10,29,verified,,,unresolved,Positive,Neutral,0.5858722405322553,0.1944276988506317,0.4551854464713916,True,support
06,text,5,5,"[6, 7, 8, 9, 10]",fan of dancing in that,12,34,verified,,,unresolved,Positive,Neutral,0.42467600059912425,0.14648020267486572,0.4948964159190679,False,support
06,text,5,6,"[7, 8, 9, 10, 11]",of dancing in that sense,16,40,verified,,,unresolved,Positive,Neutral,-0.1237195449426799,-0.04514622688293457,0.6171256280021992,False,oppose
06,text,5,7,"[8, 9, 10, 11, 12]","dancing in that sense,",19,41,verified,,,unresolved,Positive,Neutral,0.10146065444369112,0.03544461727142334,0.5658796136384295,False,support
06,text,5,8,"[9, 10, 11, 12, 13]","in that sense, just",27,46,verified,,,unresolved,Positive,Neutral,0.1442719871496594,0.047543466091156006,0.5567981601255789,False,support
06,text,5,9,"[10, 11, 12, 13, 14]","that sense, just like",30,51,verified,,,unresolved,Positive,Neutral,0.30982383285945203,0.10417485237121582,0.5182573216243674,False,support
06,text,5,10,"[11, 12, 13, 14, 15]","sense, just like to",35,54,verified,,,unresolved,Positive,Neutral,0.19135366501018147,0.06185024976730347,0.5431495911511012,False,support
06,text,5,11,"[12, 13, 14, 15, 16]",", just like to watch",40,60,verified,,,unresolved,Positive,Neutral,0.28409926010550934,0.09617435932159424,0.5244538855030204,False,support
06,text,5,12,"[13, 14, 15, 16, 17]",just like to watch people,42,67,verified,,,unresolved,Positive,Neutral,0.11266974175528899,0.04226386547088623,0.5637685802420561,False,support
06,text,5,13,"[14, 15, 16, 17, 18]",like to watch people dance,47,73,verified,,,unresolved,Positive,Neutral,0.02075505919067644,0.009583353996276855,0.5841533861270185,False,support
06,text,5,14,"[15, 16, 17, 18, 19]","to watch people dance,",52,74,verified,,,unresolved,Positive,Neutral,0.14852950027397926,0.047490596771240234,0.553158015287636,False,support
06,text,5,15,"[16, 17, 18, 19, 20]","watch people dance, see",55,78,verified,,,unresolved,Positive,Neutral,-0.1893563010198409,-0.07344377040863037,0.6308216619523435,True,oppose
06,text,5,16,"[17, 18, 19, 20, 21]","people dance, see impressive",61,89,verified,,,unresolved,Positive,Neutral,0.08275753015216614,0.026900649070739746,0.5686543433750362,False,support
06,text,5,17,"[18, 19, 20, 21, 22]","dance, see impressive dance",68,95,verified,,,unresolved,Positive,Neutral,0.2300970070395899,0.07689410448074341,0.5347266093704501,False,support
06,text,5,18,"[19, 20, 21, 22, 23]",", see impressive dance moves",73,101,verified,,,unresolved,Positive,Neutral,0.1814088785352711,0.062153637409210205,0.5447437926753173,False,support
06,text,5,19,"[20, 21, 22, 23, 24]",see impressive dance moves then,75,106,verified,,,unresolved,Positive,Neutral,0.15761625839427484,0.053019940853118896,0.5496430231457378,False,support
06,text,5,20,"[21, 22, 23, 24, 25]",impressive dance moves then you,79,110,verified,,,unresolved,Positive,Neutral,0.2142301012663591,0.07228660583496094,0.5376507056993898,False,support
06,text,5,21,"[22, 23, 24, 25, 26]",dance moves then you might,90,116,verified,,,unresolved,Positive,Neutral,-0.213291315948269,-0.08432453870773315,0.6350052008604263,False,oppose
06,text,5,22,"[23, 24, 25, 26, 27]",moves then you might want,96,121,verified,,,unresolved,Positive,Neutral,-0.07396331606979667,-0.0327225923538208,0.6074049002896509,False,oppose
06,text,5,23,"[24, 25, 26, 27, 28]",then you might want to,102,124,verified,,,unresolved,Positive,Neutral,-0.31466015472785236,-0.1259669065475464,0.6586050955501277,True,oppose
06,text,5,24,"[25, 26, 27, 28, 29]",you might want to check,107,130,verified,,,unresolved,Positive,Neutral,-0.20377110151425015,-0.08770757913589478,0.6318953195756926,False,oppose
06,text,5,25,"[26, 27, 28, 29, 30]",might want to check out,111,134,verified,,,unresolved,Positive,Neutral,-0.13525317077065357,-0.06004941463470459,0.6158052505931985,False,oppose
06,text,5,26,"[27, 28, 29, 30, 31]",want to check out this,117,139,verified,,,unresolved,Positive,Neutral,0.01526070336871943,-0.006792664527893066,0.5779835187733545,False,support
06,text,5,27,"[28, 29, 30, 31, 32]",to check out this movie,122,145,verified,,,unresolved,Positive,Neutral,0.021027702865309306,0.000102996826171875,0.5810424377774334,False,support
06,text,5,28,"[29, 30, 31, 32, 33]",check out this movie solely,125,152,verified,,,unresolved,Positive,Neutral,-0.19584791340831187,-0.08112430572509766,0.628373324133695,True,oppose
06,text,5,29,"[30, 31, 32, 33, 34]",out this movie solely for,131,156,verified,,,unresolved,Positive,Neutral,0.4761815625411058,0.15461492538452148,0.4781548572490047,True,support
06,text,5,30,"[31, 32, 33, 34, 35]",this movie solely for that,135,161,verified,,,unresolved,Positive,Neutral,0.1404427160070011,0.04334461688995361,0.5538310339395842,False,support
06,audio,1,0,[1],,,,not_applicable,,,unresolved,Positive,Neutral,0.011915726052119324,0.004816293716430664,0.5893177221962993,True,support
06,audio,1,1,[2],,,,not_applicable,,,unresolved,Positive,Neutral,-0.003572404481762992,-0.00012052059173583984,0.5927965849056028,False,oppose
06,audio,1,2,[3],,,,not_applicable,,,unresolved,Positive,Neutral,-0.0004449814003100183,0.0002887248992919922,0.5920056936507402,False,oppose
06,audio,1,3,[4],,,,not_applicable,,,unresolved,Positive,Neutral,-0.013420434801295733,-0.0033577680587768555,0.5949857628524234,False,oppose
06,audio,1,4,[5],,,,not_applicable,,,unresolved,Positive,Neutral,-0.04733158581012453,-0.015930354595184326,0.6028764931324414,False,oppose
06,audio,1,5,[6],,,,not_applicable,,,unresolved,Positive,Neutral,-0.023519245578073722,-0.007260441780090332,0.5976611557993249,False,oppose
06,audio,1,6,[7],,,,not_applicable,,,unresolved,Positive,Neutral,-0.0031337211315045632,-0.001521468162536621,0.5928683702934328,False,oppose
06,audio,1,7,[8],,,,not_applicable,,,unresolved,Positive,Neutral,0.0044610831029016085,0.0022377967834472656,0.5912808713031534,False,support
06,audio,1,8,[9],,,,not_applicable,,,unresolved,Positive,Neutral,-0.00932137281261658,-0.002673923969268799,0.5938685500949833,False,oppose
06,audio,1,9,[10],,,,not_applicable,,,unresolved,Positive,Neutral,-0.005438155313250315,-0.001512765884399414,0.5930836488178408,False,oppose
06,audio,1,10,[11],,,,not_applicable,,,unresolved,Positive,Neutral,0.005179862449762873,0.0028432607650756836,0.5909147673287654,True,support
06,audio,1,11,[12],,,,not_applicable,,,unresolved,Positive,Neutral,-0.002514430929699052,0.0005992650985717773,0.5926549067438991,False,oppose
06,audio,1,12,[13],,,,not_applicable,,,unresolved,Positive,Neutral,-0.020060150979053115,-0.005009651184082031,0.5965446916224962,False,oppose
06,audio,1,13,[14],,,,not_applicable,,,unresolved,Positive,Neutral,-0.023696759823878533,-0.008020639419555664,0.5971605609814027,False,oppose
06,audio,1,14,[15],,,,not_applicable,,,unresolved,Positive,Neutral,-0.02486414439831164,-0.00912410020828247,0.5974861230910079,False,oppose
06,audio,1,15,[16],,,,not_applicable,,,unresolved,Positive,Neutral,-0.00570017436434056,-0.0017420053482055664,0.5932067912477831,False,oppose
06,audio,1,16,[17],,,,not_applicable,,,unresolved,Positive,Neutral,-0.015156858602110468,-0.004318714141845703,0.5952934156385883,False,oppose
06,audio,1,17,[18],,,,not_applicable,,,unresolved,Positive,Neutral,-0.008135194446381111,-0.0021635890007019043,0.5937705954262884,False,oppose
06,audio,1,18,[19],,,,not_applicable,,,unresolved,Positive,Neutral,-0.020303452572543734,-0.006578207015991211,0.5963306329578945,False,oppose
06,audio,1,19,[20],,,,not_applicable,,,unresolved,Positive,Neutral,-0.010851647428156141,-0.0026996731758117676,0.5943586956101375,False,oppose
06,audio,1,20,[21],,,,not_applicable,,,unresolved,Positive,Neutral,-0.009471835718228738,-0.002258479595184326,0.5939178817920384,False,oppose
06,audio,1,21,[22],,,,not_applicable,,,unresolved,Positive,Neutral,0.0006178439586816964,0.0007271766662597656,0.5917050514590162,False,support
06,audio,1,22,[23],,,,not_applicable,,,unresolved,Positive,Neutral,0.00610503040915622,0.0021097660064697266,0.5905005807268435,True,support
06,audio,1,23,[24],,,,not_applicable,,,unresolved,Positive,Neutral,-0.016682519325546874,-0.005068719387054443,0.5954615967812076,False,oppose
06,audio,1,24,[25],,,,not_applicable,,,unresolved,Positive,Neutral,-0.010005348455343843,-0.002699732780456543,0.5938997677133946,False,oppose
06,audio,1,25,[26],,,,not_applicable,,,unresolved,Positive,Neutral,-0.025060982319659586,-0.007170319557189941,0.5976963866694583,False,oppose
06,audio,1,26,[27],,,,not_applicable,,,unresolved,Positive,Neutral,-0.006694121391633723,-0.0010025501251220703,0.5934992804588427,False,oppose
06,audio,1,27,[28],,,,not_applicable,,,unresolved,Positive,Neutral,-0.013084139944472106,-0.0033674240112304688,0.595159126801464,False,oppose
06,audio,1,28,[29],,,,not_applicable,,,unresolved,Positive,Neutral,-0.010780156930523588,-0.002390623092651367,0.5946054532338836,False,oppose
06,audio,1,29,[30],,,,not_applicable,,,unresolved,Positive,Neutral,-0.02871413765229658,-0.00899195671081543,0.5987798557413884,False,oppose
06,audio,1,30,[31],,,,not_applicable,,,unresolved,Positive,Neutral,-0.018593973216445403,-0.005209624767303467,0.5964442332813585,False,oppose
06,audio,1,31,[32],,,,not_applicable,,,unresolved,Positive,Neutral,-0.002266797537790799,-0.00058746337890625,0.592640139863361,False,oppose
06,audio,1,32,[33],,,,not_applicable,,,unresolved,Positive,Neutral,-0.01743023179464054,-0.00396573543548584,0.5962387819914249,False,oppose
06,audio,1,33,[34],,,,not_applicable,,,unresolved,Positive,Neutral,-0.022515384847993647,-0.005690932273864746,0.5973768192881909,False,oppose
06,audio,1,34,[35],,,,not_applicable,,,unresolved,Positive,Neutral,-0.011615779906211543,-0.00302046537399292,0.5947601186655072,False,oppose
06,audio,3,0,"[1, 2, 3]",,,,not_applicable,,,unresolved,Positive,Neutral,0.0078092622463474815,0.0049288272857666016,0.5904021439375343,False,support
06,audio,3,1,"[2, 3, 4]",,,,not_applicable,,,unresolved,Positive,Neutral,-0.017533499726330004,-0.0032497644424438477,0.5960662276866868,False,oppose
06,audio,3,2,"[3, 4, 5]",,,,not_applicable,,,unresolved,Positive,Neutral,-0.05968307353856783,-0.018607139587402344,0.6057652966033914,False,oppose
06,audio,3,3,"[4, 5, 6]",,,,not_applicable,,,unresolved,Positive,Neutral,-0.07863616063096524,-0.024908900260925293,0.6104023366181963,False,oppose
06,audio,3,4,"[5, 6, 7]",,,,not_applicable,,,unresolved,Positive,Neutral,-0.0700094693195088,-0.023476481437683105,0.6086709970110311,False,oppose
06,audio,3,5,"[6, 7, 8]",,,,not_applicable,,,unresolved,Positive,Neutral,-0.022288454655766232,-0.006592273712158203,0.598068227244587,False,oppose
06,audio,3,6,"[7, 8, 9]",,,,not_applicable,,,unresolved,Positive,Neutral,-0.008086815608285058,-0.002023935317993164,0.5942859579870655,False,oppose
06,audio,3,7,"[8, 9, 10]",,,,not_applicable,,,unresolved,Positive,Neutral,-0.010490704630471415,-0.00203704833984375,0.5945318701670773,False,oppose
06,audio,3,8,"[9, 10, 11]",,,,not_applicable,,,unresolved,Positive,Neutral,-0.009393991365409304,-0.0012469291687011719,0.5940867207512779,False,oppose
06,audio,3,9,"[10, 11, 12]",,,,not_applicable,,,unresolved,Positive,Neutral,-0.0022679450812002067,0.0021579861640930176,0.592813436087017,False,oppose
06,audio,3,10,"[11, 12, 13]",,,,not_applicable,,,unresolved,Positive,Neutral,-0.016866410496246487,-0.001243889331817627,0.5962713128813417,False,oppose
06,audio,3,11,"[12, 13, 14]",,,,not_applicable,,,unresolved,Positive,Neutral,-0.044454847056955016,-0.011787176132202148,0.6021891255769204,False,oppose
06,audio,3,12,"[13, 14, 15]",,,,not_applicable,,,unresolved,Positive,Neutral,-0.06498868107136702,-0.02104860544204712,0.6065636627623155,False,oppose
06,audio,3,13,"[14, 15, 16]",,,,not_applicable,,,unresolved,Positive,Neutral,-0.05370587308992103,-0.018745064735412598,0.6039277019857342,False,oppose
06,audio,3,14,"[15, 16, 17]",,,,not_applicable,,,unresolved,Positive,Neutral,-0.046428178826099176,-0.015404224395751953,0.6023528950898294,False,oppose
06,audio,3,15,"[16, 17, 18]",,,,not_applicable,,,unresolved,Positive,Neutral,-0.029957843071245382,-0.00845879316329956,0.5987185438275482,False,oppose
06,audio,3,16,"[17, 18, 19]",,,,not_applicable,,,unresolved,Positive,Neutral,-0.04462247155986876,-0.013300299644470215,0.6018408236877365,False,oppose
06,audio,3,17,"[18, 19, 20]",,,,not_applicable,,,unresolved,Positive,Neutral,-0.04042232053434003,-0.011697590351104736,0.6009366160981151,False,oppose
06,audio,3,18,"[19, 20, 21]",,,,not_applicable,,,unresolved,Positive,Neutral,-0.04179296952584677,-0.011785686016082764,0.6010840649612816,False,oppose
06,audio,3,19,"[20, 21, 22]",,,,not_applicable,,,unresolved,Positive,Neutral,-0.020631246505148026,-0.0044144392013549805,0.5964251979520547,False,oppose
06,audio,3,20,"[21, 22, 23]",,,,not_applicable,,,unresolved,Positive,Neutral,-0.003295560258850694,0.00046765804290771484,0.5924900268838458,False,oppose
06,audio,3,21,"[22, 23, 24]",,,,not_applicable,,,unresolved,Positive,Neutral,-0.009812287151233057,-0.0021451711654663086,0.5938877584555687,False,oppose
06,audio,3,22,"[23, 24, 25]",,,,not_applicable,,,unresolved,Positive,Neutral,-0.02039603471597773,-0.0055304765701293945,0.5960664408427891,False,oppose
06,audio,3,23,"[24, 25, 26]",,,,not_applicable,,,unresolved,Positive,Neutral,-0.05151247772258716,-0.014874100685119629,0.6032145708230003,False,oppose
06,audio,3,24,"[25, 26, 27]",,,,not_applicable,,,unresolved,Positive,Neutral,-0.042098801406759256,-0.010929465293884277,0.6013991730608439,False,oppose
06,audio,3,25,"[26, 27, 28]",,,,not_applicable,,,unresolved,Positive,Neutral,-0.04529219626738612,-0.01167076826095581,0.6026867536822322,False,oppose
06,audio,3,26,"[27, 28, 29]",,,,not_applicable,,,unresolved,Positive,Neutral,-0.03115930248339116,-0.006915569305419922,0.599643104540897,False,oppose
06,audio,3,27,"[28, 29, 30]",,,,not_applicable,,,unresolved,Positive,Neutral,-0.052977102889405714,-0.014927387237548828,0.6048423560980014,False,oppose
06,audio,3,28,"[29, 30, 31]",,,,not_applicable,,,unresolved,Positive,Neutral,-0.05814038612618311,-0.01666998863220215,0.6060193227636168,False,oppose
06,audio,3,29,"[30, 31, 32]",,,,not_applicable,,,unresolved,Positive,Neutral,-0.04946220854006156,-0.014788329601287842,0.6040303278426414,False,oppose
06,audio,3,30,"[31, 32, 33]",,,,not_applicable,,,unresolved,Positive,Neutral,-0.038557507136468994,-0.009833455085754395,0.601588131645723,False,oppose
06,audio,3,31,"[32, 33, 34]",,,,not_applicable,,,unresolved,Positive,Neutral,-0.04250747765882823,-0.010340571403503418,0.6025265065894067,False,oppose
06,audio,3,32,"[33, 34, 35]",,,,not_applicable,,,unresolved,Positive,Neutral,-0.05168794087918349,-0.012731730937957764,0.6045887091460027,False,oppose
06,audio,5,0,"[1, 2, 3, 4, 5]",,,,not_applicable,,,unresolved,Positive,Neutral,-0.05144931957737098,-0.013911306858062744,0.6041974979617161,False,oppose
06,audio,5,1,"[2, 3, 4, 5, 6]",,,,not_applicable,,,unresolved,Positive,Neutral,-0.0830901852427145,-0.024987101554870605,0.6115608112211244,False,oppose
06,audio,5,2,"[3, 4, 5, 6, 7]",,,,not_applicable,,,unresolved,Positive,Neutral,-0.0819553978409101,-0.026083827018737793,0.6114525138151805,False,oppose
06,audio,5,3,"[4, 5, 6, 7, 8]",,,,not_applicable,,,unresolved,Positive,Neutral,-0.07709397950785801,-0.024088501930236816,0.6107254785671404,False,oppose
06,audio,5,4,"[5, 6, 7, 8, 9]",,,,not_applicable,,,unresolved,Positive,Neutral,-0.07411669925787134,-0.023734688758850098,0.6098735423761499,False,oppose
06,audio,5,5,"[6, 7, 8, 9, 10]",,,,not_applicable,,,unresolved,Positive,Neutral,-0.03684160439722506,-0.010770320892333984,0.6012039257405185,False,oppose
06,audio,5,6,"[7, 8, 9, 10, 11]",,,,not_applicable,,,unresolved,Positive,Neutral,-0.008426043282369289,-0.000662684440612793,0.5945635120151797,False,oppose
06,audio,5,7,"[8, 9, 10, 11, 12]",,,,not_applicable,,,unresolved,Positive,Neutral,-0.007311487448398157,0.0017004013061523438,0.5942692040102092,False,oppose
06,audio,5,8,"[9, 10, 11, 12, 13]",,,,not_applicable,,,unresolved,Positive,Neutral,-0.030410772411133102,-0.004970729351043701,0.5992129937890687,False,oppose
06,audio,5,9,"[10, 11, 12, 13, 14]",,,,not_applicable,,,unresolved,Positive,Neutral,-0.044061444625863144,-0.010058879852294922,0.60233037564073,False,oppose
06,audio,5,10,"[11, 12, 13, 14, 15]",,,,not_applicable,,,unresolved,Positive,Neutral,-0.06194840387756251,-0.017144858837127686,0.6063368851340238,False,oppose
06,audio,5,11,"[12, 13, 14, 15, 16]",,,,not_applicable,,,unresolved,Positive,Neutral,-0.07354114644936038,-0.0221518874168396,0.6087222166561834,False,oppose
06,audio,5,12,"[13, 14, 15, 16, 17]",,,,not_applicable,,,unresolved,Positive,Neutral,-0.0869033931789579,-0.027457833290100098,0.6114474676039495,True,oppose
06,audio,5,13,"[14, 15, 16, 17, 18]",,,,not_applicable,,,unresolved,Positive,Neutral,-0.07832517485842405,-0.02560102939605713,0.6094375904336329,False,oppose
06,audio,5,14,"[15, 16, 17, 18, 19]",,,,not_applicable,,,unresolved,Positive,Neutral,-0.07650441018220921,-0.024531185626983643,0.6089752181479806,False,oppose
06,audio,5,15,"[16, 17, 18, 19, 20]",,,,not_applicable,,,unresolved,Positive,Neutral,-0.06380498559282566,-0.01836693286895752,0.6061772988987685,False,oppose
06,audio,5,16,"[17, 18, 19, 20, 21]",,,,not_applicable,,,unresolved,Positive,Neutral,-0.06768590424389664,-0.018853306770324707,0.6068987378811629,False,oppose
06,audio,5,17,"[18, 19, 20, 21, 22]",,,,not_applicable,,,unresolved,Positive,Neutral,-0.05126762800570117,-0.013580918312072754,0.6032133514890899,False,oppose
06,audio,5,18,"[19, 20, 21, 22, 23]",,,,not_applicable,,,unresolved,Positive,Neutral,-0.03639483323271808,-0.009104609489440918,0.5998306268703798,False,oppose
06,audio,5,19,"[20, 21, 22, 23, 24]",,,,not_applicable,,,unresolved,Positive,Neutral,-0.03141992039980335,-0.007304668426513672,0.5986631589891007,False,oppose
06,audio,5,20,"[21, 22, 23, 24, 25]",,,,not_applicable,,,unresolved,Positive,Neutral,-0.02985414410350684,-0.007110714912414551,0.5980470356217558,False,oppose
06,audio,5,21,"[22, 23, 24, 25, 26]",,,,not_applicable,,,unresolved,Positive,Neutral,-0.044717494895873844,-0.011826097965240479,0.6016687608994237,False,oppose
06,audio,5,22,"[23, 24, 25, 26, 27]",,,,not_applicable,,,unresolved,Positive,Neutral,-0.052356164696866436,-0.013609886169433594,0.6035242830148914,False,oppose
06,audio,5,23,"[24, 25, 26, 27, 28]",,,,not_applicable,,,unresolved,Positive,Neutral,-0.07175775048475308,-0.019291281700134277,0.6081790595088057,False,oppose
06,audio,5,24,"[25, 26, 27, 28, 29]",,,,not_applicable,,,unresolved,Positive,Neutral,-0.06717670333191517,-0.017030835151672363,0.607636813475025,False,oppose
06,audio,5,25,"[26, 27, 28, 29, 30]",,,,not_applicable,,,unresolved,Positive,Neutral,-0.08567682678505928,-0.023434698581695557,0.6124141670897958,True,oppose
06,audio,5,26,"[27, 28, 29, 30, 31]",,,,not_applicable,,,unresolved,Positive,Neutral,-0.07899735021813725,-0.021337509155273438,0.6110964784724285,False,oppose
06,audio,5,27,"[28, 29, 30, 31, 32]",,,,not_applicable,,,unresolved,Positive,Neutral,-0.07430871105584202,-0.020895004272460938,0.6101668362274906,False,oppose
06,audio,5,28,"[29, 30, 31, 32, 33]",,,,not_applicable,,,unresolved,Positive,Neutral,-0.078367986110081,-0.021419048309326172,0.6111605979372235,False,oppose
06,audio,5,29,"[30, 31, 32, 33, 34]",,,,not_applicable,,,unresolved,Positive,Neutral,-0.08945642299883605,-0.024542689323425293,0.6137145290541882,True,oppose
06,audio,5,30,"[31, 32, 33, 34, 35]",,,,not_applicable,,,unresolved,Positive,Neutral,-0.07348099336228986,-0.018768787384033203,0.610000426331545,False,oppose
06,vision,1,0,[1],,,,not_applicable,,,unresolved,Positive,Neutral,-0.012335768752788967,-0.0047223567962646484,0.5948379751502015,False,oppose
06,vision,1,1,[2],,,,not_applicable,,,unresolved,Positive,Neutral,-0.014381144697194648,-0.005274832248687744,0.5955123946998649,False,oppose
06,vision,1,2,[3],,,,not_applicable,,,unresolved,Positive,Neutral,-0.01350411624050929,-0.004887044429779053,0.5952600886181186,False,oppose
06,vision,1,3,[4],,,,not_applicable,,,unresolved,Positive,Neutral,-0.014316926443361022,-0.005181431770324707,0.5954558995963659,False,oppose
06,vision,1,4,[5],,,,not_applicable,,,unresolved,Positive,Neutral,-0.013052952889404001,-0.004100501537322998,0.5952750345702359,False,oppose
06,vision,1,5,[6],,,,not_applicable,,,unresolved,Positive,Neutral,-0.01541619101651559,-0.005398750305175781,0.5957057582196255,False,oppose
06,vision,1,6,[7],,,,not_applicable,,,unresolved,Positive,Neutral,-0.015019657730082403,-0.0056833624839782715,0.5955269846438108,False,oppose
06,vision,1,7,[8],,,,not_applicable,,,unresolved,Positive,Neutral,-0.01683323851751206,-0.006533801555633545,0.5959925801242676,False,oppose
06,vision,1,8,[9],,,,not_applicable,,,unresolved,Positive,Neutral,-0.0214655507716347,-0.008298516273498535,0.5970629587044973,False,oppose
06,vision,1,9,[10],,,,not_applicable,,,unresolved,Positive,Neutral,-0.02198664741296319,-0.00843966007232666,0.5971384693876602,False,oppose
06,vision,1,10,[11],,,,not_applicable,,,unresolved,Positive,Neutral,-0.02004411906921555,-0.00739741325378418,0.5966397579068695,False,oppose
06,vision,1,11,[12],,,,not_applicable,,,unresolved,Positive,Neutral,-0.021934014239198385,-0.008002758026123047,0.5970515152779391,False,oppose
06,vision,1,12,[13],,,,not_applicable,,,unresolved,Positive,Neutral,-0.018295276461549603,-0.0060898661613464355,0.5963548022680497,False,oppose
06,vision,1,13,[14],,,,not_applicable,,,unresolved,Positive,Neutral,-0.01861414803286987,-0.006547152996063232,0.5963863555152198,False,oppose
06,vision,1,14,[15],,,,not_applicable,,,unresolved,Positive,Neutral,-0.016499492669937887,-0.005881667137145996,0.5958305825228868,False,oppose
06,vision,1,15,[16],,,,not_applicable,,,unresolved,Positive,Neutral,-0.012466430822734909,-0.005170166492462158,0.5949047757753387,False,oppose
06,vision,1,16,[17],,,,not_applicable,,,unresolved,Positive,Neutral,-0.012783947062706136,-0.00516819953918457,0.5949939372143711,False,oppose
06,vision,1,17,[18],,,,not_applicable,,,unresolved,Positive,Neutral,-0.013152734752003736,-0.0053958892822265625,0.5951856827684482,False,oppose
06,vision,1,18,[19],,,,not_applicable,,,unresolved,Positive,Neutral,-0.0142100087973267,-0.006070733070373535,0.5952959091634763,False,oppose
06,vision,1,19,[20],,,,not_applicable,,,unresolved,Positive,Neutral,-0.0121880206629853,-0.005084872245788574,0.5949586663819233,False,oppose
06,vision,1,20,[21],,,,not_applicable,,,unresolved,Positive,Neutral,-0.014827478469559674,-0.006080269813537598,0.5954688045728412,False,oppose
06,vision,1,21,[22],,,,not_applicable,,,unresolved,Positive,Neutral,-0.013402858379287341,-0.005162239074707031,0.5951409739023588,False,oppose
06,vision,1,22,[23],,,,not_applicable,,,unresolved,Positive,Neutral,-0.01246559576559747,-0.00486910343170166,0.5948992581165385,False,oppose
06,vision,1,23,[24],,,,not_applicable,,,unresolved,Positive,Neutral,-0.016284079158315867,-0.006013333797454834,0.5959418873762062,False,oppose
06,vision,1,24,[25],,,,not_applicable,,,unresolved,Positive,Neutral,-0.013345091128066366,-0.005251944065093994,0.5953345339835471,False,oppose
06,vision,1,25,[26],,,,not_applicable,,,unresolved,Positive,Neutral,-0.013644691138087528,-0.005534768104553223,0.5953793535297176,False,oppose
06,vision,1,26,[27],,,,not_applicable,,,unresolved,Positive,Neutral,-0.011731443349888848,-0.004647970199584961,0.5947918747153825,False,oppose
06,vision,1,27,[28],,,,not_applicable,,,unresolved,Positive,Neutral,-0.013339789664536306,-0.005014896392822266,0.595285127649164,False,oppose
06,vision,1,28,[29],,,,not_applicable,,,unresolved,Positive,Neutral,-0.010995542848362905,-0.004398941993713379,0.5947416349218041,False,oppose
06,vision,1,29,[30],,,,not_applicable,,,unresolved,Positive,Neutral,-0.014491714756632357,-0.005287766456604004,0.5955561922733438,False,oppose
06,vision,1,30,[31],,,,not_applicable,,,unresolved,Positive,Neutral,-0.013548525586970506,-0.005646944046020508,0.5953166203615801,False,oppose
06,vision,1,31,[32],,,,not_applicable,,,unresolved,Positive,Neutral,-0.010978081923822436,-0.004622220993041992,0.5947941668827147,False,oppose
06,vision,1,32,[33],,,,not_applicable,,,unresolved,Positive,Neutral,-0.01324467091811632,-0.0051727294921875,0.5951882955289429,False,oppose
06,vision,1,33,[34],,,,not_applicable,,,unresolved,Positive,Neutral,-0.015387988985496426,-0.006161689758300781,0.5957054344413567,False,oppose
06,vision,1,34,[35],,,,not_applicable,,,unresolved,Positive,Neutral,-0.011794352627057636,-0.005070805549621582,0.5949544419498559,False,oppose
06,vision,3,0,"[1, 2, 3]",,,,not_applicable,,,unresolved,Positive,Neutral,-0.0407479050716264,-0.01500558853149414,0.6019621040162942,False,oppose
06,vision,3,1,"[2, 3, 4]",,,,not_applicable,,,unresolved,Positive,Neutral,-0.04257398104052845,-0.01538926362991333,0.6025412758242733,False,oppose
06,vision,3,2,"[3, 4, 5]",,,,not_applicable,,,unresolved,Positive,Neutral,-0.04080139926138526,-0.014005422592163086,0.6022082151634487,False,oppose
06,vision,3,3,"[4, 5, 6]",,,,not_applicable,,,unresolved,Positive,Neutral,-0.042329424646763814,-0.014372467994689941,0.6025726932585945,False,oppose
06,vision,3,4,"[5, 6, 7]",,,,not_applicable,,,unresolved,Positive,Neutral,-0.04328045744815601,-0.014984488487243652,0.6026979694204039,False,oppose
06,vision,3,5,"[6, 7, 8]",,,,not_applicable,,,unresolved,Positive,Neutral,-0.047888662626020206,-0.017783701419830322,0.6035907259314912,False,oppose
06,vision,3,6,"[7, 8, 9]",,,,not_applicable,,,unresolved,Positive,Neutral,-0.054215505406422726,-0.020816564559936523,0.6049989425509091,False,oppose
06,vision,3,7,"[8, 9, 10]",,,,not_applicable,,,unresolved,Positive,Neutral,-0.06126677504053002,-0.023633241653442383,0.6066190067935174,False,oppose
06,vision,3,8,"[9, 10, 11]",,,,not_applicable,,,unresolved,Positive,Neutral,-0.06416460104689337,-0.024405837059020996,0.6071941757224776,False,oppose
06,vision,3,9,"[10, 11, 12]",,,,not_applicable,,,unresolved,Positive,Neutral,-0.06456476369616093,-0.024078667163848877,0.6071701733077511,False,oppose
06,vision,3,10,"[11, 12, 13]",,,,not_applicable,,,unresolved,Positive,Neutral,-0.060476430970240025,-0.021500825881958008,0.6063101804081051,False,oppose
06,vision,3,11,"[12, 13, 14]",,,,not_applicable,,,unresolved,Positive,Neutral,-0.058818432901012074,-0.02055257558822632,0.6060081101588721,False,oppose
06,vision,3,12,"[13, 14, 15]",,,,not_applicable,,,unresolved,Positive,Neutral,-0.0533716586804579,-0.01840871572494507,0.6047914173292834,False,oppose
06,vision,3,13,"[14, 15, 16]",,,,not_applicable,,,unresolved,Positive,Neutral,-0.048061348146490546,-0.017725467681884766,0.6034600143689387,False,oppose
06,vision,3,14,"[15, 16, 17]",,,,not_applicable,,,unresolved,Positive,Neutral,-0.04241594235429058,-0.01641625165939331,0.6021123874705979,False,oppose
06,vision,3,15,"[16, 17, 18]",,,,not_applicable,,,unresolved,Positive,Neutral,-0.03934870740926877,-0.016029417514801025,0.6015275446083187,False,oppose
06,vision,3,16,"[17, 18, 19]",,,,not_applicable,,,unresolved,Positive,Neutral,-0.040799757395381,-0.016817569732666016,0.6018518367005071,False,oppose
06,vision,3,17,"[18, 19, 20]",,,,not_applicable,,,unresolved,Positive,Neutral,-0.040365856622128216,-0.0167924165725708,0.6018559884365561,False,oppose
06,vision,3,18,"[19, 20, 21]",,,,not_applicable,,,unresolved,Positive,Neutral,-0.041827384943363244,-0.017403244972229004,0.6020901359234593,False,oppose
06,vision,3,19,"[20, 21, 22]",,,,not_applicable,,,unresolved,Positive,Neutral,-0.041203471890723375,-0.016570687294006348,0.601972310412353,False,oppose
06,vision,3,20,"[21, 22, 23]",,,,not_applicable,,,unresolved,Positive,Neutral,-0.04122605578082528,-0.01626598834991455,0.6018484147097645,False,oppose
06,vision,3,21,"[22, 23, 24]",,,,not_applicable,,,unresolved,Positive,Neutral,-0.042538503973264086,-0.016135573387145996,0.6022855972151521,False,oppose
06,vision,3,22,"[23, 24, 25]",,,,not_applicable,,,unresolved,Positive,Neutral,-0.0423481370683515,-0.016143977642059326,0.6024493675103904,False,oppose
06,vision,3,23,"[24, 25, 26]",,,,not_applicable,,,unresolved,Positive,Neutral,-0.04337710908837222,-0.01673150062561035,0.6028910726653107,False,oppose
06,vision,3,24,"[25, 26, 27]",,,,not_applicable,,,unresolved,Positive,Neutral,-0.03898713370498785,-0.015428423881530762,0.6017886759609965,False,oppose
06,vision,3,25,"[26, 27, 28]",,,,not_applicable,,,unresolved,Positive,Neutral,-0.03904076562704384,-0.015203595161437988,0.6017548226898953,False,oppose
06,vision,3,26,"[27, 28, 29]",,,,not_applicable,,,unresolved,Positive,Neutral,-0.03661636563348736,-0.014133274555206299,0.601168399336042,False,oppose
06,vision,3,27,"[28, 29, 30]",,,,not_applicable,,,unresolved,Positive,Neutral,-0.03941238058828256,-0.014751195907592773,0.6019335259078397,False,oppose
06,vision,3,28,"[29, 30, 31]",,,,not_applicable,,,unresolved,Positive,Neutral,-0.03973263101345903,-0.015436410903930664,0.6019853385827731,False,oppose
06,vision,3,29,"[30, 31, 32]",,,,not_applicable,,,unresolved,Positive,Neutral,-0.03990825793504138,-0.015721023082733154,0.6020791736382279,False,oppose
06,vision,3,30,"[31, 32, 33]",,,,not_applicable,,,unresolved,Positive,Neutral,-0.0387208683671606,-0.01564270257949829,0.6017291981914137,False,oppose
06,vision,3,31,"[32, 33, 34]",,,,not_applicable,,,unresolved,Positive,Neutral,-0.04052885126744954,-0.01615959405899048,0.6021120766048478,False,oppose
06,vision,3,32,"[33, 34, 35]",,,,not_applicable,,,unresolved,Positive,Neutral,-0.04118193356264899,-0.01655125617980957,0.602236146862056,False,oppose
06,vision,5,0,"[1, 2, 3, 4, 5]",,,,not_applicable,,,unresolved,Positive,Neutral,-0.06823798457504171,-0.024044275283813477,0.6089287639026595,False,oppose
06,vision,5,1,"[2, 3, 4, 5, 6]",,,,not_applicable,,,unresolved,Positive,Neutral,-0.07071098960588296,-0.024460554122924805,0.6096606091697251,False,oppose
06,vision,5,2,"[3, 4, 5, 6, 7]",,,,not_applicable,,,unresolved,Positive,Neutral,-0.07147154084590446,-0.02494126558303833,0.6097016367082746,False,oppose
06,vision,5,3,"[4, 5, 6, 7, 8]",,,,not_applicable,,,unresolved,Positive,Neutral,-0.07527249089404398,-0.026775121688842773,0.6105302721604012,False,oppose
06,vision,5,4,"[5, 6, 7, 8, 9]",,,,not_applicable,,,unresolved,Positive,Neutral,-0.08278797363518686,-0.030104637145996094,0.6122027286421304,False,oppose
06,vision,5,5,"[6, 7, 8, 9, 10]",,,,not_applicable,,,unresolved,Positive,Neutral,-0.09308707768728353,-0.035128116607666016,0.6143363539433101,True,oppose
06,vision,5,6,"[7, 8, 9, 10, 11]",,,,not_applicable,,,unresolved,Positive,Neutral,-0.09820829716396806,-0.03737831115722656,0.6153610212222678,False,oppose
06,vision,5,7,"[8, 9, 10, 11, 12]",,,,not_applicable,,,unresolved,Positive,Neutral,-0.10484376113664362,-0.039641380310058594,0.6168089016009859,False,oppose
06,vision,5,8,"[9, 10, 11, 12, 13]",,,,not_applicable,,,unresolved,Positive,Neutral,-0.10527526309182245,-0.03871726989746094,0.6169506361199747,True,oppose
06,vision,5,9,"[10, 11, 12, 13, 14]",,,,not_applicable,,,unresolved,Positive,Neutral,-0.10196320289986038,-0.03674280643463135,0.6161845461721484,False,oppose
06,vision,5,10,"[11, 12, 13, 14, 15]",,,,not_applicable,,,unresolved,Positive,Neutral,-0.09592143806970566,-0.03390413522720337,0.6147836480354953,False,oppose
06,vision,5,11,"[12, 13, 14, 15, 16]",,,,not_applicable,,,unresolved,Positive,Neutral,-0.089014469575038,-0.03189384937286377,0.6132150414795929,True,oppose
06,vision,5,12,"[13, 14, 15, 16, 17]",,,,not_applicable,,,unresolved,Positive,Neutral,-0.08003133943885488,-0.0291212797164917,0.6112055849895716,False,oppose
06,vision,5,13,"[14, 15, 16, 17, 18]",,,,not_applicable,,,unresolved,Positive,Neutral,-0.07560940385899051,-0.02877342700958252,0.6101944005553447,False,oppose
06,vision,5,14,"[15, 16, 17, 18, 19]",,,,not_applicable,,,unresolved,Positive,Neutral,-0.07143960076893074,-0.028366804122924805,0.6091645937823699,False,oppose
06,vision,5,15,"[16, 17, 18, 19, 20]",,,,not_applicable,,,unresolved,Positive,Neutral,-0.0677580087502444,-0.02780449390411377,0.6084378509802886,False,oppose
06,vision,5,16,"[17, 18, 19, 20, 21]",,,,not_applicable,,,unresolved,Positive,Neutral,-0.06958575684121027,-0.028516948223114014,0.6088727510688755,False,oppose
06,vision,5,17,"[18, 19, 20, 21, 22]",,,,not_applicable,,,unresolved,Positive,Neutral,-0.07034492972576378,-0.028574585914611816,0.6090447507256496,False,oppose
06,vision,5,18,"[19, 20, 21, 22, 23]",,,,not_applicable,,,unresolved,Positive,Neutral,-0.06922781163587133,-0.027904152870178223,0.608660972318342,False,oppose
06,vision,5,19,"[20, 21, 22, 23, 24]",,,,not_applicable,,,unresolved,Positive,Neutral,-0.07103737392379017,-0.027738332748413086,0.609228932286343,False,oppose
06,vision,5,20,"[21, 22, 23, 24, 25]",,,,not_applicable,,,unresolved,Positive,Neutral,-0.07172340052159265,-0.02767038345336914,0.6094912749552145,False,oppose
06,vision,5,21,"[22, 23, 24, 25, 26]",,,,not_applicable,,,unresolved,Positive,Neutral,-0.07024566715518499,-0.026976048946380615,0.6093344586641194,False,oppose
06,vision,5,22,"[23, 24, 25, 26, 27]",,,,not_applicable,,,unresolved,Positive,Neutral,-0.06828250729324858,-0.02633047103881836,0.6089215067939814,False,oppose
06,vision,5,23,"[24, 25, 26, 27, 28]",,,,not_applicable,,,unresolved,Positive,Neutral,-0.06923643712337979,-0.026430368423461914,0.6093240258314336,False,oppose
06,vision,5,24,"[25, 26, 27, 28, 29]",,,,not_applicable,,,unresolved,Positive,Neutral,-0.06448670082838903,-0.024955272674560547,0.6082577365136785,False,oppose
06,vision,5,25,"[26, 27, 28, 29, 30]",,,,not_applicable,,,unresolved,Positive,Neutral,-0.06568682971049422,-0.024989187717437744,0.6084860101117572,False,oppose
06,vision,5,26,"[27, 28, 29, 30, 31]",,,,not_applicable,,,unresolved,Positive,Neutral,-0.0661518939933251,-0.02529120445251465,0.6085472899863333,False,oppose
06,vision,5,27,"[28, 29, 30, 31, 32]",,,,not_applicable,,,unresolved,Positive,Neutral,-0.06607338980360822,-0.025432884693145752,0.6086872364767307,False,oppose
06,vision,5,28,"[29, 30, 31, 32, 33]",,,,not_applicable,,,unresolved,Positive,Neutral,-0.06601692698334072,-0.02563619613647461,0.6085948153550074,False,oppose
06,vision,5,29,"[30, 31, 32, 33, 34]",,,,not_applicable,,,unresolved,Positive,Neutral,-0.07039162629695006,-0.02744424343109131,0.6095508151827705,False,oppose
06,vision,5,30,"[31, 32, 33, 34, 35]",,,,not_applicable,,,unresolved,Positive,Neutral,-0.06803874941560906,-0.027339696884155273,0.6090368862842551,False,oppose
07,text,1,0,[1],As,0,2,verified,,,unresolved,Positive,Neutral,-0.12950870704527406,-0.051502764225006104,0.70263089319899,False,oppose
07,text,1,1,"[2, 3]",Linn,3,7,verified,,,unresolved,Positive,Neutral,-0.13656041026042431,-0.05622953176498413,0.7033918610436873,False,oppose
07,text,1,2,[4],’,7,8,verified,,,unresolved,Positive,Neutral,-0.04466800127220982,-0.01628631353378296,0.6858935118916302,False,oppose
07,text,1,3,[5],s,8,9,verified,,,unresolved,Positive,Neutral,-0.02386051247022558,-0.005785465240478516,0.6817974652023951,False,oppose
07,text,1,4,[6],associate,10,19,verified,,,unresolved,Positive,Neutral,0.03277909272432078,0.01265496015548706,0.6695649820160444,False,support
07,text,1,5,[7],editor,20,26,verified,,,unresolved,Positive,Neutral,0.1154093804141777,0.04486954212188721,0.6524603257610405,False,support
07,text,1,6,[8],Michael,27,34,verified,,,unresolved,Positive,Neutral,-0.09103321514135909,-0.03622925281524658,0.6952187943425663,False,oppose
07,text,1,7,"[9, 10, 11]",Baadke,35,41,verified,,,unresolved,Positive,Neutral,-0.15694236143017215,-0.06266874074935913,0.7079770693454808,True,oppose
07,text,1,8,[12],reports,42,49,verified,,,unresolved,Positive,Neutral,-0.02529375558758895,-0.003881096839904785,0.6822916549140161,False,oppose
07,text,1,9,[13],in,50,52,verified,,,unresolved,Positive,Neutral,0.04762415958766786,0.02088296413421631,0.6674048497584434,False,support
07,text,1,10,[14],our,53,56,verified,,,unresolved,Positive,Neutral,0.22578128888699767,0.08631128072738647,0.6276872470653561,False,support
07,text,1,11,[15],November,57,65,verified,,,unresolved,Positive,Neutral,0.1623097420496289,0.06555593013763428,0.6424696955068389,False,support
07,text,1,12,[16],28,66,68,verified,,,unresolved,Positive,Neutral,0.022989116425343514,0.00948333740234375,0.6715284829913827,False,support
07,text,1,13,[17],issue,69,74,verified,,,unresolved,Positive,Neutral,-0.015097701577994727,-0.005884289741516113,0.6792652514643372,False,oppose
07,text,1,14,[18],",",74,75,verified,,,unresolved,Positive,Neutral,-0.0529978584385451,-0.022991955280303955,0.6875038907396656,False,oppose
07,text,1,15,[19],attendees,76,85,verified,,,unresolved,Positive,Neutral,0.050001029975534905,0.017610907554626465,0.665559926954403,False,support
07,text,1,16,[20],“,86,87,verified,,,unresolved,Positive,Neutral,-0.11995531297416395,-0.051382601261138916,0.7001350313771262,False,oppose
07,text,1,17,[21],enthusiastically,87,103,verified,,,unresolved,Positive,Neutral,0.3822808413174683,0.14557719230651855,0.5931550142632328,True,support
07,text,1,18,[22],discussed,104,113,verified,,,unresolved,Positive,Neutral,0.06670847238683453,0.02937138080596924,0.6634611949823258,False,support
07,text,1,19,[23],the,114,117,verified,,,unresolved,Positive,Neutral,0.03985363800523034,0.015290975570678711,0.668381638583125,False,support
07,text,1,20,[24],topics,118,124,verified,,,unresolved,Positive,Neutral,0.016610542267295525,0.00485384464263916,0.6731839574947669,False,support
07,text,1,21,[25],of,125,127,verified,,,unresolved,Positive,Neutral,0.04033382276469699,0.016481399536132812,0.6682839531063892,False,support
07,text,1,22,[26],growing,128,135,verified,,,unresolved,Positive,Neutral,0.030891218978767787,0.01056128740310669,0.669976410356563,False,support
07,text,1,23,[27],the,136,139,verified,,,unresolved,Positive,Neutral,0.05350421495715918,0.02143561840057373,0.6660473008384603,False,support
07,text,1,24,[28],hobby,140,145,verified,,,unresolved,Positive,Neutral,0.11460622568672041,0.0446816086769104,0.6521483664521217,False,support
07,text,1,25,[29],",",145,146,verified,,,unresolved,Positive,Neutral,0.012913690518737697,0.006571769714355469,0.6749061962931302,False,support
07,text,1,26,[30],the,147,150,verified,,,unresolved,Positive,Neutral,0.04157310049538365,0.017156243324279785,0.6682608527208285,False,support
07,text,1,27,[31],future,151,157,verified,,,unresolved,Positive,Neutral,0.019842390639750906,0.004168987274169922,0.6724889555145962,False,support
07,text,1,28,[32],of,158,160,verified,,,unresolved,Positive,Neutral,0.01763210854440045,0.004805326461791992,0.6724058227488363,False,support
07,text,1,29,[33],stamp,161,166,verified,,,unresolved,Positive,Neutral,-0.033481924816296305,-0.014058709144592285,0.6834694574648301,False,oppose
07,text,1,30,[34],shows,167,172,verified,,,unresolved,Positive,Neutral,-0.02026532129670855,-0.007361054420471191,0.6804383806209137,False,oppose
07,text,1,31,[35],",",172,173,verified,,,unresolved,Positive,Neutral,-0.03107534080314034,-0.011090636253356934,0.683673595985151,False,oppose
07,text,1,32,[36],and,174,177,verified,,,unresolved,Positive,Neutral,-0.018153207999304977,-0.006228327751159668,0.681092274027407,False,oppose
07,text,1,33,[37],dealers,178,185,verified,,,unresolved,Positive,Neutral,-0.037825603312582334,-0.01600438356399536,0.6845280702092796,False,oppose
07,text,1,34,[38],and,186,189,verified,,,unresolved,Positive,Neutral,0.030849382804019942,0.01233065128326416,0.6704493743852559,False,support
07,text,1,35,"[39, 40, 41]",philatelic,190,200,verified,,,unresolved,Positive,Neutral,-0.08579687446779749,-0.039349377155303955,0.6927232987775288,False,oppose
07,text,1,36,[42],partnerships,201,213,verified,,,unresolved,Positive,Neutral,0.08778999581688596,0.03301721811294556,0.6580441714486277,False,support
07,text,1,37,[43],",",213,214,verified,,,unresolved,Positive,Neutral,-0.0063297188178292885,7.891654968261719e-05,0.6790708503435813,False,oppose
07,text,1,38,[44],along,215,220,verified,,,unresolved,Positive,Neutral,-0.00961222789876337,-0.007009148597717285,0.6781364400068494,False,oppose
07,text,1,39,[45],with,221,225,verified,,,unresolved,Positive,Neutral,-0.0700885434891505,-0.03052842617034912,0.6908486742287524,False,oppose
07,text,1,40,[46],ways,226,230,verified,,,unresolved,Positive,Neutral,-0.15240701230548837,-0.07189285755157471,0.705448217832057,False,oppose
07,text,1,41,[47],the,231,234,verified,,,unresolved,Positive,Neutral,0.03641041804528333,0.01191413402557373,0.6688213181290721,False,support
07,text,1,42,[48],leading,235,242,verified,,,unresolved,Positive,Neutral,0.09661086106428218,0.03652060031890869,0.6566697227368736,False,support
07,text,3,0,"[1, 2, 3, 4]",As Linn’,0,8,verified,,,unresolved,Positive,Neutral,-0.25770512430295067,-0.10794126987457275,0.7253179083716262,True,oppose
07,text,3,1,"[2, 3, 4, 5]",Linn’s,3,9,verified,,,unresolved,Positive,Neutral,-0.15084073626601735,-0.06270527839660645,0.7052232901172582,False,oppose
07,text,3,2,"[4, 5, 6]",’s associate,7,19,verified,,,unresolved,Positive,Neutral,-0.021040597379463843,-0.006368041038513184,0.680291977521848,False,oppose
07,text,3,3,"[5, 6, 7]",s associate editor,8,26,verified,,,unresolved,Positive,Neutral,0.05614203531773598,0.025891363620758057,0.6647322365926654,False,support
07,text,3,4,"[6, 7, 8]",associate editor Michael,10,34,verified,,,unresolved,Positive,Neutral,0.03703852222092907,0.01773655414581299,0.6689084829745761,False,support
07,text,3,5,"[7, 8, 9, 10, 11]",editor Michael Baadke,20,41,verified,,,unresolved,Positive,Neutral,-0.08541737438598562,-0.03100186586380005,0.6930123161360547,False,oppose
07,text,3,6,"[8, 9, 10, 11, 12]",Michael Baadke reports,27,49,verified,,,unresolved,Positive,Neutral,-0.10627076582728479,-0.038643836975097656,0.6968748471805819,False,oppose
07,text,3,7,"[9, 10, 11, 12, 13]",Baadke reports in,35,52,verified,,,unresolved,Positive,Neutral,-0.1190994845807436,-0.044519662857055664,0.6998827308672955,False,oppose
07,text,3,8,"[12, 13, 14]",reports in our,42,56,verified,,,unresolved,Positive,Neutral,0.24286697789444522,0.09791982173919678,0.6238249483792396,False,support
07,text,3,9,"[13, 14, 15]",in our November,50,65,verified,,,unresolved,Positive,Neutral,0.39102044543207737,0.14784538745880127,0.5905908905354114,True,support
07,text,3,10,"[14, 15, 16]",our November 28,53,68,verified,,,unresolved,Positive,Neutral,0.34046580606880283,0.12869787216186523,0.6008633971056444,False,support
07,text,3,11,"[15, 16, 17]",November 28 issue,57,74,verified,,,unresolved,Positive,Neutral,0.13578035392685273,0.055342674255371094,0.6468076657469685,False,support
07,text,3,12,"[16, 17, 18]","28 issue,",66,75,verified,,,unresolved,Positive,Neutral,-0.023631678657034527,-0.012497961521148682,0.6802709250629305,False,oppose
07,text,3,13,"[17, 18, 19]","issue, attendees",69,85,verified,,,unresolved,Positive,Neutral,0.07377651520431372,0.030813097953796387,0.660652734996899,False,support
07,text,3,14,"[18, 19, 20]",", attendees “",74,87,verified,,,unresolved,Positive,Neutral,-0.06903514227687602,-0.029272794723510742,0.6905371732530994,False,oppose
07,text,3,15,"[19, 20, 21]",attendees “enthusiastically,76,103,verified,,,unresolved,Positive,Neutral,0.44582894245502735,0.16457998752593994,0.577100139907774,False,support
07,text,3,16,"[20, 21, 22]",“enthusiastically discussed,86,113,verified,,,unresolved,Positive,Neutral,0.30203193240580695,0.12279361486434937,0.6123382898876117,False,support
07,text,3,17,"[21, 22, 23]",enthusiastically discussed the,87,117,verified,,,unresolved,Positive,Neutral,0.44820064005278215,0.16847991943359375,0.5776752613896997,False,support
07,text,3,18,"[22, 23, 24]",discussed the topics,104,124,verified,,,unresolved,Positive,Neutral,-0.31214696075465587,-0.1493867039680481,0.7343300666594965,True,oppose
07,text,3,19,"[23, 24, 25]",the topics of,114,127,verified,,,unresolved,Positive,Neutral,0.019206568143585567,0.004058778285980225,0.671661114964178,False,support
07,text,3,20,"[24, 25, 26]",topics of growing,118,135,verified,,,unresolved,Positive,Neutral,0.15506707937336328,0.05694502592086792,0.6429498899087921,False,support
07,text,3,21,"[25, 26, 27]",of growing the,125,139,verified,,,unresolved,Positive,Neutral,0.12033594487582089,0.044709205627441406,0.6502498349634994,False,support
07,text,3,22,"[26, 27, 28]",growing the hobby,128,145,verified,,,unresolved,Positive,Neutral,0.14520235728438724,0.05208027362823486,0.6439880266966158,False,support
07,text,3,23,"[27, 28, 29]","the hobby,",136,146,verified,,,unresolved,Positive,Neutral,0.09549847650205967,0.03670620918273926,0.6563340038767038,False,support
07,text,3,24,"[28, 29, 30]","hobby, the",140,150,verified,,,unresolved,Positive,Neutral,-0.0056341580677172765,-0.0041893720626831055,0.6769537004531575,False,oppose
07,text,3,25,"[29, 30, 31]",", the future",145,157,verified,,,unresolved,Positive,Neutral,0.05662132380788254,0.01996845006942749,0.6648876124544549,False,support
07,text,3,26,"[30, 31, 32]",the future of,147,160,verified,,,unresolved,Positive,Neutral,-0.0033785558319618936,-0.007603049278259277,0.6759298359986265,False,oppose
07,text,3,27,"[31, 32, 33]",future of stamp,151,166,verified,,,unresolved,Positive,Neutral,-0.017194545117406923,-0.013118565082550049,0.679068451886427,False,oppose
07,text,3,28,"[32, 33, 34]",of stamp shows,158,172,verified,,,unresolved,Positive,Neutral,-0.08252206436401988,-0.03707695007324219,0.6916336510812269,False,oppose
07,text,3,29,"[33, 34, 35]","stamp shows,",161,173,verified,,,unresolved,Positive,Neutral,-0.10686443885145902,-0.04440575838088989,0.6977040593991529,False,oppose
07,text,3,30,"[34, 35, 36]","shows, and",167,177,verified,,,unresolved,Positive,Neutral,-0.060814656274758905,-0.024930715560913086,0.6885661580226959,False,oppose
07,text,3,31,"[35, 36, 37]",", and dealers",172,185,verified,,,unresolved,Positive,Neutral,-0.0654496545079315,-0.027174711227416992,0.6898787411803493,False,oppose
07,text,3,32,"[36, 37, 38]",and dealers and,174,189,verified,,,unresolved,Positive,Neutral,-0.0565537184013305,-0.02473461627960205,0.6878222858257235,False,oppose
07,text,3,33,"[37, 38, 39, 40, 41]",dealers and philatelic,178,200,verified,,,unresolved,Positive,Neutral,-0.11233517086617062,-0.054004549980163574,0.6969488784263702,False,oppose
07,text,3,34,"[38, 39, 40, 41, 42]",and philatelic partnerships,186,213,verified,,,unresolved,Positive,Neutral,0.04405492193285099,0.011618375778198242,0.6650816990775096,False,support
07,text,3,35,"[39, 40, 41, 42, 43]","philatelic partnerships,",190,214,verified,,,unresolved,Positive,Neutral,0.007814619656851152,-0.0010979771614074707,0.6736192323165688,False,support
07,text,3,36,"[42, 43, 44]","partnerships, along",201,220,verified,,,unresolved,Positive,Neutral,0.0918506454972241,0.032122254371643066,0.6563101896381908,False,support
07,text,3,37,"[43, 44, 45]",", along with",213,225,verified,,,unresolved,Positive,Neutral,0.02410034335624678,0.007356107234954834,0.6708906921803827,False,support
07,text,3,38,"[44, 45, 46]",along with ways,215,230,verified,,,unresolved,Positive,Neutral,-0.03045359566668937,-0.019357800483703613,0.6813682205466371,False,oppose
07,text,3,39,"[45, 46, 47]",with ways the,221,234,verified,,,unresolved,Positive,Neutral,0.08870091835793792,0.029426753520965576,0.6561737290973192,False,support
07,text,3,40,"[46, 47, 48]",ways the leading,226,242,verified,,,unresolved,Positive,Neutral,0.007074323733423871,-0.007307648658752441,0.6723331230844508,False,support
07,text,5,0,"[1, 2, 3, 4, 5, 6]",As Linn’s associate,0,19,verified,,,unresolved,Positive,Neutral,-0.16270767547049725,-0.06488776206970215,0.7066627908433211,False,oppose
07,text,5,1,"[2, 3, 4, 5, 6, 7]",Linn’s associate editor,3,26,verified,,,unresolved,Positive,Neutral,-0.03482791471530122,-0.011359810829162598,0.6818270482386204,False,oppose
07,text,5,2,"[4, 5, 6, 7, 8]",’s associate editor Michael,7,34,verified,,,unresolved,Positive,Neutral,-0.020356424065247403,-0.005641341209411621,0.6796473473047012,False,oppose
07,text,5,3,"[5, 6, 7, 8, 9, 10, 11]",s associate editor Michael Baadke,8,41,verified,,,unresolved,Positive,Neutral,0.0006331542249908839,0.0054666996002197266,0.6745892967431322,False,support
07,text,5,4,"[6, 7, 8, 9, 10, 11, 12]",associate editor Michael Baadke reports,10,49,verified,,,unresolved,Positive,Neutral,-0.044416917023964775,-0.01333153247833252,0.6841308815495418,False,oppose
07,text,5,5,"[7, 8, 9, 10, 11, 12, 13]",editor Michael Baadke reports in,20,52,verified,,,unresolved,Positive,Neutral,-0.0378490875796893,-0.011366069316864014,0.682241808460913,False,oppose
07,text,5,6,"[8, 9, 10, 11, 12, 13, 14]",Michael Baadke reports in our,27,56,verified,,,unresolved,Positive,Neutral,0.16824071509590732,0.06983023881912231,0.6379507228053491,False,support
07,text,5,7,"[9, 10, 11, 12, 13, 14, 15]",Baadke reports in our November,35,65,verified,,,unresolved,Positive,Neutral,0.2724422625311972,0.11168825626373291,0.6166780168443965,False,support
07,text,5,8,"[12, 13, 14, 15, 16]",reports in our November 28,42,68,verified,,,unresolved,Positive,Neutral,0.34025575490852655,0.1351919174194336,0.6013980718807942,False,support
07,text,5,9,"[13, 14, 15, 16, 17]",in our November 28 issue,50,74,verified,,,unresolved,Positive,Neutral,0.33331112151296194,0.12536251544952393,0.6019783701665748,False,support
07,text,5,10,"[14, 15, 16, 17, 18]","our November 28 issue,",53,75,verified,,,unresolved,Positive,Neutral,0.20612923122274696,0.07888275384902954,0.6312821458234184,False,support
07,text,5,11,"[15, 16, 17, 18, 19]","November 28 issue, attendees",57,85,verified,,,unresolved,Positive,Neutral,0.17795685729845223,0.07174128293991089,0.6370969887744794,False,support
07,text,5,12,"[16, 17, 18, 19, 20]","28 issue, attendees “",66,87,verified,,,unresolved,Positive,Neutral,0.005506873279701674,0.0016608238220214844,0.6737543106603648,False,support
07,text,5,13,"[17, 18, 19, 20, 21]","issue, attendees “enthusiastically",69,103,verified,,,unresolved,Positive,Neutral,0.39704949236512066,0.15164291858673096,0.5892392103154516,False,support
07,text,5,14,"[18, 19, 20, 21, 22]",", attendees “enthusiastically discussed",74,113,verified,,,unresolved,Positive,Neutral,0.43906964538587867,0.16450941562652588,0.5796441188700497,False,support
07,text,5,15,"[19, 20, 21, 22, 23]",attendees “enthusiastically discussed the,76,117,verified,,,unresolved,Positive,Neutral,0.4494699829655432,0.16548967361450195,0.5761873273398539,True,support
07,text,5,16,"[20, 21, 22, 23, 24]",“enthusiastically discussed the topics,86,124,verified,,,unresolved,Positive,Neutral,0.019015638438760973,0.008569777011871338,0.6721770348124558,False,support
07,text,5,17,"[21, 22, 23, 24, 25]",enthusiastically discussed the topics of,87,127,verified,,,unresolved,Positive,Neutral,0.1519637569681922,0.059354543685913086,0.6431377073559135,False,support
07,text,5,18,"[22, 23, 24, 25, 26]",discussed the topics of growing,104,135,verified,,,unresolved,Positive,Neutral,-0.21765522498774148,-0.10882306098937988,0.715701564125854,False,oppose
07,text,5,19,"[23, 24, 25, 26, 27]",the topics of growing the,114,139,verified,,,unresolved,Positive,Neutral,0.18760312715637006,0.06700301170349121,0.6345698564960565,False,support
07,text,5,20,"[24, 25, 26, 27, 28]",topics of growing the hobby,118,145,verified,,,unresolved,Positive,Neutral,0.17178433299773366,0.0608752965927124,0.6371232381206811,False,support
07,text,5,21,"[25, 26, 27, 28, 29]","of growing the hobby,",125,146,verified,,,unresolved,Positive,Neutral,0.14756319436077892,0.055353522300720215,0.6437775458570335,False,support
07,text,5,22,"[26, 27, 28, 29, 30]","growing the hobby, the",128,150,verified,,,unresolved,Positive,Neutral,0.20892476359587075,0.07928168773651123,0.6309448766673098,False,support
07,text,5,23,"[27, 28, 29, 30, 31]","the hobby, the future",136,157,verified,,,unresolved,Positive,Neutral,0.10018545804321977,0.033524394035339355,0.6542136074925267,False,support
07,text,5,24,"[28, 29, 30, 31, 32]","hobby, the future of",140,160,verified,,,unresolved,Positive,Neutral,0.07121925599315526,0.022384166717529297,0.6596011540417088,False,support
07,text,5,25,"[29, 30, 31, 32, 33]",", the future of stamp",145,166,verified,,,unresolved,Positive,Neutral,0.011983815089213312,0.0007300376892089844,0.6729742513551179,False,support
07,text,5,26,"[30, 31, 32, 33, 34]",the future of stamp shows,147,172,verified,,,unresolved,Positive,Neutral,-0.029182568526969987,-0.018323838710784912,0.680022272906221,False,oppose
07,text,5,27,"[31, 32, 33, 34, 35]","future of stamp shows,",151,173,verified,,,unresolved,Positive,Neutral,-0.06751425862978433,-0.033326148986816406,0.6889871926132849,False,oppose
07,text,5,28,"[32, 33, 34, 35, 36]","of stamp shows, and",158,177,verified,,,unresolved,Positive,Neutral,-0.08934037209655821,-0.040885329246520996,0.6931052388264094,False,oppose
07,text,5,29,"[33, 34, 35, 36, 37]","stamp shows, and dealers",161,185,verified,,,unresolved,Positive,Neutral,-0.1433423583651381,-0.06127023696899414,0.7037685876971503,False,oppose
07,text,5,30,"[34, 35, 36, 37, 38]","shows, and dealers and",167,189,verified,,,unresolved,Positive,Neutral,-0.08485483412484474,-0.03641533851623535,0.6922230182863609,False,oppose
07,text,5,31,"[35, 36, 37, 38, 39, 40, 41]",", and dealers and philatelic",172,200,verified,,,unresolved,Positive,Neutral,-0.15495142625283065,-0.07295006513595581,0.7046243256986767,False,oppose
07,text,5,32,"[36, 37, 38, 39, 40, 41, 42]",and dealers and philatelic partnerships,174,213,verified,,,unresolved,Positive,Neutral,-0.048758636569302904,-0.028939545154571533,0.6832586012956006,False,oppose
07,text,5,33,"[37, 38, 39, 40, 41, 42, 43]","dealers and philatelic partnerships,",178,214,verified,,,unresolved,Positive,Neutral,-0.0046914216967055555,-0.009177923202514648,0.6749421210303491,False,oppose
07,text,5,34,"[38, 39, 40, 41, 42, 43, 44]","and philatelic partnerships, along",186,220,verified,,,unresolved,Positive,Neutral,0.1032297127933921,0.03404158353805542,0.6522284926607239,False,support
07,text,5,35,"[39, 40, 41, 42, 43, 44, 45]","philatelic partnerships, along with",190,225,verified,,,unresolved,Positive,Neutral,0.026894532872404397,0.0019915103912353516,0.667414923497222,False,support
07,text,5,36,"[42, 43, 44, 45, 46]","partnerships, along with ways",201,230,verified,,,unresolved,Positive,Neutral,0.022869286148953005,-0.0004361271858215332,0.6692022055943951,False,support
07,text,5,37,"[43, 44, 45, 46, 47]",", along with ways the",213,234,verified,,,unresolved,Positive,Neutral,0.09293498448441939,0.027544379234313965,0.654177780721399,False,support
07,text,5,38,"[44, 45, 46, 47, 48]",along with ways the leading,215,242,verified,,,unresolved,Positive,Neutral,0.11226757013073307,0.0349196195602417,0.6502030610137938,False,support
07,audio,1,0,[1],,,,not_applicable,,,unresolved,Positive,Neutral,0.008919483428677655,0.0035233497619628906,0.6754283641698425,False,support
07,audio,1,1,[2],,,,not_applicable,,,unresolved,Positive,Neutral,0.0026532757126591644,0.0013654232025146484,0.6764774937872206,False,support
07,audio,1,2,[3],,,,not_applicable,,,unresolved,Positive,Neutral,0.003707834528932752,0.0015610456466674805,0.6763008698337223,False,support
07,audio,1,3,[4],,,,not_applicable,,,unresolved,Positive,Neutral,0.0004815469328260935,-1.537799835205078e-05,0.6769472831824628,False,support
07,audio,1,4,[5],,,,not_applicable,,,unresolved,Positive,Neutral,-0.0016640795974773859,-0.0004526972770690918,0.6773837312079272,False,oppose
07,audio,1,5,[6],,,,not_applicable,,,unresolved,Positive,Neutral,-0.008084897863957163,-0.0033849477767944336,0.6787309076165966,False,oppose
07,audio,1,6,[7],,,,not_applicable,,,unresolved,Positive,Neutral,-0.013378073941319624,-0.006054222583770752,0.6796811531025817,False,oppose
07,audio,1,7,[8],,,,not_applicable,,,unresolved,Positive,Neutral,-0.005253471318303005,-0.0018901228904724121,0.6782504769086785,False,oppose
07,audio,1,8,[9],,,,not_applicable,,,unresolved,Positive,Neutral,0.002195462225249356,0.0018739700317382812,0.6767367840939442,False,support
07,audio,1,9,[10],,,,not_applicable,,,unresolved,Positive,Neutral,0.00584447383379616,0.0031893253326416016,0.67593346665405,False,support
07,audio,1,10,[11],,,,not_applicable,,,unresolved,Positive,Neutral,0.0035213922697563405,0.00249636173248291,0.6764504267373072,False,support
07,audio,1,11,[12],,,,not_applicable,,,unresolved,Positive,Neutral,-0.0075909670490137415,-0.0022509098052978516,0.6785662885144782,False,oppose
07,audio,1,12,[13],,,,not_applicable,,,unresolved,Positive,Neutral,-0.005696787185768937,-0.001473069190979004,0.6781909282626952,False,oppose
07,audio,1,13,[14],,,,not_applicable,,,unresolved,Positive,Neutral,-0.018726901523125505,-0.00595933198928833,0.6806877034517602,False,oppose
07,audio,1,14,[15],,,,not_applicable,,,unresolved,Positive,Neutral,-0.016765748517853396,-0.006143033504486084,0.6805298790002104,False,oppose
07,audio,1,15,[16],,,,not_applicable,,,unresolved,Positive,Neutral,-0.00970478797279739,-0.0032657384872436523,0.6791379970752184,False,oppose
07,audio,1,16,[17],,,,not_applicable,,,unresolved,Positive,Neutral,-0.006533592102187402,-0.0023003220558166504,0.6782683628835335,False,oppose
07,audio,1,17,[18],,,,not_applicable,,,unresolved,Positive,Neutral,-0.007601195473043942,-0.002983689308166504,0.6784209082825657,False,oppose
07,audio,1,18,[19],,,,not_applicable,,,unresolved,Positive,Neutral,-0.013965540289426759,-0.0048465728759765625,0.6798748141923723,False,oppose
07,audio,1,19,[20],,,,not_applicable,,,unresolved,Positive,Neutral,-0.009457347170402919,-0.002888619899749756,0.6791389006655155,False,oppose
07,audio,1,20,[21],,,,not_applicable,,,unresolved,Positive,Neutral,-0.02740312642547793,-0.01042163372039795,0.6827533485431692,False,oppose
07,audio,1,21,[22],,,,not_applicable,,,unresolved,Positive,Neutral,-0.011350649085040354,-0.003442525863647461,0.6792946357236465,False,oppose
07,audio,1,22,[23],,,,not_applicable,,,unresolved,Positive,Neutral,-0.02391205668649876,-0.008760154247283936,0.6818676351160963,False,oppose
07,audio,1,23,[24],,,,not_applicable,,,unresolved,Positive,Neutral,-0.0077691450149321994,-0.0018051862716674805,0.6785894940397167,False,oppose
07,audio,1,24,[25],,,,not_applicable,,,unresolved,Positive,Neutral,-0.0029948877972234556,-0.00015270709991455078,0.6776504344873179,False,oppose
07,audio,1,25,[26],,,,not_applicable,,,unresolved,Positive,Neutral,-0.013858524187371435,-0.004195094108581543,0.6798520520782162,False,oppose
07,audio,1,26,[27],,,,not_applicable,,,unresolved,Positive,Neutral,-0.016021064605067803,-0.005558609962463379,0.6802069295335085,False,oppose
07,audio,1,27,[28],,,,not_applicable,,,unresolved,Positive,Neutral,-0.007551490561225727,-0.0021140575408935547,0.6785177809096035,False,oppose
07,audio,1,28,[29],,,,not_applicable,,,unresolved,Positive,Neutral,-0.013647120476128594,-0.004401683807373047,0.6797381928582565,False,oppose
07,audio,1,29,[30],,,,not_applicable,,,unresolved,Positive,Neutral,-0.021834604439548544,-0.0073812007904052734,0.6816244558340402,False,oppose
07,audio,1,30,[31],,,,not_applicable,,,unresolved,Positive,Neutral,-0.012628891622975313,-0.0042144060134887695,0.6796001347229487,False,oppose
07,audio,1,31,[32],,,,not_applicable,,,unresolved,Positive,Neutral,-0.025419670134872563,-0.008673250675201416,0.6824684599699947,False,oppose
07,audio,1,32,[33],,,,not_applicable,,,unresolved,Positive,Neutral,-0.010730067306478297,-0.0032156705856323242,0.6793594073483499,False,oppose
07,audio,1,33,[34],,,,not_applicable,,,unresolved,Positive,Neutral,-0.007951004127430661,-0.002409636974334717,0.6786212317761493,False,oppose
07,audio,1,34,[35],,,,not_applicable,,,unresolved,Positive,Neutral,-0.014191357150053818,-0.005064487457275391,0.6797772320011926,False,oppose
07,audio,1,35,[36],,,,not_applicable,,,unresolved,Positive,Neutral,-0.010981921826022312,-0.0027313232421875,0.6792716952350583,False,oppose
07,audio,1,36,[37],,,,not_applicable,,,unresolved,Positive,Neutral,-0.012924911768542602,-0.0034218430519104004,0.6798421940859001,False,oppose
07,audio,1,37,[38],,,,not_applicable,,,unresolved,Positive,Neutral,-0.01145106843965138,-0.0035083889961242676,0.6794514305902442,False,oppose
07,audio,1,38,[39],,,,not_applicable,,,unresolved,Positive,Neutral,-0.007597656573539613,-0.002402782440185547,0.678673403200595,False,oppose
07,audio,1,39,[40],,,,not_applicable,,,unresolved,Positive,Neutral,-0.006271147315315417,-0.002131819725036621,0.678376752978048,False,oppose
07,audio,1,40,[41],,,,not_applicable,,,unresolved,Positive,Neutral,-0.00744722086345484,-0.0024402737617492676,0.6786450648236139,False,oppose
07,audio,1,41,[42],,,,not_applicable,,,unresolved,Positive,Neutral,-0.009890837580505574,-0.002545595169067383,0.6790831082442863,False,oppose
07,audio,1,42,[43],,,,not_applicable,,,unresolved,Positive,Neutral,-0.01151865560329246,-0.0036373138427734375,0.679314931812505,False,oppose
07,audio,1,43,[44],,,,not_applicable,,,unresolved,Positive,Neutral,-0.012066236376983008,-0.0037047863006591797,0.6794710340810636,False,oppose
07,audio,1,44,[45],,,,not_applicable,,,unresolved,Positive,Neutral,-0.012760590494309554,-0.003743290901184082,0.6797409045191202,False,oppose
07,audio,1,45,[46],,,,not_applicable,,,unresolved,Positive,Neutral,-0.008442601272561578,-0.0021549463272094727,0.6787731259602369,False,oppose
07,audio,1,46,[47],,,,not_applicable,,,unresolved,Positive,Neutral,-0.01603639459622075,-0.004609942436218262,0.6803159804742583,False,oppose
07,audio,1,47,[48],,,,not_applicable,,,unresolved,Positive,Neutral,-0.01725933218973008,-0.0055310726165771484,0.6805632251331543,False,oppose
07,audio,3,0,"[1, 2, 3]",,,,not_applicable,,,unresolved,Positive,Neutral,0.015078575887696122,0.0062920451164245605,0.6744988643407807,True,support
07,audio,3,1,"[2, 3, 4]",,,,not_applicable,,,unresolved,Positive,Neutral,0.006687047410494973,0.0027843713760375977,0.6760116232369551,False,support
07,audio,3,2,"[3, 4, 5]",,,,not_applicable,,,unresolved,Positive,Neutral,0.0023428208022717723,0.0009704232215881348,0.6769227132937019,True,support
07,audio,3,3,"[4, 5, 6]",,,,not_applicable,,,unresolved,Positive,Neutral,-0.009569167137552181,-0.00396198034286499,0.6793784151303824,False,oppose
07,audio,3,4,"[5, 6, 7]",,,,not_applicable,,,unresolved,Positive,Neutral,-0.023567054199162163,-0.010018706321716309,0.6821283027527691,False,oppose
07,audio,3,5,"[6, 7, 8]",,,,not_applicable,,,unresolved,Positive,Neutral,-0.02734623265077296,-0.011505961418151855,0.683024600991756,False,oppose
07,audio,3,6,"[7, 8, 9]",,,,not_applicable,,,unresolved,Positive,Neutral,-0.01711957367549055,-0.006236910820007324,0.6810598358278398,False,oppose
07,audio,3,7,"[8, 9, 10]",,,,not_applicable,,,unresolved,Positive,Neutral,0.0021703679685622923,0.0030058622360229492,0.677307425378894,False,support
07,audio,3,8,"[9, 10, 11]",,,,not_applicable,,,unresolved,Positive,Neutral,0.011011760457146469,0.007376194000244141,0.6754912587992751,True,support
07,audio,3,9,"[10, 11, 12]",,,,not_applicable,,,unresolved,Positive,Neutral,0.0010733815077537123,0.0032021403312683105,0.677360090832421,False,support
07,audio,3,10,"[11, 12, 13]",,,,not_applicable,,,unresolved,Positive,Neutral,-0.010375537246224198,-0.0014325380325317383,0.67959390045145,False,oppose
07,audio,3,11,"[12, 13, 14]",,,,not_applicable,,,unresolved,Positive,Neutral,-0.03242306374849124,-0.009846091270446777,0.6837692786531748,False,oppose
07,audio,3,12,"[13, 14, 15]",,,,not_applicable,,,unresolved,Positive,Neutral,-0.0412109009666195,-0.013598203659057617,0.6856388968252501,False,oppose
07,audio,3,13,"[14, 15, 16]",,,,not_applicable,,,unresolved,Positive,Neutral,-0.04515917613546305,-0.01539754867553711,0.6865609900424144,False,oppose
07,audio,3,14,"[15, 16, 17]",,,,not_applicable,,,unresolved,Positive,Neutral,-0.033042559694199,-0.011728763580322266,0.6841789595516683,False,oppose
07,audio,3,15,"[16, 17, 18]",,,,not_applicable,,,unresolved,Positive,Neutral,-0.02407094091024664,-0.008620917797088623,0.68212273916869,False,oppose
07,audio,3,16,"[17, 18, 19]",,,,not_applicable,,,unresolved,Positive,Neutral,-0.028436690297805267,-0.010233461856842041,0.6828707171416063,False,oppose
07,audio,3,17,"[18, 19, 20]",,,,not_applicable,,,unresolved,Positive,Neutral,-0.03124252236718461,-0.010787367820739746,0.6837132627899695,False,oppose
07,audio,3,18,"[19, 20, 21]",,,,not_applicable,,,unresolved,Positive,Neutral,-0.05019973860856042,-0.017949938774108887,0.6878266484831804,False,oppose
07,audio,3,19,"[20, 21, 22]",,,,not_applicable,,,unresolved,Positive,Neutral,-0.04768988585648293,-0.016568362712860107,0.687278331765243,False,oppose
07,audio,3,20,"[21, 22, 23]",,,,not_applicable,,,unresolved,Positive,Neutral,-0.06159229299601243,-0.02227461338043213,0.6898502104854208,False,oppose
07,audio,3,21,"[22, 23, 24]",,,,not_applicable,,,unresolved,Positive,Neutral,-0.043049372618179316,-0.014007389545440674,0.6859656471651066,False,oppose
07,audio,3,22,"[23, 24, 25]",,,,not_applicable,,,unresolved,Positive,Neutral,-0.034894130096128295,-0.010774493217468262,0.6843820196487262,False,oppose
07,audio,3,23,"[24, 25, 26]",,,,not_applicable,,,unresolved,Positive,Neutral,-0.024771656272707165,-0.006185054779052734,0.6823607021825598,False,oppose
07,audio,3,24,"[25, 26, 27]",,,,not_applicable,,,unresolved,Positive,Neutral,-0.033013460362283364,-0.009933233261108398,0.6839627285315254,False,oppose
07,audio,3,25,"[26, 27, 28]",,,,not_applicable,,,unresolved,Positive,Neutral,-0.03780186104656735,-0.012017369270324707,0.6848649020633709,False,oppose
07,audio,3,26,"[27, 28, 29]",,,,not_applicable,,,unresolved,Positive,Neutral,-0.03760655602471741,-0.012224197387695312,0.6847550062264572,False,oppose
07,audio,3,27,"[28, 29, 30]",,,,not_applicable,,,unresolved,Positive,Neutral,-0.043399807705338134,-0.014039814472198486,0.6861585599123264,False,oppose
07,audio,3,28,"[29, 30, 31]",,,,not_applicable,,,unresolved,Positive,Neutral,-0.048429527774559444,-0.016130149364471436,0.6872177413773101,False,oppose
07,audio,3,29,"[30, 31, 32]",,,,not_applicable,,,unresolved,Positive,Neutral,-0.060064271216587306,-0.02043020725250244,0.6898798284211142,False,oppose
07,audio,3,30,"[31, 32, 33]",,,,not_applicable,,,unresolved,Positive,Neutral,-0.04906801844525299,-0.016295671463012695,0.6876758270640501,False,oppose
07,audio,3,31,"[32, 33, 34]",,,,not_applicable,,,unresolved,Positive,Neutral,-0.04419143695694561,-0.014428794384002686,0.686672407562544,False,oppose
07,audio,3,32,"[33, 34, 35]",,,,not_applicable,,,unresolved,Positive,Neutral,-0.032698503938956236,-0.010690391063690186,0.6839592378794387,False,oppose
07,audio,3,33,"[34, 35, 36]",,,,not_applicable,,,unresolved,Positive,Neutral,-0.032987900814029913,-0.010197281837463379,0.6838812663730707,False,oppose
07,audio,3,34,"[35, 36, 37]",,,,not_applicable,,,unresolved,Positive,Neutral,-0.03804681603893001,-0.011249423027038574,0.6851096920945854,False,oppose
07,audio,3,35,"[36, 37, 38]",,,,not_applicable,,,unresolved,Positive,Neutral,-0.03531725602775526,-0.009692788124084473,0.684786188020136,False,oppose
07,audio,3,36,"[37, 38, 39]",,,,not_applicable,,,unresolved,Positive,Neutral,-0.031785349799446916,-0.009321928024291992,0.6841648027946731,False,oppose
07,audio,3,37,"[38, 39, 40]",,,,not_applicable,,,unresolved,Positive,Neutral,-0.024989757573758986,-0.007992744445800781,0.6826816899202514,False,oppose
07,audio,3,38,"[39, 40, 41]",,,,not_applicable,,,unresolved,Positive,Neutral,-0.020935864415071226,-0.006929993629455566,0.6818657750176367,False,oppose
07,audio,3,39,"[40, 41, 42]",,,,not_applicable,,,unresolved,Positive,Neutral,-0.023253157475870534,-0.007071375846862793,0.6822790261134746,False,oppose
07,audio,3,40,"[41, 42, 43]",,,,not_applicable,,,unresolved,Positive,Neutral,-0.02845377110508096,-0.008551836013793945,0.6832032387069147,False,oppose
07,audio,3,41,"[42, 43, 44]",,,,not_applicable,,,unresolved,Positive,Neutral,-0.03318327575079105,-0.009865522384643555,0.6840424783791249,False,oppose
07,audio,3,42,"[43, 44, 45]",,,,not_applicable,,,unresolved,Positive,Neutral,-0.03608414351058009,-0.011076211929321289,0.6846985392910583,False,oppose
07,audio,3,43,"[44, 45, 46]",,,,not_applicable,,,unresolved,Positive,Neutral,-0.0331168996061082,-0.009614944458007812,0.6841845518674214,False,oppose
07,audio,3,44,"[45, 46, 47]",,,,not_applicable,,,unresolved,Positive,Neutral,-0.037094715859872895,-0.010513544082641602,0.6850246985450454,False,oppose
07,audio,3,45,"[46, 47, 48]",,,,not_applicable,,,unresolved,Positive,Neutral,-0.041673665169216,-0.012342631816864014,0.6858569095795556,False,oppose
07,audio,5,0,"[1, 2, 3, 4, 5]",,,,not_applicable,,,unresolved,Positive,Neutral,0.013437304146980411,0.005538463592529297,0.6751575554094769,False,support
07,audio,5,1,"[2, 3, 4, 5, 6]",,,,not_applicable,,,unresolved,Positive,Neutral,-0.0038309227028394677,-0.0013483762741088867,0.6785244677457786,False,oppose
07,audio,5,2,"[3, 4, 5, 6, 7]",,,,not_applicable,,,unresolved,Positive,Neutral,-0.020151564113604525,-0.008775591850280762,0.6817735825331905,False,oppose
07,audio,5,3,"[4, 5, 6, 7, 8]",,,,not_applicable,,,unresolved,Positive,Neutral,-0.029347248560488426,-0.012223958969116211,0.6837500890764735,False,oppose
07,audio,5,4,"[5, 6, 7, 8, 9]",,,,not_applicable,,,unresolved,Positive,Neutral,-0.02802873815973861,-0.010399222373962402,0.6836308412524461,False,oppose
07,audio,5,5,"[6, 7, 8, 9, 10]",,,,not_applicable,,,unresolved,Positive,Neutral,-0.02097010322435766,-0.006853938102722168,0.6822975801110377,False,oppose
07,audio,5,6,"[7, 8, 9, 10, 11]",,,,not_applicable,,,unresolved,Positive,Neutral,-0.009369794968246081,-0.0009828805923461914,0.6800309315690982,False,oppose
07,audio,5,7,"[8, 9, 10, 11, 12]",,,,not_applicable,,,unresolved,Positive,Neutral,-0.0034905833549749854,0.002741217613220215,0.6788973267161975,False,oppose
07,audio,5,8,"[9, 10, 11, 12, 13]",,,,not_applicable,,,unresolved,Positive,Neutral,-0.003802516279429069,0.0031735897064208984,0.6788193830593577,False,oppose
07,audio,5,9,"[10, 11, 12, 13, 14]",,,,not_applicable,,,unresolved,Positive,Neutral,-0.02470248056821922,-0.004601120948791504,0.6827628771983367,False,oppose
07,audio,5,10,"[11, 12, 13, 14, 15]",,,,not_applicable,,,unresolved,Positive,Neutral,-0.04656659343535141,-0.013744354248046875,0.6871557168904865,False,oppose
07,audio,5,11,"[12, 13, 14, 15, 16]",,,,not_applicable,,,unresolved,Positive,Neutral,-0.059096260898667596,-0.01936805248260498,0.6896536247726723,False,oppose
07,audio,5,12,"[13, 14, 15, 16, 17]",,,,not_applicable,,,unresolved,Positive,Neutral,-0.057851426417237395,-0.01930946111679077,0.689320696647507,False,oppose
07,audio,5,13,"[14, 15, 16, 17, 18]",,,,not_applicable,,,unresolved,Positive,Neutral,-0.05988411951622652,-0.020892560482025146,0.6895648107715724,False,oppose
07,audio,5,14,"[15, 16, 17, 18, 19]",,,,not_applicable,,,unresolved,Positive,Neutral,-0.055045145481440017,-0.019693970680236816,0.6887425879241068,False,oppose
07,audio,5,15,"[16, 17, 18, 19, 20]",,,,not_applicable,,,unresolved,Positive,Neutral,-0.04799662097275603,-0.01650691032409668,0.6874238054041373,False,oppose
07,audio,5,16,"[17, 18, 19, 20, 21]",,,,not_applicable,,,unresolved,Positive,Neutral,-0.06537595443327082,-0.023618459701538086,0.6909087451401612,False,oppose
07,audio,5,17,"[18, 19, 20, 21, 22]",,,,not_applicable,,,unresolved,Positive,Neutral,-0.0694305653624474,-0.02446436882019043,0.6917607391698906,False,oppose
07,audio,5,18,"[19, 20, 21, 22, 23]",,,,not_applicable,,,unresolved,Positive,Neutral,-0.0839849740734333,-0.02965444326400757,0.6947574533891089,True,oppose
07,audio,5,19,"[20, 21, 22, 23, 24]",,,,not_applicable,,,unresolved,Positive,Neutral,-0.07879361087145154,-0.02697145938873291,0.6937077558970383,False,oppose
07,audio,5,20,"[21, 22, 23, 24, 25]",,,,not_applicable,,,unresolved,Positive,Neutral,-0.07281303213908297,-0.024344146251678467,0.6923565038108165,False,oppose
07,audio,5,21,"[22, 23, 24, 25, 26]",,,,not_applicable,,,unresolved,Positive,Neutral,-0.05986512958279855,-0.018293380737304688,0.6896267815230944,False,oppose
07,audio,5,22,"[23, 24, 25, 26, 27]",,,,not_applicable,,,unresolved,Positive,Neutral,-0.06490623935338746,-0.020588994026184082,0.6905873866945654,False,oppose
07,audio,5,23,"[24, 25, 26, 27, 28]",,,,not_applicable,,,unresolved,Positive,Neutral,-0.04907579433233944,-0.014090001583099365,0.6874028511247142,False,oppose
07,audio,5,24,"[25, 26, 27, 28, 29]",,,,not_applicable,,,unresolved,Positive,Neutral,-0.0549763442831559,-0.01671355962753296,0.6885322326544232,False,oppose
07,audio,5,25,"[26, 27, 28, 29, 30]",,,,not_applicable,,,unresolved,Positive,Neutral,-0.07398558358522722,-0.02410304546356201,0.6924525409671679,True,oppose
07,audio,5,26,"[27, 28, 29, 30, 31]",,,,not_applicable,,,unresolved,Positive,Neutral,-0.07298283442192921,-0.024190664291381836,0.6922576374693314,False,oppose
07,audio,5,27,"[28, 29, 30, 31, 32]",,,,not_applicable,,,unresolved,Positive,Neutral,-0.08213144171445652,-0.02733170986175537,0.6944183231094747,False,oppose
07,audio,5,28,"[29, 30, 31, 32, 33]",,,,not_applicable,,,unresolved,Positive,Neutral,-0.08492270380599964,-0.028350651264190674,0.695164026606554,True,oppose
07,audio,5,29,"[30, 31, 32, 33, 34]",,,,not_applicable,,,unresolved,Positive,Neutral,-0.07903468177350104,-0.026292085647583008,0.6940507174254645,False,oppose
07,audio,5,30,"[31, 32, 33, 34, 35]",,,,not_applicable,,,unresolved,Positive,Neutral,-0.07107417138204375,-0.02387756109237671,0.692203583695407,False,oppose
07,audio,5,31,"[32, 33, 34, 35, 36]",,,,not_applicable,,,unresolved,Positive,Neutral,-0.06910022160719942,-0.022319674491882324,0.6918200789042982,False,oppose
07,audio,5,32,"[33, 34, 35, 36, 37]",,,,not_applicable,,,unresolved,Positive,Neutral,-0.05660219554717427,-0.0169527530670166,0.6892542825246408,False,oppose
07,audio,5,33,"[34, 35, 36, 37, 38]",,,,not_applicable,,,unresolved,Positive,Neutral,-0.05722637744389614,-0.017183661460876465,0.6893261496457652,False,oppose
07,audio,5,34,"[35, 36, 37, 38, 39]",,,,not_applicable,,,unresolved,Positive,Neutral,-0.0565928225555985,-0.01710456609725952,0.68932398172695,False,oppose
07,audio,5,35,"[36, 37, 38, 39, 40]",,,,not_applicable,,,unresolved,Positive,Neutral,-0.04858522733662074,-0.01416778564453125,0.6879278185614387,False,oppose
07,audio,5,36,"[37, 38, 39, 40, 41]",,,,not_applicable,,,unresolved,Positive,Neutral,-0.04479183729842329,-0.013815760612487793,0.6872544413154115,False,oppose
07,audio,5,37,"[38, 39, 40, 41, 42]",,,,not_applicable,,,unresolved,Positive,Neutral,-0.041577438327791594,-0.012882590293884277,0.6864659782787188,False,oppose
07,audio,5,38,"[39, 40, 41, 42, 43]",,,,not_applicable,,,unresolved,Positive,Neutral,-0.04142475382646582,-0.012954771518707275,0.6862896958445374,False,oppose
07,audio,5,39,"[40, 41, 42, 43, 44]",,,,not_applicable,,,unresolved,Positive,Neutral,-0.04601053646652531,-0.014307141304016113,0.6870979854707965,False,oppose
07,audio,5,40,"[41, 42, 43, 44, 45]",,,,not_applicable,,,unresolved,Positive,Neutral,-0.05263023911829556,-0.015961945056915283,0.6884587111570494,False,oppose
07,audio,5,41,"[42, 43, 44, 45, 46]",,,,not_applicable,,,unresolved,Positive,Neutral,-0.05403732646107473,-0.01579725742340088,0.6886708996382535,False,oppose
07,audio,5,42,"[43, 44, 45, 46, 47]",,,,not_applicable,,,unresolved,Positive,Neutral,-0.06035038397804371,-0.01792621612548828,0.6899158381346056,False,oppose
07,audio,5,43,"[44, 45, 46, 47, 48]",,,,not_applicable,,,unresolved,Positive,Neutral,-0.0659325192321063,-0.01976686716079712,0.6911034560481313,False,oppose
07,vision,1,0,[1],,,,not_applicable,,,unresolved,Positive,Neutral,-0.01535747415979749,-0.005110621452331543,0.680235986061667,False,oppose
07,vision,1,1,[2],,,,not_applicable,,,unresolved,Positive,Neutral,-0.010480921175101798,-0.00304567813873291,0.6792651609116693,False,oppose
07,vision,1,2,[3],,,,not_applicable,,,unresolved,Positive,Neutral,-0.009699185678446298,-0.00296783447265625,0.6792347490320197,False,oppose
07,vision,1,3,[4],,,,not_applicable,,,unresolved,Positive,Neutral,-0.011773017645000383,-0.004041552543640137,0.6795712695097006,False,oppose
07,vision,1,4,[5],,,,not_applicable,,,unresolved,Positive,Neutral,-0.012927711807386721,-0.00418776273727417,0.6798032745259726,False,oppose
07,vision,1,5,[6],,,,not_applicable,,,unresolved,Positive,Neutral,-0.009527751885581637,-0.0035310983657836914,0.6790401361994511,False,oppose
07,vision,1,6,[7],,,,not_applicable,,,unresolved,Positive,Neutral,-0.011907273308139565,-0.00375211238861084,0.6796415432863615,False,oppose
07,vision,1,7,[8],,,,not_applicable,,,unresolved,Positive,Neutral,-0.007569897078859578,-0.0026183128356933594,0.6787479501095246,False,oppose
07,vision,1,8,[9],,,,not_applicable,,,unresolved,Positive,Neutral,-0.0099570829275768,-0.0037113428115844727,0.6791705267328143,False,oppose
07,vision,1,9,[10],,,,not_applicable,,,unresolved,Positive,Neutral,-0.008241849013424618,-0.0031529664993286133,0.6788524976323687,False,oppose
07,vision,1,10,[11],,,,not_applicable,,,unresolved,Positive,Neutral,-0.01087869345854875,-0.003822505474090576,0.6793607233355606,False,oppose
07,vision,1,11,[12],,,,not_applicable,,,unresolved,Positive,Neutral,-0.0047280075104321195,-0.0015631914138793945,0.6783893177025461,False,oppose
07,vision,1,12,[13],,,,not_applicable,,,unresolved,Positive,Neutral,-0.0004021984628892472,1.728534698486328e-05,0.6774757710925842,False,oppose
07,vision,1,13,[14],,,,not_applicable,,,unresolved,Positive,Neutral,0.0036205799815856032,0.0009567737579345703,0.6765986159316213,False,support
07,vision,1,14,[15],,,,not_applicable,,,unresolved,Positive,Neutral,-0.004011102428469471,-0.0021703243255615234,0.6779942113694877,False,oppose
07,vision,1,15,[16],,,,not_applicable,,,unresolved,Positive,Neutral,0.0022819800107998223,0.0005372762680053711,0.6767918861613561,False,support
07,vision,1,16,[17],,,,not_applicable,,,unresolved,Positive,Neutral,0.0034380518203274146,0.001131296157836914,0.6763886158685207,False,support
07,vision,1,17,[18],,,,not_applicable,,,unresolved,Positive,Neutral,0.0019478160776997822,0.0006933212280273438,0.6766344392376574,False,support
07,vision,1,18,[19],,,,not_applicable,,,unresolved,Positive,Neutral,-0.0010474444447579057,-0.0002897977828979492,0.6772565125697884,False,oppose
07,vision,1,19,[20],,,,not_applicable,,,unresolved,Positive,Neutral,-0.00517594979300684,-0.002143561840057373,0.678091392518024,False,oppose
07,vision,1,20,[21],,,,not_applicable,,,unresolved,Positive,Neutral,-0.004828654928971776,-0.0018788576126098633,0.6779944224197403,False,oppose
07,vision,1,21,[22],,,,not_applicable,,,unresolved,Positive,Neutral,-0.006809388609019917,-0.0027292966842651367,0.6784578719742935,False,oppose
07,vision,1,22,[23],,,,not_applicable,,,unresolved,Positive,Neutral,-0.00677415466291853,-0.0026606321334838867,0.6784745283384502,False,oppose
07,vision,1,23,[24],,,,not_applicable,,,unresolved,Positive,Neutral,-0.007299614891624007,-0.0034531354904174805,0.6785631530866655,False,oppose
07,vision,1,24,[25],,,,not_applicable,,,unresolved,Positive,Neutral,-0.008212264907052624,-0.0036519765853881836,0.6787146921226749,False,oppose
07,vision,1,25,[26],,,,not_applicable,,,unresolved,Positive,Neutral,-0.010327769468144066,-0.004383087158203125,0.6790914918552513,False,oppose
07,vision,1,26,[27],,,,not_applicable,,,unresolved,Positive,Neutral,-0.007262866510031163,-0.0031455159187316895,0.6785846683024974,False,oppose
07,vision,1,27,[28],,,,not_applicable,,,unresolved,Positive,Neutral,0.0030160550361642002,0.0006712079048156738,0.6765726235359187,False,support
07,vision,1,28,[29],,,,not_applicable,,,unresolved,Positive,Neutral,-0.001882051110496663,-0.0012184381484985352,0.6774833121411369,False,oppose
07,vision,1,29,[30],,,,not_applicable,,,unresolved,Positive,Neutral,-0.001446322271852818,-0.0008889436721801758,0.6774066212351654,False,oppose
07,vision,1,30,[31],,,,not_applicable,,,unresolved,Positive,Neutral,-0.006076106618344124,-0.0025991201400756836,0.6783323135303627,False,oppose
07,vision,1,31,[32],,,,not_applicable,,,unresolved,Positive,Neutral,-0.0064411007643121465,-0.0024971961975097656,0.6784616942609559,False,oppose
07,vision,1,32,[33],,,,not_applicable,,,unresolved,Positive,Neutral,0.008888655554543323,0.004044771194458008,0.675383162245806,False,support
07,vision,1,33,[34],,,,not_applicable,,,unresolved,Positive,Neutral,0.011688049885669738,0.004086136817932129,0.6747290039083332,False,support
07,vision,1,34,[35],,,,not_applicable,,,unresolved,Positive,Neutral,0.008272510825686918,0.0029937028884887695,0.6753660085980935,False,support
07,vision,1,35,[36],,,,not_applicable,,,unresolved,Positive,Neutral,0.003931314454086454,0.0014886856079101562,0.6763410352764904,False,support
07,vision,1,36,[37],,,,not_applicable,,,unresolved,Positive,Neutral,0.007994244082975,0.0029333829879760742,0.6755357757780822,False,support
07,vision,1,37,[38],,,,not_applicable,,,unresolved,Positive,Neutral,0.01034797043792235,0.003566920757293701,0.6749947518530586,False,support
07,vision,1,38,[39],,,,not_applicable,,,unresolved,Positive,Neutral,0.015109586702620526,0.005511581897735596,0.674147837966333,False,support
07,vision,1,39,[40],,,,not_applicable,,,unresolved,Positive,Neutral,0.015965780929969142,0.005600273609161377,0.6739529277352884,False,support
07,vision,1,40,[41],,,,not_applicable,,,unresolved,Positive,Neutral,0.015680785252931706,0.005547523498535156,0.6740451703806192,False,support
07,vision,1,41,[42],,,,not_applicable,,,unresolved,Positive,Neutral,0.011197907474564506,0.0034105777740478516,0.6748436917397315,False,support
07,vision,1,42,[43],,,,not_applicable,,,unresolved,Positive,Neutral,0.00903206504131382,0.0024950504302978516,0.6752249254043166,False,support
07,vision,1,43,[44],,,,not_applicable,,,unresolved,Positive,Neutral,0.007732155868619639,0.002406597137451172,0.6754811884283689,False,support
07,vision,1,44,[45],,,,not_applicable,,,unresolved,Positive,Neutral,0.008242893020398157,0.002701878547668457,0.6753789173084619,False,support
07,vision,1,45,[46],,,,not_applicable,,,unresolved,Positive,Neutral,0.0025239614601080262,0.0004832744598388672,0.6765401021738434,False,support
07,vision,1,46,[47],,,,not_applicable,,,unresolved,Positive,Neutral,0.005410963028599003,0.001906275749206543,0.6760615688846673,False,support
07,vision,1,47,[48],,,,not_applicable,,,unresolved,Positive,Neutral,0.0075031464504340395,0.0026144981384277344,0.6755882642474871,False,support
07,vision,3,0,"[1, 2, 3]",,,,not_applicable,,,unresolved,Positive,Neutral,-0.03632968274878978,-0.0113258957862854,0.6851162678417045,False,oppose
07,vision,3,1,"[2, 3, 4]",,,,not_applicable,,,unresolved,Positive,Neutral,-0.03278599746954236,-0.010262012481689453,0.6844658427228868,False,oppose
07,vision,3,2,"[3, 4, 5]",,,,not_applicable,,,unresolved,Positive,Neutral,-0.035167103090188334,-0.011376023292541504,0.6849843486860046,False,oppose
07,vision,3,3,"[4, 5, 6]",,,,not_applicable,,,unresolved,Positive,Neutral,-0.03484112727383559,-0.011914610862731934,0.684765347263791,False,oppose
07,vision,3,4,"[5, 6, 7]",,,,not_applicable,,,unresolved,Positive,Neutral,-0.03502115598923794,-0.011648416519165039,0.6848480268903132,False,oppose
07,vision,3,5,"[6, 7, 8]",,,,not_applicable,,,unresolved,Positive,Neutral,-0.02966867035591436,-0.010085225105285645,0.6838044853881151,False,oppose
07,vision,3,6,"[7, 8, 9]",,,,not_applicable,,,unresolved,Positive,Neutral,-0.030164280605410987,-0.01028907299041748,0.6839466897498258,False,oppose
07,vision,3,7,"[8, 9, 10]",,,,not_applicable,,,unresolved,Positive,Neutral,-0.026479722634181524,-0.009671151638031006,0.6831577542765861,False,oppose
07,vision,3,8,"[9, 10, 11]",,,,not_applicable,,,unresolved,Positive,Neutral,-0.029876207671319488,-0.010923683643341064,0.6837827057721361,False,oppose
07,vision,3,9,"[10, 11, 12]",,,,not_applicable,,,unresolved,Positive,Neutral,-0.024760840102274306,-0.00877535343170166,0.6830308275912192,False,oppose
07,vision,3,10,"[11, 12, 13]",,,,not_applicable,,,unresolved,Positive,Neutral,-0.01678149281057406,-0.005510389804840088,0.6816302050616465,False,oppose
07,vision,3,11,"[12, 13, 14]",,,,not_applicable,,,unresolved,Positive,Neutral,-0.0018987619850254767,-0.0005845427513122559,0.6787933583120508,False,oppose
07,vision,3,12,"[13, 14, 15]",,,,not_applicable,,,unresolved,Positive,Neutral,-0.0009415614333700972,-0.0011244416236877441,0.678355552542134,False,oppose
07,vision,3,13,"[14, 15, 16]",,,,not_applicable,,,unresolved,Positive,Neutral,0.0019027334069015023,-0.0005811452865600586,0.6776410461971883,False,support
07,vision,3,14,"[15, 16, 17]",,,,not_applicable,,,unresolved,Positive,Neutral,0.0017119609170659356,-0.0004032254219055176,0.6774353881311111,False,support
07,vision,3,15,"[16, 17, 18]",,,,not_applicable,,,unresolved,Positive,Neutral,0.007735180728883462,0.002484440803527832,0.6760607369151371,False,support
07,vision,3,16,"[17, 18, 19]",,,,not_applicable,,,unresolved,Positive,Neutral,0.004508905728318746,0.0016952753067016602,0.6765083853410588,False,support
07,vision,3,17,"[18, 19, 20]",,,,not_applicable,,,unresolved,Positive,Neutral,-0.00405103585928801,-0.001577913761138916,0.6782009085024381,False,oppose
07,vision,3,18,"[19, 20, 21]",,,,not_applicable,,,unresolved,Positive,Neutral,-0.010532862014243971,-0.0040552616119384766,0.6794956966724544,False,oppose
07,vision,3,19,"[20, 21, 22]",,,,not_applicable,,,unresolved,Positive,Neutral,-0.016441555735418945,-0.0065697431564331055,0.6807226131624176,False,oppose
07,vision,3,20,"[21, 22, 23]",,,,not_applicable,,,unresolved,Positive,Neutral,-0.018096695044439892,-0.00710451602935791,0.6811156119508807,False,oppose
07,vision,3,21,"[22, 23, 24]",,,,not_applicable,,,unresolved,Positive,Neutral,-0.02093654954426416,-0.008843064308166504,0.6817558065453853,False,oppose
07,vision,3,22,"[23, 24, 25]",,,,not_applicable,,,unresolved,Positive,Neutral,-0.022403493841883337,-0.009804308414459229,0.6820236638996863,False,oppose
07,vision,3,23,"[24, 25, 26]",,,,not_applicable,,,unresolved,Positive,Neutral,-0.025965060602234802,-0.011543035507202148,0.6826389016458183,False,oppose
07,vision,3,24,"[25, 26, 27]",,,,not_applicable,,,unresolved,Positive,Neutral,-0.025877451995859113,-0.011228680610656738,0.6826503082188445,False,oppose
07,vision,3,25,"[26, 27, 28]",,,,not_applicable,,,unresolved,Positive,Neutral,-0.014727759375871674,-0.0068978071212768555,0.6805401832511602,False,oppose
07,vision,3,26,"[27, 28, 29]",,,,not_applicable,,,unresolved,Positive,Neutral,-0.006206596226529637,-0.0037140846252441406,0.6789199844889553,False,oppose
07,vision,3,27,"[28, 29, 30]",,,,not_applicable,,,unresolved,Positive,Neutral,-0.00030338645947791676,-0.0014092326164245605,0.677726117183095,False,oppose
07,vision,3,28,"[29, 30, 31]",,,,not_applicable,,,unresolved,Positive,Neutral,-0.009397534582654687,-0.00468367338180542,0.6794838091878979,False,oppose
07,vision,3,29,"[30, 31, 32]",,,,not_applicable,,,unresolved,Positive,Neutral,-0.014013581900356176,-0.00598299503326416,0.6804688297432562,False,oppose
07,vision,3,30,"[31, 32, 33]",,,,not_applicable,,,unresolved,Positive,Neutral,-0.003842854647550631,-0.0010825395584106445,0.6784836027668257,False,oppose
07,vision,3,31,"[32, 33, 34]",,,,not_applicable,,,unresolved,Positive,Neutral,0.014077334525633534,0.005622744560241699,0.6748452807203325,False,support
07,vision,3,32,"[33, 34, 35]",,,,not_applicable,,,unresolved,Positive,Neutral,0.02920899721019299,0.011157453060150146,0.6716445851535685,False,support
07,vision,3,33,"[34, 35, 36]",,,,not_applicable,,,unresolved,Positive,Neutral,0.024298464577577006,0.00864630937576294,0.672603440430987,False,support
07,vision,3,34,"[35, 36, 37]",,,,not_applicable,,,unresolved,Positive,Neutral,0.020554154149744708,0.0074942708015441895,0.6734260972505418,False,support
07,vision,3,35,"[36, 37, 38]",,,,not_applicable,,,unresolved,Positive,Neutral,0.022669336957265918,0.008091211318969727,0.6730436571410487,False,support
07,vision,3,36,"[37, 38, 39]",,,,not_applicable,,,unresolved,Positive,Neutral,0.03414544151254595,0.012178301811218262,0.6707726815324333,False,support
07,vision,3,37,"[38, 39, 40]",,,,not_applicable,,,unresolved,Positive,Neutral,0.042287605318697574,0.01487189531326294,0.6691366271896076,False,support
07,vision,3,38,"[39, 40, 41]",,,,not_applicable,,,unresolved,Positive,Neutral,0.0477762650816973,0.016875624656677246,0.6681382934030011,False,support
07,vision,3,39,"[40, 41, 42]",,,,not_applicable,,,unresolved,Positive,Neutral,0.043821313871801104,0.014797031879425049,0.6688546437454445,False,support
07,vision,3,40,"[41, 42, 43]",,,,not_applicable,,,unresolved,Positive,Neutral,0.036808755848444896,0.01170504093170166,0.6701586797973559,False,support
07,vision,3,41,"[42, 43, 44]",,,,not_applicable,,,unresolved,Positive,Neutral,0.028773514385227905,0.008563339710235596,0.6716255175039034,False,support
07,vision,3,42,"[43, 44, 45]",,,,not_applicable,,,unresolved,Positive,Neutral,0.025733717319850857,0.007833480834960938,0.6721830553897041,False,support
07,vision,3,43,"[44, 45, 46]",,,,not_applicable,,,unresolved,Positive,Neutral,0.019103503614079864,0.00581592321395874,0.6735305174907683,False,support
07,vision,3,44,"[45, 46, 47]",,,,not_applicable,,,unresolved,Positive,Neutral,0.01673725607304677,0.005312144756317139,0.6741243039812088,False,support
07,vision,3,45,"[46, 47, 48]",,,,not_applicable,,,unresolved,Positive,Neutral,0.015973841627558993,0.005218863487243652,0.6743395166573559,False,support
07,vision,5,0,"[1, 2, 3, 4, 5]",,,,not_applicable,,,unresolved,Positive,Neutral,-0.06277423801631721,-0.02000671625137329,0.690987260498343,True,oppose
07,vision,5,1,"[2, 3, 4, 5, 6]",,,,not_applicable,,,unresolved,Positive,Neutral,-0.05691382879150253,-0.018416941165924072,0.6898174642068576,False,oppose
07,vision,5,2,"[3, 4, 5, 6, 7]",,,,not_applicable,,,unresolved,Positive,Neutral,-0.05834851742581337,-0.019153237342834473,0.690192519142372,False,oppose
07,vision,5,3,"[4, 5, 6, 7, 8]",,,,not_applicable,,,unresolved,Positive,Neutral,-0.05592663042823265,-0.01871567964553833,0.6896624823886153,True,oppose
07,vision,5,4,"[5, 6, 7, 8, 9]",,,,not_applicable,,,unresolved,Positive,Neutral,-0.054160597223832596,-0.01843327283859253,0.6892838929839701,False,oppose
07,vision,5,5,"[6, 7, 8, 9, 10]",,,,not_applicable,,,unresolved,Positive,Neutral,-0.049661315946595286,-0.01748359203338623,0.6883894411879316,False,oppose
07,vision,5,6,"[7, 8, 9, 10, 11]",,,,not_applicable,,,unresolved,Positive,Neutral,-0.0511825513134212,-0.017825603485107422,0.6887364480513034,True,oppose
07,vision,5,7,"[8, 9, 10, 11, 12]",,,,not_applicable,,,unresolved,Positive,Neutral,-0.04406445998765607,-0.015576303005218506,0.6875109461166473,False,oppose
07,vision,5,8,"[9, 10, 11, 12, 13]",,,,not_applicable,,,unresolved,Positive,Neutral,-0.0369140747000718,-0.012867450714111328,0.6862527505670747,False,oppose
07,vision,5,9,"[10, 11, 12, 13, 14]",,,,not_applicable,,,unresolved,Positive,Neutral,-0.022790699214252363,-0.00792694091796875,0.6835910843400789,False,oppose
07,vision,5,10,"[11, 12, 13, 14, 15]",,,,not_applicable,,,unresolved,Positive,Neutral,-0.01793270967138616,-0.006713986396789551,0.682614194949281,False,oppose
07,vision,5,11,"[12, 13, 14, 15, 16]",,,,not_applicable,,,unresolved,Positive,Neutral,-0.004056460032811682,-0.0021108388900756836,0.6799060029858842,False,oppose
07,vision,5,12,"[13, 14, 15, 16, 17]",,,,not_applicable,,,unresolved,Positive,Neutral,0.004748439417804562,0.000777125358581543,0.6777842631656101,False,support
07,vision,5,13,"[14, 15, 16, 17, 18]",,,,not_applicable,,,unresolved,Positive,Neutral,0.0073771566912888,0.0015133023262023926,0.6768948432190616,False,support
07,vision,5,14,"[15, 16, 17, 18, 19]",,,,not_applicable,,,unresolved,Positive,Neutral,0.0029223922916261635,0.0003548860549926758,0.67751673938423,False,support
07,vision,5,15,"[16, 17, 18, 19, 20]",,,,not_applicable,,,unresolved,Positive,Neutral,0.0019052062763500466,0.00040078163146972656,0.6775831301245554,False,support
07,vision,5,16,"[17, 18, 19, 20, 21]",,,,not_applicable,,,unresolved,Positive,Neutral,-0.004750604595669117,-0.0018715858459472656,0.6786986590469921,False,oppose
07,vision,5,17,"[18, 19, 20, 21, 22]",,,,not_applicable,,,unresolved,Positive,Neutral,-0.01485110993745109,-0.005717754364013672,0.6807325667163154,False,oppose
07,vision,5,18,"[19, 20, 21, 22, 23]",,,,not_applicable,,,unresolved,Positive,Neutral,-0.023468573178664798,-0.009078741073608398,0.6825354770608416,False,oppose
07,vision,5,19,"[20, 21, 22, 23, 24]",,,,not_applicable,,,unresolved,Positive,Neutral,-0.030334960549187162,-0.01255267858505249,0.6839538083400967,False,oppose
07,vision,5,20,"[21, 22, 23, 24, 25]",,,,not_applicable,,,unresolved,Positive,Neutral,-0.03365164564351053,-0.014192581176757812,0.6846259454798278,False,oppose
07,vision,5,21,"[22, 23, 24, 25, 26]",,,,not_applicable,,,unresolved,Positive,Neutral,-0.039631372824945554,-0.016931533813476562,0.6858073136467325,False,oppose
07,vision,5,22,"[23, 24, 25, 26, 27]",,,,not_applicable,,,unresolved,Positive,Neutral,-0.040184124039998714,-0.01744389533996582,0.6859531709972093,False,oppose
07,vision,5,23,"[24, 25, 26, 27, 28]",,,,not_applicable,,,unresolved,Positive,Neutral,-0.03065513141739795,-0.014168620109558105,0.6841292028370031,False,oppose
07,vision,5,24,"[25, 26, 27, 28, 29]",,,,not_applicable,,,unresolved,Positive,Neutral,-0.02505362710317094,-0.0118485689163208,0.6830260628900147,False,oppose
07,vision,5,25,"[26, 27, 28, 29, 30]",,,,not_applicable,,,unresolved,Positive,Neutral,-0.018113144006276727,-0.008993268013000488,0.6816969450191657,False,oppose
07,vision,5,26,"[27, 28, 29, 30, 31]",,,,not_applicable,,,unresolved,Positive,Neutral,-0.013903467916809076,-0.007224321365356445,0.6809456452520075,False,oppose
07,vision,5,27,"[28, 29, 30, 31, 32]",,,,not_applicable,,,unresolved,Positive,Neutral,-0.01304850986180206,-0.006530880928039551,0.6808163251669526,False,oppose
07,vision,5,28,"[29, 30, 31, 32, 33]",,,,not_applicable,,,unresolved,Positive,Neutral,-0.007255504922257572,-0.0031865835189819336,0.6796458258819743,False,oppose
07,vision,5,29,"[30, 31, 32, 33, 34]",,,,not_applicable,,,unresolved,Positive,Neutral,0.00624561363361309,0.002116084098815918,0.6769078685376426,False,support
07,vision,5,30,"[31, 32, 33, 34, 35]",,,,not_applicable,,,unresolved,Positive,Neutral,0.016277530527050832,0.006049931049346924,0.67479760099922,False,support
07,vision,5,31,"[32, 33, 34, 35, 36]",,,,not_applicable,,,unresolved,Positive,Neutral,0.026703521114297635,0.010167121887207031,0.6727007976550582,False,support
07,vision,5,32,"[33, 34, 35, 36, 37]",,,,not_applicable,,,unresolved,Positive,Neutral,0.041818204455100094,0.0156823992729187,0.6696069031999606,False,support
07,vision,5,33,"[34, 35, 36, 37, 38]",,,,not_applicable,,,unresolved,Positive,Neutral,0.043814689527442496,0.015403270721435547,0.6691164859062186,False,support
07,vision,5,34,"[35, 36, 37, 38, 39]",,,,not_applicable,,,unresolved,Positive,Neutral,0.04751717197260308,0.016925811767578125,0.6684650014526269,True,support
07,vision,5,35,"[36, 37, 38, 39, 40]",,,,not_applicable,,,unresolved,Positive,Neutral,0.055435193651757864,0.01959061622619629,0.6669760465053645,False,support
07,vision,5,36,"[37, 38, 39, 40, 41]",,,,not_applicable,,,unresolved,Positive,Neutral,0.06791963134079348,0.023791909217834473,0.6644807362677878,False,support
07,vision,5,37,"[38, 39, 40, 41, 42]",,,,not_applicable,,,unresolved,Positive,Neutral,0.0714717001499603,0.024377107620239258,0.6636978396261564,True,support
07,vision,5,38,"[39, 40, 41, 42, 43]",,,,not_applicable,,,unresolved,Positive,Neutral,0.07017779984549488,0.02334272861480713,0.6639276098934936,False,support
07,vision,5,39,"[40, 41, 42, 43, 44]",,,,not_applicable,,,unresolved,Positive,Neutral,0.06257771767133002,0.02024155855178833,0.6653393389253789,False,support
07,vision,5,40,"[41, 42, 43, 44, 45]",,,,not_applicable,,,unresolved,Positive,Neutral,0.05466773430918859,0.017359256744384766,0.6668323924055368,True,support
07,vision,5,41,"[42, 43, 44, 45, 46]",,,,not_applicable,,,unresolved,Positive,Neutral,0.041055463961760186,0.012282490730285645,0.669461723780157,False,support
07,vision,5,42,"[43, 44, 45, 46, 47]",,,,not_applicable,,,unresolved,Positive,Neutral,0.03507042773912139,0.01074892282485962,0.6707371138197479,False,support
07,vision,5,43,"[44, 45, 46, 47, 48]",,,,not_applicable,,,unresolved,Positive,Neutral,0.03344209786867958,0.01084214448928833,0.6711237569756539,False,support
08,text,1,0,[1],That,0,4,verified,,,unresolved,Positive,Neutral,0.009548164358578193,0.003914237022399902,0.6160008161515054,False,support
08,text,1,1,[2],brings,5,11,verified,,,unresolved,Positive,Neutral,0.7165071235006871,0.2272125482559204,0.4538354385871525,True,support
08,text,1,2,[3],us,12,14,verified,,,unresolved,Positive,Neutral,-0.02086761671390447,-0.015038549900054932,0.623293313845058,True,oppose
08,text,1,3,[4],to,15,17,verified,,,unresolved,Positive,Neutral,0.12655314722631272,0.04385876655578613,0.5895977386969773,False,support
08,text,1,4,[5],tonight,18,25,verified,,,unresolved,Positive,Neutral,0.2553886034719315,0.09231388568878174,0.5635179827953579,False,support
08,text,1,5,[6],",",25,26,verified,,,unresolved,Positive,Neutral,0.06676715207305983,0.02634286880493164,0.6038191659727554,False,support
08,text,1,6,[7],the,27,30,verified,,,unresolved,Positive,Neutral,0.15540373080731207,0.0578385591506958,0.583513143835518,False,support
08,text,1,7,[8],Universal,31,40,verified,,,unresolved,Positive,Neutral,0.2679794741446785,0.0934985876083374,0.5576230212677384,False,support
08,text,1,8,[9],Design,41,47,verified,,,unresolved,Positive,Neutral,0.25866073841642045,0.09238100051879883,0.561264748105847,False,support
08,text,1,9,[10],Grand,48,53,verified,,,unresolved,Positive,Neutral,0.3885405415437475,0.1293986439704895,0.5312954152319668,False,support
08,text,1,10,[11],Challenge,54,63,verified,,,unresolved,Positive,Neutral,0.5430026254884959,0.1722072958946228,0.49655811093091523,False,support
08,text,3,0,"[1, 2, 3]",That brings us,0,14,verified,,,unresolved,Positive,Neutral,1.0991426063655316,0.32278284430503845,0.3621084919522201,False,support
08,text,3,1,"[2, 3, 4]",brings us to,5,17,verified,,,unresolved,Positive,Neutral,1.1782445918472426,0.3351597785949707,0.34380285806926697,False,support
08,text,3,2,"[3, 4, 5]",us to tonight,12,25,verified,,,unresolved,Positive,Neutral,0.6801659742561608,0.21191376447677612,0.457779470179074,False,support
08,text,3,3,"[4, 5, 6]","to tonight,",15,26,verified,,,unresolved,Positive,Neutral,0.1844833639467005,0.05782485008239746,0.5710835180503977,False,support
08,text,3,4,"[5, 6, 7]","tonight, the",18,30,verified,,,unresolved,Positive,Neutral,0.15854855804758905,0.05722618103027344,0.579381101370249,False,support
08,text,3,5,"[6, 7, 8]",", the Universal",25,40,verified,,,unresolved,Positive,Neutral,0.41634118661844843,0.14624881744384766,0.5187212585301143,False,support
08,text,3,6,"[7, 8, 9]",the Universal Design,27,47,verified,,,unresolved,Positive,Neutral,0.6203850217782606,0.2068626880645752,0.4720507570683364,False,support
08,text,3,7,"[8, 9, 10]",Universal Design Grand,31,53,verified,,,unresolved,Positive,Neutral,0.9733240979769874,0.2929595112800598,0.3908466852898804,False,support
08,text,3,8,"[9, 10, 11]",Design Grand Challenge,41,63,verified,,,unresolved,Positive,Neutral,0.7317013340736994,0.2233070731163025,0.4464434250406554,False,support
08,text,5,0,"[1, 2, 3, 4, 5]",That brings us to tonight,0,25,verified,,,unresolved,Positive,Neutral,1.2408535179729467,0.3639247417449951,0.3230748285250202,False,support
08,text,5,1,"[2, 3, 4, 5, 6]","brings us to tonight,",5,26,verified,,,unresolved,Positive,Neutral,1.2836089234523695,0.37218788266181946,0.31620550260781627,True,support
08,text,5,2,"[3, 4, 5, 6, 7]","us to tonight, the",12,30,verified,,,unresolved,Positive,Neutral,0.7978301883495668,0.25492602586746216,0.4241177170130349,False,support
08,text,5,3,"[4, 5, 6, 7, 8]","to tonight, the Universal",15,40,verified,,,unresolved,Positive,Neutral,0.386282713302574,0.13728779554367065,0.5173574165393802,False,support
08,text,5,4,"[5, 6, 7, 8, 9]","tonight, the Universal Design",18,47,verified,,,unresolved,Positive,Neutral,0.69838015493544,0.23614972829818726,0.44914144432073966,False,support
08,text,5,5,"[6, 7, 8, 9, 10]",", the Universal Design Grand",25,53,verified,,,unresolved,Positive,Neutral,1.0919166891113647,0.3265179395675659,0.35851961085723294,True,support
08,text,5,6,"[7, 8, 9, 10, 11]",the Universal Design Grand Challenge,27,63,verified,,,unresolved,Positive,Neutral,1.0377107449222216,0.31596261262893677,0.36758315223915555,False,support
08,audio,1,0,[1],,,,not_applicable,,,unresolved,Positive,Neutral,-0.02558048253256462,-0.009991765022277832,0.6254722490561253,False,oppose
08,audio,1,1,[2],,,,not_applicable,,,unresolved,Positive,Neutral,-0.1133290354620855,-0.04295849800109863,0.6445173029845531,False,oppose
08,audio,1,2,[3],,,,not_applicable,,,unresolved,Positive,Neutral,-0.0662522117992499,-0.025201857089996338,0.6341833470843626,False,oppose
08,audio,1,3,[4],,,,not_applicable,,,unresolved,Positive,Neutral,-0.06567472270744135,-0.022598981857299805,0.6348295176957537,False,oppose
08,audio,1,4,[5],,,,not_applicable,,,unresolved,Positive,Neutral,-0.12668851745716947,-0.04718291759490967,0.647403882346624,False,oppose
08,audio,1,5,[6],,,,not_applicable,,,unresolved,Positive,Neutral,-0.05084500812514392,-0.0205385684967041,0.6312293362845021,False,oppose
08,audio,1,6,[7],,,,not_applicable,,,unresolved,Positive,Neutral,-0.06801873808399395,-0.02510511875152588,0.6350906798338429,False,oppose
08,audio,1,7,[8],,,,not_applicable,,,unresolved,Positive,Neutral,-0.07783584554915102,-0.032802700996398926,0.6368961390682023,False,oppose
08,audio,1,8,[9],,,,not_applicable,,,unresolved,Positive,Neutral,-0.058487743383798474,-0.02663731575012207,0.6328209495484947,False,oppose
08,audio,1,9,[10],,,,not_applicable,,,unresolved,Positive,Neutral,-0.08464839672802349,-0.029279649257659912,0.6391535109647674,False,oppose
08,audio,1,10,[11],,,,not_applicable,,,unresolved,Positive,Neutral,-0.02790983314981399,-0.01058351993560791,0.6267727923916624,False,oppose
08,audio,3,0,"[1, 2, 3]",,,,not_applicable,,,unresolved,Positive,Neutral,-0.20320103457765404,-0.07879418134689331,0.6623223697187495,False,oppose
08,audio,3,1,"[2, 3, 4]",,,,not_applicable,,,unresolved,Positive,Neutral,-0.23968181172636482,-0.09199655055999756,0.6703769154319487,False,oppose
08,audio,3,2,"[3, 4, 5]",,,,not_applicable,,,unresolved,Positive,Neutral,-0.25312098923384774,-0.09651827812194824,0.6731322760211255,False,oppose
08,audio,3,3,"[4, 5, 6]",,,,not_applicable,,,unresolved,Positive,Neutral,-0.23991198939526814,-0.0925145149230957,0.6707718837362959,False,oppose
08,audio,3,4,"[5, 6, 7]",,,,not_applicable,,,unresolved,Positive,Neutral,-0.24315008025917306,-0.09580802917480469,0.6711600860960923,False,oppose
08,audio,3,5,"[6, 7, 8]",,,,not_applicable,,,unresolved,Positive,Neutral,-0.19874990421392136,-0.08255064487457275,0.6619275665627513,False,oppose
08,audio,3,6,"[7, 8, 9]",,,,not_applicable,,,unresolved,Positive,Neutral,-0.20641209466937527,-0.0889972448348999,0.6634391006068813,False,oppose
08,audio,3,7,"[8, 9, 10]",,,,not_applicable,,,unresolved,Positive,Neutral,-0.22140122351677438,-0.09245097637176514,0.6671069042476312,False,oppose
08,audio,3,8,"[9, 10, 11]",,,,not_applicable,,,unresolved,Positive,Neutral,-0.1710747461892006,-0.06850934028625488,0.6575064445193846,True,oppose
08,audio,5,0,"[1, 2, 3, 4, 5]",,,,not_applicable,,,unresolved,Positive,Neutral,-0.37766940242025093,-0.14833998680114746,0.6966513971502405,False,oppose
08,audio,5,1,"[2, 3, 4, 5, 6]",,,,not_applicable,,,unresolved,Positive,Neutral,-0.4001623688804621,-0.16088485717773438,0.7011377331269738,True,oppose
08,audio,5,2,"[3, 4, 5, 6, 7]",,,,not_applicable,,,unresolved,Positive,Neutral,-0.3752205502686454,-0.1498621702194214,0.6964692666971691,False,oppose
08,audio,5,3,"[4, 5, 6, 7, 8]",,,,not_applicable,,,unresolved,Positive,Neutral,-0.3860219193421699,-0.15877926349639893,0.6985474375426192,False,oppose
08,audio,5,4,"[5, 6, 7, 8, 9]",,,,not_applicable,,,unresolved,Positive,Neutral,-0.3819139242520977,-0.16394156217575073,0.6973392242955385,True,oppose
08,audio,5,5,"[6, 7, 8, 9, 10]",,,,not_applicable,,,unresolved,Positive,Neutral,-0.3463194475144058,-0.14701062440872192,0.6912404968314856,False,oppose
08,audio,5,6,"[7, 8, 9, 10, 11]",,,,not_applicable,,,unresolved,Positive,Neutral,-0.32241877744351255,-0.13509756326675415,0.687238168771039,False,oppose
08,vision,1,0,[1],,,,not_applicable,,,unresolved,Positive,Neutral,-0.08559078310134849,-0.02954578399658203,0.6399655216005674,False,oppose
08,vision,1,1,[2],,,,not_applicable,,,unresolved,Positive,Neutral,-0.0669807191454096,-0.02337014675140381,0.6358619082098577,False,oppose
08,vision,1,2,[3],,,,not_applicable,,,unresolved,Positive,Neutral,-0.07590944664776123,-0.027833104133605957,0.6378048846707485,False,oppose
08,vision,1,3,[4],,,,not_applicable,,,unresolved,Positive,Neutral,-0.07320695159003243,-0.025172710418701172,0.6374094352362739,False,oppose
08,vision,1,4,[5],,,,not_applicable,,,unresolved,Positive,Neutral,-0.06966652743320967,-0.023473501205444336,0.6367554365702202,False,oppose
08,vision,1,5,[6],,,,not_applicable,,,unresolved,Positive,Neutral,-0.08640762446217887,-0.030219435691833496,0.6403033444007064,False,oppose
08,vision,1,6,[7],,,,not_applicable,,,unresolved,Positive,Neutral,-0.0826866893436411,-0.028773963451385498,0.6394769064028356,False,oppose
08,vision,1,7,[8],,,,not_applicable,,,unresolved,Positive,Neutral,-0.07402199251008756,-0.025072693824768066,0.6374250615040993,False,oppose
08,vision,1,8,[9],,,,not_applicable,,,unresolved,Positive,Neutral,-0.07202805710846172,-0.024431586265563965,0.6368614412719287,False,oppose
08,vision,1,9,[10],,,,not_applicable,,,unresolved,Positive,Neutral,-0.06484110965742684,-0.02158147096633911,0.6352242530943537,False,oppose
08,vision,1,10,[11],,,,not_applicable,,,unresolved,Positive,Neutral,-0.06165395978553345,-0.02123039960861206,0.6342432358149984,False,oppose
08,vision,3,0,"[1, 2, 3]",,,,not_applicable,,,unresolved,Positive,Neutral,-0.2297209115310248,-0.08361667394638062,0.6722827731255722,True,oppose
08,vision,3,1,"[2, 3, 4]",,,,not_applicable,,,unresolved,Positive,Neutral,-0.2205741786091575,-0.08022058010101318,0.6704845204573607,False,oppose
08,vision,3,2,"[3, 4, 5]",,,,not_applicable,,,unresolved,Positive,Neutral,-0.22451864470088312,-0.08056318759918213,0.6716133333305165,False,oppose
08,vision,3,3,"[4, 5, 6]",,,,not_applicable,,,unresolved,Positive,Neutral,-0.23362058088492188,-0.08233082294464111,0.6736924795752673,False,oppose
08,vision,3,4,"[5, 6, 7]",,,,not_applicable,,,unresolved,Positive,Neutral,-0.24444394309304096,-0.08675044775009155,0.6759204934709593,False,oppose
08,vision,3,5,"[6, 7, 8]",,,,not_applicable,,,unresolved,Positive,Neutral,-0.25102004862452043,-0.0895012617111206,0.6769590983976246,False,oppose
08,vision,3,6,"[7, 8, 9]",,,,not_applicable,,,unresolved,Positive,Neutral,-0.2368478094571953,-0.08356761932373047,0.6737156638030248,False,oppose
08,vision,3,7,"[8, 9, 10]",,,,not_applicable,,,unresolved,Positive,Neutral,-0.21751582566686456,-0.07545745372772217,0.6693389645580521,False,oppose
08,vision,3,8,"[9, 10, 11]",,,,not_applicable,,,unresolved,Positive,Neutral,-0.20563065151122428,-0.07202166318893433,0.666397223254829,False,oppose
08,vision,5,0,"[1, 2, 3, 4, 5]",,,,not_applicable,,,unresolved,Positive,Neutral,-0.3785607963331734,-0.13963532447814941,0.7043710849188992,False,oppose
08,vision,5,1,"[2, 3, 4, 5, 6]",,,,not_applicable,,,unresolved,Positive,Neutral,-0.38245727739350754,-0.1414947509765625,0.7052570344491792,False,oppose
08,vision,5,2,"[3, 4, 5, 6, 7]",,,,not_applicable,,,unresolved,Positive,Neutral,-0.40882376971719925,-0.15214037895202637,0.710483158744333,True,oppose
08,vision,5,3,"[4, 5, 6, 7, 8]",,,,not_applicable,,,unresolved,Positive,Neutral,-0.40635309684148324,-0.14846432209014893,0.7099638117759604,False,oppose
08,vision,5,4,"[5, 6, 7, 8, 9]",,,,not_applicable,,,unresolved,Positive,Neutral,-0.4032594475053093,-0.14707863330841064,0.709083561283996,False,oppose
08,vision,5,5,"[6, 7, 8, 9, 10]",,,,not_applicable,,,unresolved,Positive,Neutral,-0.40385290319931255,-0.1478595733642578,0.7086519548797714,True,oppose
08,vision,5,6,"[7, 8, 9, 10, 11]",,,,not_applicable,,,unresolved,Positive,Neutral,-0.38213347248552365,-0.14001238346099854,0.7037911520435535,False,oppose
09,text,1,0,[1],(,0,1,verified,,,unresolved,Negative,Positive,0.04463305222910208,-0.042845726013183594,0.9263780236267036,False,support
09,text,1,1,"[2, 3]",uhh,1,4,verified,,,unresolved,Negative,Positive,0.08297060839709891,-0.08197128772735596,0.9248446736891351,False,support
09,text,1,2,[4],),4,5,verified,,,unresolved,Negative,Positive,0.03586135728371875,-0.053853750228881836,0.9270568190829941,False,support
09,text,1,3,[5],I,6,7,verified,,,unresolved,Negative,Positive,0.04789581622646022,-0.05988609790802002,0.9264721256449151,False,support
09,text,1,4,[6],did,8,11,verified,,,unresolved,Negative,Positive,0.03852393323628478,-0.05121481418609619,0.9267148870860319,False,support
09,text,1,5,[7],not,12,15,verified,,,unresolved,Negative,Positive,0.1648205848502866,-0.17198622226715088,0.9211720048141642,False,support
09,text,1,6,[8],like,16,20,verified,,,unresolved,Negative,Positive,-0.029656126465331223,-0.010354876518249512,0.9293057879174577,True,oppose
09,text,1,7,[9],this,21,25,verified,,,unresolved,Negative,Positive,-0.021994233320964174,-0.002985835075378418,0.9289071513473763,False,oppose
09,text,1,8,[10],movie,26,31,verified,,,unresolved,Negative,Positive,0.086871747349349,-0.09999966621398926,0.9248090152759375,False,support
09,text,1,9,[11],at,32,34,verified,,,unresolved,Negative,Positive,-0.012739045577019326,-0.010088086128234863,0.9287576905387459,False,oppose
09,text,1,10,[12],all,35,38,verified,,,unresolved,Negative,Positive,-0.04269250888426823,0.0015473365783691406,0.9299071030537835,True,oppose
09,text,1,11,[13],",",38,39,verified,,,unresolved,Negative,Positive,0.010919687227067154,-0.004130363464355469,0.9276492305586904,False,support
09,text,1,12,[14],I,40,41,verified,,,unresolved,Negative,Positive,0.026433898966906177,-0.03449118137359619,0.927286907160738,False,support
09,text,1,13,[15],would,42,47,verified,,,unresolved,Negative,Positive,0.000994738300874598,-0.025145292282104492,0.9281831780520347,False,support
09,text,1,14,[16],not,48,51,verified,,,unresolved,Negative,Positive,0.06505382240474278,-0.08304727077484131,0.9256701874108865,False,support
09,text,1,15,[17],recommend,52,61,verified,,,unresolved,Negative,Positive,-0.04639032646652286,0.004978299140930176,0.9299396439681644,True,oppose
09,text,1,16,[18],it,62,64,verified,,,unresolved,Negative,Positive,0.051098794827983074,-0.05693674087524414,0.926282647733225,False,support
09,text,3,0,"[1, 2, 3, 4]",(uhh),0,5,verified,,,unresolved,Negative,Positive,0.11842930007904107,-0.11297762393951416,0.9234400989149026,False,support
09,text,3,1,"[2, 3, 4, 5]",uhh) I,1,7,verified,,,unresolved,Negative,Positive,0.1844512720131104,-0.21821391582489014,0.9207443908163231,False,support
09,text,3,2,"[4, 5, 6]",) I did,4,11,verified,,,unresolved,Negative,Positive,0.08857670682504981,-0.13354849815368652,0.9252230822206401,False,support
09,text,3,3,"[5, 6, 7]",I did not,6,15,verified,,,unresolved,Negative,Positive,0.11082279588965882,-0.1730583906173706,0.924057949867471,False,support
09,text,3,4,"[6, 7, 8]",did not like,8,20,verified,,,unresolved,Negative,Positive,0.0770938359127471,-0.1614471673965454,0.9255965839171089,False,support
09,text,3,5,"[7, 8, 9]",not like this,12,25,verified,,,unresolved,Negative,Positive,0.06543862176336024,-0.14317142963409424,0.9258321022832281,False,support
09,text,3,6,"[8, 9, 10]",like this movie,16,31,verified,,,unresolved,Negative,Positive,0.23404419457682168,-0.2597520351409912,0.9178409032515376,False,support
09,text,3,7,"[9, 10, 11]",this movie at,21,34,verified,,,unresolved,Negative,Positive,0.1411613302091701,-0.18331825733184814,0.9226227677964881,False,support
09,text,3,8,"[10, 11, 12]",movie at all,26,38,verified,,,unresolved,Negative,Positive,0.09185083924981408,-0.13213586807250977,0.9249295369179801,False,support
09,text,3,9,"[11, 12, 13]","at all,",32,39,verified,,,unresolved,Negative,Positive,0.011168179660943078,-0.03856790065765381,0.928196354699325,False,support
09,text,3,10,"[12, 13, 14]","all, I",35,41,verified,,,unresolved,Negative,Positive,0.012961624908446545,-0.047747015953063965,0.9281081400291884,False,support
09,text,3,11,"[13, 14, 15]",", I would",38,47,verified,,,unresolved,Negative,Positive,0.03450047393215172,-0.051553964614868164,0.9272567824737096,False,support
09,text,3,12,"[14, 15, 16]",I would not,40,51,verified,,,unresolved,Negative,Positive,0.08164568177887865,-0.10003054141998291,0.9254014472753174,False,support
09,text,3,13,"[15, 16, 17]",would not recommend,42,61,verified,,,unresolved,Negative,Positive,-0.046277417049954916,-0.03998410701751709,0.9304099942070597,False,oppose
09,text,3,14,"[16, 17, 18]",not recommend it,48,64,verified,,,unresolved,Negative,Positive,0.0452853646468494,-0.1026076078414917,0.9267596561830921,False,support
09,text,5,0,"[1, 2, 3, 4, 5, 6]",(uhh) I did,0,11,verified,,,unresolved,Negative,Positive,0.21836740809175925,-0.23798108100891113,0.919076141547775,False,support
09,text,5,1,"[2, 3, 4, 5, 6, 7]",uhh) I did not,1,15,verified,,,unresolved,Negative,Positive,0.2579041625573213,-0.3373783826828003,0.9167127045981123,True,support
09,text,5,2,"[4, 5, 6, 7, 8]",) I did not like,4,20,verified,,,unresolved,Negative,Positive,0.14432235885468048,-0.2470177412033081,0.9225548395429134,False,support
09,text,5,3,"[5, 6, 7, 8, 9]",I did not like this,6,25,verified,,,unresolved,Negative,Positive,0.10773829786523947,-0.19065093994140625,0.9242321942089697,False,support
09,text,5,4,"[6, 7, 8, 9, 10]",did not like this movie,8,31,verified,,,unresolved,Negative,Positive,0.3678430694991137,-0.4299818277359009,0.910286821807226,False,support
09,text,5,5,"[7, 8, 9, 10, 11]",not like this movie at,12,34,verified,,,unresolved,Negative,Positive,0.4892244045115026,-0.5286983251571655,0.9024565710378478,True,support
09,text,5,6,"[8, 9, 10, 11, 12]",like this movie at all,16,38,verified,,,unresolved,Negative,Positive,0.20753104222010466,-0.2807124853134155,0.9191938641030916,False,support
09,text,5,7,"[9, 10, 11, 12, 13]","this movie at all,",21,39,verified,,,unresolved,Negative,Positive,0.1776145233958224,-0.21177315711975098,0.9208825910321017,False,support
09,text,5,8,"[10, 11, 12, 13, 14]","movie at all, I",26,41,verified,,,unresolved,Negative,Positive,0.1873730587039799,-0.23315489292144775,0.9205532302049738,True,support
09,text,5,9,"[11, 12, 13, 14, 15]","at all, I would",32,47,verified,,,unresolved,Negative,Positive,0.05254087553137943,-0.09567201137542725,0.9267832192228045,False,support
09,text,5,10,"[12, 13, 14, 15, 16]","all, I would not",35,51,verified,,,unresolved,Negative,Positive,0.04140471604463558,-0.10808396339416504,0.9271755591920685,False,support
09,text,5,11,"[13, 14, 15, 16, 17]",", I would not recommend",38,61,verified,,,unresolved,Negative,Positive,0.013702755735570893,-0.09847497940063477,0.9281418999712452,False,support
09,text,5,12,"[14, 15, 16, 17, 18]",I would not recommend it,40,64,verified,,,unresolved,Negative,Positive,0.047036124797849244,-0.12547993659973145,0.9269515859434976,False,support
09,audio,1,0,[1],,,,not_applicable,,,unresolved,Negative,Positive,-0.015431899277479566,0.018674254417419434,0.9284411014430297,False,oppose
09,audio,1,1,[2],,,,not_applicable,,,unresolved,Negative,Positive,-0.012240026973951323,0.019160866737365723,0.9282879033955825,False,oppose
09,audio,1,2,[3],,,,not_applicable,,,unresolved,Negative,Positive,-0.013465647561343719,0.01955413818359375,0.9283459075363126,False,oppose
09,audio,1,3,[4],,,,not_applicable,,,unresolved,Negative,Positive,-0.012350550507717717,0.018101930618286133,0.9283295736213143,False,oppose
09,audio,1,4,[5],,,,not_applicable,,,unresolved,Negative,Positive,-0.010812298933801312,0.020022034645080566,0.9282257826703603,False,oppose
09,audio,1,5,[6],,,,not_applicable,,,unresolved,Negative,Positive,-0.010322479778355653,0.01677846908569336,0.928285272652004,False,oppose
09,audio,1,6,[7],,,,not_applicable,,,unresolved,Negative,Positive,-0.015861871991811327,0.017112135887145996,0.9285018974344041,False,oppose
09,audio,1,7,[8],,,,not_applicable,,,unresolved,Negative,Positive,-0.012163388920143348,0.016121506690979004,0.9283363178536251,False,oppose
09,audio,1,8,[9],,,,not_applicable,,,unresolved,Negative,Positive,-0.017005533775166004,0.023327231407165527,0.9285156185102237,False,oppose
09,audio,1,9,[10],,,,not_applicable,,,unresolved,Negative,Positive,-0.019971041179682292,0.023846983909606934,0.9286179037424361,False,oppose
09,audio,1,10,[11],,,,not_applicable,,,unresolved,Negative,Positive,-0.013938926859416334,0.01800525188446045,0.9284446450743533,False,oppose
09,audio,1,11,[12],,,,not_applicable,,,unresolved,Negative,Positive,-0.0188387633224818,0.024038314819335938,0.9286160039159527,False,oppose
09,audio,1,12,[13],,,,not_applicable,,,unresolved,Negative,Positive,-0.020925780113696835,0.026102185249328613,0.9286695046825529,False,oppose
09,audio,1,13,[14],,,,not_applicable,,,unresolved,Negative,Positive,-0.017394397210188206,0.025431156158447266,0.9285201705478213,False,oppose
09,audio,1,14,[15],,,,not_applicable,,,unresolved,Negative,Positive,-0.020622095069260826,0.026928186416625977,0.9287144869029131,False,oppose
09,audio,1,15,[16],,,,not_applicable,,,unresolved,Negative,Positive,-0.01223713844958052,0.019722461700439453,0.9283786107507955,False,oppose
09,audio,1,16,[17],,,,not_applicable,,,unresolved,Negative,Positive,-0.007396990723194552,0.015849947929382324,0.9281382101911541,False,oppose
09,audio,1,17,[18],,,,not_applicable,,,unresolved,Negative,Positive,-0.01290251599149661,0.018224000930786133,0.9283779825796774,False,oppose
09,audio,3,0,"[1, 2, 3]",,,,not_applicable,,,unresolved,Negative,Positive,-0.03503232242848053,0.05256974697113037,0.9287839708076902,False,oppose
09,audio,3,1,"[2, 3, 4]",,,,not_applicable,,,unresolved,Negative,Positive,-0.03213600970277186,0.051921963691711426,0.928682409762138,False,oppose
09,audio,3,2,"[3, 4, 5]",,,,not_applicable,,,unresolved,Negative,Positive,-0.030450197132989132,0.052597880363464355,0.9286042825473807,False,oppose
09,audio,3,3,"[4, 5, 6]",,,,not_applicable,,,unresolved,Negative,Positive,-0.027546491932088024,0.05000913143157959,0.928555192286479,False,oppose
09,audio,3,4,"[5, 6, 7]",,,,not_applicable,,,unresolved,Negative,Positive,-0.03066647754550722,0.049060940742492676,0.9286981903251811,False,oppose
09,audio,3,5,"[6, 7, 8]",,,,not_applicable,,,unresolved,Negative,Positive,-0.032774586856655574,0.04589402675628662,0.9288380123371314,False,oppose
09,audio,3,6,"[7, 8, 9]",,,,not_applicable,,,unresolved,Negative,Positive,-0.03889737366616197,0.051856040954589844,0.9290377335280396,False,oppose
09,audio,3,7,"[8, 9, 10]",,,,not_applicable,,,unresolved,Negative,Positive,-0.04275522464578074,0.05802750587463379,0.9291494026668407,False,oppose
09,audio,3,8,"[9, 10, 11]",,,,not_applicable,,,unresolved,Negative,Positive,-0.0443669014325887,0.059874892234802246,0.9292520495278211,False,oppose
09,audio,3,9,"[10, 11, 12]",,,,not_applicable,,,unresolved,Negative,Positive,-0.046345016614750545,0.06096625328063965,0.9293544695498197,False,oppose
09,audio,3,10,"[11, 12, 13]",,,,not_applicable,,,unresolved,Negative,Positive,-0.04675602568710824,0.06288623809814453,0.9293667914338053,False,oppose
09,audio,3,11,"[12, 13, 14]",,,,not_applicable,,,unresolved,Negative,Positive,-0.04871823942546838,0.06894087791442871,0.9293614399579123,False,oppose
09,audio,3,12,"[13, 14, 15]",,,,not_applicable,,,unresolved,Negative,Positive,-0.0494364136527734,0.07093918323516846,0.9293995874808874,False,oppose
09,audio,3,13,"[14, 15, 16]",,,,not_applicable,,,unresolved,Negative,Positive,-0.04097563404116844,0.06468427181243896,0.9291249017114334,False,oppose
09,audio,3,14,"[15, 16, 17]",,,,not_applicable,,,unresolved,Negative,Positive,-0.03237777588788049,0.05629003047943115,0.9288079506880359,False,oppose
09,audio,3,15,"[16, 17, 18]",,,,not_applicable,,,unresolved,Negative,Positive,-0.02604782068922873,0.048630714416503906,0.928537929551342,False,oppose
09,audio,5,0,"[1, 2, 3, 4, 5]",,,,not_applicable,,,unresolved,Negative,Positive,-0.04469740288325719,0.07963371276855469,0.9285874500344501,False,oppose
09,audio,5,1,"[2, 3, 4, 5, 6]",,,,not_applicable,,,unresolved,Negative,Positive,-0.04004991953944392,0.07764160633087158,0.928453734862782,False,oppose
09,audio,5,2,"[3, 4, 5, 6, 7]",,,,not_applicable,,,unresolved,Negative,Positive,-0.04319508831361807,0.07616102695465088,0.9286315416234007,False,oppose
09,audio,5,3,"[4, 5, 6, 7, 8]",,,,not_applicable,,,unresolved,Negative,Positive,-0.0429116752423373,0.07357323169708252,0.928657199635265,False,oppose
09,audio,5,4,"[5, 6, 7, 8, 9]",,,,not_applicable,,,unresolved,Negative,Positive,-0.046537494308111604,0.07771062850952148,0.928780224090027,False,oppose
09,audio,5,5,"[6, 7, 8, 9, 10]",,,,not_applicable,,,unresolved,Negative,Positive,-0.055311239581187,0.08146309852600098,0.9291499802209661,True,oppose
09,audio,5,6,"[7, 8, 9, 10, 11]",,,,not_applicable,,,unresolved,Negative,Positive,-0.059177986236639946,0.08310294151306152,0.9293122045049526,False,oppose
09,audio,5,7,"[8, 9, 10, 11, 12]",,,,not_applicable,,,unresolved,Negative,Positive,-0.06167372063732568,0.08928132057189941,0.9294083625387632,False,oppose
09,audio,5,8,"[9, 10, 11, 12, 13]",,,,not_applicable,,,unresolved,Negative,Positive,-0.067707392895755,0.09710431098937988,0.9295953031959139,True,oppose
09,audio,5,9,"[10, 11, 12, 13, 14]",,,,not_applicable,,,unresolved,Negative,Positive,-0.06742152292968173,0.09883677959442139,0.9295484032148714,False,oppose
09,audio,5,10,"[11, 12, 13, 14, 15]",,,,not_applicable,,,unresolved,Negative,Positive,-0.06598396615697544,0.1004648208618164,0.9295198896416931,False,oppose
09,audio,5,11,"[12, 13, 14, 15, 16]",,,,not_applicable,,,unresolved,Negative,Positive,-0.06220324138468536,0.10031485557556152,0.9293455595190261,True,oppose
09,audio,5,12,"[13, 14, 15, 16, 17]",,,,not_applicable,,,unresolved,Negative,Positive,-0.05227046497307608,0.09305751323699951,0.9289311301334765,False,oppose
09,audio,5,13,"[14, 15, 16, 17, 18]",,,,not_applicable,,,unresolved,Negative,Positive,-0.046038950009313684,0.08668363094329834,0.9287169846980031,False,oppose
09,vision,1,0,[1],,,,not_applicable,,,unresolved,Negative,Positive,0.0014561032143478592,0.005379796028137207,0.9277384994443006,False,support
09,vision,1,1,[2],,,,not_applicable,,,unresolved,Negative,Positive,0.003345346359130197,0.003083348274230957,0.9277069548839983,False,support
09,vision,1,2,[3],,,,not_applicable,,,unresolved,Negative,Positive,0.003606726874247901,0.0034346580505371094,0.9276902383615754,False,support
09,vision,1,3,[4],,,,not_applicable,,,unresolved,Negative,Positive,0.004161247163245729,0.002424955368041992,0.927669831490694,False,support
09,vision,1,4,[5],,,,not_applicable,,,unresolved,Negative,Positive,0.004199782757332127,0.0008029937744140625,0.9276900690721113,False,support
09,vision,1,5,[6],,,,not_applicable,,,unresolved,Negative,Positive,0.004854403113265793,-0.0009709596633911133,0.9276632283523818,False,support
09,vision,1,6,[7],,,,not_applicable,,,unresolved,Negative,Positive,0.003945731562251087,0.0005124807357788086,0.9276500726475315,False,support
09,vision,1,7,[8],,,,not_applicable,,,unresolved,Negative,Positive,0.0028330152755557947,0.0026360750198364258,0.9276824900257126,False,support
09,vision,1,8,[9],,,,not_applicable,,,unresolved,Negative,Positive,0.0034385981747910854,0.001047968864440918,0.9276842071804616,False,support
09,vision,1,9,[10],,,,not_applicable,,,unresolved,Negative,Positive,0.0026166961425797552,0.0020946264266967773,0.927721462559988,False,support
09,vision,1,10,[11],,,,not_applicable,,,unresolved,Negative,Positive,0.0041930259574249895,-0.0006672143936157227,0.9276656537725594,False,support
09,vision,1,11,[12],,,,not_applicable,,,unresolved,Negative,Positive,0.004519387746979575,-0.0028821229934692383,0.9276585985865438,False,support
09,vision,1,12,[13],,,,not_applicable,,,unresolved,Negative,Positive,0.0053561785550217955,-0.004015564918518066,0.9276435043459601,False,support
09,vision,1,13,[14],,,,not_applicable,,,unresolved,Negative,Positive,0.005727404206569364,-0.0069408416748046875,0.927630933330742,False,support
09,vision,1,14,[15],,,,not_applicable,,,unresolved,Negative,Positive,0.006302027417151912,-0.008332133293151855,0.9275946262361571,False,support
09,vision,1,15,[16],,,,not_applicable,,,unresolved,Negative,Positive,0.0059095710993126715,-0.005840897560119629,0.9276004913016124,False,support
09,vision,1,16,[17],,,,not_applicable,,,unresolved,Negative,Positive,0.0017298517772741384,-0.0002459287643432617,0.9277367949216196,False,support
09,vision,1,17,[18],,,,not_applicable,,,unresolved,Negative,Positive,-0.0007668520183119476,0.0028895139694213867,0.9278409793909892,True,oppose
09,vision,3,0,"[1, 2, 3]",,,,not_applicable,,,unresolved,Negative,Positive,0.010411567844069936,0.01086270809173584,0.9270910961119122,False,support
09,vision,3,1,"[2, 3, 4]",,,,not_applicable,,,unresolved,Negative,Positive,0.013103181205166958,0.007851004600524902,0.9270230130519891,False,support
09,vision,3,2,"[3, 4, 5]",,,,not_applicable,,,unresolved,Negative,Positive,0.013994066002334993,0.005485177040100098,0.9270008645354618,False,support
09,vision,3,3,"[4, 5, 6]",,,,not_applicable,,,unresolved,Negative,Positive,0.01522680784233632,0.0007944107055664062,0.9269733171293415,False,support
09,vision,3,4,"[5, 6, 7]",,,,not_applicable,,,unresolved,Negative,Positive,0.015371730014988039,-0.0015805959701538086,0.9269290832929503,False,support
09,vision,3,5,"[6, 7, 8]",,,,not_applicable,,,unresolved,Negative,Positive,0.013736589162155699,0.0005458593368530273,0.9269258703732695,False,support
09,vision,3,6,"[7, 8, 9]",,,,not_applicable,,,unresolved,Negative,Positive,0.012493963876445857,0.0024677515029907227,0.926934356955576,False,support
09,vision,3,7,"[8, 9, 10]",,,,not_applicable,,,unresolved,Negative,Positive,0.011036847794724025,0.004236936569213867,0.9270182743428936,False,support
09,vision,3,8,"[9, 10, 11]",,,,not_applicable,,,unresolved,Negative,Positive,0.012525956272872119,0.0008462667465209961,0.9269965854070312,False,support
09,vision,3,9,"[10, 11, 12]",,,,not_applicable,,,unresolved,Negative,Positive,0.013364574275002816,-0.00304567813873291,0.9269814880059803,False,support
09,vision,3,10,"[11, 12, 13]",,,,not_applicable,,,unresolved,Negative,Positive,0.016171792277467123,-0.009528279304504395,0.9268993275581513,False,support
09,vision,3,11,"[12, 13, 14]",,,,not_applicable,,,unresolved,Negative,Positive,0.018202660013432848,-0.016565799713134766,0.9268354676721546,False,support
09,vision,3,12,"[13, 14, 15]",,,,not_applicable,,,unresolved,Negative,Positive,0.020649369672946172,-0.02287447452545166,0.9267377057717967,False,support
09,vision,3,13,"[14, 15, 16]",,,,not_applicable,,,unresolved,Negative,Positive,0.021805594283926144,-0.025156855583190918,0.9266570435206537,False,support
09,vision,3,14,"[15, 16, 17]",,,,not_applicable,,,unresolved,Negative,Positive,0.017085984310121205,-0.017510414123535156,0.9267978732550134,False,support
09,vision,3,15,"[16, 17, 18]",,,,not_applicable,,,unresolved,Negative,Positive,0.009453790050692135,-0.0055086612701416016,0.9270734366883302,False,support
09,vision,5,0,"[1, 2, 3, 4, 5]",,,,not_applicable,,,unresolved,Negative,Positive,0.023889072171576764,0.011217832565307617,0.9261750381809685,False,support
09,vision,5,1,"[2, 3, 4, 5, 6]",,,,not_applicable,,,unresolved,Negative,Positive,0.02728948340229609,0.004445552825927734,0.9260982201599011,False,support
09,vision,5,2,"[3, 4, 5, 6, 7]",,,,not_applicable,,,unresolved,Negative,Positive,0.028666737269592346,0.0008903741836547852,0.9259834801924376,True,support
09,vision,5,3,"[4, 5, 6, 7, 8]",,,,not_applicable,,,unresolved,Negative,Positive,0.027608016878472696,-0.00013172626495361328,0.9259692903611181,False,support
09,vision,5,4,"[5, 6, 7, 8, 9]",,,,not_applicable,,,unresolved,Negative,Positive,0.027269795310533862,-0.001950383186340332,0.9259525609237466,False,support
09,vision,5,5,"[6, 7, 8, 9, 10]",,,,not_applicable,,,unresolved,Negative,Positive,0.025710495456187754,-0.0003895759582519531,0.9259771666246664,False,support
09,vision,5,6,"[7, 8, 9, 10, 11]",,,,not_applicable,,,unresolved,Negative,Positive,0.025220238341980394,-0.0002504587173461914,0.9259600067875784,False,support
09,vision,5,7,"[8, 9, 10, 11, 12]",,,,not_applicable,,,unresolved,Negative,Positive,0.02514022664390181,-0.0034627914428710938,0.926010070646781,False,support
09,vision,5,8,"[9, 10, 11, 12, 13]",,,,not_applicable,,,unresolved,Negative,Positive,0.028226753179866115,-0.01089942455291748,0.9259477846512582,True,support
09,vision,5,9,"[10, 11, 12, 13, 14]",,,,not_applicable,,,unresolved,Negative,Positive,0.03118264207226984,-0.020106196403503418,0.9258468719166628,False,support
09,vision,5,10,"[11, 12, 13, 14, 15]",,,,not_applicable,,,unresolved,Negative,Positive,0.036119607542599574,-0.03274977207183838,0.9256440672005513,False,support
09,vision,5,11,"[12, 13, 14, 15, 16]",,,,not_applicable,,,unresolved,Negative,Positive,0.03948988043579682,-0.03964793682098389,0.9254799967970455,True,support
09,vision,5,12,"[13, 14, 15, 16, 17]",,,,not_applicable,,,unresolved,Negative,Positive,0.03658332500733863,-0.036820054054260254,0.9255574225314627,False,support
09,vision,5,13,"[14, 15, 16, 17, 18]",,,,not_applicable,,,unresolved,Negative,Positive,0.029822962777135142,-0.02911972999572754,0.9257800651521412,False,support
10,text,1,0,[1],(,0,1,verified,,,unresolved,Negative,Positive,0.05602832104586275,-0.038269877433776855,0.9155987497557974,False,support
10,text,1,1,[2],umm,1,4,verified,,,unresolved,Negative,Positive,0.061894257592165935,-0.04245603084564209,0.9150871132223235,False,support
10,text,1,2,[3],),4,5,verified,,,unresolved,Negative,Positive,-0.02098982540737282,0.017577290534973145,0.9193645846708359,False,oppose
10,text,1,3,[4],And,6,9,verified,,,unresolved,Negative,Positive,-0.02578217328834098,0.027628779411315918,0.9195487775356755,False,oppose
10,text,1,4,[5],you,10,13,verified,,,unresolved,Negative,Positive,0.03186623503418362,-0.02748572826385498,0.9166461448798489,False,support
10,text,1,5,[6],know,14,18,verified,,,unresolved,Negative,Positive,0.08781014882893645,-0.0564800500869751,0.9139211457413954,False,support
10,text,1,6,[7],I,19,20,verified,,,unresolved,Negative,Positive,-0.04111079938896234,0.03968846797943115,0.920467695708668,False,oppose
10,text,1,7,[8],really,21,27,verified,,,unresolved,Negative,Positive,-0.030467857982445334,0.011014461517333984,0.919760952298721,False,oppose
10,text,1,8,[9],do,28,30,verified,,,unresolved,Negative,Positive,0.015710849319521714,-0.014376282691955566,0.9174976541201507,False,support
10,text,1,9,[10],like,31,35,verified,,,unresolved,Negative,Positive,-0.06458512358877089,0.0729067325592041,0.9215900325729459,False,oppose
10,text,1,10,[11],to,36,38,verified,,,unresolved,Negative,Positive,-0.010243951701253806,0.022304654121398926,0.919002311432082,False,oppose
10,text,1,11,[12],see,39,42,verified,,,unresolved,Negative,Positive,0.01812699363151049,-0.007148623466491699,0.9174809487235217,False,support
10,text,1,12,[13],fluffy,43,49,verified,,,unresolved,Negative,Positive,-0.029761392304447742,0.017755746841430664,0.9195575171137859,False,oppose
10,text,1,13,[14],chick,50,55,verified,,,unresolved,Negative,Positive,0.13101382291066965,-0.1024543046951294,0.9113238676272168,False,support
10,text,1,14,"[15, 16]",flicks,56,62,verified,,,unresolved,Negative,Positive,0.14378493394109704,-0.14061105251312256,0.9100482417145541,False,support
10,text,1,15,[17],sometimes,63,72,verified,,,unresolved,Negative,Positive,0.07815593791879394,-0.08434939384460449,0.9139426380232422,False,support
10,text,1,16,[18],so,73,75,verified,,,unresolved,Negative,Positive,0.049167376024651155,-0.04337894916534424,0.9157002478404471,False,support
10,text,1,17,[19],I,76,77,verified,,,unresolved,Negative,Positive,-0.019145336772780297,0.005172133445739746,0.9191159552078847,False,oppose
10,text,1,18,[20],',77,78,verified,,,unresolved,Negative,Positive,0.001030686098312028,0.0061637163162231445,0.9183179923375728,False,support
10,text,1,19,[21],m,78,79,verified,,,unresolved,Negative,Positive,-0.06189325189138506,0.06539785861968994,0.9214371539249054,False,oppose
10,text,1,20,[22],not,80,83,verified,,,unresolved,Negative,Positive,-0.11220531074905615,0.12699615955352783,0.9237254441153224,True,oppose
10,text,1,21,[23],against,84,91,verified,,,unresolved,Negative,Positive,-0.11797435496373954,0.12353122234344482,0.9240432511951967,True,oppose
10,text,1,22,[24],that,92,96,verified,,,unresolved,Negative,Positive,0.014778093045823226,-0.00628209114074707,0.9176328845900084,False,support
10,text,1,23,[25],but,97,100,verified,,,unresolved,Negative,Positive,0.3660287512990439,-0.37362587451934814,0.8939098792225126,False,support
10,text,1,24,[26],this,101,105,verified,,,unresolved,Negative,Positive,0.0672179835901483,-0.061238884925842285,0.9146526386247537,False,support
10,text,1,25,[27],one,106,109,verified,,,unresolved,Negative,Positive,0.07676718195926702,-0.09069192409515381,0.9137669083900987,False,support
10,text,1,26,[28],was,110,113,verified,,,unresolved,Negative,Positive,0.4353138903242946,-0.3826673626899719,0.8899832394437315,False,support
10,text,1,27,[29],pretty,114,120,verified,,,unresolved,Negative,Positive,0.1462187332557323,-0.11600255966186523,0.9103576772282509,False,support
10,text,1,28,[30],terrible,121,129,verified,,,unresolved,Negative,Positive,1.5009596044972278,-1.1798937767744064,0.751159072090303,False,support
10,text,3,0,"[1, 2, 3]",(umm),0,5,verified,,,unresolved,Negative,Positive,0.03928895939771282,-0.012198925018310547,0.9164555899380676,False,support
10,text,3,1,"[2, 3, 4]",umm) And,1,9,verified,,,unresolved,Negative,Positive,0.06981268920954209,-0.05302703380584717,0.9147676104450231,False,support
10,text,3,2,"[3, 4, 5]",) And you,4,13,verified,,,unresolved,Negative,Positive,-0.005381509356916059,0.005544304847717285,0.9185436677125547,False,oppose
10,text,3,3,"[4, 5, 6]",And you know,6,18,verified,,,unresolved,Negative,Positive,0.05366943734084639,-0.01913166046142578,0.9156884049599514,False,support
10,text,3,4,"[5, 6, 7]",you know I,10,20,verified,,,unresolved,Negative,Positive,0.07033103275486363,-0.050999999046325684,0.9148307885607234,False,support
10,text,3,5,"[6, 7, 8]",know I really,14,27,verified,,,unresolved,Negative,Positive,0.004110670800431482,-0.015939950942993164,0.9182091069939952,False,support
10,text,3,6,"[7, 8, 9]",I really do,19,30,verified,,,unresolved,Negative,Positive,-0.0583827915928965,0.043718576431274414,0.9213074178987223,False,oppose
10,text,3,7,"[8, 9, 10]",really do like,21,35,verified,,,unresolved,Negative,Positive,-0.07393484736383904,0.05404162406921387,0.9220190113774192,False,oppose
10,text,3,8,"[9, 10, 11]",do like to,28,38,verified,,,unresolved,Negative,Positive,-0.06909690619371345,0.0689547061920166,0.9218498933261651,False,oppose
10,text,3,9,"[10, 11, 12]",like to see,31,42,verified,,,unresolved,Negative,Positive,-0.06355828810876885,0.07602930068969727,0.9216379635892457,False,oppose
10,text,3,10,"[11, 12, 13]",to see fluffy,36,49,verified,,,unresolved,Negative,Positive,-0.055824050090861554,0.0662844181060791,0.9211797094605033,False,oppose
10,text,3,11,"[12, 13, 14]",see fluffy chick,39,55,verified,,,unresolved,Negative,Positive,0.07728150430048863,-0.06734240055084229,0.9142759394710319,False,support
10,text,3,12,"[13, 14, 15, 16]",fluffy chick flicks,43,62,verified,,,unresolved,Negative,Positive,0.2915677613567049,-0.22567546367645264,0.9010456159353494,False,support
10,text,3,13,"[14, 15, 16, 17]",chick flicks sometimes,50,72,verified,,,unresolved,Negative,Positive,0.4139140802449832,-0.33767902851104736,0.8923384198867815,False,support
10,text,3,14,"[15, 16, 17, 18]",flicks sometimes so,56,75,verified,,,unresolved,Negative,Positive,0.23567725566614017,-0.23043382167816162,0.903963054445319,False,support
10,text,3,15,"[17, 18, 19]",sometimes so I,63,77,verified,,,unresolved,Negative,Positive,0.11799949021458378,-0.1415170431137085,0.9112083012650728,False,support
10,text,3,16,"[18, 19, 20]",so I',73,78,verified,,,unresolved,Negative,Positive,0.030139641006553308,-0.04328441619873047,0.9166021231571386,False,support
10,text,3,17,"[19, 20, 21]",I'm,76,79,verified,,,unresolved,Negative,Positive,-0.04147127522717442,0.033313632011413574,0.9205069638929201,False,oppose
10,text,3,18,"[20, 21, 22]",'m not,77,83,verified,,,unresolved,Negative,Positive,-0.09778835830496879,0.11496388912200928,0.9232379095138074,False,oppose
10,text,3,19,"[21, 22, 23]",m not against,78,91,verified,,,unresolved,Negative,Positive,-0.09709272197955476,0.10635292530059814,0.9233474289108089,False,oppose
10,text,3,20,"[22, 23, 24]",not against that,80,96,verified,,,unresolved,Negative,Positive,-0.11067245081060628,0.1432206630706787,0.923916618638093,False,oppose
10,text,3,21,"[23, 24, 25]",against that but,84,100,verified,,,unresolved,Negative,Positive,-0.01791308318359075,-0.0294266939163208,0.9188769514234187,False,oppose
10,text,3,22,"[24, 25, 26]",that but this,92,105,verified,,,unresolved,Negative,Positive,0.7351683428328393,-0.6540024280548096,0.8619631863862226,False,support
10,text,3,23,"[25, 26, 27]",but this one,97,109,verified,,,unresolved,Negative,Positive,0.571030873308557,-0.5390651226043701,0.8765719745251424,False,support
10,text,3,24,"[26, 27, 28]",this one was,101,113,verified,,,unresolved,Negative,Positive,0.46696107897574635,-0.42815178632736206,0.8860869417848016,False,support
10,text,3,25,"[27, 28, 29]",one was pretty,106,120,verified,,,unresolved,Negative,Positive,0.5496940866232358,-0.4716508984565735,0.8801726319495797,False,support
10,text,3,26,"[28, 29, 30]",was pretty terrible,110,129,verified,,,unresolved,Negative,Positive,2.475770050379474,-1.6743273437023163,0.5475645812557216,True,support
10,text,5,0,"[1, 2, 3, 4, 5]",(umm) And you,0,13,verified,,,unresolved,Negative,Positive,0.07497628728434202,-0.06847715377807617,0.9142937282676968,False,support
10,text,5,1,"[2, 3, 4, 5, 6]",umm) And you know,1,18,verified,,,unresolved,Negative,Positive,0.1560531000961327,-0.12312710285186768,0.9099712402092022,False,support
10,text,5,2,"[3, 4, 5, 6, 7]",) And you know I,4,20,verified,,,unresolved,Negative,Positive,0.042306847219955035,-0.03302204608917236,0.9163348635458366,False,support
10,text,5,3,"[4, 5, 6, 7, 8]",And you know I really,6,27,verified,,,unresolved,Negative,Positive,0.0010676439311567698,0.0037682056427001953,0.9185179199220703,False,support
10,text,5,4,"[5, 6, 7, 8, 9]",you know I really do,10,30,verified,,,unresolved,Negative,Positive,0.018290489263375065,-0.012047886848449707,0.917742701105764,False,support
10,text,5,5,"[6, 7, 8, 9, 10]",know I really do like,14,35,verified,,,unresolved,Negative,Positive,-0.035584510646141876,0.030726313591003418,0.9203154923210225,False,oppose
10,text,5,6,"[7, 8, 9, 10, 11]",I really do like to,19,38,verified,,,unresolved,Negative,Positive,-0.06466801353217733,0.045079588890075684,0.9215957141122084,False,oppose
10,text,5,7,"[8, 9, 10, 11, 12]",really do like to see,21,42,verified,,,unresolved,Negative,Positive,-0.0619561041927561,0.050080299377441406,0.9215357274611007,False,oppose
10,text,5,8,"[9, 10, 11, 12, 13]",do like to see fluffy,28,49,verified,,,unresolved,Negative,Positive,-0.09588809970695067,0.09403526782989502,0.9230328168694959,True,oppose
10,text,5,9,"[10, 11, 12, 13, 14]",like to see fluffy chick,31,55,verified,,,unresolved,Negative,Positive,-0.029012244357982997,0.04515540599822998,0.9200327420555641,False,oppose
10,text,5,10,"[11, 12, 13, 14, 15, 16]",to see fluffy chick flicks,36,62,verified,,,unresolved,Negative,Positive,0.2729763187666232,-0.18594801425933838,0.9026667563099022,False,support
10,text,5,11,"[12, 13, 14, 15, 16, 17]",see fluffy chick flicks sometimes,39,72,verified,,,unresolved,Negative,Positive,0.3938569242813412,-0.3214505910873413,0.8935610283895113,False,support
10,text,5,12,"[13, 14, 15, 16, 17, 18]",fluffy chick flicks sometimes so,43,75,verified,,,unresolved,Negative,Positive,0.3283011409048284,-0.26099693775177,0.8987416583175172,False,support
10,text,5,13,"[14, 15, 16, 17, 18, 19]",chick flicks sometimes so I,50,77,verified,,,unresolved,Negative,Positive,0.5430617064579297,-0.45979511737823486,0.8814586063561584,True,support
10,text,5,14,"[15, 16, 17, 18, 19, 20]",flicks sometimes so I',56,78,verified,,,unresolved,Negative,Positive,0.2650961404722385,-0.26048576831817627,0.9019770098813817,False,support
10,text,5,15,"[17, 18, 19, 20, 21]",sometimes so I'm,63,79,verified,,,unresolved,Negative,Positive,0.09192602829691365,-0.1103442907333374,0.9131490702682786,False,support
10,text,5,16,"[18, 19, 20, 21, 22]",so I'm not,73,83,verified,,,unresolved,Negative,Positive,-0.05251996049514318,0.03889930248260498,0.9209201672908688,False,oppose
10,text,5,17,"[19, 20, 21, 22, 23]",I'm not against,76,91,verified,,,unresolved,Negative,Positive,-0.08722237378917086,0.10167419910430908,0.9228429648197305,False,oppose
10,text,5,18,"[20, 21, 22, 23, 24]",'m not against that,77,96,verified,,,unresolved,Negative,Positive,-0.08926875386856548,0.11197185516357422,0.9229575578951245,False,oppose
10,text,5,19,"[21, 22, 23, 24, 25]",m not against that but,78,100,verified,,,unresolved,Negative,Positive,0.01548955251148465,-0.02055954933166504,0.9179193839223122,False,support
10,text,5,20,"[22, 23, 24, 25, 26]",not against that but this,80,105,verified,,,unresolved,Negative,Positive,0.16509622924749845,-0.15735208988189697,0.9094200552235453,False,support
10,text,5,21,"[23, 24, 25, 26, 27]",against that but this one,84,109,verified,,,unresolved,Negative,Positive,0.13111305537775264,-0.15997588634490967,0.910708535925491,False,support
10,text,5,22,"[24, 25, 26, 27, 28]",that but this one was,92,113,verified,,,unresolved,Negative,Positive,2.173386303518882,-1.5213790535926819,0.6157811229203088,True,support
10,text,5,23,"[25, 26, 27, 28, 29]",but this one was pretty,97,120,verified,,,unresolved,Negative,Positive,1.1935076645298683,-0.9802673161029816,0.803053942349625,False,support
10,text,5,24,"[26, 27, 28, 29, 30]",this one was pretty terrible,101,129,verified,,,unresolved,Negative,Positive,1.7977051792487062,-1.3240484595298767,0.6937528751357099,False,support
10,audio,1,0,[1],,,,not_applicable,,,unresolved,Negative,Positive,-0.019803120753321135,0.015793919563293457,0.9193917025661917,False,oppose
10,audio,1,1,[2],,,,not_applicable,,,unresolved,Negative,Positive,-0.017093439909481756,0.01650679111480713,0.9192867871308066,False,oppose
10,audio,1,2,[3],,,,not_applicable,,,unresolved,Negative,Positive,-0.016779425865939945,0.014786005020141602,0.9192537404741112,False,oppose
10,audio,1,3,[4],,,,not_applicable,,,unresolved,Negative,Positive,-0.017259847449723864,0.015468835830688477,0.919280721063026,False,oppose
10,audio,1,4,[5],,,,not_applicable,,,unresolved,Negative,Positive,-0.025441629478562877,0.018422365188598633,0.9196549048245894,False,oppose
10,audio,1,5,[6],,,,not_applicable,,,unresolved,Negative,Positive,-0.022327247355327984,0.015404343605041504,0.9195057576399156,False,oppose
10,audio,1,6,[7],,,,not_applicable,,,unresolved,Negative,Positive,-0.020424377707113806,0.019189000129699707,0.9194167238209079,False,oppose
10,audio,1,7,[8],,,,not_applicable,,,unresolved,Negative,Positive,-0.0020676163941626413,0.003722548484802246,0.918485720199399,False,oppose
10,audio,1,8,[9],,,,not_applicable,,,unresolved,Negative,Positive,-0.00943648935878949,0.00788426399230957,0.9188588669121229,False,oppose
10,audio,1,9,[10],,,,not_applicable,,,unresolved,Negative,Positive,-0.002095758751146093,0.0009537935256958008,0.9184280298615258,False,oppose
10,audio,1,10,[11],,,,not_applicable,,,unresolved,Negative,Positive,-0.015041880637374216,0.011679291725158691,0.9191134679965188,False,oppose
10,audio,1,11,[12],,,,not_applicable,,,unresolved,Negative,Positive,-0.016502932073407806,0.014766812324523926,0.9192011409555059,False,oppose
10,audio,1,12,[13],,,,not_applicable,,,unresolved,Negative,Positive,-0.009348162194622311,0.007999777793884277,0.9188344334382259,False,oppose
10,audio,1,13,[14],,,,not_applicable,,,unresolved,Negative,Positive,-0.015313203092260697,0.011320710182189941,0.9191182210552628,False,oppose
10,audio,1,14,[15],,,,not_applicable,,,unresolved,Negative,Positive,-0.016921281213013284,0.01083385944366455,0.9191856877991722,False,oppose
10,audio,1,15,[16],,,,not_applicable,,,unresolved,Negative,Positive,-0.017808014747178635,0.011118054389953613,0.9192379304238643,False,oppose
10,audio,1,16,[17],,,,not_applicable,,,unresolved,Negative,Positive,-0.01279070508018254,0.011760115623474121,0.9190046280440926,False,oppose
10,audio,1,17,[18],,,,not_applicable,,,unresolved,Negative,Positive,-0.007546509439105176,0.007474541664123535,0.9187893026527104,False,oppose
10,audio,1,18,[19],,,,not_applicable,,,unresolved,Negative,Positive,-0.009610272386639362,0.012071609497070312,0.9188909854392826,False,oppose
10,audio,1,19,[20],,,,not_applicable,,,unresolved,Negative,Positive,-0.010036275847611353,0.008169293403625488,0.918854738188346,False,oppose
10,audio,1,20,[21],,,,not_applicable,,,unresolved,Negative,Positive,-0.009900297291223659,0.009987950325012207,0.9188853440271642,False,oppose
10,audio,1,21,[22],,,,not_applicable,,,unresolved,Negative,Positive,-0.012711866714092857,0.016098380088806152,0.9190525374859314,False,oppose
10,audio,1,22,[23],,,,not_applicable,,,unresolved,Negative,Positive,-0.007753893974666415,0.007608771324157715,0.9187586869372519,False,oppose
10,audio,1,23,[24],,,,not_applicable,,,unresolved,Negative,Positive,-0.015615509742775924,0.014541864395141602,0.9191637270684312,False,oppose
10,audio,1,24,[25],,,,not_applicable,,,unresolved,Negative,Positive,-0.011772369076949118,0.013041377067565918,0.9190010450814438,False,oppose
10,audio,1,25,[26],,,,not_applicable,,,unresolved,Negative,Positive,-0.014533644573577309,0.0131455659866333,0.9191253347772868,False,oppose
10,audio,1,26,[27],,,,not_applicable,,,unresolved,Negative,Positive,-0.018819331555108842,0.01774907112121582,0.9193335327887544,False,oppose
10,audio,1,27,[28],,,,not_applicable,,,unresolved,Negative,Positive,-0.014120174572498811,0.015047669410705566,0.9191107420470918,False,oppose
10,audio,1,28,[29],,,,not_applicable,,,unresolved,Negative,Positive,-0.004332202044161182,0.006945490837097168,0.918644848624375,False,oppose
10,audio,1,29,[30],,,,not_applicable,,,unresolved,Negative,Positive,-0.015410859200196025,0.014571070671081543,0.9191771059955353,False,oppose
10,audio,3,0,"[1, 2, 3]",,,,not_applicable,,,unresolved,Negative,Positive,-0.052207464540701576,0.04634106159210205,0.9212732732426082,False,oppose
10,audio,3,1,"[2, 3, 4]",,,,not_applicable,,,unresolved,Negative,Positive,-0.04959501636651886,0.045879483222961426,0.9211605131026045,False,oppose
10,audio,3,2,"[3, 4, 5]",,,,not_applicable,,,unresolved,Negative,Positive,-0.057274345458410814,0.047281742095947266,0.9214809177688336,False,oppose
10,audio,3,3,"[4, 5, 6]",,,,not_applicable,,,unresolved,Negative,Positive,-0.06172805976185858,0.04721987247467041,0.9216565669805445,False,oppose
10,audio,3,4,"[5, 6, 7]",,,,not_applicable,,,unresolved,Negative,Positive,-0.06436722832485353,0.05079615116119385,0.9217493772946381,False,oppose
10,audio,3,5,"[6, 7, 8]",,,,not_applicable,,,unresolved,Negative,Positive,-0.04271407849535214,0.03717911243438721,0.9207148942482198,False,oppose
10,audio,3,6,"[7, 8, 9]",,,,not_applicable,,,unresolved,Negative,Positive,-0.03076745033663597,0.03024148941040039,0.9201242396555792,False,oppose
10,audio,3,7,"[8, 9, 10]",,,,not_applicable,,,unresolved,Negative,Positive,-0.014049043068947054,0.0131911039352417,0.9192427554316392,False,oppose
10,audio,3,8,"[9, 10, 11]",,,,not_applicable,,,unresolved,Negative,Positive,-0.026467180260164813,0.02072751522064209,0.9198427536024292,False,oppose
10,audio,3,9,"[10, 11, 12]",,,,not_applicable,,,unresolved,Negative,Positive,-0.03276690644451952,0.027009129524230957,0.9201408974532054,False,oppose
10,audio,3,10,"[11, 12, 13]",,,,not_applicable,,,unresolved,Negative,Positive,-0.03965181538835871,0.03386485576629639,0.9205188879182445,False,oppose
10,audio,3,11,"[12, 13, 14]",,,,not_applicable,,,unresolved,Negative,Positive,-0.04005117431376659,0.033579230308532715,0.9205318233649492,False,oppose
10,audio,3,12,"[13, 14, 15]",,,,not_applicable,,,unresolved,Negative,Positive,-0.0405216021520034,0.029700636863708496,0.9205204109670245,False,oppose
10,audio,3,13,"[14, 15, 16]",,,,not_applicable,,,unresolved,Negative,Positive,-0.048162326884927165,0.03227698802947998,0.9208571958152352,False,oppose
10,audio,3,14,"[15, 16, 17]",,,,not_applicable,,,unresolved,Negative,Positive,-0.045040944633986335,0.032414913177490234,0.9207020677915628,False,oppose
10,audio,3,15,"[16, 17, 18]",,,,not_applicable,,,unresolved,Negative,Positive,-0.0358571422592191,0.029097437858581543,0.9203252193999244,False,oppose
10,audio,3,16,"[17, 18, 19]",,,,not_applicable,,,unresolved,Negative,Positive,-0.027902874273188605,0.030059337615966797,0.9199938847552857,False,oppose
10,audio,3,17,"[18, 19, 20]",,,,not_applicable,,,unresolved,Negative,Positive,-0.025671272185557648,0.026831746101379395,0.9198944073339551,False,oppose
10,audio,3,18,"[19, 20, 21]",,,,not_applicable,,,unresolved,Negative,Positive,-0.027872034976083704,0.029224753379821777,0.9199778221176879,False,oppose
10,audio,3,19,"[20, 21, 22]",,,,not_applicable,,,unresolved,Negative,Positive,-0.03100803760221149,0.03339576721191406,0.9201410832404526,False,oppose
10,audio,3,20,"[21, 22, 23]",,,,not_applicable,,,unresolved,Negative,Positive,-0.029134860250038308,0.03317892551422119,0.920058630851769,False,oppose
10,audio,3,21,"[22, 23, 24]",,,,not_applicable,,,unresolved,Negative,Positive,-0.03487902059317838,0.03768754005432129,0.9203420073029908,False,oppose
10,audio,3,22,"[23, 24, 25]",,,,not_applicable,,,unresolved,Negative,Positive,-0.03401383171834427,0.03463447093963623,0.9203035629248534,False,oppose
10,audio,3,23,"[24, 25, 26]",,,,not_applicable,,,unresolved,Negative,Positive,-0.04049161660687339,0.039900898933410645,0.9206428629624066,False,oppose
10,audio,3,24,"[25, 26, 27]",,,,not_applicable,,,unresolved,Negative,Positive,-0.0435066383498568,0.042983412742614746,0.9207910420189884,False,oppose
10,audio,3,25,"[26, 27, 28]",,,,not_applicable,,,unresolved,Negative,Positive,-0.0456529714552274,0.04482889175415039,0.9208795140109874,False,oppose
10,audio,3,26,"[27, 28, 29]",,,,not_applicable,,,unresolved,Negative,Positive,-0.03555730346553121,0.038536906242370605,0.92041574550263,False,oppose
10,audio,3,27,"[28, 29, 30]",,,,not_applicable,,,unresolved,Negative,Positive,-0.032166308536953014,0.0352780818939209,0.9202588741883179,False,oppose
10,audio,5,0,"[1, 2, 3, 4, 5]",,,,not_applicable,,,unresolved,Negative,Positive,-0.08985680598856627,0.07718491554260254,0.9232369348000871,False,oppose
10,audio,5,1,"[2, 3, 4, 5, 6]",,,,not_applicable,,,unresolved,Negative,Positive,-0.0912003675971067,0.07586419582366943,0.9232741213164375,False,oppose
10,audio,5,2,"[3, 4, 5, 6, 7]",,,,not_applicable,,,unresolved,Negative,Positive,-0.09269337183186055,0.07746851444244385,0.9232778587408117,True,oppose
10,audio,5,3,"[4, 5, 6, 7, 8]",,,,not_applicable,,,unresolved,Negative,Positive,-0.07892239599437012,0.06717288494110107,0.9225980446443125,False,oppose
10,audio,5,4,"[5, 6, 7, 8, 9]",,,,not_applicable,,,unresolved,Negative,Positive,-0.07259657073345505,0.06078064441680908,0.9222722477070157,False,oppose
10,audio,5,5,"[6, 7, 8, 9, 10]",,,,not_applicable,,,unresolved,Negative,Positive,-0.05281289347770146,0.0458226203918457,0.9212831038637201,False,oppose
10,audio,5,6,"[7, 8, 9, 10, 11]",,,,not_applicable,,,unresolved,Negative,Positive,-0.046597027284428716,0.04273366928100586,0.9209577139767537,False,oppose
10,audio,5,7,"[8, 9, 10, 11, 12]",,,,not_applicable,,,unresolved,Negative,Positive,-0.04302822217631963,0.038430213928222656,0.92078740355995,False,oppose
10,audio,5,8,"[9, 10, 11, 12, 13]",,,,not_applicable,,,unresolved,Negative,Positive,-0.04988651653858822,0.042482733726501465,0.9211165341418982,False,oppose
10,audio,5,9,"[10, 11, 12, 13, 14]",,,,not_applicable,,,unresolved,Negative,Positive,-0.055491387268896464,0.04564845561981201,0.9213630347458069,False,oppose
10,audio,5,10,"[11, 12, 13, 14, 15]",,,,not_applicable,,,unresolved,Negative,Positive,-0.06882720260329611,0.0545727014541626,0.9220055231699985,False,oppose
10,audio,5,11,"[12, 13, 14, 15, 16]",,,,not_applicable,,,unresolved,Negative,Positive,-0.07042005509065108,0.0531996488571167,0.9220449077231091,True,oppose
10,audio,5,12,"[13, 14, 15, 16, 17]",,,,not_applicable,,,unresolved,Negative,Positive,-0.0665743608180942,0.050279974937438965,0.9218373923512361,False,oppose
10,audio,5,13,"[14, 15, 16, 17, 18]",,,,not_applicable,,,unresolved,Negative,Positive,-0.06389241718540628,0.04913604259490967,0.9217350471038509,False,oppose
10,audio,5,14,"[15, 16, 17, 18, 19]",,,,not_applicable,,,unresolved,Negative,Positive,-0.05683778170555431,0.04881560802459717,0.9214167261812013,False,oppose
10,audio,5,15,"[16, 17, 18, 19, 20]",,,,not_applicable,,,unresolved,Negative,Positive,-0.0511148339385894,0.046785712242126465,0.9211843230685414,False,oppose
10,audio,5,16,"[17, 18, 19, 20, 21]",,,,not_applicable,,,unresolved,Negative,Positive,-0.04376388208223547,0.04591786861419678,0.9208722699937841,False,oppose
10,audio,5,17,"[18, 19, 20, 21, 22]",,,,not_applicable,,,unresolved,Negative,Positive,-0.043393893617627466,0.05001556873321533,0.9208999014211685,False,oppose
10,audio,5,18,"[19, 20, 21, 22, 23]",,,,not_applicable,,,unresolved,Negative,Positive,-0.044990532964091834,0.05125701427459717,0.9209555210792709,False,oppose
10,audio,5,19,"[20, 21, 22, 23, 24]",,,,not_applicable,,,unresolved,Negative,Positive,-0.05166266656753837,0.05420374870300293,0.921283025096065,False,oppose
10,audio,5,20,"[21, 22, 23, 24, 25]",,,,not_applicable,,,unresolved,Negative,Positive,-0.05291229869497016,0.05867564678192139,0.9213777524472252,False,oppose
10,audio,5,21,"[22, 23, 24, 25, 26]",,,,not_applicable,,,unresolved,Negative,Positive,-0.05780862746520432,0.062072157859802246,0.9216272800243029,False,oppose
10,audio,5,22,"[23, 24, 25, 26, 27]",,,,not_applicable,,,unresolved,Negative,Positive,-0.0638614470200971,0.06361722946166992,0.9218997780438734,False,oppose
10,audio,5,23,"[24, 25, 26, 27, 28]",,,,not_applicable,,,unresolved,Negative,Positive,-0.0690433177083487,0.06991434097290039,0.9221576676122956,True,oppose
10,audio,5,24,"[25, 26, 27, 28, 29]",,,,not_applicable,,,unresolved,Negative,Positive,-0.058207063327553765,0.06250715255737305,0.9216743605730184,False,oppose
10,audio,5,25,"[26, 27, 28, 29, 30]",,,,not_applicable,,,unresolved,Negative,Positive,-0.06145522795285441,0.0636587142944336,0.9218050817604575,False,oppose
10,vision,1,0,[1],,,,not_applicable,,,unresolved,Negative,Positive,-0.0029264610607251385,0.00713503360748291,0.9183644440538378,False,oppose
10,vision,1,1,[2],,,,not_applicable,,,unresolved,Negative,Positive,0.006519050170375351,-0.0021953582763671875,0.9178898971005953,False,support
10,vision,1,2,[3],,,,not_applicable,,,unresolved,Negative,Positive,-0.0018873107706958159,0.006464242935180664,0.9183289635367262,False,oppose
10,vision,1,3,[4],,,,not_applicable,,,unresolved,Negative,Positive,0.0023632104761848183,0.0021615028381347656,0.9180940049348201,False,support
10,vision,1,4,[5],,,,not_applicable,,,unresolved,Negative,Positive,0.0009840885025376167,0.003199934959411621,0.918125773624746,False,support
10,vision,1,5,[6],,,,not_applicable,,,unresolved,Negative,Positive,5.014378185563828e-06,0.002949833869934082,0.918186341526914,False,support
10,vision,1,6,[7],,,,not_applicable,,,unresolved,Negative,Positive,0.007658900853577233,-0.006302237510681152,0.9178108669283642,False,support
10,vision,1,7,[8],,,,not_applicable,,,unresolved,Negative,Positive,0.001113356832942447,-0.0001920461654663086,0.9181904984940575,False,support
10,vision,1,8,[9],,,,not_applicable,,,unresolved,Negative,Positive,-0.001037163139192998,0.0026284456253051758,0.9182801608485571,False,oppose
10,vision,1,9,[10],,,,not_applicable,,,unresolved,Negative,Positive,-0.006297407729470184,0.008820056915283203,0.9185457932535563,False,oppose
10,vision,1,10,[11],,,,not_applicable,,,unresolved,Negative,Positive,-0.006745128357368291,0.010293364524841309,0.918567583109311,False,oppose
10,vision,1,11,[12],,,,not_applicable,,,unresolved,Negative,Positive,-0.004646380249955229,0.008247017860412598,0.9184275299228685,False,oppose
10,vision,1,12,[13],,,,not_applicable,,,unresolved,Negative,Positive,-0.005586185456084802,0.009154915809631348,0.9184888679180403,False,oppose
10,vision,1,13,[14],,,,not_applicable,,,unresolved,Negative,Positive,-0.004954127471040515,0.009062767028808594,0.9184382274726319,False,oppose
10,vision,1,14,[15],,,,not_applicable,,,unresolved,Negative,Positive,-0.004638925119297976,0.00825190544128418,0.9183970390830455,False,oppose
10,vision,1,15,[16],,,,not_applicable,,,unresolved,Negative,Positive,-0.002396607546831131,0.006086945533752441,0.9182641992703111,False,oppose
10,vision,1,16,[17],,,,not_applicable,,,unresolved,Negative,Positive,3.293295291495468e-05,0.003064751625061035,0.9181852595492906,False,support
10,vision,1,17,[18],,,,not_applicable,,,unresolved,Negative,Positive,0.00565478326511526,-0.002391338348388672,0.9179358299346169,False,support
10,vision,1,18,[19],,,,not_applicable,,,unresolved,Negative,Positive,0.0101289631638517,-0.006989598274230957,0.9177094635984825,False,support
10,vision,1,19,[20],,,,not_applicable,,,unresolved,Negative,Positive,-0.004003397329817471,0.008646607398986816,0.918447155307114,False,oppose
10,vision,1,20,[21],,,,not_applicable,,,unresolved,Negative,Positive,0.00392101907427822,-0.0006505250930786133,0.91802054914998,False,support
10,vision,1,21,[22],,,,not_applicable,,,unresolved,Negative,Positive,2.9778435419292038e-05,0.00429844856262207,0.9182089544829208,False,support
10,vision,1,22,[23],,,,not_applicable,,,unresolved,Negative,Positive,-0.005031764797712057,0.009422898292541504,0.9184889270913391,False,oppose
10,vision,1,23,[24],,,,not_applicable,,,unresolved,Negative,Positive,-0.0021505569765039034,0.005906939506530762,0.9183431713328128,False,oppose
10,vision,1,24,[25],,,,not_applicable,,,unresolved,Negative,Positive,-0.000725961824843413,0.003033280372619629,0.9182724042687812,False,oppose
10,vision,1,25,[26],,,,not_applicable,,,unresolved,Negative,Positive,-0.0061768011945937396,0.00946962833404541,0.9185453959054027,False,oppose
10,vision,1,26,[27],,,,not_applicable,,,unresolved,Negative,Positive,-0.003459511517725389,0.006882309913635254,0.9183846689870382,False,oppose
10,vision,1,27,[28],,,,not_applicable,,,unresolved,Negative,Positive,0.00018862999333757458,0.0025097131729125977,0.9182086158195617,False,support
10,vision,1,28,[29],,,,not_applicable,,,unresolved,Negative,Positive,-0.001818659460372185,0.0033701658248901367,0.9182757525273549,False,oppose
10,vision,1,29,[30],,,,not_applicable,,,unresolved,Negative,Positive,-0.001915465665973226,0.005295157432556152,0.9182744560330278,False,oppose
10,vision,3,0,"[1, 2, 3]",,,,not_applicable,,,unresolved,Negative,Positive,0.0026383408387649077,0.010816097259521484,0.9180197559548532,False,support
10,vision,3,1,"[2, 3, 4]",,,,not_applicable,,,unresolved,Negative,Positive,0.00782576243292965,0.005903840065002441,0.9177517492603228,False,support
10,vision,3,2,"[3, 4, 5]",,,,not_applicable,,,unresolved,Negative,Positive,0.0021702123069404777,0.011442303657531738,0.9179895689008905,False,support
10,vision,3,3,"[4, 5, 6]",,,,not_applicable,,,unresolved,Negative,Positive,0.0041639477143835535,0.007835865020751953,0.9178349449522929,False,support
10,vision,3,4,"[5, 6, 7]",,,,not_applicable,,,unresolved,Negative,Positive,0.009585623029015888,-0.0008295774459838867,0.9175431510948991,False,support
10,vision,3,5,"[6, 7, 8]",,,,not_applicable,,,unresolved,Negative,Positive,0.009690698977718348,-0.004484772682189941,0.9176140968988433,False,support
10,vision,3,6,"[7, 8, 9]",,,,not_applicable,,,unresolved,Negative,Positive,0.008618286399343589,-0.005056023597717285,0.9177133003745871,False,support
10,vision,3,7,"[8, 9, 10]",,,,not_applicable,,,unresolved,Negative,Positive,-0.005888809522658356,0.010730862617492676,0.9184812732552089,False,oppose
10,vision,3,8,"[9, 10, 11]",,,,not_applicable,,,unresolved,Negative,Positive,-0.013797781330816772,0.021496295928955078,0.918860086516712,False,oppose
10,vision,3,9,"[10, 11, 12]",,,,not_applicable,,,unresolved,Negative,Positive,-0.01726944392983132,0.02707350254058838,0.9189979890715171,False,oppose
10,vision,3,10,"[11, 12, 13]",,,,not_applicable,,,unresolved,Negative,Positive,-0.016406576030608466,0.027289748191833496,0.9189338970308687,False,oppose
10,vision,3,11,"[12, 13, 14]",,,,not_applicable,,,unresolved,Negative,Positive,-0.014449954483506833,0.025911688804626465,0.9187946293136268,False,oppose
10,vision,3,12,"[13, 14, 15]",,,,not_applicable,,,unresolved,Negative,Positive,-0.014323608425035328,0.02588367462158203,0.9187541715756657,False,oppose
10,vision,3,13,"[14, 15, 16]",,,,not_applicable,,,unresolved,Negative,Positive,-0.010946472858746503,0.022759675979614258,0.918511486653229,False,oppose
10,vision,3,14,"[15, 16, 17]",,,,not_applicable,,,unresolved,Negative,Positive,-0.0059008691798574375,0.01680004596710205,0.9182506482124987,False,oppose
10,vision,3,15,"[16, 17, 18]",,,,not_applicable,,,unresolved,Negative,Positive,0.004427051259197068,0.00592350959777832,0.9177921895650257,False,support
10,vision,3,16,"[17, 18, 19]",,,,not_applicable,,,unresolved,Negative,Positive,0.017321547520960934,-0.007768988609313965,0.9172147882077065,False,support
10,vision,3,17,"[18, 19, 20]",,,,not_applicable,,,unresolved,Negative,Positive,0.012614934232767272,-0.0015016794204711914,0.9175254753196637,False,support
10,vision,3,18,"[19, 20, 21]",,,,not_applicable,,,unresolved,Negative,Positive,0.010811196101962572,0.0002809762954711914,0.9176135478918228,False,support
10,vision,3,19,"[20, 21, 22]",,,,not_applicable,,,unresolved,Negative,Positive,0.0006232983815932513,0.011686444282531738,0.9181185545473789,False,support
10,vision,3,20,"[21, 22, 23]",,,,not_applicable,,,unresolved,Negative,Positive,-0.0005101365047224249,0.012483954429626465,0.9181665234956303,False,oppose
10,vision,3,21,"[22, 23, 24]",,,,not_applicable,,,unresolved,Negative,Positive,-0.00667051110788508,0.01921403408050537,0.9184981232839841,False,oppose
10,vision,3,22,"[23, 24, 25]",,,,not_applicable,,,unresolved,Negative,Positive,-0.007572265217621776,0.018075108528137207,0.9185725205187341,False,oppose
10,vision,3,23,"[24, 25, 26]",,,,not_applicable,,,unresolved,Negative,Positive,-0.00865270561393272,0.018124938011169434,0.9186267298009935,False,oppose
10,vision,3,24,"[25, 26, 27]",,,,not_applicable,,,unresolved,Negative,Positive,-0.009884066551291593,0.01909792423248291,0.9186619661843012,False,oppose
10,vision,3,25,"[26, 27, 28]",,,,not_applicable,,,unresolved,Negative,Positive,-0.008892584326983588,0.018610119819641113,0.9185921219111558,False,oppose
10,vision,3,26,"[27, 28, 29]",,,,not_applicable,,,unresolved,Negative,Positive,-0.00413448459695509,0.012018322944641113,0.9182944808618896,False,oppose
10,vision,3,27,"[28, 29, 30]",,,,not_applicable,,,unresolved,Negative,Positive,-0.0023773455722402304,0.01020824909210205,0.9181673783004982,False,oppose
10,vision,5,0,"[1, 2, 3, 4, 5]",,,,not_applicable,,,unresolved,Negative,Positive,0.007875610061311988,0.015129566192626953,0.9175892245361091,False,support
10,vision,5,1,"[2, 3, 4, 5, 6]",,,,not_applicable,,,unresolved,Negative,Positive,0.010761469016742797,0.010842442512512207,0.9174027863823363,False,support
10,vision,5,2,"[3, 4, 5, 6, 7]",,,,not_applicable,,,unresolved,Negative,Positive,0.01196996116293736,0.006620049476623535,0.917308846429826,False,support
10,vision,5,3,"[4, 5, 6, 7, 8]",,,,not_applicable,,,unresolved,Negative,Positive,0.015043718832779884,-0.0005055665969848633,0.9171619506969014,True,support
10,vision,5,4,"[5, 6, 7, 8, 9]",,,,not_applicable,,,unresolved,Negative,Positive,0.011563045421406404,-0.0004903078079223633,0.9173593918746012,False,support
10,vision,5,5,"[6, 7, 8, 9, 10]",,,,not_applicable,,,unresolved,Negative,Positive,0.003572421699534978,0.005520462989807129,0.917828813342586,False,support
10,vision,5,6,"[7, 8, 9, 10, 11]",,,,not_applicable,,,unresolved,Negative,Positive,-0.003888965610061579,0.013496994972229004,0.9182605773132815,False,oppose
10,vision,5,7,"[8, 9, 10, 11, 12]",,,,not_applicable,,,unresolved,Negative,Positive,-0.016300602400557196,0.028413891792297363,0.9188816197750147,False,oppose
10,vision,5,8,"[9, 10, 11, 12, 13]",,,,not_applicable,,,unresolved,Negative,Positive,-0.02271010069267687,0.03787362575531006,0.9191598971413814,False,oppose
10,vision,5,9,"[10, 11, 12, 13, 14]",,,,not_applicable,,,unresolved,Negative,Positive,-0.026275630215548684,0.044240355491638184,0.9192940257148905,True,oppose
10,vision,5,10,"[11, 12, 13, 14, 15]",,,,not_applicable,,,unresolved,Negative,Positive,-0.024148718969518868,0.04338550567626953,0.919116101145114,False,oppose
10,vision,5,11,"[12, 13, 14, 15, 16]",,,,not_applicable,,,unresolved,Negative,Positive,-0.019224970281383147,0.03873276710510254,0.9187679221742306,False,oppose
10,vision,5,12,"[13, 14, 15, 16, 17]",,,,not_applicable,,,unresolved,Negative,Positive,-0.014315559254720611,0.03359198570251465,0.9185048204294405,True,oppose
10,vision,5,13,"[14, 15, 16, 17, 18]",,,,not_applicable,,,unresolved,Negative,Positive,-0.002825565904711169,0.021817445755004883,0.9179325434929031,False,oppose
10,vision,5,14,"[15, 16, 17, 18, 19]",,,,not_applicable,,,unresolved,Negative,Positive,0.012734629723916147,0.0051708221435546875,0.9171650014381676,True,support
10,vision,5,15,"[16, 17, 18, 19, 20]",,,,not_applicable,,,unresolved,Negative,Positive,0.012705109892972022,0.005939126014709473,0.9172686773195016,False,support
10,vision,5,16,"[17, 18, 19, 20, 21]",,,,not_applicable,,,unresolved,Negative,Positive,0.019424330609098206,-0.001705765724182129,0.9170020274582239,False,support
10,vision,5,17,"[18, 19, 20, 21, 22]",,,,not_applicable,,,unresolved,Negative,Positive,0.01948687921680481,-0.000796198844909668,0.9170286661808936,True,support
10,vision,5,18,"[19, 20, 21, 22, 23]",,,,not_applicable,,,unresolved,Negative,Positive,0.007192170620683669,0.012769818305969238,0.9176864077194886,False,support
10,vision,5,19,"[20, 21, 22, 23, 24]",,,,not_applicable,,,unresolved,Negative,Positive,-0.005370729910347372,0.026085615158081055,0.9183449939782082,False,oppose
10,vision,5,20,"[21, 22, 23, 24, 25]",,,,not_applicable,,,unresolved,Negative,Positive,-0.001918596547794138,0.019955992698669434,0.9181660347176593,False,oppose
10,vision,5,21,"[22, 23, 24, 25, 26]",,,,not_applicable,,,unresolved,Negative,Positive,-0.012435915553639099,0.030830025672912598,0.9187188913732172,False,oppose
10,vision,5,22,"[23, 24, 25, 26, 27]",,,,not_applicable,,,unresolved,Negative,Positive,-0.016044547048566393,0.03380024433135986,0.9189025809664958,True,oppose
10,vision,5,23,"[24, 25, 26, 27, 28]",,,,not_applicable,,,unresolved,Negative,Positive,-0.010509073818703474,0.026616930961608887,0.9186073274228937,False,oppose
10,vision,5,24,"[25, 26, 27, 28, 29]",,,,not_applicable,,,unresolved,Negative,Positive,-0.009806787330408184,0.023692846298217773,0.9185080500735076,False,oppose
10,vision,5,25,"[26, 27, 28, 29, 30]",,,,not_applicable,,,unresolved,Negative,Positive,-0.010573171357274536,0.025856733322143555,0.9184738964398547,False,oppose
11,text,1,0,[1],I,0,1,verified,,,unresolved,Negative,Positive,0.39516547578482797,-0.3483097553253174,0.8849710907714368,False,support
11,text,1,1,[2],would,2,7,verified,,,unresolved,Negative,Positive,0.1913578032379477,-0.18633770942687988,0.9031573024246776,False,support
11,text,1,2,[3],be,8,10,verified,,,unresolved,Negative,Positive,0.23462344561154058,-0.2226552963256836,0.8993708198056404,False,support
11,text,1,3,[4],ashamed,11,18,verified,,,unresolved,Negative,Positive,4.3124886851420055,-1.8342627882957458,0.1346341778118554,True,support
11,text,1,4,[5],to,19,21,verified,,,unresolved,Negative,Positive,-0.06805783421129252,0.07051455974578857,0.9182039676948828,False,oppose
11,text,1,5,[6],have,22,26,verified,,,unresolved,Negative,Positive,0.004339349431525807,-0.03466379642486572,0.9124206731546286,False,support
11,text,1,6,[7],made,27,31,verified,,,unresolved,Negative,Positive,-0.023437417237923253,-0.0033260583877563477,0.9143244770400376,False,oppose
11,text,1,7,[8],this,32,36,verified,,,unresolved,Negative,Positive,0.15924907865337135,-0.15862834453582764,0.9027114532591993,False,support
11,text,1,8,[9],film,37,41,verified,,,unresolved,Negative,Positive,0.22302529009441985,-0.23919129371643066,0.8933501436474978,False,support
11,text,1,9,[10],if,42,44,verified,,,unresolved,Negative,Positive,0.07134134793898328,-0.10254454612731934,0.9100000475746342,False,support
11,text,1,10,[11],I,45,46,verified,,,unresolved,Negative,Positive,-0.03148822355831715,0.03934895992279053,0.9169569341750207,True,oppose
11,text,1,11,[12],was,47,50,verified,,,unresolved,Negative,Positive,0.07499055793672982,-0.04182755947113037,0.9122305034086586,False,support
11,text,1,12,[13],a,51,52,verified,,,unresolved,Negative,Positive,0.005922176711866456,0.016364216804504395,0.9155657345602375,False,support
11,text,1,13,[14],director,53,61,verified,,,unresolved,Negative,Positive,-0.061047522621543227,0.08702003955841064,0.9191824611496168,False,oppose
11,text,3,0,"[1, 2, 3]",I would be,0,10,verified,,,unresolved,Negative,Positive,0.039264259893359466,-0.030392885208129883,0.9114590630953686,False,support
11,text,3,1,"[2, 3, 4]",would be ashamed,2,18,verified,,,unresolved,Negative,Positive,3.974946713778027,-1.7096492052078247,0.16109320715907066,False,support
11,text,3,2,"[3, 4, 5]",be ashamed to,8,21,verified,,,unresolved,Negative,Positive,3.602401945760493,-1.618982195854187,0.20184956198295115,False,support
11,text,3,3,"[4, 5, 6]",ashamed to have,11,26,verified,,,unresolved,Negative,Positive,3.8106337687799976,-1.601377546787262,0.1567764548396152,False,support
11,text,3,4,"[5, 6, 7]",to have made,19,31,verified,,,unresolved,Negative,Positive,-0.0915003943390591,0.11393249034881592,0.9201840702272586,True,oppose
11,text,3,5,"[6, 7, 8]",have made this,22,36,verified,,,unresolved,Negative,Positive,0.23065503518177577,-0.22104966640472412,0.8953086595785795,False,support
11,text,3,6,"[7, 8, 9]",made this film,27,41,verified,,,unresolved,Negative,Positive,0.4388875899581359,-0.38395512104034424,0.8751504866547989,False,support
11,text,3,7,"[8, 9, 10]",this film if,32,44,verified,,,unresolved,Negative,Positive,0.13494516575419357,-0.15847980976104736,0.9009262522049296,False,support
11,text,3,8,"[9, 10, 11]",film if I,37,46,verified,,,unresolved,Negative,Positive,0.2768209184194168,-0.29616010189056396,0.8845497592149733,False,support
11,text,3,9,"[10, 11, 12]",if I was,42,50,verified,,,unresolved,Negative,Positive,-0.006996243328791785,0.03262913227081299,0.916499852011075,False,oppose
11,text,3,10,"[11, 12, 13]",I was a,45,52,verified,,,unresolved,Negative,Positive,-0.12242463783326407,0.15790235996246338,0.9225731638346888,False,oppose
11,text,3,11,"[12, 13, 14]",was a director,47,61,verified,,,unresolved,Negative,Positive,-0.18338556798229444,0.2732135057449341,0.9258722976292753,True,oppose
11,text,5,0,"[1, 2, 3, 4, 5]",I would be ashamed to,0,21,verified,,,unresolved,Negative,Positive,3.7242998012872754,-1.6020132303237915,0.17226513593344306,True,support
11,text,5,1,"[2, 3, 4, 5, 6]",would be ashamed to have,2,26,verified,,,unresolved,Negative,Positive,3.547183071869787,-1.5611563324928284,0.18650889564069165,False,support
11,text,5,2,"[3, 4, 5, 6, 7]",be ashamed to have made,8,31,verified,,,unresolved,Negative,Positive,3.8047785794673032,-1.69725102186203,0.18426716930118006,False,support
11,text,5,3,"[4, 5, 6, 7, 8]",ashamed to have made this,11,36,verified,,,unresolved,Negative,Positive,3.8154772939248742,-1.6211901903152466,0.1630900974124122,True,support
11,text,5,4,"[5, 6, 7, 8, 9]",to have made this film,19,41,verified,,,unresolved,Negative,Positive,0.20159802804118998,-0.16726410388946533,0.8967264525729346,False,support
11,text,5,5,"[6, 7, 8, 9, 10]",have made this film if,22,44,verified,,,unresolved,Negative,Positive,0.5790387382909987,-0.4888564348220825,0.8594729322823781,False,support
11,text,5,6,"[7, 8, 9, 10, 11]",made this film if I,27,46,verified,,,unresolved,Negative,Positive,0.4220030186096171,-0.35970890522003174,0.8763870434229091,False,support
11,text,5,7,"[8, 9, 10, 11, 12]",this film if I was,32,50,verified,,,unresolved,Negative,Positive,0.04071728272725483,-0.014939665794372559,0.9104593587229286,False,support
11,text,5,8,"[9, 10, 11, 12, 13]",film if I was a,37,52,verified,,,unresolved,Negative,Positive,0.1068146520319706,-0.07899582386016846,0.9061185834435499,False,support
11,text,5,9,"[10, 11, 12, 13, 14]",if I was a director,42,61,verified,,,unresolved,Negative,Positive,-0.06242647029477055,0.16087353229522705,0.9205398245100198,False,oppose
11,audio,1,0,[1],,,,not_applicable,,,unresolved,Negative,Positive,-0.025921356853570998,0.03606569766998291,0.9171140820269784,False,oppose
11,audio,1,1,[2],,,,not_applicable,,,unresolved,Negative,Positive,-0.03253405491767003,0.04354393482208252,0.9174649548342687,False,oppose
11,audio,1,2,[3],,,,not_applicable,,,unresolved,Negative,Positive,-0.01856485825349985,0.03752779960632324,0.9168786266439746,False,oppose
11,audio,1,3,[4],,,,not_applicable,,,unresolved,Negative,Positive,-0.024775772496774984,0.03946053981781006,0.9169547455845444,False,oppose
11,audio,1,4,[5],,,,not_applicable,,,unresolved,Negative,Positive,-0.019905847677763155,0.02617824077606201,0.9167063812086265,False,oppose
11,audio,1,5,[6],,,,not_applicable,,,unresolved,Negative,Positive,-0.020053796748964015,0.026955604553222656,0.9165639289411464,False,oppose
11,audio,1,6,[7],,,,not_applicable,,,unresolved,Negative,Positive,-0.014690373933781586,0.01545858383178711,0.9160456813133716,False,oppose
11,audio,1,7,[8],,,,not_applicable,,,unresolved,Negative,Positive,-0.017499714283561563,0.015981554985046387,0.9162234509934217,False,oppose
11,audio,1,8,[9],,,,not_applicable,,,unresolved,Negative,Positive,-0.020573651790059433,0.019539952278137207,0.9164270906010793,False,oppose
11,audio,1,9,[10],,,,not_applicable,,,unresolved,Negative,Positive,-0.015160499956924589,0.012697935104370117,0.9160407587593851,False,oppose
11,audio,1,10,[11],,,,not_applicable,,,unresolved,Negative,Positive,-0.03244383610158863,0.032601118087768555,0.9172688412429705,False,oppose
11,audio,1,11,[12],,,,not_applicable,,,unresolved,Negative,Positive,-0.02533411728158841,0.02369832992553711,0.9166440035759248,False,oppose
11,audio,1,12,[13],,,,not_applicable,,,unresolved,Negative,Positive,-0.008951252834445977,0.009809374809265137,0.9157033274777309,False,oppose
11,audio,1,13,[14],,,,not_applicable,,,unresolved,Negative,Positive,-0.031127371073007115,0.029750704765319824,0.9170472573948144,False,oppose
11,audio,3,0,"[1, 2, 3]",,,,not_applicable,,,unresolved,Negative,Positive,-0.05330795724071846,0.10155284404754639,0.919562116032744,False,oppose
11,audio,3,1,"[2, 3, 4]",,,,not_applicable,,,unresolved,Negative,Positive,-0.05129378945709728,0.10318136215209961,0.9193848531890356,False,oppose
11,audio,3,2,"[3, 4, 5]",,,,not_applicable,,,unresolved,Negative,Positive,-0.04108918312219778,0.08683598041534424,0.9188488474336405,False,oppose
11,audio,3,3,"[4, 5, 6]",,,,not_applicable,,,unresolved,Negative,Positive,-0.047245169156708844,0.08025085926055908,0.9189443511712573,False,oppose
11,audio,3,4,"[5, 6, 7]",,,,not_applicable,,,unresolved,Negative,Positive,-0.043184649594453894,0.06147503852844238,0.9185668117438436,False,oppose
11,audio,3,5,"[6, 7, 8]",,,,not_applicable,,,unresolved,Negative,Positive,-0.04215502622584788,0.05288112163543701,0.9182146923047164,False,oppose
11,audio,3,6,"[7, 8, 9]",,,,not_applicable,,,unresolved,Negative,Positive,-0.04329099170989936,0.04635155200958252,0.9181386548848506,False,oppose
11,audio,3,7,"[8, 9, 10]",,,,not_applicable,,,unresolved,Negative,Positive,-0.04376953939437911,0.04377591609954834,0.9181349857912058,False,oppose
11,audio,3,8,"[9, 10, 11]",,,,not_applicable,,,unresolved,Negative,Positive,-0.057930422622846756,0.059842824935913086,0.9190810755556417,False,oppose
11,audio,3,9,"[10, 11, 12]",,,,not_applicable,,,unresolved,Negative,Positive,-0.06385477275175067,0.06498181819915771,0.9193550020479118,False,oppose
11,audio,3,10,"[11, 12, 13]",,,,not_applicable,,,unresolved,Negative,Positive,-0.05896488658178134,0.06256508827209473,0.9190820115298034,False,oppose
11,audio,3,11,"[12, 13, 14]",,,,not_applicable,,,unresolved,Negative,Positive,-0.05817728642023967,0.06012928485870361,0.9189373452129517,False,oppose
11,audio,5,0,"[1, 2, 3, 4, 5]",,,,not_applicable,,,unresolved,Negative,Positive,-0.05442806446007653,0.1362680196762085,0.9197740776834413,False,oppose
11,audio,5,1,"[2, 3, 4, 5, 6]",,,,not_applicable,,,unresolved,Negative,Positive,-0.053485390477058914,0.12966227531433105,0.91970167455485,False,oppose
11,audio,5,2,"[3, 4, 5, 6, 7]",,,,not_applicable,,,unresolved,Negative,Positive,-0.04795473588063226,0.11136138439178467,0.9193545823727118,False,oppose
11,audio,5,3,"[4, 5, 6, 7, 8]",,,,not_applicable,,,unresolved,Negative,Positive,-0.055076783724126166,0.09836852550506592,0.9194445441386128,True,oppose
11,audio,5,4,"[5, 6, 7, 8, 9]",,,,not_applicable,,,unresolved,Negative,Positive,-0.05614605467433531,0.08312618732452393,0.9193841312369279,False,oppose
11,audio,5,5,"[6, 7, 8, 9, 10]",,,,not_applicable,,,unresolved,Negative,Positive,-0.05668112957179794,0.07491934299468994,0.9191773477307981,False,oppose
11,audio,5,6,"[7, 8, 9, 10, 11]",,,,not_applicable,,,unresolved,Negative,Positive,-0.06808824280131764,0.08075439929962158,0.9197775935373846,True,oppose
11,audio,5,7,"[8, 9, 10, 11, 12]",,,,not_applicable,,,unresolved,Negative,Positive,-0.07763701684757596,0.08813726902008057,0.9202218469528288,False,oppose
11,audio,5,8,"[9, 10, 11, 12, 13]",,,,not_applicable,,,unresolved,Negative,Positive,-0.07468816543552448,0.08565366268157959,0.9200896924700734,False,oppose
11,audio,5,9,"[10, 11, 12, 13, 14]",,,,not_applicable,,,unresolved,Negative,Positive,-0.08453978027363762,0.09569478034973145,0.9205922048036149,True,oppose
11,vision,1,0,[1],,,,not_applicable,,,unresolved,Negative,Positive,0.015453117175717512,-0.02419757843017578,0.9137564472917574,False,support
11,vision,1,1,[2],,,,not_applicable,,,unresolved,Negative,Positive,0.020865587505884964,-0.029011845588684082,0.91336153755665,False,support
11,vision,1,2,[3],,,,not_applicable,,,unresolved,Negative,Positive,0.028189223028344035,-0.032152533531188965,0.9129459302219167,True,support
11,vision,1,3,[4],,,,not_applicable,,,unresolved,Negative,Positive,0.014101512820632767,-0.015657901763916016,0.9139441550567168,False,support
11,vision,1,4,[5],,,,not_applicable,,,unresolved,Negative,Positive,0.007133500822457339,-0.007001757621765137,0.914347053403733,False,support
11,vision,1,5,[6],,,,not_applicable,,,unresolved,Negative,Positive,0.006013975189536502,-0.006899118423461914,0.9144527156966226,False,support
11,vision,1,6,[7],,,,not_applicable,,,unresolved,Negative,Positive,-0.0019635839888825224,0.0024565458297729492,0.914829190623775,False,oppose
11,vision,1,7,[8],,,,not_applicable,,,unresolved,Negative,Positive,0.0017755969596451315,-0.0018572807312011719,0.9146812171752231,False,support
11,vision,1,8,[9],,,,not_applicable,,,unresolved,Negative,Positive,-0.00023408622909348864,0.0002878904342651367,0.9148005073231747,False,oppose
11,vision,1,9,[10],,,,not_applicable,,,unresolved,Negative,Positive,-0.008527016086759431,0.010198116302490234,0.9153489422591069,True,oppose
11,vision,1,10,[11],,,,not_applicable,,,unresolved,Negative,Positive,0.015682584250325426,-0.018068790435791016,0.9138510986880429,False,support
11,vision,1,11,[12],,,,not_applicable,,,unresolved,Negative,Positive,-0.002273544154606455,0.0026024580001831055,0.9150136895573844,True,oppose
11,vision,1,12,[13],,,,not_applicable,,,unresolved,Negative,Positive,-0.004890190564761809,0.003088712692260742,0.9151286971793858,True,oppose
11,vision,1,13,[14],,,,not_applicable,,,unresolved,Negative,Positive,0.003188732955933915,-0.003428816795349121,0.9146386948680363,False,support
11,vision,3,0,"[1, 2, 3]",,,,not_applicable,,,unresolved,Negative,Positive,0.08451174407545103,-0.10553085803985596,0.9085695255983973,False,support
11,vision,3,1,"[2, 3, 4]",,,,not_applicable,,,unresolved,Negative,Positive,0.08069480703513543,-0.09380495548248291,0.9090037569083788,False,support
11,vision,3,2,"[3, 4, 5]",,,,not_applicable,,,unresolved,Negative,Positive,0.060382196628217866,-0.06585407257080078,0.9105676363054811,False,support
11,vision,3,3,"[4, 5, 6]",,,,not_applicable,,,unresolved,Negative,Positive,0.0332301535435886,-0.03621399402618408,0.9124981831108161,False,support
11,vision,3,4,"[5, 6, 7]",,,,not_applicable,,,unresolved,Negative,Positive,0.013678058396856763,-0.014670729637145996,0.9136494051014665,False,support
11,vision,3,5,"[6, 7, 8]",,,,not_applicable,,,unresolved,Negative,Positive,0.007709923050117418,-0.008639693260192871,0.914031092428958,False,support
11,vision,3,6,"[7, 8, 9]",,,,not_applicable,,,unresolved,Negative,Positive,0.0011744105528812554,-0.0010709762573242188,0.914400834547995,False,support
11,vision,3,7,"[8, 9, 10]",,,,not_applicable,,,unresolved,Negative,Positive,-0.005761803880753202,0.007099509239196777,0.9149442537460348,False,oppose
11,vision,3,8,"[9, 10, 11]",,,,not_applicable,,,unresolved,Negative,Positive,0.00827272783343247,-0.009379267692565918,0.9141056376361371,False,support
11,vision,3,9,"[10, 11, 12]",,,,not_applicable,,,unresolved,Negative,Positive,0.005467068248230955,-0.006491303443908691,0.9143757269401344,False,support
11,vision,3,10,"[11, 12, 13]",,,,not_applicable,,,unresolved,Negative,Positive,0.009161648032802727,-0.013819575309753418,0.9141478833329123,False,support
11,vision,3,11,"[12, 13, 14]",,,,not_applicable,,,unresolved,Negative,Positive,-0.0032198677393768804,0.0013965368270874023,0.9149426691758187,False,oppose
11,vision,5,0,"[1, 2, 3, 4, 5]",,,,not_applicable,,,unresolved,Negative,Positive,0.1414538582516327,-0.16200339794158936,0.9038875224846306,True,support
11,vision,5,1,"[2, 3, 4, 5, 6]",,,,not_applicable,,,unresolved,Negative,Positive,0.11791845179834848,-0.1316288709640503,0.9058955244111104,False,support
11,vision,5,2,"[3, 4, 5, 6, 7]",,,,not_applicable,,,unresolved,Negative,Positive,0.0754590162545008,-0.08205306529998779,0.9090793380680884,False,support
11,vision,5,3,"[4, 5, 6, 7, 8]",,,,not_applicable,,,unresolved,Negative,Positive,0.03994947430584528,-0.0435100793838501,0.911593463202048,True,support
11,vision,5,4,"[5, 6, 7, 8, 9]",,,,not_applicable,,,unresolved,Negative,Positive,0.021346548438970547,-0.023361682891845703,0.9127916477141317,False,support
11,vision,5,5,"[6, 7, 8, 9, 10]",,,,not_applicable,,,unresolved,Negative,Positive,0.002777185502003121,-0.002363920211791992,0.9140164246865976,False,support
11,vision,5,6,"[7, 8, 9, 10, 11]",,,,not_applicable,,,unresolved,Negative,Positive,0.012719144246430947,-0.013960719108581543,0.9133798331640365,False,support
11,vision,5,7,"[8, 9, 10, 11, 12]",,,,not_applicable,,,unresolved,Negative,Positive,0.011409289505850406,-0.013105392456054688,0.913640426688415,False,support
11,vision,5,8,"[9, 10, 11, 12, 13]",,,,not_applicable,,,unresolved,Negative,Positive,0.0027676288144902195,-0.005955338478088379,0.9142418085901597,False,support
11,vision,5,9,"[10, 11, 12, 13, 14]",,,,not_applicable,,,unresolved,Negative,Positive,0.00700468646097141,-0.010050654411315918,0.9140413821160822,False,support
12,text,1,0,[1],Or,0,2,verified,,,unresolved,Negative,Positive,-0.09000972006853658,0.09354686737060547,0.8925937304135416,True,oppose
12,text,1,1,[2],worse,3,8,verified,,,unresolved,Negative,Positive,0.12570795435453563,-0.11440730094909668,0.8688520539028636,False,support
12,text,1,2,[3],",",8,9,verified,,,unresolved,Negative,Positive,-0.09723449493549641,0.10302484035491943,0.8938038365942802,False,oppose
12,text,1,3,[4],an,10,12,verified,,,unresolved,Negative,Positive,-0.012411179795947191,-3.3855438232421875e-05,0.88292572543799,False,oppose
12,text,1,4,[5],individual,13,23,verified,,,unresolved,Negative,Positive,-0.05329520301086088,0.039902448654174805,0.8880602138654323,False,oppose
12,text,1,5,[6],previously,24,34,verified,,,unresolved,Negative,Positive,0.004760136757441025,0.019044876098632812,0.8848965940542274,False,support
12,text,1,6,[7],had,35,38,verified,,,unresolved,Negative,Positive,-0.005976808489711161,0.021623611450195312,0.8861352562004533,False,oppose
12,text,1,7,[8],good,39,43,verified,,,unresolved,Negative,Positive,0.04494659337408713,-0.05520987510681152,0.8760814793037639,False,support
12,text,1,8,[9],credit,44,50,verified,,,unresolved,Negative,Positive,-0.002880200193235094,0.01621389389038086,0.8844088301993789,False,oppose
12,text,1,9,[10],",",50,51,verified,,,unresolved,Negative,Positive,0.01123185959665518,-0.013589143753051758,0.8804715219022334,False,support
12,text,1,10,[11],but,52,55,verified,,,unresolved,Negative,Positive,0.04939596102841204,-0.05131196975708008,0.8768820757873825,False,support
12,text,1,11,[12],usually,56,63,verified,,,unresolved,Negative,Positive,-0.05962978027656174,0.07515466213226318,0.8912912039501864,False,oppose
12,text,1,12,[13],by,64,66,verified,,,unresolved,Negative,Positive,0.06244766665463519,-0.05438244342803955,0.8770331642358595,False,support
12,text,1,13,[14],no,67,69,verified,,,unresolved,Negative,Positive,0.02826610622419068,-0.02715134620666504,0.8789992056269843,False,support
12,text,1,14,[15],fault,70,75,verified,,,unresolved,Negative,Positive,-0.01886471025970904,0.02224910259246826,0.8850429384778883,False,oppose
12,text,1,15,[16],of,76,78,verified,,,unresolved,Negative,Positive,0.0484322679760143,-0.0441625714302063,0.8777967519436473,False,support
12,text,1,16,[17],their,79,84,verified,,,unresolved,Negative,Positive,0.00565044176611984,-0.004253864288330078,0.8826569016269503,False,support
12,text,1,17,[18],own,85,88,verified,,,unresolved,Negative,Positive,0.032677384797296316,-0.031475603580474854,0.8797189685006217,False,support
12,text,1,18,[19],",",88,89,verified,,,unresolved,Negative,Positive,-0.0175827393743897,0.020817875862121582,0.8846424098917778,False,oppose
12,text,1,19,[20],or,90,92,verified,,,unresolved,Negative,Positive,0.01870409944947271,-0.009932398796081543,0.8817210931710865,False,support
12,text,1,20,[21],perhaps,93,100,verified,,,unresolved,Negative,Positive,-0.06616959015541202,0.05948305130004883,0.889716676016911,False,oppose
12,text,1,21,[22],by,101,103,verified,,,unresolved,Negative,Positive,0.015281062236820464,0.0006725788116455078,0.8831656542476645,False,support
12,text,1,22,[23],fault,104,109,verified,,,unresolved,Negative,Positive,0.04596799686904918,-0.028302907943725586,0.8800938854564571,False,support
12,text,1,23,[24],of,110,112,verified,,,unresolved,Negative,Positive,0.0424288788868572,-0.02950894832611084,0.879840465382874,False,support
12,text,1,24,[25],their,113,118,verified,,,unresolved,Negative,Positive,0.01862800834905398,-0.01380997896194458,0.8816494907799828,False,support
12,text,1,25,[26],own,119,122,verified,,,unresolved,Negative,Positive,0.03179394371811384,-0.022852063179016113,0.880680352091551,False,support
12,text,1,26,[27],",",122,123,verified,,,unresolved,Negative,Positive,0.004032755488764916,-0.002441883087158203,0.8821631273912662,False,support
12,text,1,27,[28],they,124,128,verified,,,unresolved,Negative,Positive,0.028555319383157585,-0.017122209072113037,0.8807664105099795,False,support
12,text,1,28,[29],have,129,133,verified,,,unresolved,Negative,Positive,0.02447464271355093,-0.01687455177307129,0.8808743780532436,False,support
12,text,1,29,[30],let,134,137,verified,,,unresolved,Negative,Positive,0.06505649122410295,-0.06748008728027344,0.8748996529525617,False,support
12,text,1,30,[31],their,138,143,verified,,,unresolved,Negative,Positive,0.1256545803641651,-0.12047076225280762,0.8675312345082012,False,support
12,text,1,31,[32],credit,144,150,verified,,,unresolved,Negative,Positive,0.06837737903571561,-0.061896562576293945,0.8754867855889117,False,support
12,text,1,32,"[33, 34]",sag,151,154,verified,,,unresolved,Negative,Positive,0.3860541273068554,-0.3262193202972412,0.8330792237470036,False,support
12,text,1,33,[35],",",154,155,verified,,,unresolved,Negative,Positive,-0.02416854262645529,0.018901348114013672,0.8842939522863005,False,oppose
12,text,1,34,[36],and,156,159,verified,,,unresolved,Negative,Positive,-0.01896361635617083,0.011705875396728516,0.8839954936905932,False,oppose
12,text,1,35,[37],credit,160,166,verified,,,unresolved,Negative,Positive,-0.015357546587824178,0.007816553115844727,0.8843252225328155,False,oppose
12,text,1,36,[38],scores,167,173,verified,,,unresolved,Negative,Positive,0.16898791535783086,-0.13033819198608398,0.8670679309974246,False,support
12,text,1,37,[39],is,174,176,verified,,,unresolved,Negative,Positive,0.020714025559678717,-0.008233308792114258,0.8814133530889864,False,support
12,text,1,38,[40],very,177,181,verified,,,unresolved,Negative,Positive,0.12591853576279055,-0.10675537586212158,0.8695192699334064,False,support
12,text,1,39,[41],low,182,185,verified,,,unresolved,Negative,Positive,0.314408684723277,-0.24119246006011963,0.8487210677840934,False,support
12,text,1,40,[42],.,185,186,verified,,,unresolved,Negative,Positive,0.023089273292663748,-0.020309031009674072,0.8807992950700401,False,support
12,text,3,0,"[1, 2, 3]","Or worse,",0,9,verified,,,unresolved,Negative,Positive,0.0778121429540568,-0.05486428737640381,0.8763124506573032,False,support
12,text,3,1,"[2, 3, 4]","worse, an",3,12,verified,,,unresolved,Negative,Positive,0.08923423630924043,-0.0862230658531189,0.8723436576869538,False,support
12,text,3,2,"[3, 4, 5]",", an individual",8,23,verified,,,unresolved,Negative,Positive,-0.2434070923338374,0.27163898944854736,0.9079734124618478,True,oppose
12,text,3,3,"[4, 5, 6]",an individual previously,10,34,verified,,,unresolved,Negative,Positive,-0.16443054524331702,0.2127535343170166,0.9030898805599782,False,oppose
12,text,3,4,"[5, 6, 7]",individual previously had,13,38,verified,,,unresolved,Negative,Positive,-0.12548931026403132,0.1702136993408203,0.9004138145706735,True,oppose
12,text,3,5,"[6, 7, 8]",previously had good,24,43,verified,,,unresolved,Negative,Positive,-0.029833967786272897,0.04708695411682129,0.8879356638972135,False,oppose
12,text,3,6,"[7, 8, 9]",had good credit,35,50,verified,,,unresolved,Negative,Positive,0.13109359647528906,-0.11025041341781616,0.8681785413841435,False,support
12,text,3,7,"[8, 9, 10]","good credit,",39,51,verified,,,unresolved,Negative,Positive,0.10290156856662236,-0.09263026714324951,0.8695705195354794,False,support
12,text,3,8,"[9, 10, 11]","credit, but",44,55,verified,,,unresolved,Negative,Positive,0.05479564329889364,-0.04788559675216675,0.8758158489365994,False,support
12,text,3,9,"[10, 11, 12]",", but usually",50,63,verified,,,unresolved,Negative,Positive,0.046695337787360014,-0.042259931564331055,0.8773756071259838,False,support
12,text,3,10,"[11, 12, 13]",but usually by,52,66,verified,,,unresolved,Negative,Positive,-0.016755707841539902,0.023541927337646484,0.8861061802979843,False,oppose
12,text,3,11,"[12, 13, 14]",usually by no,56,69,verified,,,unresolved,Negative,Positive,-0.05878407061336954,0.07395076751708984,0.8901126468288684,False,oppose
12,text,3,12,"[13, 14, 15]",by no fault,64,75,verified,,,unresolved,Negative,Positive,0.056916953752742305,-0.048955321311950684,0.8758736326551739,False,support
12,text,3,13,"[14, 15, 16]",no fault of,67,78,verified,,,unresolved,Negative,Positive,0.13740367007949938,-0.11402159929275513,0.8674055908821625,False,support
12,text,3,14,"[15, 16, 17]",fault of their,70,84,verified,,,unresolved,Negative,Positive,0.02874704045329013,-0.02002239227294922,0.8801345424014763,False,support
12,text,3,15,"[16, 17, 18]",of their own,76,88,verified,,,unresolved,Negative,Positive,0.06413928680375447,-0.058322131633758545,0.8753901911479917,False,support
12,text,3,16,"[17, 18, 19]","their own,",79,89,verified,,,unresolved,Negative,Positive,-0.007796034447587807,0.005643963813781738,0.8829896465033534,False,oppose
12,text,3,17,"[18, 19, 20]","own, or",85,92,verified,,,unresolved,Negative,Positive,0.04520628596698595,-0.03568458557128906,0.8786652260927273,False,support
12,text,3,18,"[19, 20, 21]",", or perhaps",88,100,verified,,,unresolved,Negative,Positive,-0.014532110374865681,0.019862890243530273,0.8847145884112737,False,oppose
12,text,3,19,"[20, 21, 22]",or perhaps by,90,103,verified,,,unresolved,Negative,Positive,-0.06458459722467991,0.07670986652374268,0.8910703208223996,False,oppose
12,text,3,20,"[21, 22, 23]",perhaps by fault,93,109,verified,,,unresolved,Negative,Positive,-0.036130722442626606,0.0542522668838501,0.8887881510868759,False,oppose
12,text,3,21,"[22, 23, 24]",by fault of,101,112,verified,,,unresolved,Negative,Positive,0.06946935077125893,-0.03739887475967407,0.8783705220440807,False,support
12,text,3,22,"[23, 24, 25]",fault of their,104,118,verified,,,unresolved,Negative,Positive,0.05543106837147471,-0.03195619583129883,0.8792648495426522,False,support
12,text,3,23,"[24, 25, 26]",of their own,110,122,verified,,,unresolved,Negative,Positive,0.028884319169997674,-0.018459200859069824,0.8805721815474546,False,support
12,text,3,24,"[25, 26, 27]","their own,",113,123,verified,,,unresolved,Negative,Positive,0.044992875634668916,-0.04021430015563965,0.8778606395321514,False,support
12,text,3,25,"[26, 27, 28]","own, they",119,128,verified,,,unresolved,Negative,Positive,0.0223265504600052,-0.011614203453063965,0.8812755567786589,False,support
12,text,3,26,"[27, 28, 29]",", they have",122,133,verified,,,unresolved,Negative,Positive,0.06789228178977247,-0.05356341600418091,0.8760130293287022,False,support
12,text,3,27,"[28, 29, 30]",they have let,124,137,verified,,,unresolved,Negative,Positive,0.17089114406595973,-0.14247024059295654,0.8642576708549546,False,support
12,text,3,28,"[29, 30, 31]",have let their,129,143,verified,,,unresolved,Negative,Positive,0.04996007884493281,-0.03306281566619873,0.8790211113218727,False,support
12,text,3,29,"[30, 31, 32]",let their credit,134,150,verified,,,unresolved,Negative,Positive,0.06253800503303575,-0.05959594249725342,0.8753011559113716,False,support
12,text,3,30,"[31, 32, 33, 34]",their credit sag,138,154,verified,,,unresolved,Negative,Positive,0.48828382464431686,-0.3988426923751831,0.8159893735242216,False,support
12,text,3,31,"[32, 33, 34, 35]","credit sag,",144,155,verified,,,unresolved,Negative,Positive,0.3244431437436126,-0.2767142057418823,0.8405732211137686,False,support
12,text,3,32,"[33, 34, 35, 36]","sag, and",151,159,verified,,,unresolved,Negative,Positive,0.343175095610476,-0.2854050397872925,0.8391638076176688,False,support
12,text,3,33,"[35, 36, 37]",", and credit",154,166,verified,,,unresolved,Negative,Positive,0.16281310138246852,-0.1440182328224182,0.8635868076115493,False,support
12,text,3,34,"[36, 37, 38]",and credit scores,156,173,verified,,,unresolved,Negative,Positive,0.07506431513042022,-0.04175102710723877,0.8776893351332561,False,support
12,text,3,35,"[37, 38, 39]",credit scores is,160,176,verified,,,unresolved,Negative,Positive,0.11512863851652044,-0.0709487795829773,0.8739939629423871,False,support
12,text,3,36,"[38, 39, 40]",scores is very,167,181,verified,,,unresolved,Negative,Positive,0.4762050919781111,-0.35305696725845337,0.8266828443969785,False,support
12,text,3,37,"[39, 40, 41]",is very low,174,185,verified,,,unresolved,Negative,Positive,0.4205064889921064,-0.31297898292541504,0.8346323399262279,False,support
12,text,3,38,"[40, 41, 42]",very low.,177,186,verified,,,unresolved,Negative,Positive,0.5107323999297337,-0.3881298303604126,0.8191666572962585,False,support
12,text,5,0,"[1, 2, 3, 4, 5]","Or worse, an individual",0,23,verified,,,unresolved,Negative,Positive,-0.15899316995667334,0.188920259475708,0.9013318153558855,False,oppose
12,text,5,1,"[2, 3, 4, 5, 6]","worse, an individual previously",3,34,verified,,,unresolved,Negative,Positive,-0.0031822675212502816,0.062459468841552734,0.8899796929373514,False,oppose
12,text,5,2,"[3, 4, 5, 6, 7]",", an individual previously had",8,38,verified,,,unresolved,Negative,Positive,-0.165796316703394,0.22847604751586914,0.9047231238567112,False,oppose
12,text,5,3,"[4, 5, 6, 7, 8]",an individual previously had good,10,43,verified,,,unresolved,Negative,Positive,-0.15889073458407976,0.20983386039733887,0.9027487362910782,False,oppose
12,text,5,4,"[5, 6, 7, 8, 9]",individual previously had good credit,13,50,verified,,,unresolved,Negative,Positive,-0.1191628231053139,0.15987324714660645,0.8984367443112025,False,oppose
12,text,5,5,"[6, 7, 8, 9, 10]","previously had good credit,",24,51,verified,,,unresolved,Negative,Positive,-0.07361769492463166,0.11153435707092285,0.8928484460581207,False,oppose
12,text,5,6,"[7, 8, 9, 10, 11]","had good credit, but",35,55,verified,,,unresolved,Negative,Positive,0.10028595785795735,-0.08288472890853882,0.8708027052940847,False,support
12,text,5,7,"[8, 9, 10, 11, 12]","good credit, but usually",39,63,verified,,,unresolved,Negative,Positive,0.041137161435872205,-0.021097242832183838,0.8790367820199304,False,support
12,text,5,8,"[9, 10, 11, 12, 13]","credit, but usually by",44,66,verified,,,unresolved,Negative,Positive,-0.027245370269691538,0.04886031150817871,0.8873499429796435,False,oppose
12,text,5,9,"[10, 11, 12, 13, 14]",", but usually by no",50,69,verified,,,unresolved,Negative,Positive,0.03181978463678625,-0.028443098068237305,0.8781749019245514,False,support
12,text,5,10,"[11, 12, 13, 14, 15]",but usually by no fault,52,75,verified,,,unresolved,Negative,Positive,0.05238878732025132,-0.03984552621841431,0.877535406693755,False,support
12,text,5,11,"[12, 13, 14, 15, 16]",usually by no fault of,56,78,verified,,,unresolved,Negative,Positive,0.05218337153975794,-0.019293785095214844,0.8797990261364855,False,support
12,text,5,12,"[13, 14, 15, 16, 17]",by no fault of their,64,84,verified,,,unresolved,Negative,Positive,0.1176874188138668,-0.09856271743774414,0.8691561755957248,False,support
12,text,5,13,"[14, 15, 16, 17, 18]",no fault of their own,67,88,verified,,,unresolved,Negative,Positive,0.11753051689860294,-0.09183204174041748,0.8693633332714306,False,support
12,text,5,14,"[15, 16, 17, 18, 19]","fault of their own,",70,89,verified,,,unresolved,Negative,Positive,0.02755346234675793,-0.009475648403167725,0.8797037730112525,False,support
12,text,5,15,"[16, 17, 18, 19, 20]","of their own, or",76,92,verified,,,unresolved,Negative,Positive,0.08752310241949601,-0.06916910409927368,0.8732381570229825,False,support
12,text,5,16,"[17, 18, 19, 20, 21]","their own, or perhaps",79,100,verified,,,unresolved,Negative,Positive,-0.010418981427811946,0.014040708541870117,0.8839270520929446,False,oppose
12,text,5,17,"[18, 19, 20, 21, 22]","own, or perhaps by",85,103,verified,,,unresolved,Negative,Positive,0.04041572820413508,-0.01988506317138672,0.8804154468743919,False,support
12,text,5,18,"[19, 20, 21, 22, 23]",", or perhaps by fault",88,109,verified,,,unresolved,Negative,Positive,0.04480286940335931,-0.019562602043151855,0.8799566392631517,False,support
12,text,5,19,"[20, 21, 22, 23, 24]",or perhaps by fault of,90,112,verified,,,unresolved,Negative,Positive,0.0007835144973187269,0.018480300903320312,0.8843469472048009,False,support
12,text,5,20,"[21, 22, 23, 24, 25]",perhaps by fault of their,93,118,verified,,,unresolved,Negative,Positive,-0.02952816305287298,0.05273628234863281,0.8881849825088851,False,oppose
12,text,5,21,"[22, 23, 24, 25, 26]",by fault of their own,101,122,verified,,,unresolved,Negative,Positive,0.07374381997191648,-0.045275092124938965,0.8770203946620327,False,support
12,text,5,22,"[23, 24, 25, 26, 27]","fault of their own,",104,123,verified,,,unresolved,Negative,Positive,0.11923134990081996,-0.08301740884780884,0.8713020273334559,False,support
12,text,5,23,"[24, 25, 26, 27, 28]","of their own, they",110,128,verified,,,unresolved,Negative,Positive,-0.008423130396530087,0.026569485664367676,0.8846490466366947,False,oppose
12,text,5,24,"[25, 26, 27, 28, 29]","their own, they have",113,133,verified,,,unresolved,Negative,Positive,0.07174819538473765,-0.054232776165008545,0.8756448728246067,False,support
12,text,5,25,"[26, 27, 28, 29, 30]","own, they have let",119,137,verified,,,unresolved,Negative,Positive,0.22745332865159096,-0.17992818355560303,0.8579820461067003,False,support
12,text,5,26,"[27, 28, 29, 30, 31]",", they have let their",122,143,verified,,,unresolved,Negative,Positive,0.2939934004038878,-0.23695659637451172,0.8474530627030602,False,support
12,text,5,27,"[28, 29, 30, 31, 32]",they have let their credit,124,150,verified,,,unresolved,Negative,Positive,0.1793063874234675,-0.14491480588912964,0.8634687272135501,False,support
12,text,5,28,"[29, 30, 31, 32, 33, 34]",have let their credit sag,129,154,verified,,,unresolved,Negative,Positive,0.49138536493981855,-0.37680375576019287,0.8204504518062933,True,support
12,text,5,29,"[30, 31, 32, 33, 34, 35]","let their credit sag,",134,155,verified,,,unresolved,Negative,Positive,0.42371205139026413,-0.3352384567260742,0.8285065811685554,False,support
12,text,5,30,"[31, 32, 33, 34, 35, 36]","their credit sag, and",138,159,verified,,,unresolved,Negative,Positive,0.471679649694261,-0.3758339285850525,0.8187550268858608,False,support
12,text,5,31,"[32, 33, 34, 35, 36, 37]","credit sag, and credit",144,166,verified,,,unresolved,Negative,Positive,0.35973584543897186,-0.2804902195930481,0.8402806798002629,False,support
12,text,5,32,"[33, 34, 35, 36, 37, 38]","sag, and credit scores",151,173,verified,,,unresolved,Negative,Positive,0.49425374396123756,-0.36748385429382324,0.8225100824159423,True,support
12,text,5,33,"[35, 36, 37, 38, 39]",", and credit scores is",154,176,verified,,,unresolved,Negative,Positive,0.2667899190349914,-0.193212628364563,0.8550717382689731,False,support
12,text,5,34,"[36, 37, 38, 39, 40]",and credit scores is very,156,181,verified,,,unresolved,Negative,Positive,0.3634943509848565,-0.24736738204956055,0.8466959709151922,False,support
12,text,5,35,"[37, 38, 39, 40, 41]",credit scores is very low,160,185,verified,,,unresolved,Negative,Positive,0.5312075864710146,-0.3752979636192322,0.8225860678779303,False,support
12,text,5,36,"[38, 39, 40, 41, 42]",scores is very low.,167,186,verified,,,unresolved,Negative,Positive,0.7255224601470767,-0.5068711042404175,0.789174440148405,True,support
12,audio,1,0,[1],,,,not_applicable,,,unresolved,Negative,Positive,-0.00923561104101367,0.004532814025878906,0.8839215946452049,False,oppose
12,audio,1,1,[2],,,,not_applicable,,,unresolved,Negative,Positive,-0.010458019111165395,0.005627870559692383,0.8840858856973033,False,oppose
12,audio,1,2,[3],,,,not_applicable,,,unresolved,Negative,Positive,-0.007111404602729188,0.0017426013946533203,0.8837091185774842,False,oppose
12,audio,1,3,[4],,,,not_applicable,,,unresolved,Negative,Positive,-0.009755927682693954,0.004293084144592285,0.8839276636569894,False,oppose
12,audio,1,4,[5],,,,not_applicable,,,unresolved,Negative,Positive,-0.010046044714102198,0.006767868995666504,0.884015031907143,False,oppose
12,audio,1,5,[6],,,,not_applicable,,,unresolved,Negative,Positive,-0.012496116819066927,0.008745193481445312,0.8842602337239946,False,oppose
12,audio,1,6,[7],,,,not_applicable,,,unresolved,Negative,Positive,-0.021687643707154702,0.018732070922851562,0.8852691386748924,False,oppose
12,audio,1,7,[8],,,,not_applicable,,,unresolved,Negative,Positive,-0.019893007455374256,0.017795562744140625,0.8853839306747961,False,oppose
12,audio,1,8,[9],,,,not_applicable,,,unresolved,Negative,Positive,-0.008546849905450404,0.005154848098754883,0.8838817702590602,False,oppose
12,audio,1,9,[10],,,,not_applicable,,,unresolved,Negative,Positive,-0.006618164653044989,0.004381895065307617,0.883838928776982,False,oppose
12,audio,1,10,[11],,,,not_applicable,,,unresolved,Negative,Positive,-0.012740656283976026,0.008375167846679688,0.8842670133966392,False,oppose
12,audio,1,11,[12],,,,not_applicable,,,unresolved,Negative,Positive,-0.016537968449314988,0.01199793815612793,0.8846270123935825,False,oppose
12,audio,1,12,[13],,,,not_applicable,,,unresolved,Negative,Positive,-0.014931256016270655,0.012737393379211426,0.8847409982911939,False,oppose
12,audio,1,13,[14],,,,not_applicable,,,unresolved,Negative,Positive,-0.01683452945012931,0.01166677474975586,0.8847814229797646,False,oppose
12,audio,1,14,[15],,,,not_applicable,,,unresolved,Negative,Positive,-0.020813072019165713,0.017382383346557617,0.8853238892338492,False,oppose
12,audio,1,15,[16],,,,not_applicable,,,unresolved,Negative,Positive,-0.01482024115013747,0.010454297065734863,0.884492505266489,False,oppose
12,audio,1,16,[17],,,,not_applicable,,,unresolved,Negative,Positive,-0.011686179518835882,0.008415460586547852,0.884317797423013,False,oppose
12,audio,1,17,[18],,,,not_applicable,,,unresolved,Negative,Positive,-0.01897889220670823,0.015854716300964355,0.8851124760285626,False,oppose
12,audio,1,18,[19],,,,not_applicable,,,unresolved,Negative,Positive,-0.01698024249562513,0.009765267372131348,0.8846331335037362,False,oppose
12,audio,1,19,[20],,,,not_applicable,,,unresolved,Negative,Positive,-0.012828698885266832,0.008669495582580566,0.8844356140703603,False,oppose
12,audio,1,20,[21],,,,not_applicable,,,unresolved,Negative,Positive,-0.023431599450677965,0.017629384994506836,0.8855240471640968,False,oppose
12,audio,1,21,[22],,,,not_applicable,,,unresolved,Negative,Positive,-0.015893549930340978,0.01249074935913086,0.8846989349672997,False,oppose
12,audio,1,22,[23],,,,not_applicable,,,unresolved,Negative,Positive,-0.024615787532583422,0.021881580352783203,0.8857744324459191,False,oppose
12,audio,1,23,[24],,,,not_applicable,,,unresolved,Negative,Positive,-0.013238505232390452,0.009659767150878906,0.8844347919376944,False,oppose
12,audio,1,24,[25],,,,not_applicable,,,unresolved,Negative,Positive,-0.010129772903222811,0.0059795379638671875,0.8840974016337245,False,oppose
12,audio,1,25,[26],,,,not_applicable,,,unresolved,Negative,Positive,-0.014579817453417743,0.012915611267089844,0.8847216142376263,False,oppose
12,audio,1,26,[27],,,,not_applicable,,,unresolved,Negative,Positive,-0.018793153882177727,0.014103174209594727,0.8849941186509249,False,oppose
12,audio,1,27,[28],,,,not_applicable,,,unresolved,Negative,Positive,-0.011795904147953173,0.007624626159667969,0.884177881439108,False,oppose
12,audio,1,28,[29],,,,not_applicable,,,unresolved,Negative,Positive,-0.013786397853098098,0.010116100311279297,0.8843451976811325,False,oppose
12,audio,1,29,[30],,,,not_applicable,,,unresolved,Negative,Positive,-0.013444507839814879,0.010544776916503906,0.8843911100695416,False,oppose
12,audio,1,30,[31],,,,not_applicable,,,unresolved,Negative,Positive,-0.004626609748422883,0.0006766319274902344,0.883354714511858,False,oppose
12,audio,1,31,[32],,,,not_applicable,,,unresolved,Negative,Positive,-0.011501129082920336,0.008073568344116211,0.8842327441723257,False,oppose
12,audio,1,32,[33],,,,not_applicable,,,unresolved,Negative,Positive,-0.012608819607491828,0.009219884872436523,0.8844245051324413,False,oppose
12,audio,1,33,[34],,,,not_applicable,,,unresolved,Negative,Positive,-0.014164508262573428,0.01090097427368164,0.8845129144414988,False,oppose
12,audio,1,34,[35],,,,not_applicable,,,unresolved,Negative,Positive,-0.009244471332213067,0.0044901371002197266,0.8840571151225239,False,oppose
12,audio,1,35,[36],,,,not_applicable,,,unresolved,Negative,Positive,-0.010264918822480151,0.006484031677246094,0.8840534453647967,False,oppose
12,audio,1,36,[37],,,,not_applicable,,,unresolved,Negative,Positive,-0.011626829405984473,0.007544755935668945,0.8842074514393804,False,oppose
12,audio,1,37,[38],,,,not_applicable,,,unresolved,Negative,Positive,-0.013181965152895714,0.010051250457763672,0.8843227721814777,False,oppose
12,audio,1,38,[39],,,,not_applicable,,,unresolved,Negative,Positive,-0.012765445992994007,0.009777069091796875,0.8842611185116785,False,oppose
12,audio,1,39,[40],,,,not_applicable,,,unresolved,Negative,Positive,-0.009921599882806387,0.008415937423706055,0.8841273340109443,False,oppose
12,audio,1,40,[41],,,,not_applicable,,,unresolved,Negative,Positive,-0.016783296980089624,0.014904975891113281,0.8848886929931434,False,oppose
12,audio,1,41,[42],,,,not_applicable,,,unresolved,Negative,Positive,-0.007138892115354345,0.004929065704345703,0.883831260963532,False,oppose
12,audio,3,0,"[1, 2, 3]",,,,not_applicable,,,unresolved,Negative,Positive,-0.02658896205234118,0.011883974075317383,0.8855106842069104,False,oppose
12,audio,3,1,"[2, 3, 4]",,,,not_applicable,,,unresolved,Negative,Positive,-0.02714826745407084,0.011661171913146973,0.885520708037613,False,oppose
12,audio,3,2,"[3, 4, 5]",,,,not_applicable,,,unresolved,Negative,Positive,-0.026742100526619073,0.01282048225402832,0.8854539380954306,False,oppose
12,audio,3,3,"[4, 5, 6]",,,,not_applicable,,,unresolved,Negative,Positive,-0.031972913457643415,0.01977360248565674,0.8859816259078407,False,oppose
12,audio,3,4,"[5, 6, 7]",,,,not_applicable,,,unresolved,Negative,Positive,-0.04363044589105547,0.034136414527893066,0.8872730590554923,False,oppose
12,audio,3,5,"[6, 7, 8]",,,,not_applicable,,,unresolved,Negative,Positive,-0.052692424367084545,0.044628143310546875,0.8885181530392352,False,oppose
12,audio,3,6,"[7, 8, 9]",,,,not_applicable,,,unresolved,Negative,Positive,-0.04854858057566869,0.04079723358154297,0.888133500473114,False,oppose
12,audio,3,7,"[8, 9, 10]",,,,not_applicable,,,unresolved,Negative,Positive,-0.034253451760507314,0.026972413063049316,0.8868187419551677,False,oppose
12,audio,3,8,"[9, 10, 11]",,,,not_applicable,,,unresolved,Negative,Positive,-0.02737383378836311,0.017709016799926758,0.8857463795663367,False,oppose
12,audio,3,9,"[10, 11, 12]",,,,not_applicable,,,unresolved,Negative,Positive,-0.035373348213715516,0.02460801601409912,0.8864834849238641,False,oppose
12,audio,3,10,"[11, 12, 13]",,,,not_applicable,,,unresolved,Negative,Positive,-0.04348883699640638,0.0328754186630249,0.887345758665093,False,oppose
12,audio,3,11,"[12, 13, 14]",,,,not_applicable,,,unresolved,Negative,Positive,-0.047570375468069415,0.03619182109832764,0.8878421720298469,False,oppose
12,audio,3,12,"[13, 14, 15]",,,,not_applicable,,,unresolved,Negative,Positive,-0.05131534862040832,0.04111003875732422,0.8884508260193948,False,oppose
12,audio,3,13,"[14, 15, 16]",,,,not_applicable,,,unresolved,Negative,Positive,-0.05149731175376937,0.03912913799285889,0.8882468812529974,False,oppose
12,audio,3,14,"[15, 16, 17]",,,,not_applicable,,,unresolved,Negative,Positive,-0.046531333600613234,0.03604543209075928,0.8878189469050085,False,oppose
12,audio,3,15,"[16, 17, 18]",,,,not_applicable,,,unresolved,Negative,Positive,-0.045022565939822456,0.0348200798034668,0.8876506519738134,False,oppose
12,audio,3,16,"[17, 18, 19]",,,,not_applicable,,,unresolved,Negative,Positive,-0.04726661521082365,0.034226179122924805,0.8877991381271275,False,oppose
12,audio,3,17,"[18, 19, 20]",,,,not_applicable,,,unresolved,Negative,Positive,-0.04851401693156365,0.03455162048339844,0.8879257384160074,False,oppose
12,audio,3,18,"[19, 20, 21]",,,,not_applicable,,,unresolved,Negative,Positive,-0.052546224215539894,0.036009788513183594,0.8882840159541284,False,oppose
12,audio,3,19,"[20, 21, 22]",,,,not_applicable,,,unresolved,Negative,Positive,-0.05112660319508988,0.038419246673583984,0.8883106055192249,False,oppose
12,audio,3,20,"[21, 22, 23]",,,,not_applicable,,,unresolved,Negative,Positive,-0.062003242508615664,0.05102944374084473,0.8895098813174862,False,oppose
12,audio,3,21,"[22, 23, 24]",,,,not_applicable,,,unresolved,Negative,Positive,-0.05259884330907738,0.04363715648651123,0.8885414069691361,False,oppose
12,audio,3,22,"[23, 24, 25]",,,,not_applicable,,,unresolved,Negative,Positive,-0.04721178565410433,0.037422895431518555,0.8880002928686072,False,oppose
12,audio,3,23,"[24, 25, 26]",,,,not_applicable,,,unresolved,Negative,Positive,-0.037508516445586615,0.02869129180908203,0.8870034463503921,False,oppose
12,audio,3,24,"[25, 26, 27]",,,,not_applicable,,,unresolved,Negative,Positive,-0.04268872434659521,0.03290700912475586,0.8875116824089019,False,oppose
12,audio,3,25,"[26, 27, 28]",,,,not_applicable,,,unresolved,Negative,Positive,-0.044310595547375264,0.03453850746154785,0.887586058848238,False,oppose
12,audio,3,26,"[27, 28, 29]",,,,not_applicable,,,unresolved,Negative,Positive,-0.04357679216055299,0.03167867660522461,0.8872234028115779,False,oppose
12,audio,3,27,"[28, 29, 30]",,,,not_applicable,,,unresolved,Negative,Positive,-0.0385044898786675,0.028246521949768066,0.8866593371113574,False,oppose
12,audio,3,28,"[29, 30, 31]",,,,not_applicable,,,unresolved,Negative,Positive,-0.03155552176500631,0.021325230598449707,0.8858746873920531,False,oppose
12,audio,3,29,"[30, 31, 32]",,,,not_applicable,,,unresolved,Negative,Positive,-0.029332002610659824,0.019309043884277344,0.8857673000675075,False,oppose
12,audio,3,30,"[31, 32, 33]",,,,not_applicable,,,unresolved,Negative,Positive,-0.02859021710120757,0.018039941787719727,0.8858078679293494,False,oppose
12,audio,3,31,"[32, 33, 34]",,,,not_applicable,,,unresolved,Negative,Positive,-0.03784664267399629,0.028159618377685547,0.8869141394797079,False,oppose
12,audio,3,32,"[33, 34, 35]",,,,not_applicable,,,unresolved,Negative,Positive,-0.035787699553830876,0.02473306655883789,0.886763339245445,False,oppose
12,audio,3,33,"[34, 35, 36]",,,,not_applicable,,,unresolved,Negative,Positive,-0.033509794527026404,0.021984338760375977,0.886406839616889,False,oppose
12,audio,3,34,"[35, 36, 37]",,,,not_applicable,,,unresolved,Negative,Positive,-0.031008103369989826,0.01864933967590332,0.8861084886004136,False,oppose
12,audio,3,35,"[36, 37, 38]",,,,not_applicable,,,unresolved,Negative,Positive,-0.03471152834460156,0.024060606956481934,0.8863473414472685,False,oppose
12,audio,3,36,"[37, 38, 39]",,,,not_applicable,,,unresolved,Negative,Positive,-0.03709726378797695,0.02734541893005371,0.8865396346033373,False,oppose
12,audio,3,37,"[38, 39, 40]",,,,not_applicable,,,unresolved,Negative,Positive,-0.03512005392334361,0.0279996395111084,0.8864354707173925,False,oppose
12,audio,3,38,"[39, 40, 41]",,,,not_applicable,,,unresolved,Negative,Positive,-0.038015490358755066,0.03231954574584961,0.8869231198643001,False,oppose
12,audio,3,39,"[40, 41, 42]",,,,not_applicable,,,unresolved,Negative,Positive,-0.03307989446254034,0.027906179428100586,0.8865658302780471,False,oppose
12,audio,5,0,"[1, 2, 3, 4, 5]",,,,not_applicable,,,unresolved,Negative,Positive,-0.0459235093045165,0.02298271656036377,0.8871999450664576,False,oppose
12,audio,5,1,"[2, 3, 4, 5, 6]",,,,not_applicable,,,unresolved,Negative,Positive,-0.049043535251801273,0.027140021324157715,0.8875139609507258,False,oppose
12,audio,5,2,"[3, 4, 5, 6, 7]",,,,not_applicable,,,unresolved,Negative,Positive,-0.05982779769253055,0.040144920349121094,0.8886244748849674,False,oppose
12,audio,5,3,"[4, 5, 6, 7, 8]",,,,not_applicable,,,unresolved,Negative,Positive,-0.07138622307030529,0.05554056167602539,0.8901042444817198,False,oppose
12,audio,5,4,"[5, 6, 7, 8, 9]",,,,not_applicable,,,unresolved,Negative,Positive,-0.0696418181269376,0.05594992637634277,0.8900029806772128,False,oppose
12,audio,5,5,"[6, 7, 8, 9, 10]",,,,not_applicable,,,unresolved,Negative,Positive,-0.06610278898939015,0.05338418483734131,0.8898184292404401,False,oppose
12,audio,5,6,"[7, 8, 9, 10, 11]",,,,not_applicable,,,unresolved,Negative,Positive,-0.06604745115305022,0.05271017551422119,0.889794884318835,False,oppose
12,audio,5,7,"[8, 9, 10, 11, 12]",,,,not_applicable,,,unresolved,Negative,Positive,-0.061716395940409896,0.04662442207336426,0.8892657226144352,False,oppose
12,audio,5,8,"[9, 10, 11, 12, 13]",,,,not_applicable,,,unresolved,Negative,Positive,-0.057365741057811004,0.04198002815246582,0.8887087070957924,False,oppose
12,audio,5,9,"[10, 11, 12, 13, 14]",,,,not_applicable,,,unresolved,Negative,Positive,-0.06561437975846607,0.04852747917175293,0.8895662525581116,False,oppose
12,audio,5,10,"[11, 12, 13, 14, 15]",,,,not_applicable,,,unresolved,Negative,Positive,-0.07859719047771563,0.06072676181793213,0.8908479842213851,False,oppose
12,audio,5,11,"[12, 13, 14, 15, 16]",,,,not_applicable,,,unresolved,Negative,Positive,-0.08072605523025045,0.06295263767242432,0.891059148832573,True,oppose
12,audio,5,12,"[13, 14, 15, 16, 17]",,,,not_applicable,,,unresolved,Negative,Positive,-0.07617691375855129,0.059548377990722656,0.8907870064442699,False,oppose
12,audio,5,13,"[14, 15, 16, 17, 18]",,,,not_applicable,,,unresolved,Negative,Positive,-0.0803768871791104,0.06299734115600586,0.891159473277449,False,oppose
12,audio,5,14,"[15, 16, 17, 18, 19]",,,,not_applicable,,,unresolved,Negative,Positive,-0.08082155621144782,0.061493635177612305,0.891062611879459,True,oppose
12,audio,5,15,"[16, 17, 18, 19, 20]",,,,not_applicable,,,unresolved,Negative,Positive,-0.07386591444859825,0.05343639850616455,0.8903326594615185,False,oppose
12,audio,5,16,"[17, 18, 19, 20, 21]",,,,not_applicable,,,unresolved,Negative,Positive,-0.08168429014649758,0.060179710388183594,0.8912364056581887,False,oppose
12,audio,5,17,"[18, 19, 20, 21, 22]",,,,not_applicable,,,unresolved,Negative,Positive,-0.08545784147338509,0.0639503002166748,0.8915541079005416,False,oppose
12,audio,5,18,"[19, 20, 21, 22, 23]",,,,not_applicable,,,unresolved,Negative,Positive,-0.09000716079474547,0.06919074058532715,0.8920667541356148,True,oppose
12,audio,5,19,"[20, 21, 22, 23, 24]",,,,not_applicable,,,unresolved,Negative,Positive,-0.08597873549996127,0.06875574588775635,0.8918486270470514,False,oppose
12,audio,5,20,"[21, 22, 23, 24, 25]",,,,not_applicable,,,unresolved,Negative,Positive,-0.08343137717867544,0.06618714332580566,0.8915521957197047,False,oppose
12,audio,5,21,"[22, 23, 24, 25, 26]",,,,not_applicable,,,unresolved,Negative,Positive,-0.07535891175261611,0.062119245529174805,0.8908695583125779,False,oppose
12,audio,5,22,"[23, 24, 25, 26, 27]",,,,not_applicable,,,unresolved,Negative,Positive,-0.07780066438836952,0.06365203857421875,0.8911050963992382,False,oppose
12,audio,5,23,"[24, 25, 26, 27, 28]",,,,not_applicable,,,unresolved,Negative,Positive,-0.06618791660417678,0.05007171630859375,0.8897103895776838,False,oppose
12,audio,5,24,"[25, 26, 27, 28, 29]",,,,not_applicable,,,unresolved,Negative,Positive,-0.06675820675393185,0.05049633979797363,0.889628065265414,False,oppose
12,audio,5,25,"[26, 27, 28, 29, 30]",,,,not_applicable,,,unresolved,Negative,Positive,-0.06980353006757012,0.05489802360534668,0.8898768897612263,False,oppose
12,audio,5,26,"[27, 28, 29, 30, 31]",,,,not_applicable,,,unresolved,Negative,Positive,-0.06060880011934655,0.04275095462799072,0.8886402844126471,False,oppose
12,audio,5,27,"[28, 29, 30, 31, 32]",,,,not_applicable,,,unresolved,Negative,Positive,-0.05391859464431148,0.03696024417877197,0.8879612973849299,False,oppose
12,audio,5,28,"[29, 30, 31, 32, 33]",,,,not_applicable,,,unresolved,Negative,Positive,-0.054819409019247534,0.03858661651611328,0.8882028605588886,False,oppose
12,audio,5,29,"[30, 31, 32, 33, 34]",,,,not_applicable,,,unresolved,Negative,Positive,-0.05501578794466688,0.03920400142669678,0.8883462428976037,False,oppose
12,audio,5,30,"[31, 32, 33, 34, 35]",,,,not_applicable,,,unresolved,Negative,Positive,-0.05150632072306527,0.03365790843963623,0.888088280739449,False,oppose
12,audio,5,31,"[32, 33, 34, 35, 36]",,,,not_applicable,,,unresolved,Negative,Positive,-0.056903959634450274,0.039365410804748535,0.8887334506765112,False,oppose
12,audio,5,32,"[33, 34, 35, 36, 37]",,,,not_applicable,,,unresolved,Negative,Positive,-0.056982065100907864,0.03881371021270752,0.8887053670959828,False,oppose
12,audio,5,33,"[34, 35, 36, 37, 38]",,,,not_applicable,,,unresolved,Negative,Positive,-0.05750993058686449,0.039627671241760254,0.888605429922086,False,oppose
12,audio,5,34,"[35, 36, 37, 38, 39]",,,,not_applicable,,,unresolved,Negative,Positive,-0.05604680753627189,0.03848099708557129,0.8883570451500644,False,oppose
12,audio,5,35,"[36, 37, 38, 39, 40]",,,,not_applicable,,,unresolved,Negative,Positive,-0.055975018456669634,0.04186666011810303,0.8883550409744738,False,oppose
12,audio,5,36,"[37, 38, 39, 40, 41]",,,,not_applicable,,,unresolved,Negative,Positive,-0.061525725353182015,0.04973804950714111,0.8890604508269213,False,oppose
12,audio,5,37,"[38, 39, 40, 41, 42]",,,,not_applicable,,,unresolved,Negative,Positive,-0.05732836964680432,0.04718780517578125,0.8887277238730742,False,oppose
12,vision,1,0,[1],,,,not_applicable,,,unresolved,Negative,Positive,-0.004049399913593543,0.00327146053314209,0.8832346599779702,True,oppose
12,vision,1,1,[2],,,,not_applicable,,,unresolved,Negative,Positive,-0.003921086665469531,0.0036542415618896484,0.8832917571642219,False,oppose
12,vision,1,2,[3],,,,not_applicable,,,unresolved,Negative,Positive,-0.0037439365873535024,0.003756880760192871,0.8832574235562033,False,oppose
12,vision,1,3,[4],,,,not_applicable,,,unresolved,Negative,Positive,-0.0007058165795874594,0.0010409355163574219,0.882984218021969,False,oppose
12,vision,1,4,[5],,,,not_applicable,,,unresolved,Negative,Positive,-0.0011914007604727495,0.0006387233734130859,0.8830655385601658,False,oppose
12,vision,1,5,[6],,,,not_applicable,,,unresolved,Negative,Positive,-0.0016824121023693017,0.0009551048278808594,0.8830688276047879,False,oppose
12,vision,1,6,[7],,,,not_applicable,,,unresolved,Negative,Positive,0.0024706010565656022,-0.002053499221801758,0.8827537356056326,False,support
12,vision,1,7,[8],,,,not_applicable,,,unresolved,Negative,Positive,0.002844042253640211,-0.002829313278198242,0.8827544685290653,False,support
12,vision,1,8,[9],,,,not_applicable,,,unresolved,Negative,Positive,-0.0026452899746924885,0.0024760961532592773,0.8832821867405781,False,oppose
12,vision,1,9,[10],,,,not_applicable,,,unresolved,Negative,Positive,-0.002037090888575399,0.002270936965942383,0.8832105323998444,False,oppose
12,vision,1,10,[11],,,,not_applicable,,,unresolved,Negative,Positive,-0.001066350970204244,0.0018763542175292969,0.8831438236660474,False,oppose
12,vision,1,11,[12],,,,not_applicable,,,unresolved,Negative,Positive,-0.0006676531467011415,0.0013031959533691406,0.8830323291550332,False,oppose
12,vision,1,12,[13],,,,not_applicable,,,unresolved,Negative,Positive,0.002003313922311012,-0.0006427764892578125,0.8827703113833302,False,support
12,vision,1,13,[14],,,,not_applicable,,,unresolved,Negative,Positive,0.0007714427755058928,-0.0005728006362915039,0.8828485951225227,False,support
12,vision,1,14,[15],,,,not_applicable,,,unresolved,Negative,Positive,0.0039643173720009806,-0.0047359466552734375,0.8826664955567057,False,support
12,vision,1,15,[16],,,,not_applicable,,,unresolved,Negative,Positive,-0.0008830227704366145,0.0004924535751342773,0.883076047755923,False,oppose
12,vision,1,16,[17],,,,not_applicable,,,unresolved,Negative,Positive,-5.536921902482561e-05,0.00015044212341308594,0.8829886055661958,False,oppose
12,vision,1,17,[18],,,,not_applicable,,,unresolved,Negative,Positive,0.0056690167491377785,-0.004677534103393555,0.8824576158199298,False,support
12,vision,1,18,[19],,,,not_applicable,,,unresolved,Negative,Positive,0.0016866879777630572,-0.0005347728729248047,0.8827289156530382,False,support
12,vision,1,19,[20],,,,not_applicable,,,unresolved,Negative,Positive,0.0016058744143134795,-0.0006864070892333984,0.8827741041228027,False,support
12,vision,1,20,[21],,,,not_applicable,,,unresolved,Negative,Positive,0.002625372110803159,-0.0015988349914550781,0.8826361115357293,False,support
12,vision,1,21,[22],,,,not_applicable,,,unresolved,Negative,Positive,0.0005797146366024464,-0.0003914833068847656,0.8829360073150571,False,support
12,vision,1,22,[23],,,,not_applicable,,,unresolved,Negative,Positive,0.006315102160556307,-0.0060117244720458984,0.8824124807049979,False,support
12,vision,1,23,[24],,,,not_applicable,,,unresolved,Negative,Positive,-0.0009859029018666199,0.0012477636337280273,0.8831284329923472,False,oppose
12,vision,1,24,[25],,,,not_applicable,,,unresolved,Negative,Positive,-0.0020542311380067346,0.0014340877532958984,0.8831793856653698,False,oppose
12,vision,1,25,[26],,,,not_applicable,,,unresolved,Negative,Positive,0.00446880093863955,-0.0054857730865478516,0.8826013850855361,False,support
12,vision,1,26,[27],,,,not_applicable,,,unresolved,Negative,Positive,0.0009199823812156005,-0.00186920166015625,0.8829067306084166,False,support
12,vision,1,27,[28],,,,not_applicable,,,unresolved,Negative,Positive,-0.0034690717920242697,0.0023937225341796875,0.8833226650385575,False,oppose
12,vision,1,28,[29],,,,not_applicable,,,unresolved,Negative,Positive,-0.0010183108701267152,0.0007325410842895508,0.8831154062591493,False,oppose
12,vision,1,29,[30],,,,not_applicable,,,unresolved,Negative,Positive,0.003427570067026764,-0.002994060516357422,0.8826900588732982,False,support
12,vision,1,30,[31],,,,not_applicable,,,unresolved,Negative,Positive,-0.00209370193480396,0.002406001091003418,0.8832766079260067,False,oppose
12,vision,1,31,[32],,,,not_applicable,,,unresolved,Negative,Positive,0.0015906216489596225,0.00015246868133544922,0.8828302338221451,False,support
12,vision,1,32,[33],,,,not_applicable,,,unresolved,Negative,Positive,0.013324667856309702,-0.009696125984191895,0.8816313583408235,False,support
12,vision,1,33,[34],,,,not_applicable,,,unresolved,Negative,Positive,0.010172299699887422,-0.00642549991607666,0.8819505363992759,False,support
12,vision,1,34,[35],,,,not_applicable,,,unresolved,Negative,Positive,0.0024695602295796704,-0.00067901611328125,0.882705728765507,False,support
12,vision,1,35,[36],,,,not_applicable,,,unresolved,Negative,Positive,0.005311262626045643,-0.0036058425903320312,0.8824317414988211,False,support
12,vision,1,36,[37],,,,not_applicable,,,unresolved,Negative,Positive,-0.0009353247098129458,0.0009506940841674805,0.8830472638927104,False,oppose
12,vision,1,37,[38],,,,not_applicable,,,unresolved,Negative,Positive,-0.003112418875802714,0.002859950065612793,0.8832604856132149,False,oppose
12,vision,1,38,[39],,,,not_applicable,,,unresolved,Negative,Positive,0.004885570429137065,-0.0041359663009643555,0.8824836478259496,False,support
12,vision,1,39,[40],,,,not_applicable,,,unresolved,Negative,Positive,0.007999806729278358,-0.007175922393798828,0.8821225588044574,False,support
12,vision,1,40,[41],,,,not_applicable,,,unresolved,Negative,Positive,0.01268996723469984,-0.01084214448928833,0.8817435210472652,False,support
12,vision,1,41,[42],,,,not_applicable,,,unresolved,Negative,Positive,-0.003088971244423089,0.0032203197479248047,0.883271528987741,False,oppose
12,vision,3,0,"[1, 2, 3]",,,,not_applicable,,,unresolved,Negative,Positive,-0.011620116257316404,0.010717272758483887,0.8835991662870833,False,oppose
12,vision,3,1,"[2, 3, 4]",,,,not_applicable,,,unresolved,Negative,Positive,-0.008243341109183788,0.008447408676147461,0.8833485662106728,False,oppose
12,vision,3,2,"[3, 4, 5]",,,,not_applicable,,,unresolved,Negative,Positive,-0.00557531919994636,0.005490779876708984,0.8831295228783453,False,oppose
12,vision,3,3,"[4, 5, 6]",,,,not_applicable,,,unresolved,Negative,Positive,-0.0035186700564393547,0.00271451473236084,0.8829418745604432,False,oppose
12,vision,3,4,"[5, 6, 7]",,,,not_applicable,,,unresolved,Negative,Positive,-0.0003259290427171102,-0.0004436969757080078,0.8827071931499593,False,oppose
12,vision,3,5,"[6, 7, 8]",,,,not_applicable,,,unresolved,Negative,Positive,0.0038989891034924007,-0.004127383232116699,0.8823729087160495,False,support
12,vision,3,6,"[7, 8, 9]",,,,not_applicable,,,unresolved,Negative,Positive,0.002928007873186367,-0.002617359161376953,0.8825881815399205,False,support
12,vision,3,7,"[8, 9, 10]",,,,not_applicable,,,unresolved,Negative,Positive,-0.0017350444448389624,0.0018129348754882812,0.8830616164143948,False,oppose
12,vision,3,8,"[9, 10, 11]",,,,not_applicable,,,unresolved,Negative,Positive,-0.005669842939596492,0.006605863571166992,0.8834572811006466,True,oppose
12,vision,3,9,"[10, 11, 12]",,,,not_applicable,,,unresolved,Negative,Positive,-0.0036381661701638812,0.0053865909576416016,0.8832020502080404,False,oppose
12,vision,3,10,"[11, 12, 13]",,,,not_applicable,,,unresolved,Negative,Positive,0.0004811038783962829,0.0024461746215820312,0.8827514495780518,False,support
12,vision,3,11,"[12, 13, 14]",,,,not_applicable,,,unresolved,Negative,Positive,0.0024172218825091463,-7.998943328857422e-05,0.8824408915984602,False,support
12,vision,3,12,"[13, 14, 15]",,,,not_applicable,,,unresolved,Negative,Positive,0.007173758597792901,-0.006275177001953125,0.8820527691680141,False,support
12,vision,3,13,"[14, 15, 16]",,,,not_applicable,,,unresolved,Negative,Positive,0.004205245161537086,-0.005109548568725586,0.8823715220831173,False,support
12,vision,3,14,"[15, 16, 17]",,,,not_applicable,,,unresolved,Negative,Positive,0.00319116924706897,-0.004217863082885742,0.8825351145490706,False,support
12,vision,3,15,"[16, 17, 18]",,,,not_applicable,,,unresolved,Negative,Positive,0.004853164198446613,-0.004057884216308594,0.8823309365839154,False,support
12,vision,3,16,"[17, 18, 19]",,,,not_applicable,,,unresolved,Negative,Positive,0.0074682208002783135,-0.005077242851257324,0.8819753690574841,False,support
12,vision,3,17,"[18, 19, 20]",,,,not_applicable,,,unresolved,Negative,Positive,0.009165749273094104,-0.005949974060058594,0.8817510592377871,False,support
12,vision,3,18,"[19, 20, 21]",,,,not_applicable,,,unresolved,Negative,Positive,0.006193144128118444,-0.0029178857803344727,0.8819256481309182,False,support
12,vision,3,19,"[20, 21, 22]",,,,not_applicable,,,unresolved,Negative,Positive,0.004967104175949366,-0.002737283706665039,0.8821476667183951,False,support
12,vision,3,20,"[21, 22, 23]",,,,not_applicable,,,unresolved,Negative,Positive,0.009893883329563202,-0.008313357830047607,0.8817593940386306,False,support
12,vision,3,21,"[22, 23, 24]",,,,not_applicable,,,unresolved,Negative,Positive,0.006194000721381432,-0.0053986310958862305,0.8822694079649559,False,support
12,vision,3,22,"[23, 24, 25]",,,,not_applicable,,,unresolved,Negative,Positive,0.003390639698061193,-0.0034210681915283203,0.8825340590165839,False,support
12,vision,3,23,"[24, 25, 26]",,,,not_applicable,,,unresolved,Negative,Positive,0.0014025690878436414,-0.002764463424682617,0.8827370545450212,False,support
12,vision,3,24,"[25, 26, 27]",,,,not_applicable,,,unresolved,Negative,Positive,0.003469554118668672,-0.0060558319091796875,0.8824962234489938,False,support
12,vision,3,25,"[26, 27, 28]",,,,not_applicable,,,unresolved,Negative,Positive,0.0021061287038826038,-0.00515294075012207,0.8826338950330683,False,support
12,vision,3,26,"[27, 28, 29]",,,,not_applicable,,,unresolved,Negative,Positive,-0.003312415256314427,0.0010623931884765625,0.8831450679657311,False,oppose
12,vision,3,27,"[28, 29, 30]",,,,not_applicable,,,unresolved,Negative,Positive,-0.000787404605474773,-8.416175842285156e-05,0.8829266071266316,False,oppose
12,vision,3,28,"[29, 30, 31]",,,,not_applicable,,,unresolved,Negative,Positive,0.0006202804096844261,-8.487701416015625e-05,0.8828793430009615,False,support
12,vision,3,29,"[30, 31, 32]",,,,not_applicable,,,unresolved,Negative,Positive,0.0031610638844035144,-0.0005942583084106445,0.8826002451982953,False,support
12,vision,3,30,"[31, 32, 33]",,,,not_applicable,,,unresolved,Negative,Positive,0.013254555460699535,-0.007435321807861328,0.8815190864086252,False,support
12,vision,3,31,"[32, 33, 34]",,,,not_applicable,,,unresolved,Negative,Positive,0.02640426081798042,-0.01690042018890381,0.8800775968496599,False,support
12,vision,3,32,"[33, 34, 35]",,,,not_applicable,,,unresolved,Negative,Positive,0.027215572686172695,-0.01771867275238037,0.8799532723001834,False,support
12,vision,3,33,"[34, 35, 36]",,,,not_applicable,,,unresolved,Negative,Positive,0.01865090721872642,-0.011222898960113525,0.8808237729480705,False,support
12,vision,3,34,"[35, 36, 37]",,,,not_applicable,,,unresolved,Negative,Positive,0.007124391472567382,-0.003522634506225586,0.8819761396176446,False,support
12,vision,3,35,"[36, 37, 38]",,,,not_applicable,,,unresolved,Negative,Positive,0.0014421298801843285,0.00010406970977783203,0.8825475526763681,False,support
12,vision,3,36,"[37, 38, 39]",,,,not_applicable,,,unresolved,Negative,Positive,0.0010034373862142232,-0.0004341602325439453,0.8825994298642317,False,support
12,vision,3,37,"[38, 39, 40]",,,,not_applicable,,,unresolved,Negative,Positive,0.010497043223107294,-0.009075641632080078,0.8816107386054673,False,support
12,vision,3,38,"[39, 40, 41]",,,,not_applicable,,,unresolved,Negative,Positive,0.0282434514122909,-0.024389028549194336,0.8798643006297102,True,support
12,vision,3,39,"[40, 41, 42]",,,,not_applicable,,,unresolved,Negative,Positive,0.018825030456490754,-0.01590752601623535,0.8808216642222132,False,support
12,vision,5,0,"[1, 2, 3, 4, 5]",,,,not_applicable,,,unresolved,Negative,Positive,-0.013356960385269012,0.012514829635620117,0.8834506546374028,True,oppose
12,vision,5,1,"[2, 3, 4, 5, 6]",,,,not_applicable,,,unresolved,Negative,Positive,-0.010977721717901012,0.010196924209594727,0.8832874440787744,False,oppose
12,vision,5,2,"[3, 4, 5, 6, 7]",,,,not_applicable,,,unresolved,Negative,Positive,-0.004547486857036542,0.00439298152923584,0.8827445918944844,False,oppose
12,vision,5,3,"[4, 5, 6, 7, 8]",,,,not_applicable,,,unresolved,Negative,Positive,0.002241086551966198,-0.0024758577346801758,0.8822135689718764,False,support
12,vision,5,4,"[5, 6, 7, 8, 9]",,,,not_applicable,,,unresolved,Negative,Positive,0.00017604703281381973,-0.0009701251983642578,0.8825239708415085,False,support
12,vision,5,5,"[6, 7, 8, 9, 10]",,,,not_applicable,,,unresolved,Negative,Positive,-0.0005372287580014401,0.0004481077194213867,0.882654673310571,False,oppose
12,vision,5,6,"[7, 8, 9, 10, 11]",,,,not_applicable,,,unresolved,Negative,Positive,0.0001946966945101103,0.0012421607971191406,0.8827208441168267,False,support
12,vision,5,7,"[8, 9, 10, 11, 12]",,,,not_applicable,,,unresolved,Negative,Positive,-0.0031318288688031437,0.0048143863677978516,0.8830204764768679,False,oppose
12,vision,5,8,"[9, 10, 11, 12, 13]",,,,not_applicable,,,unresolved,Negative,Positive,-0.0039577694487871184,0.007120013236999512,0.8830357396811722,False,oppose
12,vision,5,9,"[10, 11, 12, 13, 14]",,,,not_applicable,,,unresolved,Negative,Positive,-0.0002635617848807392,0.0038347244262695312,0.8825673778513098,False,oppose
12,vision,5,10,"[11, 12, 13, 14, 15]",,,,not_applicable,,,unresolved,Negative,Positive,0.0060743887794045826,-0.0035071372985839844,0.8819727010852574,False,support
12,vision,5,11,"[12, 13, 14, 15, 16]",,,,not_applicable,,,unresolved,Negative,Positive,0.006317048677097592,-0.0049402713775634766,0.8818916431091507,False,support
12,vision,5,12,"[13, 14, 15, 16, 17]",,,,not_applicable,,,unresolved,Negative,Positive,0.006740997692754824,-0.005905628204345703,0.881868778088122,False,support
12,vision,5,13,"[14, 15, 16, 17, 18]",,,,not_applicable,,,unresolved,Negative,Positive,0.010473332898579546,-0.010051190853118896,0.8815393055756405,False,support
12,vision,5,14,"[15, 16, 17, 18, 19]",,,,not_applicable,,,unresolved,Negative,Positive,0.01125130724848411,-0.009807169437408447,0.8814320404191914,False,support
12,vision,5,15,"[16, 17, 18, 19, 20]",,,,not_applicable,,,unresolved,Negative,Positive,0.008572761146251828,-0.005344867706298828,0.881584139495942,False,support
12,vision,5,16,"[17, 18, 19, 20, 21]",,,,not_applicable,,,unresolved,Negative,Positive,0.012208074520159151,-0.007497191429138184,0.881118927447408,False,support
12,vision,5,17,"[18, 19, 20, 21, 22]",,,,not_applicable,,,unresolved,Negative,Positive,0.012966336707238124,-0.008249640464782715,0.8810466220843582,False,support
12,vision,5,18,"[19, 20, 21, 22, 23]",,,,not_applicable,,,unresolved,Negative,Positive,0.013691727222146177,-0.009790182113647461,0.8809965598006503,False,support
12,vision,5,19,"[20, 21, 22, 23, 24]",,,,not_applicable,,,unresolved,Negative,Positive,0.010878908074218874,-0.007939338684082031,0.8814228944710536,False,support
12,vision,5,20,"[21, 22, 23, 24, 25]",,,,not_applicable,,,unresolved,Negative,Positive,0.007151913708921764,-0.0057926177978515625,0.8818478292753031,False,support
12,vision,5,21,"[22, 23, 24, 25, 26]",,,,not_applicable,,,unresolved,Negative,Positive,0.008993842242544847,-0.009791731834411621,0.8818120126627261,False,support
12,vision,5,22,"[23, 24, 25, 26, 27]",,,,not_applicable,,,unresolved,Negative,Positive,0.009542661680060238,-0.011476993560791016,0.8817614684221228,False,support
12,vision,5,23,"[24, 25, 26, 27, 28]",,,,not_applicable,,,unresolved,Negative,Positive,-0.0007783186331842273,-0.002511739730834961,0.8827391975514558,False,oppose
12,vision,5,24,"[25, 26, 27, 28, 29]",,,,not_applicable,,,unresolved,Negative,Positive,-0.0006361502961769183,-0.0032042264938354492,0.8827072682500184,False,oppose
12,vision,5,25,"[26, 27, 28, 29, 30]",,,,not_applicable,,,unresolved,Negative,Positive,0.005525524737352239,-0.00828254222869873,0.8821413756593527,False,support
12,vision,5,26,"[27, 28, 29, 30, 31]",,,,not_applicable,,,unresolved,Negative,Positive,-0.0012648585913241917,-8.404254913330078e-05,0.8828546482612872,False,oppose
12,vision,5,27,"[28, 29, 30, 31, 32]",,,,not_applicable,,,unresolved,Negative,Positive,-0.000815735105717863,0.0022073984146118164,0.8828022654943021,False,oppose
12,vision,5,28,"[29, 30, 31, 32, 33]",,,,not_applicable,,,unresolved,Negative,Positive,0.01708766241664783,-0.01081860065460205,0.8809843097488029,True,support
12,vision,5,29,"[30, 31, 32, 33, 34]",,,,not_applicable,,,unresolved,Negative,Positive,0.029365741336724316,-0.018761634826660156,0.8796819990845167,False,support
12,vision,5,30,"[31, 32, 33, 34, 35]",,,,not_applicable,,,unresolved,Negative,Positive,0.027652608962611236,-0.015770554542541504,0.879770764884487,False,support
12,vision,5,31,"[32, 33, 34, 35, 36]",,,,not_applicable,,,unresolved,Negative,Positive,0.03597460099883465,-0.02247762680053711,0.8787968797894326,True,support
12,vision,5,32,"[33, 34, 35, 36, 37]",,,,not_applicable,,,unresolved,Negative,Positive,0.03320767305938421,-0.021563947200775146,0.8790452098667787,False,support
12,vision,5,33,"[34, 35, 36, 37, 38]",,,,not_applicable,,,unresolved,Negative,Positive,0.015171174547682575,-0.007784366607666016,0.8808820522194166,False,support
12,vision,5,34,"[35, 36, 37, 38, 39]",,,,not_applicable,,,unresolved,Negative,Positive,0.009667304184442393,-0.005398750305175781,0.8814436647625432,False,support
12,vision,5,35,"[36, 37, 38, 39, 40]",,,,not_applicable,,,unresolved,Negative,Positive,0.01607248436584241,-0.012657642364501953,0.8807623789740737,False,support
12,vision,5,36,"[37, 38, 39, 40, 41]",,,,not_applicable,,,unresolved,Negative,Positive,0.024834044246591525,-0.021149039268493652,0.8799119593707228,False,support
12,vision,5,37,"[38, 39, 40, 41, 42]",,,,not_applicable,,,unresolved,Negative,Positive,0.0224682329349557,-0.01881474256515503,0.8801648108668458,False,support
13,text,1,0,[1],For,0,3,verified,,,unresolved,Neutral,Positive,0.0026771337601532164,-0.0004364699125289917,0.5457801334286475,False,support
13,text,1,1,[2],example,4,11,verified,,,unresolved,Neutral,Positive,0.0743764886459033,-0.008952990174293518,0.5353911016917252,False,support
13,text,1,2,[3],",",11,12,verified,,,unresolved,Neutral,Positive,-0.00893741042866203,0.0013975948095321655,0.5472187232889771,False,oppose
13,text,1,3,[4],I,13,14,verified,,,unresolved,Neutral,Positive,-0.006960805237263279,0.0005180984735488892,0.5485593579824427,False,oppose
13,text,1,4,[5],could,15,20,verified,,,unresolved,Neutral,Positive,0.00017096169897878877,-0.005270868539810181,0.5465889185319496,False,support
13,text,1,5,[6],take,21,25,verified,,,unresolved,Neutral,Positive,-0.014498407091381615,0.0040710121393203735,0.5511607525576183,False,oppose
13,text,1,6,[7],a,26,27,verified,,,unresolved,Neutral,Positive,-0.018375233766685928,0.0047311484813690186,0.5499014228309427,False,oppose
13,text,1,7,[8],set,28,31,verified,,,unresolved,Neutral,Positive,-0.005177749704951662,0.0028952807188034058,0.5467300547113413,False,oppose
13,text,1,8,[9],of,32,34,verified,,,unresolved,Neutral,Positive,0.023669210396698226,-0.00515688955783844,0.5405707502918818,False,support
13,text,1,9,[10],data,35,39,verified,,,unresolved,Neutral,Positive,-0.0031116342458342716,0.001187250018119812,0.5475608172959966,False,oppose
13,text,1,10,[11],and,40,43,verified,,,unresolved,Neutral,Positive,-0.0186105343157964,0.007597878575325012,0.5508394497284368,False,oppose
13,text,1,11,[12],from,44,48,verified,,,unresolved,Neutral,Positive,-0.022371676005501606,0.0071897953748703,0.5509394228558265,False,oppose
13,text,1,12,[13],that,49,53,verified,,,unresolved,Neutral,Positive,-0.03723875379701935,0.007466897368431091,0.5519914328193326,False,oppose
13,text,1,13,[14],data,54,58,verified,,,unresolved,Neutral,Positive,0.0029501482281731883,-0.00033015012741088867,0.5436868995248271,False,support
13,text,1,14,[15],",",58,59,verified,,,unresolved,Neutral,Positive,-0.03609284837948068,0.005459025502204895,0.5505694748958281,False,oppose
13,text,1,15,[16],I,60,61,verified,,,unresolved,Neutral,Positive,-0.04614297001747625,0.009924590587615967,0.5543441530785832,False,oppose
13,text,1,16,[17],can,62,65,verified,,,unresolved,Neutral,Positive,-0.05219265329337086,0.008656144142150879,0.553540319878157,False,oppose
13,text,1,17,[18],find,66,70,verified,,,unresolved,Neutral,Positive,-0.06228339707235431,0.009188339114189148,0.5579462641735239,False,oppose
13,text,1,18,[19],a,71,72,verified,,,unresolved,Neutral,Positive,-0.003152807566111804,0.000897526741027832,0.5451736009559064,False,oppose
13,text,1,19,[20],relationship,73,85,verified,,,unresolved,Neutral,Positive,-0.0024481236631661574,-0.0031567364931106567,0.545684206954382,False,oppose
13,text,1,20,[21],between,86,93,verified,,,unresolved,Neutral,Positive,0.04410868614400365,-0.006299540400505066,0.5382187530916488,False,support
13,text,1,21,[22],any,94,97,verified,,,unresolved,Neutral,Positive,-0.04626552045868215,0.005359455943107605,0.550986295039842,False,oppose
13,text,1,22,[23],two,98,101,verified,,,unresolved,Neutral,Positive,-0.007792477968431077,0.003055855631828308,0.546020057221852,False,oppose
13,text,1,23,[24],of,102,104,verified,,,unresolved,Neutral,Positive,-0.012714112759391827,0.0047782957553863525,0.5478554859738765,False,oppose
13,text,1,24,[25],the,105,108,verified,,,unresolved,Neutral,Positive,-0.002010861644413664,-0.0009621977806091309,0.5444161599585575,False,oppose
13,text,1,25,[26],given,109,114,verified,,,unresolved,Neutral,Positive,-0.03437936490677718,0.007513329386711121,0.5508757886684935,False,oppose
13,text,1,26,[27],factors,115,122,verified,,,unresolved,Neutral,Positive,-0.01834685891640575,0.004257068037986755,0.550013433675111,False,oppose
13,text,1,27,[28],or,123,125,verified,,,unresolved,Neutral,Positive,-0.06284543495451234,0.01126261055469513,0.5554916773433012,False,oppose
13,text,1,28,[29],more,126,130,verified,,,unresolved,Neutral,Positive,-0.08344766854219354,0.017843738198280334,0.5612285447737393,True,oppose
13,text,1,29,[30],.,130,131,verified,,,unresolved,Neutral,Positive,0.003477661415546285,0.003544256091117859,0.5450164851017159,False,support
13,text,3,0,"[1, 2, 3]","For example,",0,12,verified,,,unresolved,Neutral,Positive,0.14983728247214234,-0.024783656001091003,0.5190335451310412,True,support
13,text,3,1,"[2, 3, 4]","example, I",4,14,verified,,,unresolved,Neutral,Positive,0.04807429409672348,-0.007659256458282471,0.5397521905931572,False,support
13,text,3,2,"[3, 4, 5]",", I could",11,20,verified,,,unresolved,Neutral,Positive,0.028616902077506223,-0.01019538938999176,0.5412882756600222,False,support
13,text,3,3,"[4, 5, 6]",I could take,13,25,verified,,,unresolved,Neutral,Positive,0.006841054924196732,-0.003325924277305603,0.5468581260801351,False,support
13,text,3,4,"[5, 6, 7]",could take a,15,27,verified,,,unresolved,Neutral,Positive,0.0067853895753553495,-0.0021671950817108154,0.54823487028817,False,support
13,text,3,5,"[6, 7, 8]",take a set,21,31,verified,,,unresolved,Neutral,Positive,0.021664243855804788,0.0009695440530776978,0.5439809223054928,False,support
13,text,3,6,"[7, 8, 9]",a set of,26,34,verified,,,unresolved,Neutral,Positive,0.027592599415733887,-0.004684478044509888,0.5397710534820283,False,support
13,text,3,7,"[8, 9, 10]",set of data,28,39,verified,,,unresolved,Neutral,Positive,0.03367674441075463,-0.007508620619773865,0.5389627866997342,False,support
13,text,3,8,"[9, 10, 11]",of data and,32,43,verified,,,unresolved,Neutral,Positive,0.027993510969038793,-0.004098847508430481,0.5425530945182293,False,support
13,text,3,9,"[10, 11, 12]",data and from,35,48,verified,,,unresolved,Neutral,Positive,-0.0034372089694203467,0.0020668059587478638,0.5478180154822319,False,oppose
13,text,3,10,"[11, 12, 13]",and from that,40,53,verified,,,unresolved,Neutral,Positive,-0.02398211111402959,0.008053630590438843,0.5513366141472733,False,oppose
13,text,3,11,"[12, 13, 14]",from that data,44,58,verified,,,unresolved,Neutral,Positive,-0.04963733881347676,0.00899595022201538,0.5537208757450759,False,oppose
13,text,3,12,"[13, 14, 15]","that data,",49,59,verified,,,unresolved,Neutral,Positive,-0.045888977654715446,0.008371919393539429,0.5521321415881936,False,oppose
13,text,3,13,"[14, 15, 16]","data, I",54,61,verified,,,unresolved,Neutral,Positive,-0.027665494743816965,0.005204841494560242,0.5497128217288593,False,oppose
13,text,3,14,"[15, 16, 17]",", I can",58,65,verified,,,unresolved,Neutral,Positive,-0.06229301906353635,0.007708534598350525,0.5529839540980419,False,oppose
13,text,3,15,"[16, 17, 18]",I can find,60,70,verified,,,unresolved,Neutral,Positive,-0.11569913500925677,0.014931052923202515,0.5624871533376932,True,oppose
13,text,3,16,"[17, 18, 19]",can find a,62,72,verified,,,unresolved,Neutral,Positive,-0.09720502094349792,0.014152750372886658,0.561136293905137,False,oppose
13,text,3,17,"[18, 19, 20]",find a relationship,66,85,verified,,,unresolved,Neutral,Positive,-0.008796482815761841,-0.0032055824995040894,0.5467820963998521,False,oppose
13,text,3,18,"[19, 20, 21]",a relationship between,71,93,verified,,,unresolved,Neutral,Positive,0.08106270466691212,-0.014679625630378723,0.5305197159423002,True,support
13,text,3,19,"[20, 21, 22]",relationship between any,73,97,verified,,,unresolved,Neutral,Positive,-0.02779893320034066,0.0030920058488845825,0.5499304490339957,False,oppose
13,text,3,20,"[21, 22, 23]",between any two,86,101,verified,,,unresolved,Neutral,Positive,-0.040027512492529116,0.005420520901679993,0.5515174113343778,False,oppose
13,text,3,21,"[22, 23, 24]",any two of,94,104,verified,,,unresolved,Neutral,Positive,-0.047394450029440205,0.00780119001865387,0.5520440347900512,False,oppose
13,text,3,22,"[23, 24, 25]",two of the,98,108,verified,,,unresolved,Neutral,Positive,-0.0021877724325903847,0.0020906925201416016,0.5450460309516875,False,oppose
13,text,3,23,"[24, 25, 26]",of the given,102,114,verified,,,unresolved,Neutral,Positive,-0.05454823091370742,0.009913608431816101,0.5532098178162285,False,oppose
13,text,3,24,"[25, 26, 27]",the given factors,105,122,verified,,,unresolved,Neutral,Positive,-0.026299727750266233,0.005518913269042969,0.5504916843248112,False,oppose
13,text,3,25,"[26, 27, 28]",given factors or,109,125,verified,,,unresolved,Neutral,Positive,-0.07970461244324456,0.01267269253730774,0.5594467306090831,False,oppose
13,text,3,26,"[27, 28, 29]",factors or more,115,130,verified,,,unresolved,Neutral,Positive,-0.06815663280186401,0.007046252489089966,0.5567105543680287,False,oppose
13,text,3,27,"[28, 29, 30]",or more.,123,131,verified,,,unresolved,Neutral,Positive,-0.04322215613399927,0.004500195384025574,0.5499216457005134,False,oppose
13,text,5,0,"[1, 2, 3, 4, 5]","For example, I could",0,20,verified,,,unresolved,Neutral,Positive,0.10987012965303844,-0.02621893584728241,0.5264863835529419,False,support
13,text,5,1,"[2, 3, 4, 5, 6]","example, I could take",4,25,verified,,,unresolved,Neutral,Positive,0.05038958162854712,-0.014009460806846619,0.5377216503592084,False,support
13,text,5,2,"[3, 4, 5, 6, 7]",", I could take a",11,27,verified,,,unresolved,Neutral,Positive,0.008683109305603787,-0.003453969955444336,0.5468100023289411,False,support
13,text,5,3,"[4, 5, 6, 7, 8]",I could take a set,13,31,verified,,,unresolved,Neutral,Positive,0.001074754078413398,-0.0025946050882339478,0.5485415704841352,False,support
13,text,5,4,"[5, 6, 7, 8, 9]",could take a set of,15,34,verified,,,unresolved,Neutral,Positive,0.03347076332582566,-0.009311303496360779,0.5427427090199016,False,support
13,text,5,5,"[6, 7, 8, 9, 10]",take a set of data,21,39,verified,,,unresolved,Neutral,Positive,0.12752285327441792,-0.024233892560005188,0.5229159026258655,True,support
13,text,5,6,"[7, 8, 9, 10, 11]",a set of data and,26,43,verified,,,unresolved,Neutral,Positive,0.04732772493267923,-0.007457613945007324,0.5386951210229856,False,support
13,text,5,7,"[8, 9, 10, 11, 12]",set of data and from,28,48,verified,,,unresolved,Neutral,Positive,-0.012029120490460343,0.002170279622077942,0.5491230821375814,False,oppose
13,text,5,8,"[9, 10, 11, 12, 13]",of data and from that,32,53,verified,,,unresolved,Neutral,Positive,0.009592443674983464,-0.0010760724544525146,0.5447819439184997,False,support
13,text,5,9,"[10, 11, 12, 13, 14]",data and from that data,35,58,verified,,,unresolved,Neutral,Positive,0.03148802130166761,-0.003952518105506897,0.5411325877795219,False,support
13,text,5,10,"[11, 12, 13, 14, 15]","and from that data,",40,59,verified,,,unresolved,Neutral,Positive,-0.053410069813568994,0.008853748440742493,0.5530480164716731,False,oppose
13,text,5,11,"[12, 13, 14, 15, 16]","from that data, I",44,61,verified,,,unresolved,Neutral,Positive,-0.06443938726070964,0.010008841753005981,0.5538388460024521,False,oppose
13,text,5,12,"[13, 14, 15, 16, 17]","that data, I can",49,65,verified,,,unresolved,Neutral,Positive,-0.061562967042541494,0.010230019688606262,0.5530470295931043,False,oppose
13,text,5,13,"[14, 15, 16, 17, 18]","data, I can find",54,70,verified,,,unresolved,Neutral,Positive,-0.10457878919442498,0.014046996831893921,0.5592237886930957,False,oppose
13,text,5,14,"[15, 16, 17, 18, 19]",", I can find a",58,72,verified,,,unresolved,Neutral,Positive,-0.10552630828135601,0.012102320790290833,0.5591048499501386,False,oppose
13,text,5,15,"[16, 17, 18, 19, 20]",I can find a relationship,60,85,verified,,,unresolved,Neutral,Positive,-0.08153276917727292,0.00623755156993866,0.5561645537495947,False,oppose
13,text,5,16,"[17, 18, 19, 20, 21]",can find a relationship between,62,93,verified,,,unresolved,Neutral,Positive,-0.017499101812877615,-0.0025291889905929565,0.5468633942153052,False,oppose
13,text,5,17,"[18, 19, 20, 21, 22]",find a relationship between any,66,97,verified,,,unresolved,Neutral,Positive,-0.04684335686281271,-0.00014053285121917725,0.5516161444102649,False,oppose
13,text,5,18,"[19, 20, 21, 22, 23]",a relationship between any two,71,101,verified,,,unresolved,Neutral,Positive,-0.0014636246411748877,-0.0023438483476638794,0.5445029604662412,False,oppose
13,text,5,19,"[20, 21, 22, 23, 24]",relationship between any two of,73,104,verified,,,unresolved,Neutral,Positive,-0.05391649203564575,0.008148342370986938,0.5545145990931434,False,oppose
13,text,5,20,"[21, 22, 23, 24, 25]",between any two of the,86,108,verified,,,unresolved,Neutral,Positive,-0.04472590905487683,0.005118831992149353,0.5515251284490658,False,oppose
13,text,5,21,"[22, 23, 24, 25, 26]",any two of the given,94,114,verified,,,unresolved,Neutral,Positive,-0.09270591030508835,0.01606804132461548,0.5587347463105636,False,oppose
13,text,5,22,"[23, 24, 25, 26, 27]",two of the given factors,98,122,verified,,,unresolved,Neutral,Positive,-0.03751667364286981,0.010629221796989441,0.5529365276815088,False,oppose
13,text,5,23,"[24, 25, 26, 27, 28]",of the given factors or,102,125,verified,,,unresolved,Neutral,Positive,-0.11358377317607193,0.021121293306350708,0.5650930674864731,True,oppose
13,text,5,24,"[25, 26, 27, 28, 29]",the given factors or more,105,130,verified,,,unresolved,Neutral,Positive,-0.0851976701660031,0.011753886938095093,0.558169223470161,False,oppose
13,text,5,25,"[26, 27, 28, 29, 30]",given factors or more.,109,131,verified,,,unresolved,Neutral,Positive,-0.07165731656064311,0.009051516652107239,0.5551098430174187,False,oppose
13,audio,1,0,[1],,,,not_applicable,,,unresolved,Neutral,Positive,0.0022501582958998068,-0.0010072439908981323,0.5440762409100822,False,support
13,audio,1,1,[2],,,,not_applicable,,,unresolved,Neutral,Positive,0.008192962537440063,-0.0016180574893951416,0.5431335307247894,False,support
13,audio,1,2,[3],,,,not_applicable,,,unresolved,Neutral,Positive,0.020108197425133367,-0.004623249173164368,0.5411179231009284,False,support
13,audio,1,3,[4],,,,not_applicable,,,unresolved,Neutral,Positive,-0.0009511199526862635,-0.00101432204246521,0.5447928123546127,False,oppose
13,audio,1,4,[5],,,,not_applicable,,,unresolved,Neutral,Positive,-0.0012686320411551266,-5.717575550079346e-05,0.54490273614248,False,oppose
13,audio,1,5,[6],,,,not_applicable,,,unresolved,Neutral,Positive,0.00464461401460281,-0.0012225359678268433,0.5437701266308813,False,support
13,audio,1,6,[7],,,,not_applicable,,,unresolved,Neutral,Positive,0.010053545537312414,-0.0028783082962036133,0.5429476522081967,False,support
13,audio,1,7,[8],,,,not_applicable,,,unresolved,Neutral,Positive,-0.0015011969752175558,-0.00148676335811615,0.544678073119608,False,oppose
13,audio,1,8,[9],,,,not_applicable,,,unresolved,Neutral,Positive,-0.004751044596465914,0.00020951032638549805,0.5454308964691206,True,oppose
13,audio,1,9,[10],,,,not_applicable,,,unresolved,Neutral,Positive,-0.0039777323419974975,-0.00022080540657043457,0.5455084531008774,False,oppose
13,audio,1,10,[11],,,,not_applicable,,,unresolved,Neutral,Positive,-0.006730700496037412,0.00025297701358795166,0.545919849390676,True,oppose
13,audio,1,11,[12],,,,not_applicable,,,unresolved,Neutral,Positive,0.002232486972635339,-0.0014388114213943481,0.5444080125794104,False,support
13,audio,1,12,[13],,,,not_applicable,,,unresolved,Neutral,Positive,0.0029759779726084012,-0.0022757500410079956,0.5440589539331069,False,support
13,audio,1,13,[14],,,,not_applicable,,,unresolved,Neutral,Positive,0.000682303801444184,-0.000956222414970398,0.5447755237091957,False,support
13,audio,1,14,[15],,,,not_applicable,,,unresolved,Neutral,Positive,0.01158175203517997,-0.003620043396949768,0.5425168480658438,False,support
13,audio,1,15,[16],,,,not_applicable,,,unresolved,Neutral,Positive,0.004814975263219168,-0.00120602548122406,0.5440329966291565,False,support
13,audio,1,16,[17],,,,not_applicable,,,unresolved,Neutral,Positive,0.0045976921629379275,-0.000583454966545105,0.5441035271814709,False,support
13,audio,1,17,[18],,,,not_applicable,,,unresolved,Neutral,Positive,0.007984599139448934,-0.001153901219367981,0.5435855882581896,False,support
13,audio,1,18,[19],,,,not_applicable,,,unresolved,Neutral,Positive,0.007698119222783739,-0.0012394338846206665,0.5436415682971056,False,support
13,audio,1,19,[20],,,,not_applicable,,,unresolved,Neutral,Positive,0.003806250026821556,-0.0003993511199951172,0.5442929953136336,False,support
13,audio,1,20,[21],,,,not_applicable,,,unresolved,Neutral,Positive,0.006740357959050591,-0.000539824366569519,0.5437168986889297,False,support
13,audio,1,21,[22],,,,not_applicable,,,unresolved,Neutral,Positive,-0.003559508896441632,3.7416815757751465e-05,0.5452341230424491,False,oppose
13,audio,1,22,[23],,,,not_applicable,,,unresolved,Neutral,Positive,0.015195136581195312,-0.0038173794746398926,0.5419515090235568,False,support
13,audio,1,23,[24],,,,not_applicable,,,unresolved,Neutral,Positive,0.009446777413622764,-0.00271490216255188,0.5429831240119749,False,support
13,audio,1,24,[25],,,,not_applicable,,,unresolved,Neutral,Positive,-0.0010879513930116547,-0.0009065121412277222,0.5449516059711688,False,oppose
13,audio,1,25,[26],,,,not_applicable,,,unresolved,Neutral,Positive,-0.0004589013634201944,-0.0009585767984390259,0.5449413702135627,False,oppose
13,audio,1,26,[27],,,,not_applicable,,,unresolved,Neutral,Positive,-3.700261420480633e-05,-0.0011886805295944214,0.5448061479708853,False,oppose
13,audio,1,27,[28],,,,not_applicable,,,unresolved,Neutral,Positive,-0.0019859043106831287,-0.00043629109859466553,0.545197639979458,False,oppose
13,audio,1,28,[29],,,,not_applicable,,,unresolved,Neutral,Positive,0.007807759508226431,-0.00280606746673584,0.5434526677462738,False,support
13,audio,1,29,[30],,,,not_applicable,,,unresolved,Neutral,Positive,0.005852272496058353,-0.002713248133659363,0.5435639715430575,False,support
13,audio,3,0,"[1, 2, 3]",,,,not_applicable,,,unresolved,Neutral,Positive,0.0310550068434734,-0.007457613945007324,0.5391296331833962,False,support
13,audio,3,1,"[2, 3, 4]",,,,not_applicable,,,unresolved,Neutral,Positive,0.027750595746905637,-0.007499292492866516,0.5398637565208997,False,support
13,audio,3,2,"[3, 4, 5]",,,,not_applicable,,,unresolved,Neutral,Positive,0.017842435518272026,-0.005892693996429443,0.5417317373587253,False,support
13,audio,3,3,"[4, 5, 6]",,,,not_applicable,,,unresolved,Neutral,Positive,0.0028124975862889867,-0.0026117712259292603,0.5443056481310826,False,support
13,audio,3,4,"[5, 6, 7]",,,,not_applicable,,,unresolved,Neutral,Positive,0.01348146545971829,-0.0043248385190963745,0.542519951660773,False,support
13,audio,3,5,"[6, 7, 8]",,,,not_applicable,,,unresolved,Neutral,Positive,0.01330689119899442,-0.005706906318664551,0.5423043420681608,False,support
13,audio,3,6,"[7, 8, 9]",,,,not_applicable,,,unresolved,Neutral,Positive,0.0036161116746508126,-0.004148334264755249,0.5440240916579361,False,support
13,audio,3,7,"[8, 9, 10]",,,,not_applicable,,,unresolved,Neutral,Positive,-0.010899287966661841,-0.001409679651260376,0.5466696385363471,False,oppose
13,audio,3,8,"[9, 10, 11]",,,,not_applicable,,,unresolved,Neutral,Positive,-0.016041297002281074,0.0002603381872177124,0.5478920599303879,False,oppose
13,audio,3,9,"[10, 11, 12]",,,,not_applicable,,,unresolved,Neutral,Positive,-0.008796883565461044,-0.001664280891418457,0.5468262904919663,False,oppose
13,audio,3,10,"[11, 12, 13]",,,,not_applicable,,,unresolved,Neutral,Positive,-0.0012066274544909605,-0.0037296563386917114,0.5452636016898296,False,oppose
13,audio,3,11,"[12, 13, 14]",,,,not_applicable,,,unresolved,Neutral,Positive,0.006012532804718251,-0.004825502634048462,0.5441454704320073,False,support
13,audio,3,12,"[13, 14, 15]",,,,not_applicable,,,unresolved,Neutral,Positive,0.015332907890002079,-0.006903886795043945,0.5422470905543334,False,support
13,audio,3,13,"[14, 15, 16]",,,,not_applicable,,,unresolved,Neutral,Positive,0.016981422757769926,-0.0057397037744522095,0.5422579033645905,False,support
13,audio,3,14,"[15, 16, 17]",,,,not_applicable,,,unresolved,Neutral,Positive,0.021317332785046994,-0.00538867712020874,0.5415163003481935,False,support
13,audio,3,15,"[16, 17, 18]",,,,not_applicable,,,unresolved,Neutral,Positive,0.018369441399161746,-0.0030289292335510254,0.5424598816961939,False,support
13,audio,3,16,"[17, 18, 19]",,,,not_applicable,,,unresolved,Neutral,Positive,0.020945198096009032,-0.002974569797515869,0.5421109933425157,False,support
13,audio,3,17,"[18, 19, 20]",,,,not_applicable,,,unresolved,Neutral,Positive,0.02006507731889917,-0.002776697278022766,0.5423204564597732,False,support
13,audio,3,18,"[19, 20, 21]",,,,not_applicable,,,unresolved,Neutral,Positive,0.019106120583533115,-0.0022093653678894043,0.5424224964860869,False,support
13,audio,3,19,"[20, 21, 22]",,,,not_applicable,,,unresolved,Neutral,Positive,0.0074978853841300985,-0.0008687973022460938,0.5441060418279554,False,support
13,audio,3,20,"[21, 22, 23]",,,,not_applicable,,,unresolved,Neutral,Positive,0.019096813989050165,-0.004238948225975037,0.541721494330126,False,support
13,audio,3,21,"[22, 23, 24]",,,,not_applicable,,,unresolved,Neutral,Positive,0.021301784317346972,-0.006408244371414185,0.5410622518999978,False,support
13,audio,3,22,"[23, 24, 25]",,,,not_applicable,,,unresolved,Neutral,Positive,0.023318758436652876,-0.007306993007659912,0.5408555982805812,False,support
13,audio,3,23,"[24, 25, 26]",,,,not_applicable,,,unresolved,Neutral,Positive,0.007509762531100139,-0.004442557692527771,0.543888459594479,False,support
13,audio,3,24,"[25, 26, 27]",,,,not_applicable,,,unresolved,Neutral,Positive,-0.0020244993256518518,-0.002961084246635437,0.5457264933263893,False,oppose
13,audio,3,25,"[26, 27, 28]",,,,not_applicable,,,unresolved,Neutral,Positive,-0.0028729098990203372,-0.0025418996810913086,0.5459589921009125,False,oppose
13,audio,3,26,"[27, 28, 29]",,,,not_applicable,,,unresolved,Neutral,Positive,0.005318870667685882,-0.004367917776107788,0.5444796792540384,False,support
13,audio,3,27,"[28, 29, 30]",,,,not_applicable,,,unresolved,Neutral,Positive,0.011310830781991354,-0.005856558680534363,0.5432144876582689,False,support
13,audio,5,0,"[1, 2, 3, 4, 5]",,,,not_applicable,,,unresolved,Neutral,Positive,0.029468051521384986,-0.009231850504875183,0.539565191403612,False,support
13,audio,5,1,"[2, 3, 4, 5, 6]",,,,not_applicable,,,unresolved,Neutral,Positive,0.032360257943636284,-0.009433284401893616,0.5391587954469427,False,support
13,audio,5,2,"[3, 4, 5, 6, 7]",,,,not_applicable,,,unresolved,Neutral,Positive,0.03356526308405017,-0.010555759072303772,0.5391084376905542,True,support
13,audio,5,3,"[4, 5, 6, 7, 8]",,,,not_applicable,,,unresolved,Neutral,Positive,0.011271166846666847,-0.007334187626838684,0.542823273072247,False,support
13,audio,5,4,"[5, 6, 7, 8, 9]",,,,not_applicable,,,unresolved,Neutral,Positive,0.006710860459094414,-0.005618050694465637,0.5436140018355188,False,support
13,audio,5,5,"[6, 7, 8, 9, 10]",,,,not_applicable,,,unresolved,Neutral,Positive,0.003922083275161636,-0.005729958415031433,0.5442630102525625,False,support
13,audio,5,6,"[7, 8, 9, 10, 11]",,,,not_applicable,,,unresolved,Neutral,Positive,-0.00795504626572141,-0.004267826676368713,0.5465109963411114,False,oppose
13,audio,5,7,"[8, 9, 10, 11, 12]",,,,not_applicable,,,unresolved,Neutral,Positive,-0.016112009635619762,-0.002955809235572815,0.5480305049689492,True,oppose
13,audio,5,8,"[9, 10, 11, 12, 13]",,,,not_applicable,,,unresolved,Neutral,Positive,-0.010624887861512944,-0.003920659422874451,0.5472276851628125,False,oppose
13,audio,5,9,"[10, 11, 12, 13, 14]",,,,not_applicable,,,unresolved,Neutral,Positive,-0.004950546853728421,-0.005194380879402161,0.5465215954547026,False,oppose
13,audio,5,10,"[11, 12, 13, 14, 15]",,,,not_applicable,,,unresolved,Neutral,Positive,0.010807130707194301,-0.008428409695625305,0.543483903225564,False,support
13,audio,5,11,"[12, 13, 14, 15, 16]",,,,not_applicable,,,unresolved,Neutral,Positive,0.023052805134755383,-0.00990554690361023,0.5414467355112164,False,support
13,audio,5,12,"[13, 14, 15, 16, 17]",,,,not_applicable,,,unresolved,Neutral,Positive,0.026120606641315325,-0.008824050426483154,0.5410190782342795,False,support
13,audio,5,13,"[14, 15, 16, 17, 18]",,,,not_applicable,,,unresolved,Neutral,Positive,0.030902703527870723,-0.007468178868293762,0.5405718558066627,False,support
13,audio,5,14,"[15, 16, 17, 18, 19]",,,,not_applicable,,,unresolved,Neutral,Positive,0.038446318487633246,-0.00781676173210144,0.5393143221713892,True,support
13,audio,5,15,"[16, 17, 18, 19, 20]",,,,not_applicable,,,unresolved,Neutral,Positive,0.031543556278279095,-0.004761427640914917,0.5409345907564441,False,support
13,audio,5,16,"[17, 18, 19, 20, 21]",,,,not_applicable,,,unresolved,Neutral,Positive,0.033905824408863694,-0.004021316766738892,0.5405775749808536,False,support
13,audio,5,17,"[18, 19, 20, 21, 22]",,,,not_applicable,,,unresolved,Neutral,Positive,0.02492956721847872,-0.003296688199043274,0.5418986248390608,False,support
13,audio,5,18,"[19, 20, 21, 22, 23]",,,,not_applicable,,,unresolved,Neutral,Positive,0.03198665268746392,-0.005821555852890015,0.5402873102182718,False,support
13,audio,5,19,"[20, 21, 22, 23, 24]",,,,not_applicable,,,unresolved,Neutral,Positive,0.03343690778825459,-0.007230862975120544,0.5396980733143022,True,support
13,audio,5,20,"[21, 22, 23, 24, 25]",,,,not_applicable,,,unresolved,Neutral,Positive,0.027410056848458098,-0.007634326815605164,0.540575965878932,False,support
13,audio,5,21,"[22, 23, 24, 25, 26]",,,,not_applicable,,,unresolved,Neutral,Positive,0.019007666194127748,-0.007964223623275757,0.5420115701386264,False,support
13,audio,5,22,"[23, 24, 25, 26, 27]",,,,not_applicable,,,unresolved,Neutral,Positive,0.02227032791787087,-0.009230047464370728,0.5416299501900455,False,support
13,audio,5,23,"[24, 25, 26, 27, 28]",,,,not_applicable,,,unresolved,Neutral,Positive,0.004297793204875555,-0.00589066743850708,0.5450267332326452,False,support
13,audio,5,24,"[25, 26, 27, 28, 29]",,,,not_applicable,,,unresolved,Neutral,Positive,0.002831241880496993,-0.0059897154569625854,0.545466682966539,False,support
13,audio,5,25,"[26, 27, 28, 29, 30]",,,,not_applicable,,,unresolved,Neutral,Positive,0.010173629186509658,-0.007845699787139893,0.5440033510233521,False,support
14,text,1,0,[1],He,0,2,verified,,,unresolved,Positive,Neutral,-0.07221884919032517,-0.02217918634414673,0.5632597423059579,False,oppose
14,text,1,1,[2],is,3,5,verified,,,unresolved,Positive,Neutral,-0.039612418219426404,-0.012989223003387451,0.5553997520539261,False,oppose
14,text,1,2,[3],the,6,9,verified,,,unresolved,Positive,Neutral,-0.04777901766195869,-0.015014350414276123,0.5569336196604797,False,oppose
14,text,1,3,[4],co,10,12,verified,,,unresolved,Positive,Neutral,-0.043519492911674784,-0.013548731803894043,0.5561831685823827,False,oppose
14,text,1,4,[5],-,12,13,verified,,,unresolved,Positive,Neutral,-0.0370325250308563,-0.01131892204284668,0.5544902298515049,False,oppose
14,text,1,5,[6],founder,13,20,verified,,,unresolved,Positive,Neutral,-0.005999239462588846,-0.0018892288208007812,0.547188625974505,False,oppose
14,text,1,6,[7],of,21,23,verified,,,unresolved,Positive,Neutral,-0.031225288272412888,-0.010584592819213867,0.5530679273414634,False,oppose
14,text,1,7,"[8, 9]",Rossen,24,30,verified,,,unresolved,Positive,Neutral,-0.11594087416546683,-0.037374019622802734,0.5735655780665871,False,oppose
14,text,1,8,[10],and,31,34,verified,,,unresolved,Positive,Neutral,-0.04354215680881934,-0.013286113739013672,0.5566200528638585,False,oppose
14,text,1,9,"[11, 12, 13]",Vettese,35,42,verified,,,unresolved,Positive,Neutral,-0.15407940665564068,-0.05115318298339844,0.5813538648529969,False,oppose
14,text,1,10,[14],Limited,43,50,verified,,,unresolved,Positive,Neutral,-0.008678529591202744,-0.003997683525085449,0.5473528968610071,False,oppose
14,text,1,11,[15],and,51,54,verified,,,unresolved,Positive,Neutral,-0.02596231493851997,-0.0071620941162109375,0.5525740089447552,False,oppose
14,text,1,12,[16],the,55,58,verified,,,unresolved,Positive,Neutral,-0.058586486935137905,-0.018033921718597412,0.5595082332079855,False,oppose
14,text,1,13,[17],former,59,65,verified,,,unresolved,Positive,Neutral,-0.08129067633389031,-0.02734375,0.5651948877846186,False,oppose
14,text,1,14,[18],Executive,66,75,verified,,,unresolved,Positive,Neutral,-0.0036925821164831563,-0.003420114517211914,0.5460722963833329,False,oppose
14,text,1,15,[19],Director,76,84,verified,,,unresolved,Positive,Neutral,-0.04703355561575884,-0.013736128807067871,0.5572842979086116,False,oppose
14,text,1,16,[20],of,85,87,verified,,,unresolved,Positive,Neutral,-0.019176118517660212,-0.0060236454010009766,0.5505628654196156,False,oppose
14,text,1,17,[21],Uniform,88,95,verified,,,unresolved,Positive,Neutral,-0.015109427461654557,-0.005161762237548828,0.5495873250160341,False,oppose
14,text,1,18,[22],Final,96,101,verified,,,unresolved,Positive,Neutral,-0.03540845084276001,-0.012652873992919922,0.5537453618650264,False,oppose
14,text,1,19,[23],Examination,102,113,verified,,,unresolved,Positive,Neutral,-0.04232120496947822,-0.014046669006347656,0.5552326155791006,False,oppose
14,text,1,20,[24],(,114,115,verified,,,unresolved,Positive,Neutral,-0.035480865725959654,-0.009721994400024414,0.5570841755454335,False,oppose
14,text,1,21,"[25, 26]",UFE,115,118,verified,,,unresolved,Positive,Neutral,-0.03749408742768512,-0.014024794101715088,0.5543497927135079,False,oppose
14,text,1,22,[27],),118,119,verified,,,unresolved,Positive,Neutral,-0.01312864930012636,-0.003592848777770996,0.5501069717752602,False,oppose
14,text,1,23,[28],courses,120,127,verified,,,unresolved,Positive,Neutral,-0.006764261814516392,-0.0018389225006103516,0.5463773060911069,False,oppose
14,text,1,24,[29],at,128,130,verified,,,unresolved,Positive,Neutral,-0.042666359307271806,-0.012065887451171875,0.5561575081999985,False,oppose
14,text,1,25,[30],Toronto,131,138,verified,,,unresolved,Positive,Neutral,-0.03798726949476594,-0.00775676965713501,0.5561883934541215,False,oppose
14,text,1,26,[31],',138,139,verified,,,unresolved,Positive,Neutral,-0.025608786678730677,-0.0056819915771484375,0.5524073949950903,False,oppose
14,text,1,27,[32],s,139,140,verified,,,unresolved,Positive,Neutral,-0.05455036240011257,-0.015219807624816895,0.5595026329770804,False,oppose
14,text,1,28,[33],York,141,145,verified,,,unresolved,Positive,Neutral,-0.018305009701050423,-0.005791068077087402,0.5512605336071825,False,oppose
14,text,1,29,[34],University,146,156,verified,,,unresolved,Positive,Neutral,-0.059878359423609195,-0.015299022197723389,0.5611326470857281,False,oppose
14,text,1,30,[35],.,156,157,verified,,,unresolved,Positive,Neutral,0.02098253437552222,0.007516741752624512,0.5419166452843374,True,support
14,text,3,0,"[1, 2, 3]",He is the,0,9,verified,,,unresolved,Positive,Neutral,-0.10943718069480957,-0.03788471221923828,0.5724704031605987,False,oppose
14,text,3,1,"[2, 3, 4]",is the co,3,12,verified,,,unresolved,Positive,Neutral,-0.13308941261016227,-0.04225027561187744,0.5775395982723786,False,oppose
14,text,3,2,"[3, 4, 5]",the co-,6,13,verified,,,unresolved,Positive,Neutral,-0.1200227506688144,-0.039562761783599854,0.5731124822271434,False,oppose
14,text,3,3,"[4, 5, 6]",co-founder,10,20,verified,,,unresolved,Positive,Neutral,-0.09381656649117842,-0.031365931034088135,0.5673613842401817,False,oppose
14,text,3,4,"[5, 6, 7]",-founder of,12,23,verified,,,unresolved,Positive,Neutral,-0.10581504823480914,-0.034188270568847656,0.5708137342334272,False,oppose
14,text,3,5,"[6, 7, 8, 9]",founder of Rossen,13,30,verified,,,unresolved,Positive,Neutral,-0.13443262064759343,-0.04479622840881348,0.5773565210676027,False,oppose
14,text,3,6,"[7, 8, 9, 10]",of Rossen and,21,34,verified,,,unresolved,Positive,Neutral,-0.14214762018427662,-0.04885518550872803,0.5783625546759702,False,oppose
14,text,3,7,"[8, 9, 10, 11, 12, 13]",Rossen and Vettese,24,42,verified,,,unresolved,Positive,Neutral,-0.2399828061377608,-0.08421361446380615,0.5998199721084483,False,oppose
14,text,3,8,"[10, 11, 12, 13, 14]",and Vettese Limited,31,50,verified,,,unresolved,Positive,Neutral,-0.21892583889799622,-0.07301771640777588,0.5958607500383171,False,oppose
14,text,3,9,"[11, 12, 13, 14, 15]",Vettese Limited and,35,54,verified,,,unresolved,Positive,Neutral,-0.19892014100386723,-0.06730997562408447,0.5913708732293922,False,oppose
14,text,3,10,"[14, 15, 16]",Limited and the,43,58,verified,,,unresolved,Positive,Neutral,-0.07327214869114351,-0.0240933895111084,0.5629787217946582,False,oppose
14,text,3,11,"[15, 16, 17]",and the former,51,65,verified,,,unresolved,Positive,Neutral,-0.13242994234693972,-0.04516047239303589,0.5767094700851684,False,oppose
14,text,3,12,"[16, 17, 18]",the former Executive,55,75,verified,,,unresolved,Positive,Neutral,-0.12086562678250912,-0.04278367757797241,0.5732961654042931,False,oppose
14,text,3,13,"[17, 18, 19]",former Executive Director,59,84,verified,,,unresolved,Positive,Neutral,-0.13996164033040692,-0.04836320877075195,0.5789459260935511,False,oppose
14,text,3,14,"[18, 19, 20]",Executive Director of,66,87,verified,,,unresolved,Positive,Neutral,-0.09089913269909233,-0.029397130012512207,0.5675644601639553,False,oppose
14,text,3,15,"[19, 20, 21]",Director of Uniform,76,95,verified,,,unresolved,Positive,Neutral,-0.09824645155778522,-0.028760433197021484,0.5704374995959977,False,oppose
14,text,3,16,"[20, 21, 22]",of Uniform Final,85,101,verified,,,unresolved,Positive,Neutral,-0.08222905101286959,-0.0273287296295166,0.5654398576243107,False,oppose
14,text,3,17,"[21, 22, 23]",Uniform Final Examination,88,113,verified,,,unresolved,Positive,Neutral,-0.09234735698268504,-0.0330655574798584,0.5667983550103014,False,oppose
14,text,3,18,"[22, 23, 24]",Final Examination (,96,115,verified,,,unresolved,Positive,Neutral,-0.08773093495257489,-0.02830517292022705,0.5685409581558541,False,oppose
14,text,3,19,"[23, 24, 25, 26]",Examination (UFE,102,118,verified,,,unresolved,Positive,Neutral,-0.09737358969017385,-0.03494453430175781,0.5696005320763415,False,oppose
14,text,3,20,"[24, 25, 26, 27]",(UFE),114,119,verified,,,unresolved,Positive,Neutral,-0.08575275801320503,-0.03060305118560791,0.566280851320636,False,oppose
14,text,3,21,"[25, 26, 27, 28]",UFE) courses,115,127,verified,,,unresolved,Positive,Neutral,-0.06340824004019274,-0.02109992504119873,0.5610486324675222,False,oppose
14,text,3,22,"[27, 28, 29]",) courses at,118,130,verified,,,unresolved,Positive,Neutral,-0.09982700138872247,-0.029867172241210938,0.5701124951012339,False,oppose
14,text,3,23,"[28, 29, 30]",courses at Toronto,120,138,verified,,,unresolved,Positive,Neutral,-0.09115030312863381,-0.0248410701751709,0.5678936612828785,False,oppose
14,text,3,24,"[29, 30, 31]",at Toronto',128,139,verified,,,unresolved,Positive,Neutral,-0.08028334024685102,-0.0198097825050354,0.5655285408498033,False,oppose
14,text,3,25,"[30, 31, 32]",Toronto's,131,140,verified,,,unresolved,Positive,Neutral,-0.05672459454650702,-0.016940057277679443,0.558686050562753,False,oppose
14,text,3,26,"[31, 32, 33]",'s York,138,145,verified,,,unresolved,Positive,Neutral,-0.05033356661980304,-0.01572030782699585,0.5579469124774042,False,oppose
14,text,3,27,"[32, 33, 34]",s York University,139,156,verified,,,unresolved,Positive,Neutral,-0.12545499617559608,-0.03718125820159912,0.5787016362763786,False,oppose
14,text,3,28,"[33, 34, 35]",York University.,141,157,verified,,,unresolved,Positive,Neutral,-0.04456617475693292,-0.014093875885009766,0.5578064444609465,False,oppose
14,text,5,0,"[1, 2, 3, 4, 5]",He is the co-,0,13,verified,,,unresolved,Positive,Neutral,-0.18403848914158183,-0.06264376640319824,0.5893133492671067,False,oppose
14,text,5,1,"[2, 3, 4, 5, 6]",is the co-founder,3,20,verified,,,unresolved,Positive,Neutral,-0.1718971098159754,-0.05864596366882324,0.5854457872856307,False,oppose
14,text,5,2,"[3, 4, 5, 6, 7]",the co-founder of,6,23,verified,,,unresolved,Positive,Neutral,-0.17894269860944634,-0.062278926372528076,0.5862585491783089,False,oppose
14,text,5,3,"[4, 5, 6, 7, 8, 9]",co-founder of Rossen,10,30,verified,,,unresolved,Positive,Neutral,-0.21939150730979895,-0.07599431276321411,0.59584280224801,False,oppose
14,text,5,4,"[5, 6, 7, 8, 9, 10]",-founder of Rossen and,12,34,verified,,,unresolved,Positive,Neutral,-0.21658798752913178,-0.07433837652206421,0.5956804967761677,False,oppose
14,text,5,5,"[6, 7, 8, 9, 10, 11, 12, 13]",founder of Rossen and Vettese,13,42,verified,,,unresolved,Positive,Neutral,-0.28625055429597046,-0.10287618637084961,0.6098004698351416,True,oppose
14,text,5,6,"[7, 8, 9, 10, 11, 12, 13, 14]",of Rossen and Vettese Limited,21,50,verified,,,unresolved,Positive,Neutral,-0.3000187529542073,-0.10739916563034058,0.6122228768853517,False,oppose
14,text,5,7,"[8, 9, 10, 11, 12, 13, 14, 15]",Rossen and Vettese Limited and,24,54,verified,,,unresolved,Positive,Neutral,-0.29997262689574344,-0.10476088523864746,0.6129848022219833,False,oppose
14,text,5,8,"[10, 11, 12, 13, 14, 15, 16]",and Vettese Limited and the,31,58,verified,,,unresolved,Positive,Neutral,-0.2967077038196819,-0.09947013854980469,0.6135002741569339,False,oppose
14,text,5,9,"[11, 12, 13, 14, 15, 16, 17]",Vettese Limited and the former,35,65,verified,,,unresolved,Positive,Neutral,-0.32849045114947384,-0.11705434322357178,0.619711807013339,True,oppose
14,text,5,10,"[14, 15, 16, 17, 18]",Limited and the former Executive,43,75,verified,,,unresolved,Positive,Neutral,-0.1291864264188719,-0.0484311580657959,0.5747395673548843,False,oppose
14,text,5,11,"[15, 16, 17, 18, 19]",and the former Executive Director,51,84,verified,,,unresolved,Positive,Neutral,-0.1833047217578847,-0.0637427568435669,0.5883273040555951,False,oppose
14,text,5,12,"[16, 17, 18, 19, 20]",the former Executive Director of,55,87,verified,,,unresolved,Positive,Neutral,-0.210962437606254,-0.07255077362060547,0.5945619065154351,True,oppose
14,text,5,13,"[17, 18, 19, 20, 21]",former Executive Director of Uniform,59,95,verified,,,unresolved,Positive,Neutral,-0.18427733739716667,-0.06431615352630615,0.5889592067111761,False,oppose
14,text,5,14,"[18, 19, 20, 21, 22]",Executive Director of Uniform Final,66,101,verified,,,unresolved,Positive,Neutral,-0.14937580303660702,-0.051070570945739746,0.5810441605488244,False,oppose
14,text,5,15,"[19, 20, 21, 22, 23]",Director of Uniform Final Examination,76,113,verified,,,unresolved,Positive,Neutral,-0.16349237586384768,-0.05464977025985718,0.5841247142756192,False,oppose
14,text,5,16,"[20, 21, 22, 23, 24]",of Uniform Final Examination (,85,115,verified,,,unresolved,Positive,Neutral,-0.11473982158447482,-0.03731358051300049,0.575263457519926,False,oppose
14,text,5,17,"[21, 22, 23, 24, 25, 26]",Uniform Final Examination (UFE,88,118,verified,,,unresolved,Positive,Neutral,-0.14893310562920914,-0.05375826358795166,0.5815092127811615,False,oppose
14,text,5,18,"[22, 23, 24, 25, 26, 27]",Final Examination (UFE),96,119,verified,,,unresolved,Positive,Neutral,-0.13415831305467485,-0.04864239692687988,0.5765831663137612,False,oppose
14,text,5,19,"[23, 24, 25, 26, 27, 28]",Examination (UFE) courses,102,127,verified,,,unresolved,Positive,Neutral,-0.1198759229087969,-0.0419771671295166,0.5729285896543103,False,oppose
14,text,5,20,"[24, 25, 26, 27, 28, 29]",(UFE) courses at,114,130,verified,,,unresolved,Positive,Neutral,-0.1330626109144476,-0.04616600275039673,0.5759313763263662,False,oppose
14,text,5,21,"[25, 26, 27, 28, 29, 30]",UFE) courses at Toronto,115,138,verified,,,unresolved,Positive,Neutral,-0.11403250835217982,-0.034647345542907715,0.5731738313141765,False,oppose
14,text,5,22,"[27, 28, 29, 30, 31]",) courses at Toronto',118,139,verified,,,unresolved,Positive,Neutral,-0.13375341457773327,-0.03790748119354248,0.5782272343065792,False,oppose
14,text,5,23,"[28, 29, 30, 31, 32]",courses at Toronto's,120,140,verified,,,unresolved,Positive,Neutral,-0.08658981659282217,-0.026278138160705566,0.5640294980385524,False,oppose
14,text,5,24,"[29, 30, 31, 32, 33]",at Toronto's York,128,145,verified,,,unresolved,Positive,Neutral,-0.16196783440771023,-0.051075518131256104,0.5852737171371023,False,oppose
14,text,5,25,"[30, 31, 32, 33, 34]",Toronto's York University,131,156,verified,,,unresolved,Positive,Neutral,-0.15252702571722387,-0.048029959201812744,0.5829181046035629,False,oppose
14,text,5,26,"[31, 32, 33, 34, 35]",'s York University.,138,157,verified,,,unresolved,Positive,Neutral,-0.06252976863045523,-0.02106630802154541,0.561597033441731,False,oppose
14,audio,1,0,[1],,,,not_applicable,,,unresolved,Positive,Neutral,0.019296585076560513,0.006054282188415527,0.5415685165738693,False,support
14,audio,1,1,[2],,,,not_applicable,,,unresolved,Positive,Neutral,0.013862098595490924,0.004679322242736816,0.5429461510959982,False,support
14,audio,1,2,[3],,,,not_applicable,,,unresolved,Positive,Neutral,0.02272988450669844,0.006975650787353516,0.5410591547841636,False,support
14,audio,1,3,[4],,,,not_applicable,,,unresolved,Positive,Neutral,0.014679909396137503,0.005016446113586426,0.5427590296721734,False,support
14,audio,1,4,[5],,,,not_applicable,,,unresolved,Positive,Neutral,0.015596438744822971,0.00482785701751709,0.5424487597493297,False,support
14,audio,1,5,[6],,,,not_applicable,,,unresolved,Positive,Neutral,0.014369287831512922,0.004918813705444336,0.5428389447361558,False,support
14,audio,1,6,[7],,,,not_applicable,,,unresolved,Positive,Neutral,0.009872264086530191,0.0038511157035827637,0.5439725442060589,False,support
14,audio,1,7,[8],,,,not_applicable,,,unresolved,Positive,Neutral,0.015031297260404086,0.005445539951324463,0.5424422535612388,False,support
14,audio,1,8,[9],,,,not_applicable,,,unresolved,Positive,Neutral,0.01607799404438104,0.005509614944458008,0.5422691701734784,False,support
14,audio,1,9,[10],,,,not_applicable,,,unresolved,Positive,Neutral,0.0068244842473234035,0.0020532608032226562,0.5442276490321466,False,support
14,audio,1,10,[11],,,,not_applicable,,,unresolved,Positive,Neutral,0.013647020832826762,0.0034737586975097656,0.542588808303943,False,support
14,audio,1,11,[12],,,,not_applicable,,,unresolved,Positive,Neutral,0.009818777315402483,0.0024871826171875,0.5434747473841042,False,support
14,audio,1,12,[13],,,,not_applicable,,,unresolved,Positive,Neutral,0.008941667488558513,0.002493619918823242,0.5437371852707762,False,support
14,audio,1,13,[14],,,,not_applicable,,,unresolved,Positive,Neutral,-0.009652822633675062,-0.00305098295211792,0.5483635531770112,False,oppose
14,audio,1,14,[15],,,,not_applicable,,,unresolved,Positive,Neutral,-0.01196935008632627,-0.0038992762565612793,0.5488690673364688,False,oppose
14,audio,1,15,[16],,,,not_applicable,,,unresolved,Positive,Neutral,0.00479494206753317,0.000700831413269043,0.5447768783828772,False,support
14,audio,1,16,[17],,,,not_applicable,,,unresolved,Positive,Neutral,-0.0001668249588243631,-0.0001342296600341797,0.5461455551187986,False,oppose
14,audio,1,17,[18],,,,not_applicable,,,unresolved,Positive,Neutral,-0.004825527340173719,-0.0006369352340698242,0.547208712875959,False,oppose
14,audio,1,18,[19],,,,not_applicable,,,unresolved,Positive,Neutral,-0.007851824277528952,-0.0017681121826171875,0.5479070299127048,False,oppose
14,audio,1,19,[20],,,,not_applicable,,,unresolved,Positive,Neutral,-0.010891810425032511,-0.003168940544128418,0.5484751742141122,False,oppose
14,audio,1,20,[21],,,,not_applicable,,,unresolved,Positive,Neutral,-0.0019059105133967247,-0.0007297396659851074,0.5464011561477562,False,oppose
14,audio,1,21,[22],,,,not_applicable,,,unresolved,Positive,Neutral,-0.00215747982438641,-0.00013619661331176758,0.5467323171152014,False,oppose
14,audio,1,22,[23],,,,not_applicable,,,unresolved,Positive,Neutral,-0.01267274057726031,-0.004356265068054199,0.5491028741770924,False,oppose
14,audio,1,23,[24],,,,not_applicable,,,unresolved,Positive,Neutral,-0.005947853241484169,-0.0021848082542419434,0.5474829255983028,False,oppose
14,audio,1,24,[25],,,,not_applicable,,,unresolved,Positive,Neutral,-0.01395455649852273,-0.004672884941101074,0.54928849798923,False,oppose
14,audio,1,25,[26],,,,not_applicable,,,unresolved,Positive,Neutral,-0.01604731730341602,-0.005097329616546631,0.5498312741128902,False,oppose
14,audio,1,26,[27],,,,not_applicable,,,unresolved,Positive,Neutral,-0.023792317862355028,-0.008178114891052246,0.5514601008273915,False,oppose
14,audio,1,27,[28],,,,not_applicable,,,unresolved,Positive,Neutral,-0.013880072281672873,-0.005240201950073242,0.549288592057173,False,oppose
14,audio,1,28,[29],,,,not_applicable,,,unresolved,Positive,Neutral,-0.014802325245094838,-0.00567859411239624,0.5495907956951703,False,oppose
14,audio,1,29,[30],,,,not_applicable,,,unresolved,Positive,Neutral,-0.018795423420150392,-0.0056806206703186035,0.5505763898124489,False,oppose
14,audio,1,30,[31],,,,not_applicable,,,unresolved,Positive,Neutral,-0.015094956334979148,-0.005157768726348877,0.5497184593651819,False,oppose
14,audio,1,31,[32],,,,not_applicable,,,unresolved,Positive,Neutral,-0.014762342326103739,-0.005107522010803223,0.5496496331819005,False,oppose
14,audio,1,32,[33],,,,not_applicable,,,unresolved,Positive,Neutral,-0.018177279741095065,-0.005774855613708496,0.550604888440175,False,oppose
14,audio,1,33,[34],,,,not_applicable,,,unresolved,Positive,Neutral,-0.015185154355061403,-0.00463712215423584,0.5497020892389446,False,oppose
14,audio,1,34,[35],,,,not_applicable,,,unresolved,Positive,Neutral,-0.02370498392094733,-0.006895840167999268,0.5515874384950528,False,oppose
14,audio,3,0,"[1, 2, 3]",,,,not_applicable,,,unresolved,Positive,Neutral,0.05572298661101627,0.0175706148147583,0.5337913620727353,False,support
14,audio,3,1,"[2, 3, 4]",,,,not_applicable,,,unresolved,Positive,Neutral,0.05094062259659282,0.016446948051452637,0.535028311021595,False,support
14,audio,3,2,"[3, 4, 5]",,,,not_applicable,,,unresolved,Positive,Neutral,0.05268350146206324,0.016570448875427246,0.534534462142564,False,support
14,audio,3,3,"[4, 5, 6]",,,,not_applicable,,,unresolved,Positive,Neutral,0.04424337817411972,0.014507055282592773,0.5363420133189029,False,support
14,audio,3,4,"[5, 6, 7]",,,,not_applicable,,,unresolved,Positive,Neutral,0.039549508543114675,0.013388276100158691,0.5375270731694557,False,support
14,audio,3,5,"[6, 7, 8]",,,,not_applicable,,,unresolved,Positive,Neutral,0.03922930868482066,0.01407933235168457,0.5374619115892066,False,support
14,audio,3,6,"[7, 8, 9]",,,,not_applicable,,,unresolved,Positive,Neutral,0.04113308280895278,0.014751136302947998,0.5368441989792665,False,support
14,audio,3,7,"[8, 9, 10]",,,,not_applicable,,,unresolved,Positive,Neutral,0.03808176287644571,0.01302492618560791,0.5371084072620876,False,support
14,audio,3,8,"[9, 10, 11]",,,,not_applicable,,,unresolved,Positive,Neutral,0.03655885944007664,0.01100611686706543,0.5372893585738784,False,support
14,audio,3,9,"[10, 11, 12]",,,,not_applicable,,,unresolved,Positive,Neutral,0.030398094612977378,0.007999777793884277,0.5384683006150404,False,support
14,audio,3,10,"[11, 12, 13]",,,,not_applicable,,,unresolved,Positive,Neutral,0.03244092684031119,0.008398592472076416,0.5379911619737391,False,support
14,audio,3,11,"[12, 13, 14]",,,,not_applicable,,,unresolved,Positive,Neutral,0.009099660024740608,0.001960158348083496,0.5437948734179572,False,support
14,audio,3,12,"[13, 14, 15]",,,,not_applicable,,,unresolved,Positive,Neutral,-0.012851375867352521,-0.004444301128387451,0.5492259760179082,False,oppose
14,audio,3,13,"[14, 15, 16]",,,,not_applicable,,,unresolved,Positive,Neutral,-0.01704379926427424,-0.0062601566314697266,0.55027571595435,False,oppose
14,audio,3,14,"[15, 16, 17]",,,,not_applicable,,,unresolved,Positive,Neutral,-0.007378075324494859,-0.0033005475997924805,0.5480196014744603,False,oppose
14,audio,3,15,"[16, 17, 18]",,,,not_applicable,,,unresolved,Positive,Neutral,-0.0004748631760015387,-0.00011283159255981445,0.5464169004452449,False,oppose
14,audio,3,16,"[17, 18, 19]",,,,not_applicable,,,unresolved,Positive,Neutral,-0.013279112616787936,-0.00262373685836792,0.5495790601538667,False,oppose
14,audio,3,17,"[18, 19, 20]",,,,not_applicable,,,unresolved,Positive,Neutral,-0.024390347105385124,-0.005741417407989502,0.5519916368443216,False,oppose
14,audio,3,18,"[19, 20, 21]",,,,not_applicable,,,unresolved,Positive,Neutral,-0.021195179936445818,-0.005736708641052246,0.5511236686434933,False,oppose
14,audio,3,19,"[20, 21, 22]",,,,not_applicable,,,unresolved,Positive,Neutral,-0.015625964746828425,-0.00413060188293457,0.5499825125535518,False,oppose
14,audio,3,20,"[21, 22, 23]",,,,not_applicable,,,unresolved,Positive,Neutral,-0.017571370707910483,-0.005383133888244629,0.5506461712034322,False,oppose
14,audio,3,21,"[22, 23, 24]",,,,not_applicable,,,unresolved,Positive,Neutral,-0.021688721598063787,-0.006882190704345703,0.5517367703202711,False,oppose
14,audio,3,22,"[23, 24, 25]",,,,not_applicable,,,unresolved,Positive,Neutral,-0.033728893260331905,-0.011494040489196777,0.5543420187364181,False,oppose
14,audio,3,23,"[24, 25, 26]",,,,not_applicable,,,unresolved,Positive,Neutral,-0.037317506776647136,-0.012301921844482422,0.5551194732175568,False,oppose
14,audio,3,24,"[25, 26, 27]",,,,not_applicable,,,unresolved,Positive,Neutral,-0.05531200308481332,-0.01839292049407959,0.5591181532092989,False,oppose
14,audio,3,25,"[26, 27, 28]",,,,not_applicable,,,unresolved,Positive,Neutral,-0.05523200133919359,-0.01901310682296753,0.5591157627063074,False,oppose
14,audio,3,26,"[27, 28, 29]",,,,not_applicable,,,unresolved,Positive,Neutral,-0.05382125545478644,-0.0195465087890625,0.5588375505739734,False,oppose
14,audio,3,27,"[28, 29, 30]",,,,not_applicable,,,unresolved,Positive,Neutral,-0.048471327258727714,-0.016929209232330322,0.5578693643564338,False,oppose
14,audio,3,28,"[29, 30, 31]",,,,not_applicable,,,unresolved,Positive,Neutral,-0.049407364889855976,-0.016757607460021973,0.5582341829938222,False,oppose
14,audio,3,29,"[30, 31, 32]",,,,not_applicable,,,unresolved,Positive,Neutral,-0.04904890723881972,-0.016128361225128174,0.5582174508296206,False,oppose
14,audio,3,30,"[31, 32, 33]",,,,not_applicable,,,unresolved,Positive,Neutral,-0.047997133254427116,-0.01612377166748047,0.5581402032266277,False,oppose
14,audio,3,31,"[32, 33, 34]",,,,not_applicable,,,unresolved,Positive,Neutral,-0.048112672131597645,-0.015607118606567383,0.5581319359920417,False,oppose
14,audio,3,32,"[33, 34, 35]",,,,not_applicable,,,unresolved,Positive,Neutral,-0.05699681274204593,-0.017400145530700684,0.5600526201412166,False,oppose
14,audio,5,0,"[1, 2, 3, 4, 5]",,,,not_applicable,,,unresolved,Positive,Neutral,0.08517154026301355,0.02694714069366455,0.5273565595224016,True,support
14,audio,5,1,"[2, 3, 4, 5, 6]",,,,not_applicable,,,unresolved,Positive,Neutral,0.07996310028966991,0.025640487670898438,0.5287050888943288,False,support
14,audio,5,2,"[3, 4, 5, 6, 7]",,,,not_applicable,,,unresolved,Positive,Neutral,0.07624191777084932,0.024842798709869385,0.5296663745107363,False,support
14,audio,5,3,"[4, 5, 6, 7, 8]",,,,not_applicable,,,unresolved,Positive,Neutral,0.06873582354382035,0.023447513580322266,0.5310289291728733,False,support
14,audio,5,4,"[5, 6, 7, 8, 9]",,,,not_applicable,,,unresolved,Positive,Neutral,0.07024557725504621,0.02400827407836914,0.5305100169108491,True,support
14,audio,5,5,"[6, 7, 8, 9, 10]",,,,not_applicable,,,unresolved,Positive,Neutral,0.062121086444268836,0.021528303623199463,0.5321481253654368,False,support
14,audio,5,6,"[7, 8, 9, 10, 11]",,,,not_applicable,,,unresolved,Positive,Neutral,0.06190784595230292,0.020319581031799316,0.5317807589404054,False,support
14,audio,5,7,"[8, 9, 10, 11, 12]",,,,not_applicable,,,unresolved,Positive,Neutral,0.06162527477543145,0.018968641757965088,0.531336340090081,True,support
14,audio,5,8,"[9, 10, 11, 12, 13]",,,,not_applicable,,,unresolved,Positive,Neutral,0.05518025548159333,0.015867114067077637,0.5327176640025441,False,support
14,audio,5,9,"[10, 11, 12, 13, 14]",,,,not_applicable,,,unresolved,Positive,Neutral,0.029659623227432874,0.00748133659362793,0.5387879727490326,False,support
14,audio,5,10,"[11, 12, 13, 14, 15]",,,,not_applicable,,,unresolved,Positive,Neutral,0.010487524394477754,0.0015600919723510742,0.5435311129016052,False,support
14,audio,5,11,"[12, 13, 14, 15, 16]",,,,not_applicable,,,unresolved,Positive,Neutral,0.0014017263060611684,-0.0012463927268981934,0.5457762551590882,False,support
14,audio,5,12,"[13, 14, 15, 16, 17]",,,,not_applicable,,,unresolved,Positive,Neutral,-0.008478747353162341,-0.0038651227951049805,0.5484238491054598,False,oppose
14,audio,5,13,"[14, 15, 16, 17, 18]",,,,not_applicable,,,unresolved,Positive,Neutral,-0.02269937154919366,-0.007118105888366699,0.5519949965555907,False,oppose
14,audio,5,14,"[15, 16, 17, 18, 19]",,,,not_applicable,,,unresolved,Positive,Neutral,-0.021100807014154843,-0.00587773323059082,0.5515904101539545,False,oppose
14,audio,5,15,"[16, 17, 18, 19, 20]",,,,not_applicable,,,unresolved,Positive,Neutral,-0.020504219196521345,-0.005258798599243164,0.5513082428735071,False,oppose
14,audio,5,16,"[17, 18, 19, 20, 21]",,,,not_applicable,,,unresolved,Positive,Neutral,-0.027300633182936407,-0.006651103496551514,0.5529484788674918,False,oppose
14,audio,5,17,"[18, 19, 20, 21, 22]",,,,not_applicable,,,unresolved,Positive,Neutral,-0.02978824407450109,-0.00674593448638916,0.5536542494387909,False,oppose
14,audio,5,18,"[19, 20, 21, 22, 23]",,,,not_applicable,,,unresolved,Positive,Neutral,-0.03786547890796532,-0.01060175895690918,0.5555901876408261,False,oppose
14,audio,5,19,"[20, 21, 22, 23, 24]",,,,not_applicable,,,unresolved,Positive,Neutral,-0.03645987564052111,-0.011173546314239502,0.555275043068369,False,oppose
14,audio,5,20,"[21, 22, 23, 24, 25]",,,,not_applicable,,,unresolved,Positive,Neutral,-0.03988293869957227,-0.012764811515808105,0.5561662040469012,False,oppose
14,audio,5,21,"[22, 23, 24, 25, 26]",,,,not_applicable,,,unresolved,Positive,Neutral,-0.054785721646926744,-0.017388343811035156,0.5597476159739669,False,oppose
14,audio,5,22,"[23, 24, 25, 26, 27]",,,,not_applicable,,,unresolved,Positive,Neutral,-0.07695019713978746,-0.025729060173034668,0.5645644133893262,True,oppose
14,audio,5,23,"[24, 25, 26, 27, 28]",,,,not_applicable,,,unresolved,Positive,Neutral,-0.07840232628476274,-0.026778459548950195,0.5648017658067913,False,oppose
14,audio,5,24,"[25, 26, 27, 28, 29]",,,,not_applicable,,,unresolved,Positive,Neutral,-0.08737031299053277,-0.030344128608703613,0.566916775830183,False,oppose
14,audio,5,25,"[26, 27, 28, 29, 30]",,,,not_applicable,,,unresolved,Positive,Neutral,-0.09145916678504684,-0.031230688095092773,0.5680143476851783,True,oppose
14,audio,5,26,"[27, 28, 29, 30, 31]",,,,not_applicable,,,unresolved,Positive,Neutral,-0.08967421644675011,-0.03110450506210327,0.5677082521819528,False,oppose
14,audio,5,27,"[28, 29, 30, 31, 32]",,,,not_applicable,,,unresolved,Positive,Neutral,-0.07997706099412405,-0.02779364585876465,0.5657519960608133,False,oppose
14,audio,5,28,"[29, 30, 31, 32, 33]",,,,not_applicable,,,unresolved,Positive,Neutral,-0.08266705398354512,-0.02791827917098999,0.5666722455185008,False,oppose
14,audio,5,29,"[30, 31, 32, 33, 34]",,,,not_applicable,,,unresolved,Positive,Neutral,-0.08244548181286959,-0.026761412620544434,0.566645122033477,False,oppose
14,audio,5,30,"[31, 32, 33, 34, 35]",,,,not_applicable,,,unresolved,Positive,Neutral,-0.0873792369551637,-0.02803194522857666,0.5676667869274837,True,oppose
14,vision,1,0,[1],,,,not_applicable,,,unresolved,Positive,Neutral,0.006721846874952919,0.0031473636627197266,0.5445883076055303,False,support
14,vision,1,1,[2],,,,not_applicable,,,unresolved,Positive,Neutral,0.009537706309320937,0.0033431649208068848,0.543922878525315,False,support
14,vision,1,2,[3],,,,not_applicable,,,unresolved,Positive,Neutral,0.004332174057402716,0.0015665888786315918,0.5451989611469663,False,support
14,vision,1,3,[4],,,,not_applicable,,,unresolved,Positive,Neutral,0.004892985475062228,0.0014952421188354492,0.5450805738719662,False,support
14,vision,1,4,[5],,,,not_applicable,,,unresolved,Positive,Neutral,0.003926708046727012,0.0013518333435058594,0.5453104194007677,False,support
14,vision,1,5,[6],,,,not_applicable,,,unresolved,Positive,Neutral,0.0054037391884280694,0.0017198920249938965,0.544969492944199,False,support
14,vision,1,6,[7],,,,not_applicable,,,unresolved,Positive,Neutral,0.013070564592373879,0.004456758499145508,0.5430977269829798,False,support
14,vision,1,7,[8],,,,not_applicable,,,unresolved,Positive,Neutral,0.012114692215930312,0.004051506519317627,0.543312088354048,False,support
14,vision,1,8,[9],,,,not_applicable,,,unresolved,Positive,Neutral,0.01614752426341015,0.0048792362213134766,0.5423936271650444,False,support
14,vision,1,9,[10],,,,not_applicable,,,unresolved,Positive,Neutral,0.012624727300283412,0.004017531871795654,0.543173412192336,False,support
14,vision,1,10,[11],,,,not_applicable,,,unresolved,Positive,Neutral,0.014290571412259645,0.004355311393737793,0.5426824252659894,False,support
14,vision,1,11,[12],,,,not_applicable,,,unresolved,Positive,Neutral,0.012452991736809138,0.003985404968261719,0.5431608562702193,False,support
14,vision,1,12,[13],,,,not_applicable,,,unresolved,Positive,Neutral,0.01434290190058407,0.004514813423156738,0.5426842400171855,False,support
14,vision,1,13,[14],,,,not_applicable,,,unresolved,Positive,Neutral,0.018257149781759074,0.005655050277709961,0.5416953675335103,False,support
14,vision,1,14,[15],,,,not_applicable,,,unresolved,Positive,Neutral,0.025974815199790724,0.00851142406463623,0.5399972660677905,False,support
14,vision,1,15,[16],,,,not_applicable,,,unresolved,Positive,Neutral,0.02725244277685579,0.008819401264190674,0.539682586833128,False,support
14,vision,1,16,[17],,,,not_applicable,,,unresolved,Positive,Neutral,0.030696791361014886,0.009674549102783203,0.5388597556326649,False,support
14,vision,1,17,[18],,,,not_applicable,,,unresolved,Positive,Neutral,0.02934445413507314,0.00851297378540039,0.5392163932835903,False,support
14,vision,1,18,[19],,,,not_applicable,,,unresolved,Positive,Neutral,0.03268158289768164,0.009515166282653809,0.5384796853424171,False,support
14,vision,1,19,[20],,,,not_applicable,,,unresolved,Positive,Neutral,0.03210960840743826,0.009654641151428223,0.5385403901880618,False,support
14,vision,1,20,[21],,,,not_applicable,,,unresolved,Positive,Neutral,0.023600109402870162,0.006964564323425293,0.5404311375105217,False,support
14,vision,1,21,[22],,,,not_applicable,,,unresolved,Positive,Neutral,0.020374005242974058,0.006463527679443359,0.5412356446168733,False,support
14,vision,1,22,[23],,,,not_applicable,,,unresolved,Positive,Neutral,0.020122557773513683,0.005899906158447266,0.5413186528313355,False,support
14,vision,1,23,[24],,,,not_applicable,,,unresolved,Positive,Neutral,0.024017994104494567,0.007277488708496094,0.5403515469514693,False,support
14,vision,1,24,[25],,,,not_applicable,,,unresolved,Positive,Neutral,0.022200523151831186,0.007055521011352539,0.54074208148721,False,support
14,vision,1,25,[26],,,,not_applicable,,,unresolved,Positive,Neutral,0.01973124564488926,0.006316244602203369,0.5413630402428613,False,support
14,vision,1,26,[27],,,,not_applicable,,,unresolved,Positive,Neutral,0.01687332865556679,0.0057697296142578125,0.5419984126656827,False,support
14,vision,1,27,[28],,,,not_applicable,,,unresolved,Positive,Neutral,0.025990900994801613,0.008164644241333008,0.5399496627848388,False,support
14,vision,1,28,[29],,,,not_applicable,,,unresolved,Positive,Neutral,0.024782000725570352,0.008043825626373291,0.5402454506537406,False,support
14,vision,1,29,[30],,,,not_applicable,,,unresolved,Positive,Neutral,0.032113139575884686,0.010170578956604004,0.5386085741466676,False,support
14,vision,1,30,[31],,,,not_applicable,,,unresolved,Positive,Neutral,0.03440939469387527,0.010696172714233398,0.5380075500355264,False,support
14,vision,1,31,[32],,,,not_applicable,,,unresolved,Positive,Neutral,0.034649825767226194,0.010842561721801758,0.5379750935893484,False,support
14,vision,1,32,[33],,,,not_applicable,,,unresolved,Positive,Neutral,0.02637113648409417,0.008706450462341309,0.5399864342412605,False,support
14,vision,1,33,[34],,,,not_applicable,,,unresolved,Positive,Neutral,0.03883142350684421,0.011850357055664062,0.5370326045210703,False,support
14,vision,1,34,[35],,,,not_applicable,,,unresolved,Positive,Neutral,0.03218334992789962,0.010011613368988037,0.5384734042323333,False,support
14,vision,3,0,"[1, 2, 3]",,,,not_applicable,,,unresolved,Positive,Neutral,0.02104821126074341,0.008383035659790039,0.54181303343792,False,support
14,vision,3,1,"[2, 3, 4]",,,,not_applicable,,,unresolved,Positive,Neutral,0.019145938601188073,0.006709635257720947,0.5423225222485551,False,support
14,vision,3,2,"[3, 4, 5]",,,,not_applicable,,,unresolved,Positive,Neutral,0.01333102371968542,0.004673480987548828,0.5437599969530393,False,support
14,vision,3,3,"[4, 5, 6]",,,,not_applicable,,,unresolved,Positive,Neutral,0.014400072404343711,0.004807591438293457,0.543530297811627,False,support
14,vision,3,4,"[5, 6, 7]",,,,not_applicable,,,unresolved,Positive,Neutral,0.02269607381606986,0.007784128189086914,0.5415163728944417,False,support
14,vision,3,5,"[6, 7, 8]",,,,not_applicable,,,unresolved,Positive,Neutral,0.031066321935933172,0.01048433780670166,0.5394715352325336,False,support
14,vision,3,6,"[7, 8, 9]",,,,not_applicable,,,unresolved,Positive,Neutral,0.04195669241517175,0.013640105724334717,0.5368523279081872,False,support
14,vision,3,7,"[8, 9, 10]",,,,not_applicable,,,unresolved,Positive,Neutral,0.04156100950226982,0.013219773769378662,0.5369125529068153,False,support
14,vision,3,8,"[9, 10, 11]",,,,not_applicable,,,unresolved,Positive,Neutral,0.04360708144773373,0.01346898078918457,0.5363069836229895,False,support
14,vision,3,9,"[10, 11, 12]",,,,not_applicable,,,unresolved,Positive,Neutral,0.03974486593521365,0.012527287006378174,0.5371132905599015,False,support
14,vision,3,10,"[11, 12, 13]",,,,not_applicable,,,unresolved,Positive,Neutral,0.041338032907693445,0.012968361377716064,0.5366508416951143,False,support
14,vision,3,11,"[12, 13, 14]",,,,not_applicable,,,unresolved,Positive,Neutral,0.04552148996266936,0.014324426651000977,0.5356109685589289,False,support
14,vision,3,12,"[13, 14, 15]",,,,not_applicable,,,unresolved,Positive,Neutral,0.05920490315487248,0.018854796886444092,0.5323978305650343,False,support
14,vision,3,13,"[14, 15, 16]",,,,not_applicable,,,unresolved,Positive,Neutral,0.07225547782289898,0.02312183380126953,0.5293468095475503,False,support
14,vision,3,14,"[15, 16, 17]",,,,not_applicable,,,unresolved,Positive,Neutral,0.08461147927112345,0.02701127529144287,0.5265124017405676,False,support
14,vision,3,15,"[16, 17, 18]",,,,not_applicable,,,unresolved,Positive,Neutral,0.08789238163321533,0.02696150541305542,0.5257488111966273,False,support
14,vision,3,16,"[17, 18, 19]",,,,not_applicable,,,unresolved,Positive,Neutral,0.09319795519877949,0.0275728702545166,0.524570959542265,False,support
14,vision,3,17,"[18, 19, 20]",,,,not_applicable,,,unresolved,Positive,Neutral,0.09457930596264785,0.02752751111984253,0.52425998814993,False,support
14,vision,3,18,"[19, 20, 21]",,,,not_applicable,,,unresolved,Positive,Neutral,0.08883102837730361,0.026041805744171143,0.5254871591127178,False,support
14,vision,3,19,"[20, 21, 22]",,,,not_applicable,,,unresolved,Positive,Neutral,0.07654068931790281,0.02312248945236206,0.5282512325010894,False,support
14,vision,3,20,"[21, 22, 23]",,,,not_applicable,,,unresolved,Positive,Neutral,0.06458866356556803,0.019464731216430664,0.5310318232087277,False,support
14,vision,3,21,"[22, 23, 24]",,,,not_applicable,,,unresolved,Positive,Neutral,0.06480428283246442,0.019726991653442383,0.5309983270470848,False,support
14,vision,3,22,"[23, 24, 25]",,,,not_applicable,,,unresolved,Positive,Neutral,0.06649844797368754,0.020227909088134766,0.530537791717887,False,support
14,vision,3,23,"[24, 25, 26]",,,,not_applicable,,,unresolved,Positive,Neutral,0.06598702954125069,0.020602285861968994,0.5306138184858751,False,support
14,vision,3,24,"[25, 26, 27]",,,,not_applicable,,,unresolved,Positive,Neutral,0.05906326482527802,0.01919025182723999,0.5322195735295709,False,support
14,vision,3,25,"[26, 27, 28]",,,,not_applicable,,,unresolved,Positive,Neutral,0.06289054904030622,0.020325183868408203,0.5314121304854647,False,support
14,vision,3,26,"[27, 28, 29]",,,,not_applicable,,,unresolved,Positive,Neutral,0.0679201084688057,0.022019267082214355,0.5302895887055393,False,support
14,vision,3,27,"[28, 29, 30]",,,,not_applicable,,,unresolved,Positive,Neutral,0.0831796742404004,0.026301145553588867,0.5268757746176989,False,support
14,vision,3,28,"[29, 30, 31]",,,,not_applicable,,,unresolved,Positive,Neutral,0.09169363724248636,0.02874302864074707,0.5249012656717985,False,support
14,vision,3,29,"[30, 31, 32]",,,,not_applicable,,,unresolved,Positive,Neutral,0.10169086792451643,0.031435489654541016,0.5225864993045302,False,support
14,vision,3,30,"[31, 32, 33]",,,,not_applicable,,,unresolved,Positive,Neutral,0.09607012290270567,0.03002697229385376,0.5239413961274303,False,support
14,vision,3,31,"[32, 33, 34]",,,,not_applicable,,,unresolved,Positive,Neutral,0.10050986355087477,0.031166017055511475,0.5229538097057023,False,support
14,vision,3,32,"[33, 34, 35]",,,,not_applicable,,,unresolved,Positive,Neutral,0.09814364986638036,0.03039717674255371,0.5234357970303795,False,support
14,vision,5,0,"[1, 2, 3, 4, 5]",,,,not_applicable,,,unresolved,Positive,Neutral,0.030473659214818927,0.011882185935974121,0.5402640533990015,False,support
14,vision,5,1,"[2, 3, 4, 5, 6]",,,,not_applicable,,,unresolved,Positive,Neutral,0.029173595842274858,0.010445952415466309,0.5406388570780745,False,support
14,vision,5,2,"[3, 4, 5, 6, 7]",,,,not_applicable,,,unresolved,Positive,Neutral,0.0324574730287035,0.011459827423095703,0.5398665207696388,False,support
14,vision,5,3,"[4, 5, 6, 7, 8]",,,,not_applicable,,,unresolved,Positive,Neutral,0.04055212802209818,0.013938426971435547,0.5379030027289459,False,support
14,vision,5,4,"[5, 6, 7, 8, 9]",,,,not_applicable,,,unresolved,Positive,Neutral,0.052198522594417485,0.01735556125640869,0.5351092552573721,False,support
14,vision,5,5,"[6, 7, 8, 9, 10]",,,,not_applicable,,,unresolved,Positive,Neutral,0.061250471387428784,0.02001476287841797,0.5328679467667422,False,support
14,vision,5,6,"[7, 8, 9, 10, 11]",,,,not_applicable,,,unresolved,Positive,Neutral,0.07015542223183224,0.02255082130432129,0.5305570292004936,False,support
14,vision,5,7,"[8, 9, 10, 11, 12]",,,,not_applicable,,,unresolved,Positive,Neutral,0.06927087492288742,0.022002100944519043,0.5306771458006302,False,support
14,vision,5,8,"[9, 10, 11, 12, 13]",,,,not_applicable,,,unresolved,Positive,Neutral,0.07132982295285695,0.022364795207977295,0.5300728915720249,False,support
14,vision,5,9,"[10, 11, 12, 13, 14]",,,,not_applicable,,,unresolved,Positive,Neutral,0.07367738572254612,0.023161113262176514,0.529306040779462,False,support
14,vision,5,10,"[11, 12, 13, 14, 15]",,,,not_applicable,,,unresolved,Positive,Neutral,0.08689806884982343,0.02754497528076172,0.526142629428819,False,support
14,vision,5,11,"[12, 13, 14, 15, 16]",,,,not_applicable,,,unresolved,Positive,Neutral,0.1000786352194053,0.031989336013793945,0.5230691238866083,False,support
14,vision,5,12,"[13, 14, 15, 16, 17]",,,,not_applicable,,,unresolved,Positive,Neutral,0.11867180349467943,0.037551283836364746,0.5186475129586994,False,support
14,vision,5,13,"[14, 15, 16, 17, 18]",,,,not_applicable,,,unresolved,Positive,Neutral,0.13373752401867034,0.04132235050201416,0.5151314248464861,False,support
14,vision,5,14,"[15, 16, 17, 18, 19]",,,,not_applicable,,,unresolved,Positive,Neutral,0.14779984965601944,0.04480946063995361,0.5119677179345243,False,support
14,vision,5,15,"[16, 17, 18, 19, 20]",,,,not_applicable,,,unresolved,Positive,Neutral,0.15388749053470763,0.045824289321899414,0.5105113789888602,True,support
14,vision,5,16,"[17, 18, 19, 20, 21]",,,,not_applicable,,,unresolved,Positive,Neutral,0.15000059130094012,0.0440104603767395,0.511334814185925,False,support
14,vision,5,17,"[18, 19, 20, 21, 22]",,,,not_applicable,,,unresolved,Positive,Neutral,0.13954128480727335,0.04099130630493164,0.5137678557484339,False,support
14,vision,5,18,"[19, 20, 21, 22, 23]",,,,not_applicable,,,unresolved,Positive,Neutral,0.13036267729305462,0.038572609424591064,0.5158778912774,False,support
14,vision,5,19,"[20, 21, 22, 23, 24]",,,,not_applicable,,,unresolved,Positive,Neutral,0.12136019400631626,0.03638845682144165,0.5178446946033985,False,support
14,vision,5,20,"[21, 22, 23, 24, 25]",,,,not_applicable,,,unresolved,Positive,Neutral,0.11130746055539853,0.03383171558380127,0.5201013753311131,False,support
14,vision,5,21,"[22, 23, 24, 25, 26]",,,,not_applicable,,,unresolved,Positive,Neutral,0.10726825098803039,0.033182621002197266,0.5210828587319655,False,support
14,vision,5,22,"[23, 24, 25, 26, 27]",,,,not_applicable,,,unresolved,Positive,Neutral,0.10364573752673045,0.03245043754577637,0.521890137035699,False,support
14,vision,5,23,"[24, 25, 26, 27, 28]",,,,not_applicable,,,unresolved,Positive,Neutral,0.10938447807283413,0.0346187949180603,0.5205401483376577,False,support
14,vision,5,24,"[25, 26, 27, 28, 29]",,,,not_applicable,,,unresolved,Positive,Neutral,0.11044810994522358,0.03544747829437256,0.5203591420866238,False,support
14,vision,5,25,"[26, 27, 28, 29, 30]",,,,not_applicable,,,unresolved,Positive,Neutral,0.12047087400714873,0.03848034143447876,0.5181810575127141,False,support
14,vision,5,26,"[27, 28, 29, 30, 31]",,,,not_applicable,,,unresolved,Positive,Neutral,0.1352205434814876,0.04260849952697754,0.5147734801267536,False,support
14,vision,5,27,"[28, 29, 30, 31, 32]",,,,not_applicable,,,unresolved,Positive,Neutral,0.15315073210724572,0.04735231399536133,0.5106665708735825,True,support
14,vision,5,28,"[29, 30, 31, 32, 33]",,,,not_applicable,,,unresolved,Positive,Neutral,0.1539858355657049,0.04785001277923584,0.5105895743754679,False,support
14,vision,5,29,"[30, 31, 32, 33, 34]",,,,not_applicable,,,unresolved,Positive,Neutral,0.16837827065232713,0.05141770839691162,0.507259348595872,False,support
14,vision,5,30,"[31, 32, 33, 34, 35]",,,,not_applicable,,,unresolved,Positive,Neutral,0.16860143719106202,0.051293253898620605,0.5070973480121123,True,support
15,text,1,0,[1],However,0,7,verified,,,unresolved,Positive,Neutral,-0.14757349700253752,-0.07496488094329834,0.7762590759695718,False,oppose
15,text,1,1,[2],",",7,8,verified,,,unresolved,Positive,Neutral,-0.047312107860409514,-0.02438056468963623,0.7577134397176909,False,oppose
15,text,1,2,[3],despite,9,16,verified,,,unresolved,Positive,Neutral,0.5951608988900434,0.29201650619506836,0.619676484152511,False,support
15,text,1,3,[4],their,17,22,verified,,,unresolved,Positive,Neutral,0.02660743149832001,0.01949310302734375,0.7462155664897194,False,support
15,text,1,4,[5],poverty,23,30,verified,,,unresolved,Positive,Neutral,0.4530420109683686,0.22111845016479492,0.6611623909974247,True,support
15,text,1,5,[6],",",30,31,verified,,,unresolved,Positive,Neutral,-0.03550701002661838,-0.0121307373046875,0.7575816318059925,False,oppose
15,text,1,6,[7],the,32,35,verified,,,unresolved,Positive,Neutral,0.04783131392245821,0.031778693199157715,0.7424314506005334,False,support
15,text,1,7,[8],family,36,42,verified,,,unresolved,Positive,Neutral,-0.04999750457517371,-0.02229595184326172,0.7553923990700634,False,oppose
15,text,1,8,"[9, 10, 11]",prioritize,43,53,verified,,,unresolved,Positive,Neutral,-0.14561805121219007,-0.07599735260009766,0.7740261551737532,False,oppose
15,text,1,9,[12],education,54,63,verified,,,unresolved,Positive,Neutral,-0.1721488323311633,-0.09627664089202881,0.7776832820531349,True,oppose
15,text,1,10,[13],because,64,71,verified,,,unresolved,Positive,Neutral,0.019644986721232938,0.02768528461456299,0.7509415491751015,False,support
15,text,1,11,[14],they,72,76,verified,,,unresolved,Positive,Neutral,-0.1079729598562793,-0.054974913597106934,0.7671881525478679,False,oppose
15,text,1,12,[15],believed,77,85,verified,,,unresolved,Positive,Neutral,-0.11912375066542369,-0.05762016773223877,0.7689186007635578,False,oppose
15,text,1,13,[16],in,86,88,verified,,,unresolved,Positive,Neutral,0.11094762449689921,0.06012117862701416,0.7292210694406939,False,support
15,text,1,14,[17],its,89,92,verified,,,unresolved,Positive,Neutral,0.16173817069175223,0.08779972791671753,0.7212829475878447,False,support
15,text,1,15,[18],power,93,98,verified,,,unresolved,Positive,Neutral,-0.08239360262325413,-0.04253971576690674,0.7598242310860621,False,oppose
15,text,1,16,[19],to,99,101,verified,,,unresolved,Positive,Neutral,-0.056020011962722105,-0.02754199504852295,0.7565874324249401,False,oppose
15,text,1,17,[20],transform,102,111,verified,,,unresolved,Positive,Neutral,0.1315694880660756,0.06700176000595093,0.7257031502987303,False,support
15,text,1,18,[21],lives,112,117,verified,,,unresolved,Positive,Neutral,0.22704880917984305,0.11350464820861816,0.7083062721207627,False,support
15,text,3,0,"[1, 2, 3]","However, despite",0,16,verified,,,unresolved,Positive,Neutral,0.32646687683627085,0.17373192310333252,0.6794448280496699,False,support
15,text,3,1,"[2, 3, 4]",", despite their",7,22,verified,,,unresolved,Positive,Neutral,0.6195744191207282,0.3004564046859741,0.6244421904146701,True,support
15,text,3,2,"[3, 4, 5]",despite their poverty,9,30,verified,,,unresolved,Positive,Neutral,0.5088811903258974,0.2545168399810791,0.6568226706061555,False,support
15,text,3,3,"[4, 5, 6]","their poverty,",17,31,verified,,,unresolved,Positive,Neutral,0.4045569320257274,0.20894062519073486,0.6774068590698692,False,support
15,text,3,4,"[5, 6, 7]","poverty, the",23,35,verified,,,unresolved,Positive,Neutral,0.3988852516874428,0.2031550407409668,0.6730131907970188,False,support
15,text,3,5,"[6, 7, 8]",", the family",30,42,verified,,,unresolved,Positive,Neutral,-0.006722391216289925,0.004186511039733887,0.7446968888893967,False,oppose
15,text,3,6,"[7, 8, 9, 10, 11]",the family prioritize,32,53,verified,,,unresolved,Positive,Neutral,-0.0061367893791968164,0.0030012130737304688,0.748781953129465,False,oppose
15,text,3,7,"[8, 9, 10, 11, 12]",family prioritize education,36,63,verified,,,unresolved,Positive,Neutral,-0.10350446496627042,-0.061974525451660156,0.7609856748057595,False,oppose
15,text,3,8,"[9, 10, 11, 12, 13]",prioritize education because,43,71,verified,,,unresolved,Positive,Neutral,-0.16981474172744981,-0.10914134979248047,0.7694892258721017,False,oppose
15,text,3,9,"[12, 13, 14]",education because they,54,76,verified,,,unresolved,Positive,Neutral,-0.14872907544339653,-0.08023953437805176,0.7748670929194164,False,oppose
15,text,3,10,"[13, 14, 15]",because they believed,64,85,verified,,,unresolved,Positive,Neutral,-0.1698946505736889,-0.08457958698272705,0.7782999406336856,False,oppose
15,text,3,11,"[14, 15, 16]",they believed in,72,88,verified,,,unresolved,Positive,Neutral,-0.08867763255253336,-0.043358445167541504,0.7623358357443832,False,oppose
15,text,3,12,"[15, 16, 17]",believed in its,77,92,verified,,,unresolved,Positive,Neutral,-0.10923998420795034,-0.051245927810668945,0.7664079585067385,False,oppose
15,text,3,13,"[16, 17, 18]",in its power,86,98,verified,,,unresolved,Positive,Neutral,0.068283505369364,0.03855788707733154,0.7330913701082167,False,support
15,text,3,14,"[17, 18, 19]",its power to,89,101,verified,,,unresolved,Positive,Neutral,-0.12533112785751888,-0.06598913669586182,0.764819606437786,False,oppose
15,text,3,15,"[18, 19, 20]",power to transform,93,111,verified,,,unresolved,Positive,Neutral,0.1008907067393785,0.05126410722732544,0.7245686988327401,False,support
15,text,3,16,"[19, 20, 21]",to transform lives,99,117,verified,,,unresolved,Positive,Neutral,0.41177974885926005,0.19598066806793213,0.669242604201261,True,support
15,text,5,0,"[1, 2, 3, 4, 5]","However, despite their poverty",0,30,verified,,,unresolved,Positive,Neutral,0.3533136324782489,0.1901780366897583,0.6883062360350543,False,support
15,text,5,1,"[2, 3, 4, 5, 6]",", despite their poverty,",7,31,verified,,,unresolved,Positive,Neutral,0.4084593124812119,0.21011126041412354,0.6771128663447356,False,support
15,text,5,2,"[3, 4, 5, 6, 7]","despite their poverty, the",9,35,verified,,,unresolved,Positive,Neutral,0.5090949280317916,0.25247281789779663,0.6556078604308428,False,support
15,text,5,3,"[4, 5, 6, 7, 8]","their poverty, the family",17,42,verified,,,unresolved,Positive,Neutral,0.4036592529004628,0.21284818649291992,0.6651676652570423,False,support
15,text,5,4,"[5, 6, 7, 8, 9, 10, 11]","poverty, the family prioritize",23,53,verified,,,unresolved,Positive,Neutral,0.376667671524068,0.1951705813407898,0.6646489025966579,False,support
15,text,5,5,"[6, 7, 8, 9, 10, 11, 12]",", the family prioritize education",30,63,verified,,,unresolved,Positive,Neutral,-0.034819585008467824,-0.021356940269470215,0.7470951499610495,False,oppose
15,text,5,6,"[7, 8, 9, 10, 11, 12, 13]",the family prioritize education because,32,71,verified,,,unresolved,Positive,Neutral,-0.07244619226613791,-0.04530477523803711,0.7532064721984635,False,oppose
15,text,5,7,"[8, 9, 10, 11, 12, 13, 14]",family prioritize education because they,36,76,verified,,,unresolved,Positive,Neutral,-0.0645491692464415,-0.04639387130737305,0.744864516370661,False,oppose
15,text,5,8,"[9, 10, 11, 12, 13, 14, 15]",prioritize education because they believed,43,85,verified,,,unresolved,Positive,Neutral,-0.24311500357359894,-0.15042221546173096,0.7862118778495281,True,oppose
15,text,5,9,"[12, 13, 14, 15, 16]",education because they believed in,54,88,verified,,,unresolved,Positive,Neutral,-0.1528809558059525,-0.08584260940551758,0.7746153430919509,False,oppose
15,text,5,10,"[13, 14, 15, 16, 17]",because they believed in its,64,92,verified,,,unresolved,Positive,Neutral,-0.16711302569778863,-0.0769650936126709,0.7765621538112665,False,oppose
15,text,5,11,"[14, 15, 16, 17, 18]",they believed in its power,72,98,verified,,,unresolved,Positive,Neutral,-0.08586027778336036,-0.03771662712097168,0.7595512888587496,False,oppose
15,text,5,12,"[15, 16, 17, 18, 19]",believed in its power to,77,101,verified,,,unresolved,Positive,Neutral,-0.16782226937802824,-0.0835791826248169,0.7723988600747954,True,oppose
15,text,5,13,"[16, 17, 18, 19, 20]",in its power to transform,86,111,verified,,,unresolved,Positive,Neutral,0.1708555346528864,0.09135550260543823,0.7089810632109622,False,support
15,text,5,14,"[17, 18, 19, 20, 21]",its power to transform lives,89,117,verified,,,unresolved,Positive,Neutral,0.36285438926163116,0.175284743309021,0.6696362787897678,False,support
15,audio,1,0,[1],,,,not_applicable,,,unresolved,Positive,Neutral,0.01823288518756505,0.010052084922790527,0.7474655944485846,False,support
15,audio,1,1,[2],,,,not_applicable,,,unresolved,Positive,Neutral,0.008796432533769272,0.004499912261962891,0.7488130361996016,False,support
15,audio,1,2,[3],,,,not_applicable,,,unresolved,Positive,Neutral,0.003944308874386904,0.0025207996368408203,0.7494997466414914,False,support
15,audio,1,3,[4],,,,not_applicable,,,unresolved,Positive,Neutral,-0.022785373275099552,-0.010573029518127441,0.7541545792785851,False,oppose
15,audio,1,4,[5],,,,not_applicable,,,unresolved,Positive,Neutral,-0.02962277579704753,-0.011951684951782227,0.7544692407624507,False,oppose
15,audio,1,5,[6],,,,not_applicable,,,unresolved,Positive,Neutral,-0.013522889055943788,-0.005837202072143555,0.7517922282983565,False,oppose
15,audio,1,6,[7],,,,not_applicable,,,unresolved,Positive,Neutral,-0.02054362140052768,-0.0070067644119262695,0.7534552916708552,False,oppose
15,audio,1,7,[8],,,,not_applicable,,,unresolved,Positive,Neutral,-0.011099744120472321,-0.0031903982162475586,0.7519484628986385,False,oppose
15,audio,1,8,[9],,,,not_applicable,,,unresolved,Positive,Neutral,-0.013029597049565966,-0.004743218421936035,0.7522138333277275,False,oppose
15,audio,1,9,[10],,,,not_applicable,,,unresolved,Positive,Neutral,-0.017368775465357755,-0.00756990909576416,0.7527771794556883,False,oppose
15,audio,1,10,[11],,,,not_applicable,,,unresolved,Positive,Neutral,-0.008337731151079497,-0.0031598806381225586,0.7513577687159307,False,oppose
15,audio,1,11,[12],,,,not_applicable,,,unresolved,Positive,Neutral,0.004161538795810937,0.004214286804199219,0.7493084874715871,True,support
15,audio,1,12,[13],,,,not_applicable,,,unresolved,Positive,Neutral,-0.015041405837116661,-0.004874587059020996,0.7524254824352041,False,oppose
15,audio,1,13,[14],,,,not_applicable,,,unresolved,Positive,Neutral,-0.019818761753875203,-0.00864553451538086,0.7533571475846119,False,oppose
15,audio,1,14,[15],,,,not_applicable,,,unresolved,Positive,Neutral,-0.0132102189637604,-0.006735682487487793,0.7519039536464261,False,oppose
15,audio,1,15,[16],,,,not_applicable,,,unresolved,Positive,Neutral,0.010646040004988366,0.007284760475158691,0.7481106519046631,False,support
15,audio,1,16,[17],,,,not_applicable,,,unresolved,Positive,Neutral,-0.0046486629493889264,-0.0013436079025268555,0.7506466687158037,False,oppose
15,audio,1,17,[18],,,,not_applicable,,,unresolved,Positive,Neutral,0.006452903380167463,0.00475764274597168,0.7491602977881242,False,support
15,audio,1,18,[19],,,,not_applicable,,,unresolved,Positive,Neutral,-0.005780082130581787,-0.0018858909606933594,0.7509949801127889,False,oppose
15,audio,1,19,[20],,,,not_applicable,,,unresolved,Positive,Neutral,-0.029861059000262813,-0.012122869491577148,0.7552227039746847,False,oppose
15,audio,1,20,[21],,,,not_applicable,,,unresolved,Positive,Neutral,-0.016895490863663376,-0.007638812065124512,0.7527732069634919,False,oppose
15,audio,3,0,"[1, 2, 3]",,,,not_applicable,,,unresolved,Positive,Neutral,0.03215481685611721,0.017943620681762695,0.7467845767860632,True,support
15,audio,3,1,"[2, 3, 4]",,,,not_applicable,,,unresolved,Positive,Neutral,-0.009030425689051658,-0.002757430076599121,0.7535247616471566,False,oppose
15,audio,3,2,"[3, 4, 5]",,,,not_applicable,,,unresolved,Positive,Neutral,-0.046657294962992424,-0.01905953884124756,0.7590328345066495,False,oppose
15,audio,3,3,"[4, 5, 6]",,,,not_applicable,,,unresolved,Positive,Neutral,-0.06386671331336635,-0.027439475059509277,0.7612327118191853,False,oppose
15,audio,3,4,"[5, 6, 7]",,,,not_applicable,,,unresolved,Positive,Neutral,-0.062078895706746184,-0.024028778076171875,0.7606171428486185,False,oppose
15,audio,3,5,"[6, 7, 8]",,,,not_applicable,,,unresolved,Positive,Neutral,-0.04397550287465446,-0.01525413990020752,0.7581972340956916,False,oppose
15,audio,3,6,"[7, 8, 9]",,,,not_applicable,,,unresolved,Positive,Neutral,-0.04278822205362687,-0.01390230655670166,0.7584596957544569,False,oppose
15,audio,3,7,"[8, 9, 10]",,,,not_applicable,,,unresolved,Positive,Neutral,-0.040183528005207636,-0.014851927757263184,0.7579168611850523,False,oppose
15,audio,3,8,"[9, 10, 11]",,,,not_applicable,,,unresolved,Positive,Neutral,-0.037976068161085896,-0.015168070793151855,0.7574276428509354,False,oppose
15,audio,3,9,"[10, 11, 12]",,,,not_applicable,,,unresolved,Positive,Neutral,-0.02135660850305965,-0.006408333778381348,0.7546710433419135,False,oppose
15,audio,3,10,"[11, 12, 13]",,,,not_applicable,,,unresolved,Positive,Neutral,-0.01870848359190158,-0.00351107120513916,0.7542606145752981,False,oppose
15,audio,3,11,"[12, 13, 14]",,,,not_applicable,,,unresolved,Positive,Neutral,-0.028866835980188688,-0.00837564468383789,0.7560101986791103,False,oppose
15,audio,3,12,"[13, 14, 15]",,,,not_applicable,,,unresolved,Positive,Neutral,-0.04431074371489441,-0.018309950828552246,0.7582282414499646,False,oppose
15,audio,3,13,"[14, 15, 16]",,,,not_applicable,,,unresolved,Positive,Neutral,-0.019468478755109375,-0.006479978561401367,0.7541088452166969,False,oppose
15,audio,3,14,"[15, 16, 17]",,,,not_applicable,,,unresolved,Positive,Neutral,-0.005429171851162984,0.00021255016326904297,0.7516077969039631,False,oppose
15,audio,3,15,"[16, 17, 18]",,,,not_applicable,,,unresolved,Positive,Neutral,0.014423837601729828,0.0116807222366333,0.748824759837987,True,support
15,audio,3,16,"[17, 18, 19]",,,,not_applicable,,,unresolved,Positive,Neutral,-0.0016665714491628236,0.0028334856033325195,0.7516501534243394,False,oppose
15,audio,3,17,"[18, 19, 20]",,,,not_applicable,,,unresolved,Positive,Neutral,-0.02472617458010684,-0.00665128231048584,0.7558180105200349,False,oppose
15,audio,3,18,"[19, 20, 21]",,,,not_applicable,,,unresolved,Positive,Neutral,-0.04773043742420846,-0.019058704376220703,0.759318947440894,False,oppose
15,audio,5,0,"[1, 2, 3, 4, 5]",,,,not_applicable,,,unresolved,Positive,Neutral,-0.018499860165411386,-0.003132343292236328,0.7563490246590598,False,oppose
15,audio,5,1,"[2, 3, 4, 5, 6]",,,,not_applicable,,,unresolved,Positive,Neutral,-0.049834962698726004,-0.019243478775024414,0.7605849135047204,False,oppose
15,audio,5,2,"[3, 4, 5, 6, 7]",,,,not_applicable,,,unresolved,Positive,Neutral,-0.07651777055757081,-0.02975285053253174,0.7646233359359408,False,oppose
15,audio,5,3,"[4, 5, 6, 7, 8]",,,,not_applicable,,,unresolved,Positive,Neutral,-0.08977055881067209,-0.034540772438049316,0.7666667394849559,True,oppose
15,audio,5,4,"[5, 6, 7, 8, 9]",,,,not_applicable,,,unresolved,Positive,Neutral,-0.08314523136527097,-0.03021061420440674,0.7653409619400598,False,oppose
15,audio,5,5,"[6, 7, 8, 9, 10]",,,,not_applicable,,,unresolved,Positive,Neutral,-0.07176312579957278,-0.02624332904815674,0.7638057174060313,False,oppose
15,audio,5,6,"[7, 8, 9, 10, 11]",,,,not_applicable,,,unresolved,Positive,Neutral,-0.06619083182451924,-0.02351200580596924,0.7632866235019872,True,oppose
15,audio,5,7,"[8, 9, 10, 11, 12]",,,,not_applicable,,,unresolved,Positive,Neutral,-0.04362007666798573,-0.01334226131439209,0.7596657667117405,False,oppose
15,audio,5,8,"[9, 10, 11, 12, 13]",,,,not_applicable,,,unresolved,Positive,Neutral,-0.04708686471137424,-0.014921307563781738,0.7600509768092255,False,oppose
15,audio,5,9,"[10, 11, 12, 13, 14]",,,,not_applicable,,,unresolved,Positive,Neutral,-0.051861350115130156,-0.017835497856140137,0.7608276489057598,True,oppose
15,audio,5,10,"[11, 12, 13, 14, 15]",,,,not_applicable,,,unresolved,Positive,Neutral,-0.046574599256475,-0.016170024871826172,0.7597679541175668,False,oppose
15,audio,5,11,"[12, 13, 14, 15, 16]",,,,not_applicable,,,unresolved,Positive,Neutral,-0.026510307551818046,-0.00506281852722168,0.7563789352440051,False,oppose
15,audio,5,12,"[13, 14, 15, 16, 17]",,,,not_applicable,,,unresolved,Positive,Neutral,-0.034471055141189755,-0.010125875473022461,0.7575398498501839,False,oppose
15,audio,5,13,"[14, 15, 16, 17, 18]",,,,not_applicable,,,unresolved,Positive,Neutral,-0.012405067468586717,-0.00022161006927490234,0.7542180110270563,False,oppose
15,audio,5,14,"[15, 16, 17, 18, 19]",,,,not_applicable,,,unresolved,Positive,Neutral,0.0016106025071283003,0.006591677665710449,0.7518767726519188,False,support
15,audio,5,15,"[16, 17, 18, 19, 20]",,,,not_applicable,,,unresolved,Positive,Neutral,-0.014403232358166651,0.0017446279525756836,0.755026955123024,False,oppose
15,audio,5,16,"[17, 18, 19, 20, 21]",,,,not_applicable,,,unresolved,Positive,Neutral,-0.040254651397074515,-0.012418389320373535,0.7593410955477993,False,oppose
15,vision,1,0,[1],,,,not_applicable,,,unresolved,Positive,Neutral,-0.045627905836609584,-0.02521979808807373,0.7569764772958641,False,oppose
15,vision,1,1,[2],,,,not_applicable,,,unresolved,Positive,Neutral,-0.04719941856607557,-0.024146199226379395,0.7573030562027513,False,oppose
15,vision,1,2,[3],,,,not_applicable,,,unresolved,Positive,Neutral,-0.03966039716415537,-0.020871877670288086,0.7557217904684285,False,oppose
15,vision,1,3,[4],,,,not_applicable,,,unresolved,Positive,Neutral,-0.04373270628087833,-0.022170662879943848,0.756595962407067,False,oppose
15,vision,1,4,[5],,,,not_applicable,,,unresolved,Positive,Neutral,-0.041964291597908376,-0.02260410785675049,0.7566049391222829,False,oppose
15,vision,1,5,[6],,,,not_applicable,,,unresolved,Positive,Neutral,-0.0313745756505448,-0.016091227531433105,0.754475925058653,False,oppose
15,vision,1,6,[7],,,,not_applicable,,,unresolved,Positive,Neutral,-0.0402902093091686,-0.021298766136169434,0.7557587008221706,False,oppose
15,vision,1,7,[8],,,,not_applicable,,,unresolved,Positive,Neutral,-0.044946373416858254,-0.02394711971282959,0.7568469877914391,False,oppose
15,vision,1,8,[9],,,,not_applicable,,,unresolved,Positive,Neutral,-0.03419824061096732,-0.01885831356048584,0.755117424125049,False,oppose
15,vision,1,9,[10],,,,not_applicable,,,unresolved,Positive,Neutral,-0.033768564661414535,-0.01865541934967041,0.7549375612351068,False,oppose
15,vision,1,10,[11],,,,not_applicable,,,unresolved,Positive,Neutral,-0.03252153444107764,-0.018154501914978027,0.7546832065215936,False,oppose
15,vision,1,11,[12],,,,not_applicable,,,unresolved,Positive,Neutral,-0.028131189409459578,-0.015209674835205078,0.7538890782294748,False,oppose
15,vision,1,12,[13],,,,not_applicable,,,unresolved,Positive,Neutral,-0.035122672144503264,-0.018719911575317383,0.7548714397543779,False,oppose
15,vision,1,13,[14],,,,not_applicable,,,unresolved,Positive,Neutral,-0.03991994098540963,-0.020804762840270996,0.7557657675682498,False,oppose
15,vision,1,14,[15],,,,not_applicable,,,unresolved,Positive,Neutral,-0.04445495881611694,-0.024059772491455078,0.7569505214377481,False,oppose
15,vision,1,15,[16],,,,not_applicable,,,unresolved,Positive,Neutral,-0.04375048973553319,-0.02306342124938965,0.7571694631953095,False,oppose
15,vision,1,16,[17],,,,not_applicable,,,unresolved,Positive,Neutral,-0.02157652803779664,-0.009902000427246094,0.7532293028429012,False,oppose
15,vision,1,17,[18],,,,not_applicable,,,unresolved,Positive,Neutral,-0.03225327439836678,-0.015533208847045898,0.7546054317383345,False,oppose
15,vision,1,18,[19],,,,not_applicable,,,unresolved,Positive,Neutral,-0.03361944696087793,-0.01744067668914795,0.7550037405625459,False,oppose
15,vision,1,19,[20],,,,not_applicable,,,unresolved,Positive,Neutral,-0.015647740735597937,-0.008155107498168945,0.7518570437931319,False,oppose
15,vision,1,20,[21],,,,not_applicable,,,unresolved,Positive,Neutral,-0.004307671115787004,-0.0025693178176879883,0.7500590765897484,False,oppose
15,vision,3,0,"[1, 2, 3]",,,,not_applicable,,,unresolved,Positive,Neutral,-0.13057349385564354,-0.07052004337310791,0.7705393553750469,False,oppose
15,vision,3,1,"[2, 3, 4]",,,,not_applicable,,,unresolved,Positive,Neutral,-0.128108938150443,-0.06716024875640869,0.7700961921916188,False,oppose
15,vision,3,2,"[3, 4, 5]",,,,not_applicable,,,unresolved,Positive,Neutral,-0.12337349555366828,-0.06573319435119629,0.7695037912461716,False,oppose
15,vision,3,3,"[4, 5, 6]",,,,not_applicable,,,unresolved,Positive,Neutral,-0.11542413988152389,-0.06103336811065674,0.768367598711995,False,oppose
15,vision,3,4,"[5, 6, 7]",,,,not_applicable,,,unresolved,Positive,Neutral,-0.11196378911255,-0.06001412868499756,0.7675489205928118,False,oppose
15,vision,3,5,"[6, 7, 8]",,,,not_applicable,,,unresolved,Positive,Neutral,-0.11462110036596873,-0.061255455017089844,0.7677452097519503,False,oppose
15,vision,3,6,"[7, 8, 9]",,,,not_applicable,,,unresolved,Positive,Neutral,-0.11729689306380098,-0.06391274929046631,0.7683435048959779,False,oppose
15,vision,3,7,"[8, 9, 10]",,,,not_applicable,,,unresolved,Positive,Neutral,-0.11052112672539494,-0.06108987331390381,0.7675241180049517,False,oppose
15,vision,3,8,"[9, 10, 11]",,,,not_applicable,,,unresolved,Positive,Neutral,-0.09826768782379669,-0.05522727966308594,0.7654412894182101,False,oppose
15,vision,3,9,"[10, 11, 12]",,,,not_applicable,,,unresolved,Positive,Neutral,-0.09293799755032262,-0.051818251609802246,0.7643521436957531,False,oppose
15,vision,3,10,"[11, 12, 13]",,,,not_applicable,,,unresolved,Positive,Neutral,-0.09425895201239687,-0.05182778835296631,0.7642610378248214,False,oppose
15,vision,3,11,"[12, 13, 14]",,,,not_applicable,,,unresolved,Positive,Neutral,-0.10122000441725221,-0.05440330505371094,0.7652301515690948,False,oppose
15,vision,3,12,"[13, 14, 15]",,,,not_applicable,,,unresolved,Positive,Neutral,-0.11651212232353636,-0.06301796436309814,0.7680614178387334,False,oppose
15,vision,3,13,"[14, 15, 16]",,,,not_applicable,,,unresolved,Positive,Neutral,-0.12553202507727046,-0.06778252124786377,0.7703808667970552,False,oppose
15,vision,3,14,"[15, 16, 17]",,,,not_applicable,,,unresolved,Positive,Neutral,-0.10783074586293928,-0.056743502616882324,0.768062378927915,False,oppose
15,vision,3,15,"[16, 17, 18]",,,,not_applicable,,,unresolved,Positive,Neutral,-0.09532629270607806,-0.0479203462600708,0.7657229970093935,False,oppose
15,vision,3,16,"[17, 18, 19]",,,,not_applicable,,,unresolved,Positive,Neutral,-0.08504833128202138,-0.042168498039245605,0.763579849387251,False,oppose
15,vision,3,17,"[18, 19, 20]",,,,not_applicable,,,unresolved,Positive,Neutral,-0.0785814763056949,-0.04010307788848877,0.7621679079742812,False,oppose
15,vision,3,18,"[19, 20, 21]",,,,not_applicable,,,unresolved,Positive,Neutral,-0.0509901298172033,-0.026969194412231445,0.7577711607149012,False,oppose
15,vision,5,0,"[1, 2, 3, 4, 5]",,,,not_applicable,,,unresolved,Positive,Neutral,-0.21247216913262368,-0.11623048782348633,0.7834336268104222,True,oppose
15,vision,5,1,"[2, 3, 4, 5, 6]",,,,not_applicable,,,unresolved,Positive,Neutral,-0.19770236620299686,-0.10640561580657959,0.7810852468626832,False,oppose
15,vision,5,2,"[3, 4, 5, 6, 7]",,,,not_applicable,,,unresolved,Positive,Neutral,-0.1919940710376402,-0.10375845432281494,0.7797982223326948,False,oppose
15,vision,5,3,"[4, 5, 6, 7, 8]",,,,not_applicable,,,unresolved,Positive,Neutral,-0.19669125579528957,-0.10673797130584717,0.7808080680720945,True,oppose
15,vision,5,4,"[5, 6, 7, 8, 9]",,,,not_applicable,,,unresolved,Positive,Neutral,-0.18698349922846225,-0.10290253162384033,0.779430781392792,False,oppose
15,vision,5,5,"[6, 7, 8, 9, 10]",,,,not_applicable,,,unresolved,Positive,Neutral,-0.17846771925149985,-0.09853255748748779,0.7778411497473336,False,oppose
15,vision,5,6,"[7, 8, 9, 10, 11]",,,,not_applicable,,,unresolved,Positive,Neutral,-0.17933162296072847,-0.10035872459411621,0.7779867733585435,False,oppose
15,vision,5,7,"[8, 9, 10, 11, 12]",,,,not_applicable,,,unresolved,Positive,Neutral,-0.16839804075165765,-0.094551682472229,0.7764125656829923,False,oppose
15,vision,5,8,"[9, 10, 11, 12, 13]",,,,not_applicable,,,unresolved,Positive,Neutral,-0.15834353407986934,-0.08889603614807129,0.7744659839094067,False,oppose
15,vision,5,9,"[10, 11, 12, 13, 14]",,,,not_applicable,,,unresolved,Positive,Neutral,-0.16368376078920788,-0.09086501598358154,0.7749962579516884,False,oppose
15,vision,5,10,"[11, 12, 13, 14, 15]",,,,not_applicable,,,unresolved,Positive,Neutral,-0.17443663645771523,-0.09654176235198975,0.7769159735726714,False,oppose
15,vision,5,11,"[12, 13, 14, 15, 16]",,,,not_applicable,,,unresolved,Positive,Neutral,-0.1851047240145245,-0.10159480571746826,0.7792114557612106,True,oppose
15,vision,5,12,"[13, 14, 15, 16, 17]",,,,not_applicable,,,unresolved,Positive,Neutral,-0.17759664624890537,-0.09553229808807373,0.7785091996877357,False,oppose
15,vision,5,13,"[14, 15, 16, 17, 18]",,,,not_applicable,,,unresolved,Positive,Neutral,-0.17481172251483557,-0.09235060214996338,0.7782979595228515,False,oppose
15,vision,5,14,"[15, 16, 17, 18, 19]",,,,not_applicable,,,unresolved,Positive,Neutral,-0.16896911679178772,-0.08904707431793213,0.7776846415390273,False,oppose
15,vision,5,15,"[16, 17, 18, 19, 20]",,,,not_applicable,,,unresolved,Positive,Neutral,-0.139615212603329,-0.07205855846405029,0.7728067088594862,False,oppose
15,vision,5,16,"[17, 18, 19, 20, 21]",,,,not_applicable,,,unresolved,Positive,Neutral,-0.09994812813961418,-0.05049872398376465,0.7659414303316286,False,oppose
16,text,1,0,[1],It,0,2,verified,,,unresolved,Negative,Positive,-0.005907751768841507,-0.0256272554397583,0.9315687306943872,False,oppose
16,text,1,1,[2],',2,3,verified,,,unresolved,Negative,Positive,0.005796233067588918,-0.018372535705566406,0.9309417039563546,False,support
16,text,1,2,[3],s,3,4,verified,,,unresolved,Negative,Positive,-0.008814846556264744,-0.00854945182800293,0.9314238750848632,True,oppose
16,text,1,3,[4],a,5,6,verified,,,unresolved,Negative,Positive,0.008376313644779643,-0.02154827117919922,0.9309656756220009,False,support
16,text,1,4,[5],terrible,7,15,verified,,,unresolved,Negative,Positive,-0.040244810348436744,-0.006096363067626953,0.9323403812558272,True,oppose
16,text,1,5,[6],",",15,16,verified,,,unresolved,Negative,Positive,-0.01596789695242329,-0.009836196899414062,0.9314784974225115,True,oppose
16,text,1,6,[7],this,17,21,verified,,,unresolved,Negative,Positive,0.030389252917771614,-0.0467602014541626,0.930185611760476,False,support
16,text,1,7,[8],is,22,24,verified,,,unresolved,Negative,Positive,-0.008650307461254059,-0.018563389778137207,0.9315819964384685,False,oppose
16,text,1,8,[9],a,25,26,verified,,,unresolved,Negative,Positive,0.0021088115688190356,-0.01574540138244629,0.9311601830937486,False,support
16,text,1,9,[10],terrible,27,35,verified,,,unresolved,Negative,Positive,0.0088167382424853,-0.054465293884277344,0.9314377192442137,False,support
16,text,1,10,[11],movie,36,41,verified,,,unresolved,Negative,Positive,0.08454180447553172,-0.0729290246963501,0.9290973269487708,True,support
16,text,3,0,"[1, 2, 3]",It's,0,4,verified,,,unresolved,Negative,Positive,0.03098780744383456,-0.0854254961013794,0.931043269363623,False,support
16,text,3,1,"[2, 3, 4]",'s a,2,6,verified,,,unresolved,Negative,Positive,0.026568313128354504,-0.06327033042907715,0.931155528964524,False,support
16,text,3,2,"[3, 4, 5]",s a terrible,3,15,verified,,,unresolved,Negative,Positive,0.0011107747289273995,-0.056919097900390625,0.931969843233749,False,support
16,text,3,3,"[4, 5, 6]","a terrible,",5,16,verified,,,unresolved,Negative,Positive,-0.0007830157623232026,-0.06956017017364502,0.9321280032256056,False,oppose
16,text,3,4,"[5, 6, 7]","terrible, this",7,21,verified,,,unresolved,Negative,Positive,0.01818465908005562,-0.09431147575378418,0.9317529474082784,False,support
16,text,3,5,"[6, 7, 8]",", this is",15,24,verified,,,unresolved,Negative,Positive,0.022110405864503413,-0.0739666223526001,0.9312292682826132,False,support
16,text,3,6,"[7, 8, 9]",this is a,17,26,verified,,,unresolved,Negative,Positive,0.04266898092719851,-0.08598852157592773,0.9308222896502163,False,support
16,text,3,7,"[8, 9, 10]",is a terrible,22,35,verified,,,unresolved,Negative,Positive,0.012675757254162257,-0.07421326637268066,0.9318150859736516,False,support
16,text,3,8,"[9, 10, 11]",a terrible movie,25,41,verified,,,unresolved,Negative,Positive,0.10025765129421416,-0.15128779411315918,0.9297391509050934,False,support
16,text,5,0,"[1, 2, 3, 4, 5]",It's a terrible,0,15,verified,,,unresolved,Negative,Positive,0.08248390785841231,-0.15221309661865234,0.9297520289881526,True,support
16,text,5,1,"[2, 3, 4, 5, 6]","'s a terrible,",2,16,verified,,,unresolved,Negative,Positive,0.04682822596404668,-0.13370490074157715,0.9308268816428057,False,support
16,text,5,2,"[3, 4, 5, 6, 7]","s a terrible, this",3,21,verified,,,unresolved,Negative,Positive,0.053215004580197345,-0.1443018913269043,0.9307776702153395,False,support
16,text,5,3,"[4, 5, 6, 7, 8]","a terrible, this is",5,24,verified,,,unresolved,Negative,Positive,0.04842212233539556,-0.15807199478149414,0.9309587189924526,False,support
16,text,5,4,"[5, 6, 7, 8, 9]","terrible, this is a",7,26,verified,,,unresolved,Negative,Positive,0.046177666531320494,-0.1548140048980713,0.9310923756797639,False,support
16,text,5,5,"[6, 7, 8, 9, 10]",", this is a terrible",15,35,verified,,,unresolved,Negative,Positive,0.05153844522380657,-0.16898441314697266,0.9309172241395697,False,support
16,text,5,6,"[7, 8, 9, 10, 11]",this is a terrible movie,17,41,verified,,,unresolved,Negative,Positive,0.22014551115071646,-0.27213573455810547,0.925479283785903,True,support
16,audio,1,0,[1],,,,not_applicable,,,unresolved,Negative,Positive,-0.0019109485297343909,0.022631406784057617,0.9300187125641389,True,oppose
16,audio,1,1,[2],,,,not_applicable,,,unresolved,Negative,Positive,-0.0003935919552287004,0.017840862274169922,0.9301144412766243,False,oppose
16,audio,1,2,[3],,,,not_applicable,,,unresolved,Negative,Positive,0.00030540416038293827,0.019248485565185547,0.9300415132012626,False,support
16,audio,1,3,[4],,,,not_applicable,,,unresolved,Negative,Positive,-0.0011120422580379596,0.020482778549194336,0.9299592799367233,False,oppose
16,audio,1,4,[5],,,,not_applicable,,,unresolved,Negative,Positive,0.0035004855468070417,0.01695847511291504,0.9300299661042835,False,support
16,audio,1,5,[6],,,,not_applicable,,,unresolved,Negative,Positive,0.00239719361951396,0.01524209976196289,0.9300413772222272,False,support
16,audio,1,6,[7],,,,not_applicable,,,unresolved,Negative,Positive,0.000707177438941109,0.014485359191894531,0.9301645074957179,False,support
16,audio,1,7,[8],,,,not_applicable,,,unresolved,Negative,Positive,-0.0015513667711988255,0.0234377384185791,0.9299474259826587,False,oppose
16,audio,1,8,[9],,,,not_applicable,,,unresolved,Negative,Positive,-0.003613530011309596,0.017006635665893555,0.9302040906900372,True,oppose
16,audio,1,9,[10],,,,not_applicable,,,unresolved,Negative,Positive,0.0012776765752335884,0.014645576477050781,0.9301697440022346,False,support
16,audio,1,10,[11],,,,not_applicable,,,unresolved,Negative,Positive,-0.01010818816329273,0.023213624954223633,0.9302338987475303,True,oppose
16,audio,3,0,"[1, 2, 3]",,,,not_applicable,,,unresolved,Negative,Positive,0.020005223141490003,0.04033541679382324,0.9276191158621789,False,support
16,audio,3,1,"[2, 3, 4]",,,,not_applicable,,,unresolved,Negative,Positive,0.020507594346653946,0.038753509521484375,0.9275656686537317,False,support
16,audio,3,2,"[3, 4, 5]",,,,not_applicable,,,unresolved,Negative,Positive,0.020062748425922372,0.04093194007873535,0.9277450280505734,False,support
16,audio,3,3,"[4, 5, 6]",,,,not_applicable,,,unresolved,Negative,Positive,0.018924725068343307,0.039867401123046875,0.9279297196357454,False,support
16,audio,3,4,"[5, 6, 7]",,,,not_applicable,,,unresolved,Negative,Positive,0.01702564225631642,0.037180423736572266,0.9283582295990088,False,support
16,audio,3,5,"[6, 7, 8]",,,,not_applicable,,,unresolved,Negative,Positive,0.013613480920256382,0.041812896728515625,0.9281816243724205,False,support
16,audio,3,6,"[7, 8, 9]",,,,not_applicable,,,unresolved,Negative,Positive,0.00914930757413046,0.0424957275390625,0.9282228220347626,False,support
16,audio,3,7,"[8, 9, 10]",,,,not_applicable,,,unresolved,Negative,Positive,0.010934595747730924,0.04219365119934082,0.9281295927090506,False,support
16,audio,3,8,"[9, 10, 11]",,,,not_applicable,,,unresolved,Negative,Positive,0.002361554936792576,0.04297375679016113,0.9284312150762939,False,support
16,audio,5,0,"[1, 2, 3, 4, 5]",,,,not_applicable,,,unresolved,Negative,Positive,0.05505014405633446,0.04840803146362305,0.9243381883378134,True,support
16,audio,5,1,"[2, 3, 4, 5, 6]",,,,not_applicable,,,unresolved,Negative,Positive,0.05256624428874268,0.04726982116699219,0.9247275373697107,False,support
16,audio,5,2,"[3, 4, 5, 6, 7]",,,,not_applicable,,,unresolved,Negative,Positive,0.047020723555869726,0.0490269660949707,0.9251780631584707,False,support
16,audio,5,3,"[4, 5, 6, 7, 8]",,,,not_applicable,,,unresolved,Negative,Positive,0.04363509741570892,0.05326700210571289,0.9251962213907617,True,support
16,audio,5,4,"[5, 6, 7, 8, 9]",,,,not_applicable,,,unresolved,Negative,Positive,0.03904012344089569,0.05226635932922363,0.9255244566406883,False,support
16,audio,5,5,"[6, 7, 8, 9, 10]",,,,not_applicable,,,unresolved,Negative,Positive,0.036906293231480536,0.05141639709472656,0.9255903234224746,False,support
16,audio,5,6,"[7, 8, 9, 10, 11]",,,,not_applicable,,,unresolved,Negative,Positive,0.028452433990389547,0.05640602111816406,0.9255506012217527,True,support
16,vision,1,0,[1],,,,not_applicable,,,unresolved,Negative,Positive,0.007357316315410145,-0.0014183521270751953,0.9301774216285,False,support
16,vision,1,1,[2],,,,not_applicable,,,unresolved,Negative,Positive,0.007156123575683626,-0.0017278194427490234,0.9301806773661517,False,support
16,vision,1,2,[3],,,,not_applicable,,,unresolved,Negative,Positive,0.006767767174751249,-0.00168609619140625,0.9301802534890405,False,support
16,vision,1,3,[4],,,,not_applicable,,,unresolved,Negative,Positive,0.006750027880385812,-0.0020699501037597656,0.9301906046133293,False,support
16,vision,1,4,[5],,,,not_applicable,,,unresolved,Negative,Positive,0.0061767284954448165,-0.0017657279968261719,0.9302978724425691,False,support
16,vision,1,5,[6],,,,not_applicable,,,unresolved,Negative,Positive,0.00630630929954723,-0.002429962158203125,0.9303262074216848,False,support
16,vision,1,6,[7],,,,not_applicable,,,unresolved,Negative,Positive,0.00431279828366149,-0.0008592605590820312,0.9303030992337038,False,support
16,vision,1,7,[8],,,,not_applicable,,,unresolved,Negative,Positive,0.004429323203070101,-0.0035552978515625,0.9303963975123644,False,support
16,vision,1,8,[9],,,,not_applicable,,,unresolved,Negative,Positive,0.0039512914944035415,-0.0036096572875976562,0.930360270994924,False,support
16,vision,1,9,[10],,,,not_applicable,,,unresolved,Negative,Positive,0.0029123603084704186,-0.0006802082061767578,0.9303312979232254,False,support
16,vision,1,10,[11],,,,not_applicable,,,unresolved,Negative,Positive,0.008188233777135512,-0.0011849403381347656,0.9302265910777038,False,support
16,vision,3,0,"[1, 2, 3]",,,,not_applicable,,,unresolved,Negative,Positive,0.030470533440502656,-0.012663841247558594,0.9287214035982965,False,support
16,vision,3,1,"[2, 3, 4]",,,,not_applicable,,,unresolved,Negative,Positive,0.029299946034643032,-0.013018608093261719,0.9287431598171463,False,support
16,vision,3,2,"[3, 4, 5]",,,,not_applicable,,,unresolved,Negative,Positive,0.026500892144665222,-0.011830329895019531,0.9289931948322487,False,support
16,vision,3,3,"[4, 5, 6]",,,,not_applicable,,,unresolved,Negative,Positive,0.024485186381563828,-0.011533498764038086,0.9292534148829082,False,support
16,vision,3,4,"[5, 6, 7]",,,,not_applicable,,,unresolved,Negative,Positive,0.021104344108486828,-0.009478569030761719,0.9294332712179113,False,support
16,vision,3,5,"[6, 7, 8]",,,,not_applicable,,,unresolved,Negative,Positive,0.01946329695805371,-0.011824846267700195,0.9295130989311093,False,support
16,vision,3,6,"[7, 8, 9]",,,,not_applicable,,,unresolved,Negative,Positive,0.018160569124496373,-0.014232158660888672,0.9294594637003211,False,support
16,vision,3,7,"[8, 9, 10]",,,,not_applicable,,,unresolved,Negative,Positive,0.01759241413344048,-0.014920234680175781,0.9294343178768508,False,support
16,vision,3,8,"[9, 10, 11]",,,,not_applicable,,,unresolved,Negative,Positive,0.021281985698924366,-0.012232780456542969,0.9292738907937504,False,support
16,vision,5,0,"[1, 2, 3, 4, 5]",,,,not_applicable,,,unresolved,Negative,Positive,0.06654524064129541,-0.03637218475341797,0.9264009918073984,True,support
16,vision,5,1,"[2, 3, 4, 5, 6]",,,,not_applicable,,,unresolved,Negative,Positive,0.059017797696088614,-0.03303170204162598,0.9269748236359188,False,support
16,vision,5,2,"[3, 4, 5, 6, 7]",,,,not_applicable,,,unresolved,Negative,Positive,0.052237461859550915,-0.029500722885131836,0.9273640227636054,False,support
16,vision,5,3,"[4, 5, 6, 7, 8]",,,,not_applicable,,,unresolved,Negative,Positive,0.0480157755128503,-0.030910968780517578,0.9277153548900854,True,support
16,vision,5,4,"[5, 6, 7, 8, 9]",,,,not_applicable,,,unresolved,Negative,Positive,0.04438990151006017,-0.032564401626586914,0.9279370806458674,False,support
16,vision,5,5,"[6, 7, 8, 9, 10]",,,,not_applicable,,,unresolved,Negative,Positive,0.04206034970912409,-0.03248476982116699,0.9278739144608841,False,support
16,vision,5,6,"[7, 8, 9, 10, 11]",,,,not_applicable,,,unresolved,Negative,Positive,0.04595904010317042,-0.03294825553894043,0.9276332647263187,True,support
17,text,1,0,[1],Applying,0,8,verified,,,unresolved,Positive,Neutral,0.0006150335353400926,-0.004165053367614746,0.8263201489002832,False,support
17,text,1,1,[2],these,9,14,verified,,,unresolved,Positive,Neutral,0.028549990871721498,0.021352410316467285,0.8235676026168618,False,support
17,text,1,2,[3],four,15,19,verified,,,unresolved,Positive,Neutral,-0.011703207181696929,-0.007524847984313965,0.8276587423780174,False,oppose
17,text,1,3,[4],design,20,26,verified,,,unresolved,Positive,Neutral,0.01849209456914247,0.01180565357208252,0.8242560324802926,False,support
17,text,1,4,[5],concepts,27,35,verified,,,unresolved,Positive,Neutral,0.02796749150020661,0.018190741539001465,0.8235508075739347,False,support
17,text,1,5,[6],to,36,38,verified,,,unresolved,Positive,Neutral,-0.03334155091741042,-0.022765278816223145,0.8302885809103479,True,oppose
17,text,1,6,[7],your,39,43,verified,,,unresolved,Positive,Neutral,0.18941519113375826,0.12586498260498047,0.8045084379892966,False,support
17,text,1,7,[8],presentations,44,57,verified,,,unresolved,Positive,Neutral,0.042120975578158415,0.026691555976867676,0.8218432106637937,False,support
17,text,1,8,[9],is,58,60,verified,,,unresolved,Positive,Neutral,0.0356050750131538,0.02450430393218994,0.8229320924749816,False,support
17,text,1,9,[10],simple,61,67,verified,,,unresolved,Positive,Neutral,0.06057249984984625,0.04198014736175537,0.8198104672381121,False,support
17,text,1,10,[11],",",67,68,verified,,,unresolved,Positive,Neutral,0.10325266960362955,0.06681931018829346,0.8149935098299721,False,support
17,text,1,11,[12],easy,69,73,verified,,,unresolved,Positive,Neutral,0.13556424216950225,0.08661973476409912,0.8087833497894183,False,support
17,text,1,12,[13],and,74,77,verified,,,unresolved,Positive,Neutral,0.2586981027416244,0.16253149509429932,0.7946375062809754,False,support
17,text,1,13,[14],will,78,82,verified,,,unresolved,Positive,Neutral,0.030143271158411977,0.017732977867126465,0.8235706200869519,False,support
17,text,1,14,[15],make,83,87,verified,,,unresolved,Positive,Neutral,0.04261153661499795,0.02728879451751709,0.8220529862218182,False,support
17,text,1,15,[16],people,88,94,verified,,,unresolved,Positive,Neutral,-0.01628803330712536,-0.014082670211791992,0.8292802177436246,False,oppose
17,text,1,16,[17],think,95,100,verified,,,unresolved,Positive,Neutral,0.015886874450610655,0.009805083274841309,0.8252543929271667,False,support
17,text,1,17,[18],you,101,104,verified,,,unresolved,Positive,Neutral,0.05804203639803651,0.03706037998199463,0.8206914825517029,False,support
17,text,1,18,[19],turned,105,111,verified,,,unresolved,Positive,Neutral,0.01762125680829474,0.007434248924255371,0.8245163909700646,False,support
17,text,1,19,[20],into,112,116,verified,,,unresolved,Positive,Neutral,0.11247522112400721,0.0729912519454956,0.8135245308133577,False,support
17,text,1,20,[21],a,117,118,verified,,,unresolved,Positive,Neutral,0.001180326378196206,-0.00026810169219970703,0.8267381341236745,False,support
17,text,1,21,[22],design,119,125,verified,,,unresolved,Positive,Neutral,-0.025271753812978748,-0.01894557476043701,0.8292693142731237,True,oppose
17,text,1,22,[23],guru,126,130,verified,,,unresolved,Positive,Neutral,0.17807061217077358,0.11469721794128418,0.8053167672043363,False,support
17,text,1,23,[24],.,130,131,verified,,,unresolved,Positive,Neutral,0.007494708770553693,0.0058890581130981445,0.8261472907795684,False,support
17,text,3,0,"[1, 2, 3]",Applying these four,0,19,verified,,,unresolved,Positive,Neutral,0.034931998056990654,0.02298450469970703,0.8215353494978065,False,support
17,text,3,1,"[2, 3, 4]",these four design,9,26,verified,,,unresolved,Positive,Neutral,0.036106771578025665,0.023566365242004395,0.8209154788806154,False,support
17,text,3,2,"[3, 4, 5]",four design concepts,15,35,verified,,,unresolved,Positive,Neutral,0.04034510542087122,0.02634716033935547,0.8197992749054523,False,support
17,text,3,3,"[4, 5, 6]",design concepts to,20,38,verified,,,unresolved,Positive,Neutral,0.04661346316336368,0.03123319149017334,0.8198799558013533,False,support
17,text,3,4,"[5, 6, 7]",concepts to your,27,43,verified,,,unresolved,Positive,Neutral,0.19769483768137253,0.13218939304351807,0.8025889055209066,False,support
17,text,3,5,"[6, 7, 8]",to your presentations,36,57,verified,,,unresolved,Positive,Neutral,0.17545699293881079,0.11403417587280273,0.8045856879323883,False,support
17,text,3,6,"[7, 8, 9]",your presentations is,39,60,verified,,,unresolved,Positive,Neutral,0.20151818131728017,0.13025271892547607,0.8013033754275981,False,support
17,text,3,7,"[8, 9, 10]",presentations is simple,44,67,verified,,,unresolved,Positive,Neutral,0.10794798533581695,0.07271015644073486,0.8126269608547965,False,support
17,text,3,8,"[9, 10, 11]","is simple,",58,68,verified,,,unresolved,Positive,Neutral,0.23633292615068346,0.15514981746673584,0.7977722212482088,False,support
17,text,3,9,"[10, 11, 12]","simple, easy",61,73,verified,,,unresolved,Positive,Neutral,0.12237257981015892,0.08472418785095215,0.8101876793432027,False,support
17,text,3,10,"[11, 12, 13]",", easy and",67,77,verified,,,unresolved,Positive,Neutral,0.2815586652867019,0.17428326606750488,0.7888820442919061,False,support
17,text,3,11,"[12, 13, 14]",easy and will,69,82,verified,,,unresolved,Positive,Neutral,0.45573250924063613,0.2705584168434143,0.7633212031924426,False,support
17,text,3,12,"[13, 14, 15]",and will make,74,87,verified,,,unresolved,Positive,Neutral,0.31015395181149596,0.1933826208114624,0.7875053324871825,False,support
17,text,3,13,"[14, 15, 16]",will make people,78,94,verified,,,unresolved,Positive,Neutral,0.09929045143162174,0.06212174892425537,0.815509102645089,False,support
17,text,3,14,"[15, 16, 17]",make people think,83,100,verified,,,unresolved,Positive,Neutral,0.0836951108970112,0.05186867713928223,0.8171541612981876,False,support
17,text,3,15,"[16, 17, 18]",people think you,88,104,verified,,,unresolved,Positive,Neutral,-0.036711879545695325,-0.03000938892364502,0.8303364873511427,True,oppose
17,text,3,16,"[17, 18, 19]",think you turned,95,111,verified,,,unresolved,Positive,Neutral,0.04848010130021185,0.028350234031677246,0.8203764245203572,False,support
17,text,3,17,"[18, 19, 20]",you turned into,101,116,verified,,,unresolved,Positive,Neutral,0.16956799982349335,0.10548126697540283,0.8062255640051578,False,support
17,text,3,18,"[19, 20, 21]",turned into a,105,118,verified,,,unresolved,Positive,Neutral,0.09715733480379418,0.058827757835388184,0.8147710253694331,False,support
17,text,3,19,"[20, 21, 22]",into a design,112,125,verified,,,unresolved,Positive,Neutral,0.13751547608412706,0.0895538330078125,0.8100455167562118,False,support
17,text,3,20,"[21, 22, 23]",a design guru,117,130,verified,,,unresolved,Positive,Neutral,0.11417597609001118,0.07161056995391846,0.8116711538175256,False,support
17,text,3,21,"[22, 23, 24]",design guru.,119,131,verified,,,unresolved,Positive,Neutral,0.166731261927064,0.10503280162811279,0.8044379675959137,False,support
17,text,5,0,"[1, 2, 3, 4, 5]",Applying these four design concepts,0,35,verified,,,unresolved,Positive,Neutral,0.0652659194733527,0.04635143280029297,0.8157763730317252,False,support
17,text,5,1,"[2, 3, 4, 5, 6]",these four design concepts to,9,38,verified,,,unresolved,Positive,Neutral,0.05601504725470985,0.036768317222595215,0.8166782529428226,False,support
17,text,5,2,"[3, 4, 5, 6, 7]",four design concepts to your,15,43,verified,,,unresolved,Positive,Neutral,0.17794443549915484,0.11423182487487793,0.8027210517968362,False,support
17,text,5,3,"[4, 5, 6, 7, 8]",design concepts to your presentations,20,57,verified,,,unresolved,Positive,Neutral,0.2938351091721687,0.1797884702682495,0.7862283414690162,False,support
17,text,5,4,"[5, 6, 7, 8, 9]",concepts to your presentations is,27,60,verified,,,unresolved,Positive,Neutral,0.22898050138495485,0.1413259506225586,0.7958950669792895,False,support
17,text,5,5,"[6, 7, 8, 9, 10]",to your presentations is simple,36,67,verified,,,unresolved,Positive,Neutral,0.28565444959165154,0.1810833215713501,0.7882943978712452,False,support
17,text,5,6,"[7, 8, 9, 10, 11]","your presentations is simple,",39,68,verified,,,unresolved,Positive,Neutral,0.4571941853996564,0.2820771336555481,0.7644154384080413,True,support
17,text,5,7,"[8, 9, 10, 11, 12]","presentations is simple, easy",44,73,verified,,,unresolved,Positive,Neutral,0.25201550422601326,0.16442668437957764,0.7936432419457035,False,support
17,text,5,8,"[9, 10, 11, 12, 13]","is simple, easy and",58,77,verified,,,unresolved,Positive,Neutral,0.25771898194114473,0.16529476642608643,0.7896782748209614,False,support
17,text,5,9,"[10, 11, 12, 13, 14]","simple, easy and will",61,82,verified,,,unresolved,Positive,Neutral,0.5002653508152035,0.30111825466156006,0.7547940489297496,True,support
17,text,5,10,"[11, 12, 13, 14, 15]",", easy and will make",67,87,verified,,,unresolved,Positive,Neutral,0.3212479704631166,0.1954411268234253,0.7829921983559046,False,support
17,text,5,11,"[12, 13, 14, 15, 16]",easy and will make people,69,94,verified,,,unresolved,Positive,Neutral,0.46690571031701067,0.2759438753128052,0.762452702705572,False,support
17,text,5,12,"[13, 14, 15, 16, 17]",and will make people think,74,100,verified,,,unresolved,Positive,Neutral,0.2949949727874426,0.17816627025604248,0.7896979561815974,False,support
17,text,5,13,"[14, 15, 16, 17, 18]",will make people think you,78,104,verified,,,unresolved,Positive,Neutral,0.12436319447926447,0.07704567909240723,0.8115091673452713,False,support
17,text,5,14,"[15, 16, 17, 18, 19]",make people think you turned,83,111,verified,,,unresolved,Positive,Neutral,0.1917707322656419,0.11777651309967041,0.8026882150157717,False,support
17,text,5,15,"[16, 17, 18, 19, 20]",people think you turned into,88,116,verified,,,unresolved,Positive,Neutral,0.06697345457861048,0.03856611251831055,0.8174733834521021,False,support
17,text,5,16,"[17, 18, 19, 20, 21]",think you turned into a,95,118,verified,,,unresolved,Positive,Neutral,0.13522582673718442,0.08367764949798584,0.8092574146861564,False,support
17,text,5,17,"[18, 19, 20, 21, 22]",you turned into a design,101,125,verified,,,unresolved,Positive,Neutral,0.22287917173262883,0.13664305210113525,0.7981737866450722,False,support
17,text,5,18,"[19, 20, 21, 22, 23]",turned into a design guru,105,130,verified,,,unresolved,Positive,Neutral,0.2270592297880898,0.13960683345794678,0.7968263733969023,False,support
17,text,5,19,"[20, 21, 22, 23, 24]",into a design guru.,112,131,verified,,,unresolved,Positive,Neutral,0.3511648201059754,0.21770727634429932,0.7799334611492763,True,support
17,audio,1,0,[1],,,,not_applicable,,,unresolved,Positive,Neutral,-0.01850123941666615,-0.012118339538574219,0.8291885460482216,False,oppose
17,audio,1,1,[2],,,,not_applicable,,,unresolved,Positive,Neutral,-0.013007119461956318,-0.0073441267013549805,0.828732931169824,False,oppose
17,audio,1,2,[3],,,,not_applicable,,,unresolved,Positive,Neutral,-0.00963193039346466,-0.007326006889343262,0.8282758442341192,False,oppose
17,audio,1,3,[4],,,,not_applicable,,,unresolved,Positive,Neutral,-0.011692328100500582,-0.007538557052612305,0.8284950980558972,False,oppose
17,audio,1,4,[5],,,,not_applicable,,,unresolved,Positive,Neutral,-0.015981486659816913,-0.007942557334899902,0.8289464980411373,False,oppose
17,audio,1,5,[6],,,,not_applicable,,,unresolved,Positive,Neutral,-0.01850575712024005,-0.011629581451416016,0.8291923603686476,False,oppose
17,audio,1,6,[7],,,,not_applicable,,,unresolved,Positive,Neutral,-0.028920800955869463,-0.018076300621032715,0.8301463673302069,False,oppose
17,audio,1,7,[8],,,,not_applicable,,,unresolved,Positive,Neutral,-0.026266390548140173,-0.016672968864440918,0.8298788649341828,False,oppose
17,audio,1,8,[9],,,,not_applicable,,,unresolved,Positive,Neutral,-0.037435092319313856,-0.023279786109924316,0.8312038757235911,False,oppose
17,audio,1,9,[10],,,,not_applicable,,,unresolved,Positive,Neutral,-0.0342859334908594,-0.02218925952911377,0.8308490253719888,False,oppose
17,audio,1,10,[11],,,,not_applicable,,,unresolved,Positive,Neutral,-0.03168625224594379,-0.020758509635925293,0.8305141565152,False,oppose
17,audio,1,11,[12],,,,not_applicable,,,unresolved,Positive,Neutral,-0.02793943522375697,-0.018747687339782715,0.8301267304366693,False,oppose
17,audio,1,12,[13],,,,not_applicable,,,unresolved,Positive,Neutral,-0.029722120796656704,-0.019440293312072754,0.8302347409266201,False,oppose
17,audio,1,13,[14],,,,not_applicable,,,unresolved,Positive,Neutral,-0.030895120869727233,-0.019177675247192383,0.8304720479149162,False,oppose
17,audio,1,14,[15],,,,not_applicable,,,unresolved,Positive,Neutral,-0.023478798784306143,-0.013653039932250977,0.8298526727316613,False,oppose
17,audio,1,15,[16],,,,not_applicable,,,unresolved,Positive,Neutral,-0.02013976351711566,-0.010546326637268066,0.8292157824271884,False,oppose
17,audio,1,16,[17],,,,not_applicable,,,unresolved,Positive,Neutral,-0.011821115448187314,-0.0061522722244262695,0.8283162551951958,False,oppose
17,audio,1,17,[18],,,,not_applicable,,,unresolved,Positive,Neutral,-0.01618491294472113,-0.009523987770080566,0.8287508516233231,False,oppose
17,audio,1,18,[19],,,,not_applicable,,,unresolved,Positive,Neutral,-0.018801126248925826,-0.012059807777404785,0.8291599245041077,False,oppose
17,audio,1,19,[20],,,,not_applicable,,,unresolved,Positive,Neutral,-0.014844599663011326,-0.009683489799499512,0.8288063596767037,False,oppose
17,audio,1,20,[21],,,,not_applicable,,,unresolved,Positive,Neutral,-0.03146651197665484,-0.020729422569274902,0.8305446754827325,False,oppose
17,audio,1,21,[22],,,,not_applicable,,,unresolved,Positive,Neutral,-0.022327317182295747,-0.014825940132141113,0.8295643035525578,False,oppose
17,audio,1,22,[23],,,,not_applicable,,,unresolved,Positive,Neutral,-0.02214352287804955,-0.01378321647644043,0.8295573123198862,False,oppose
17,audio,1,23,[24],,,,not_applicable,,,unresolved,Positive,Neutral,-0.017057174345924242,-0.01191568374633789,0.8288179164170918,False,oppose
17,audio,3,0,"[1, 2, 3]",,,,not_applicable,,,unresolved,Positive,Neutral,-0.03946700433548145,-0.02631080150604248,0.8317417646361684,False,oppose
17,audio,3,1,"[2, 3, 4]",,,,not_applicable,,,unresolved,Positive,Neutral,-0.03249158602366231,-0.02170693874359131,0.8310544954865583,False,oppose
17,audio,3,2,"[3, 4, 5]",,,,not_applicable,,,unresolved,Positive,Neutral,-0.0352781158991724,-0.022144079208374023,0.8312489250766242,False,oppose
17,audio,3,3,"[4, 5, 6]",,,,not_applicable,,,unresolved,Positive,Neutral,-0.04420560732712486,-0.0263521671295166,0.8321550986937787,False,oppose
17,audio,3,4,"[5, 6, 7]",,,,not_applicable,,,unresolved,Positive,Neutral,-0.06106006942449449,-0.03666532039642334,0.8337022763364518,False,oppose
17,audio,3,5,"[6, 7, 8]",,,,not_applicable,,,unresolved,Positive,Neutral,-0.07112296627570425,-0.04529702663421631,0.8345597440179844,False,oppose
17,audio,3,6,"[7, 8, 9]",,,,not_applicable,,,unresolved,Positive,Neutral,-0.08840696219128175,-0.05605423450469971,0.8362692856183235,False,oppose
17,audio,3,7,"[8, 9, 10]",,,,not_applicable,,,unresolved,Positive,Neutral,-0.09373734930007682,-0.06017935276031494,0.8369290705452278,False,oppose
17,audio,3,8,"[9, 10, 11]",,,,not_applicable,,,unresolved,Positive,Neutral,-0.0985658641692746,-0.06395220756530762,0.8374520706106713,False,oppose
17,audio,3,9,"[10, 11, 12]",,,,not_applicable,,,unresolved,Positive,Neutral,-0.09001933382971261,-0.05988156795501709,0.8365414368162617,False,oppose
17,audio,3,10,"[11, 12, 13]",,,,not_applicable,,,unresolved,Positive,Neutral,-0.08541983336857628,-0.05701637268066406,0.8359527680526653,False,oppose
17,audio,3,11,"[12, 13, 14]",,,,not_applicable,,,unresolved,Positive,Neutral,-0.083555334223266,-0.05473661422729492,0.8358041843128121,False,oppose
17,audio,3,12,"[13, 14, 15]",,,,not_applicable,,,unresolved,Positive,Neutral,-0.07949728756077556,-0.05003917217254639,0.8356131597758624,False,oppose
17,audio,3,13,"[14, 15, 16]",,,,not_applicable,,,unresolved,Positive,Neutral,-0.07088867255950992,-0.041759610176086426,0.8347527506424858,False,oppose
17,audio,3,14,"[15, 16, 17]",,,,not_applicable,,,unresolved,Positive,Neutral,-0.053490487629355155,-0.02957737445831299,0.8328628148258443,False,oppose
17,audio,3,15,"[16, 17, 18]",,,,not_applicable,,,unresolved,Positive,Neutral,-0.04596962401800653,-0.025166988372802734,0.8317500836379391,False,oppose
17,audio,3,16,"[17, 18, 19]",,,,not_applicable,,,unresolved,Positive,Neutral,-0.04463022362528957,-0.026708483695983887,0.8316970791177013,False,oppose
17,audio,3,17,"[18, 19, 20]",,,,not_applicable,,,unresolved,Positive,Neutral,-0.047351980299152885,-0.03017902374267578,0.8321457310542676,False,oppose
17,audio,3,18,"[19, 20, 21]",,,,not_applicable,,,unresolved,Positive,Neutral,-0.06196893991617847,-0.04117560386657715,0.8338126839905875,False,oppose
17,audio,3,19,"[20, 21, 22]",,,,not_applicable,,,unresolved,Positive,Neutral,-0.06559062630221746,-0.043926239013671875,0.834210135302605,False,oppose
17,audio,3,20,"[21, 22, 23]",,,,not_applicable,,,unresolved,Positive,Neutral,-0.07229441899638456,-0.04768335819244385,0.8348483814004894,False,oppose
17,audio,3,21,"[22, 23, 24]",,,,not_applicable,,,unresolved,Positive,Neutral,-0.05943351079485515,-0.039550185203552246,0.833361698211677,False,oppose
17,audio,5,0,"[1, 2, 3, 4, 5]",,,,not_applicable,,,unresolved,Positive,Neutral,-0.06241949542146008,-0.04006373882293701,0.8342274241093932,False,oppose
17,audio,5,1,"[2, 3, 4, 5, 6]",,,,not_applicable,,,unresolved,Positive,Neutral,-0.06268734526204467,-0.03963816165924072,0.8343044242997595,False,oppose
17,audio,5,2,"[3, 4, 5, 6, 7]",,,,not_applicable,,,unresolved,Positive,Neutral,-0.0773015388832623,-0.049654603004455566,0.8355009748020397,False,oppose
17,audio,5,3,"[4, 5, 6, 7, 8]",,,,not_applicable,,,unresolved,Positive,Neutral,-0.09328011320852037,-0.058458924293518066,0.8369161427622458,False,oppose
17,audio,5,4,"[5, 6, 7, 8, 9]",,,,not_applicable,,,unresolved,Positive,Neutral,-0.11691786560039219,-0.07296395301818848,0.8391444313958475,False,oppose
17,audio,5,5,"[6, 7, 8, 9, 10]",,,,not_applicable,,,unresolved,Positive,Neutral,-0.13350127275539236,-0.08630502223968506,0.8406427994045446,True,oppose
17,audio,5,6,"[7, 8, 9, 10, 11]",,,,not_applicable,,,unresolved,Positive,Neutral,-0.14498584080901367,-0.09439253807067871,0.8415878121807021,False,oppose
17,audio,5,7,"[8, 9, 10, 11, 12]",,,,not_applicable,,,unresolved,Positive,Neutral,-0.14425399083289214,-0.09517943859100342,0.8415985354314152,False,oppose
17,audio,5,8,"[9, 10, 11, 12, 13]",,,,not_applicable,,,unresolved,Positive,Neutral,-0.14561094053096513,-0.0966101884841919,0.8416840433849825,True,oppose
17,audio,5,9,"[10, 11, 12, 13, 14]",,,,not_applicable,,,unresolved,Positive,Neutral,-0.13975240989240723,-0.09270250797271729,0.8411125455666101,False,oppose
17,audio,5,10,"[11, 12, 13, 14, 15]",,,,not_applicable,,,unresolved,Positive,Neutral,-0.1300857336560317,-0.08501744270324707,0.8403841581540684,False,oppose
17,audio,5,11,"[12, 13, 14, 15, 16]",,,,not_applicable,,,unresolved,Positive,Neutral,-0.11899951178109491,-0.0750190019607544,0.839270400108066,True,oppose
17,audio,5,12,"[13, 14, 15, 16, 17]",,,,not_applicable,,,unresolved,Positive,Neutral,-0.10545642506248054,-0.06383717060089111,0.8379073711345085,False,oppose
17,audio,5,13,"[14, 15, 16, 17, 18]",,,,not_applicable,,,unresolved,Positive,Neutral,-0.09316078902876823,-0.05473482608795166,0.8366552724211779,False,oppose
17,audio,5,14,"[15, 16, 17, 18, 19]",,,,not_applicable,,,unresolved,Positive,Neutral,-0.08267316230120425,-0.04850566387176514,0.8355962517647368,False,oppose
17,audio,5,15,"[16, 17, 18, 19, 20]",,,,not_applicable,,,unresolved,Positive,Neutral,-0.07444353424115357,-0.04450953006744385,0.834652812639998,False,oppose
17,audio,5,16,"[17, 18, 19, 20, 21]",,,,not_applicable,,,unresolved,Positive,Neutral,-0.08414259666878854,-0.05410921573638916,0.8357163214024466,False,oppose
17,audio,5,17,"[18, 19, 20, 21, 22]",,,,not_applicable,,,unresolved,Positive,Neutral,-0.09369763156806332,-0.06238853931427002,0.8367737618736373,False,oppose
17,audio,5,18,"[19, 20, 21, 22, 23]",,,,not_applicable,,,unresolved,Positive,Neutral,-0.09942958436231342,-0.06649923324584961,0.8375094526259346,False,oppose
17,audio,5,19,"[20, 21, 22, 23, 24]",,,,not_applicable,,,unresolved,Positive,Neutral,-0.09874546384691607,-0.06665337085723877,0.8372964476351471,False,oppose
17,vision,1,0,[1],,,,not_applicable,,,unresolved,Positive,Neutral,-0.017606674251723575,-0.011399388313293457,0.8293814065360553,False,oppose
17,vision,1,1,[2],,,,not_applicable,,,unresolved,Positive,Neutral,-0.012833857091347323,-0.008137941360473633,0.8287416869238816,False,oppose
17,vision,1,2,[3],,,,not_applicable,,,unresolved,Positive,Neutral,-0.005103812257845952,-0.003715038299560547,0.8279251311320253,False,oppose
17,vision,1,3,[4],,,,not_applicable,,,unresolved,Positive,Neutral,-0.007061698062956978,-0.0035921335220336914,0.8281651422141447,False,oppose
17,vision,1,4,[5],,,,not_applicable,,,unresolved,Positive,Neutral,-0.004575790211904351,-0.0022143125534057617,0.8279004435610277,False,oppose
17,vision,1,5,[6],,,,not_applicable,,,unresolved,Positive,Neutral,-0.006103541994000317,-0.00356900691986084,0.8280872187288749,False,oppose
17,vision,1,6,[7],,,,not_applicable,,,unresolved,Positive,Neutral,-0.007111198279594166,-0.0028322935104370117,0.8282333128820578,False,oppose
17,vision,1,7,[8],,,,not_applicable,,,unresolved,Positive,Neutral,-0.0013210289614034032,-0.0001188516616821289,0.8276172244199357,False,oppose
17,vision,1,8,[9],,,,not_applicable,,,unresolved,Positive,Neutral,-0.012166310236517486,-0.007150769233703613,0.8287995268449525,False,oppose
17,vision,1,9,[10],,,,not_applicable,,,unresolved,Positive,Neutral,-0.010908840279995946,-0.0059882402420043945,0.8286965971621489,False,oppose
17,vision,1,10,[11],,,,not_applicable,,,unresolved,Positive,Neutral,-0.011899355177735327,-0.006850719451904297,0.8287639443274205,False,oppose
17,vision,1,11,[12],,,,not_applicable,,,unresolved,Positive,Neutral,-0.01306124801547126,-0.0082777738571167,0.8287773097667913,False,oppose
17,vision,1,12,[13],,,,not_applicable,,,unresolved,Positive,Neutral,-0.014705425955024776,-0.00919640064239502,0.8289381463693352,False,oppose
17,vision,1,13,[14],,,,not_applicable,,,unresolved,Positive,Neutral,-0.012903833168724343,-0.008076310157775879,0.8287589989219464,False,oppose
17,vision,1,14,[15],,,,not_applicable,,,unresolved,Positive,Neutral,-0.01802046926812917,-0.011766791343688965,0.8293234401144579,False,oppose
17,vision,1,15,[16],,,,not_applicable,,,unresolved,Positive,Neutral,-0.0169850426785092,-0.011368393898010254,0.8292220494823552,False,oppose
17,vision,1,16,[17],,,,not_applicable,,,unresolved,Positive,Neutral,-0.017196947761109804,-0.011169075965881348,0.8292914181287955,False,oppose
17,vision,1,17,[18],,,,not_applicable,,,unresolved,Positive,Neutral,-0.01724447382457006,-0.01188206672668457,0.8292999889592116,False,oppose
17,vision,1,18,[19],,,,not_applicable,,,unresolved,Positive,Neutral,-0.0108977440180964,-0.007509589195251465,0.8286833112899007,False,oppose
17,vision,1,19,[20],,,,not_applicable,,,unresolved,Positive,Neutral,-0.010928653044011583,-0.006250619888305664,0.828686769642222,False,oppose
17,vision,1,20,[21],,,,not_applicable,,,unresolved,Positive,Neutral,-0.012639541346181282,-0.007013797760009766,0.8289890603316196,False,oppose
17,vision,1,21,[22],,,,not_applicable,,,unresolved,Positive,Neutral,-0.013113172761654024,-0.007956385612487793,0.8288676482120337,False,oppose
17,vision,1,22,[23],,,,not_applicable,,,unresolved,Positive,Neutral,-0.013323956525813418,-0.007610797882080078,0.8289391001945584,False,oppose
17,vision,1,23,[24],,,,not_applicable,,,unresolved,Positive,Neutral,-0.013277150624626977,-0.007455945014953613,0.8289061941634928,False,oppose
17,vision,3,0,"[1, 2, 3]",,,,not_applicable,,,unresolved,Positive,Neutral,-0.03434846048944795,-0.022591114044189453,0.831733256764948,False,oppose
17,vision,3,1,"[2, 3, 4]",,,,not_applicable,,,unresolved,Positive,Neutral,-0.023768254331844485,-0.014684319496154785,0.8305361691426292,False,oppose
17,vision,3,2,"[3, 4, 5]",,,,not_applicable,,,unresolved,Positive,Neutral,-0.015481310664000159,-0.008717894554138184,0.8296933723012186,False,oppose
17,vision,3,3,"[4, 5, 6]",,,,not_applicable,,,unresolved,Positive,Neutral,-0.016607865002893796,-0.008627533912658691,0.8298669059435526,False,oppose
17,vision,3,4,"[5, 6, 7]",,,,not_applicable,,,unresolved,Positive,Neutral,-0.016770866537267004,-0.007909893989562988,0.8299412138328266,False,oppose
17,vision,3,5,"[6, 7, 8]",,,,not_applicable,,,unresolved,Positive,Neutral,-0.013691619893403395,-0.005853056907653809,0.8296784803300672,False,oppose
17,vision,3,6,"[7, 8, 9]",,,,not_applicable,,,unresolved,Positive,Neutral,-0.019402666925890433,-0.009245753288269043,0.8303439550930912,False,oppose
17,vision,3,7,"[8, 9, 10]",,,,not_applicable,,,unresolved,Positive,Neutral,-0.023299327073337928,-0.012512803077697754,0.830810121472843,False,oppose
17,vision,3,8,"[9, 10, 11]",,,,not_applicable,,,unresolved,Positive,Neutral,-0.0335436967356082,-0.019148707389831543,0.8318992539890274,False,oppose
17,vision,3,9,"[10, 11, 12]",,,,not_applicable,,,unresolved,Positive,Neutral,-0.03474594229045058,-0.02042865753173828,0.8319175886690325,False,oppose
17,vision,3,10,"[11, 12, 13]",,,,not_applicable,,,unresolved,Positive,Neutral,-0.038502180019027055,-0.023662447929382324,0.8321575733526886,False,oppose
17,vision,3,11,"[12, 13, 14]",,,,not_applicable,,,unresolved,Positive,Neutral,-0.039169076805066094,-0.02469813823699951,0.8321192247033047,False,oppose
17,vision,3,12,"[13, 14, 15]",,,,not_applicable,,,unresolved,Positive,Neutral,-0.043824140579590054,-0.028107523918151855,0.8326217861367167,False,oppose
17,vision,3,13,"[14, 15, 16]",,,,not_applicable,,,unresolved,Positive,Neutral,-0.04613812129401884,-0.030329346656799316,0.8329015287152193,False,oppose
17,vision,3,14,"[15, 16, 17]",,,,not_applicable,,,unresolved,Positive,Neutral,-0.05067899299273604,-0.033713340759277344,0.8334432113517718,False,oppose
17,vision,3,15,"[16, 17, 18]",,,,not_applicable,,,unresolved,Positive,Neutral,-0.05001805221592015,-0.03391826152801514,0.8334375174388371,False,oppose
17,vision,3,16,"[17, 18, 19]",,,,not_applicable,,,unresolved,Positive,Neutral,-0.043935198341940485,-0.02989482879638672,0.8329171220472192,False,oppose
17,vision,3,17,"[18, 19, 20]",,,,not_applicable,,,unresolved,Positive,Neutral,-0.03736378171449717,-0.02462899684906006,0.8322833989565588,False,oppose
17,vision,3,18,"[19, 20, 21]",,,,not_applicable,,,unresolved,Positive,Neutral,-0.03298666025571784,-0.019813060760498047,0.8319827711945572,False,oppose
17,vision,3,19,"[20, 21, 22]",,,,not_applicable,,,unresolved,Positive,Neutral,-0.03508136445968946,-0.020244240760803223,0.8321572411842945,False,oppose
17,vision,3,20,"[21, 22, 23]",,,,not_applicable,,,unresolved,Positive,Neutral,-0.03743233059758033,-0.02160048484802246,0.8324044441371438,False,oppose
17,vision,3,21,"[22, 23, 24]",,,,not_applicable,,,unresolved,Positive,Neutral,-0.03817645868634134,-0.02214491367340088,0.8323393326387523,False,oppose
17,vision,5,0,"[1, 2, 3, 4, 5]",,,,not_applicable,,,unresolved,Positive,Neutral,-0.043129656785442005,-0.026737093925476074,0.8332730587956232,False,oppose
17,vision,5,1,"[2, 3, 4, 5, 6]",,,,not_applicable,,,unresolved,Positive,Neutral,-0.03231028170264505,-0.01916825771331787,0.8320874736631321,False,oppose
17,vision,5,2,"[3, 4, 5, 6, 7]",,,,not_applicable,,,unresolved,Positive,Neutral,-0.0263321551649236,-0.01353001594543457,0.8315456451791297,False,oppose
17,vision,5,3,"[4, 5, 6, 7, 8]",,,,not_applicable,,,unresolved,Positive,Neutral,-0.022643900538358075,-0.009907126426696777,0.8312416387312243,False,oppose
17,vision,5,4,"[5, 6, 7, 8, 9]",,,,not_applicable,,,unresolved,Positive,Neutral,-0.027800233335312452,-0.013568282127380371,0.8318630023978963,False,oppose
17,vision,5,5,"[6, 7, 8, 9, 10]",,,,not_applicable,,,unresolved,Positive,Neutral,-0.0341224452393023,-0.017276287078857422,0.8326368856629799,False,oppose
17,vision,5,6,"[7, 8, 9, 10, 11]",,,,not_applicable,,,unresolved,Positive,Neutral,-0.03962401690108752,-0.02044069766998291,0.8332561613278126,False,oppose
17,vision,5,7,"[8, 9, 10, 11, 12]",,,,not_applicable,,,unresolved,Positive,Neutral,-0.04578988088438418,-0.026132941246032715,0.8338196905799113,False,oppose
17,vision,5,8,"[9, 10, 11, 12, 13]",,,,not_applicable,,,unresolved,Positive,Neutral,-0.0582534971925206,-0.03490555286407471,0.8350048736522196,False,oppose
17,vision,5,9,"[10, 11, 12, 13, 14]",,,,not_applicable,,,unresolved,Positive,Neutral,-0.059078507123563995,-0.035868287086486816,0.8349870513461533,False,oppose
17,vision,5,10,"[11, 12, 13, 14, 15]",,,,not_applicable,,,unresolved,Positive,Neutral,-0.06572202056310283,-0.04159986972808838,0.8355487258418421,True,oppose
17,vision,5,11,"[12, 13, 14, 15, 16]",,,,not_applicable,,,unresolved,Positive,Neutral,-0.0705546247448785,-0.04611790180206299,0.8359612258811752,False,oppose
17,vision,5,12,"[13, 14, 15, 16, 17]",,,,not_applicable,,,unresolved,Positive,Neutral,-0.07483405450208114,-0.04936254024505615,0.8364705650098482,False,oppose
17,vision,5,13,"[14, 15, 16, 17, 18]",,,,not_applicable,,,unresolved,Positive,Neutral,-0.07708576790298372,-0.0520550012588501,0.836794086878668,True,oppose
17,vision,5,14,"[15, 16, 17, 18, 19]",,,,not_applicable,,,unresolved,Positive,Neutral,-0.07519855975640066,-0.05140864849090576,0.8367294744544328,False,oppose
17,vision,5,15,"[16, 17, 18, 19, 20]",,,,not_applicable,,,unresolved,Positive,Neutral,-0.06820528200875353,-0.04563009738922119,0.8361243071433133,False,oppose
17,vision,5,16,"[17, 18, 19, 20, 21]",,,,not_applicable,,,unresolved,Positive,Neutral,-0.06370013993213375,-0.040995121002197266,0.835873721657025,True,oppose
17,vision,5,17,"[18, 19, 20, 21, 22]",,,,not_applicable,,,unresolved,Positive,Neutral,-0.059356294121867936,-0.037413716316223145,0.8354248771941273,False,oppose
17,vision,5,18,"[19, 20, 21, 22, 23]",,,,not_applicable,,,unresolved,Positive,Neutral,-0.055840970640785415,-0.0332944393157959,0.8350895174439488,False,oppose
17,vision,5,19,"[20, 21, 22, 23, 24]",,,,not_applicable,,,unresolved,Positive,Neutral,-0.05806089907100498,-0.03330719470977783,0.8352952290713831,False,oppose
18,text,1,0,[1],-,0,1,verified,,,unresolved,Negative,Neutral,0.06780363986746374,-0.015681788325309753,0.5471170620897898,False,support
18,text,1,1,[2],And,1,4,verified,,,unresolved,Negative,Neutral,0.04996805657105052,-0.010855987668037415,0.5502621515456678,False,support
18,text,1,2,[3],in,5,7,verified,,,unresolved,Negative,Neutral,-0.030589652723216898,0.004039309918880463,0.567244304815124,False,oppose
18,text,1,3,[4],Denmark,8,15,verified,,,unresolved,Negative,Neutral,-0.04632711021690594,0.005897454917430878,0.5694500465372868,False,oppose
18,text,1,4,[5],-,16,17,verified,,,unresolved,Negative,Neutral,-0.04169675976509757,0.010731533169746399,0.5710651242357546,False,oppose
18,text,1,5,[6],the,18,21,verified,,,unresolved,Negative,Neutral,0.02677944498052598,-0.0057436078786849976,0.5560142330195469,False,support
18,text,1,6,[7],first,22,27,verified,,,unresolved,Negative,Neutral,-0.18244619366558867,0.038484349846839905,0.5980997405955464,False,oppose
18,text,1,7,[8],Baltic,28,34,verified,,,unresolved,Negative,Neutral,0.1348835120553259,-0.027513541281223297,0.5335517377431371,False,support
18,text,1,8,[9],Cod,35,38,verified,,,unresolved,Negative,Neutral,-0.0221233843748464,0.005001559853553772,0.5662136904403138,False,oppose
18,text,1,9,[10],fishery,39,46,verified,,,unresolved,Negative,Neutral,-0.17994238477874414,0.04542025923728943,0.598586247330749,False,oppose
18,text,1,10,[11],has,47,50,verified,,,unresolved,Negative,Neutral,0.11584728215281681,-0.02521830052137375,0.5367936621091537,False,support
18,text,1,11,[12],been,51,55,verified,,,unresolved,Negative,Neutral,-0.005028151008473869,0.0001293271780014038,0.5616504378593459,False,oppose
18,text,1,12,[13],MSC,56,59,verified,,,unresolved,Negative,Neutral,-0.08080821359282364,0.015572048723697662,0.5762077390429503,False,oppose
18,text,1,13,[14],–,60,61,verified,,,unresolved,Negative,Neutral,-0.21641999447551974,0.04529877007007599,0.603137120678607,False,oppose
18,text,1,14,[15],certified,62,71,verified,,,unresolved,Negative,Neutral,-0.1192215407384355,0.033228665590286255,0.5872958205344532,False,oppose
18,text,1,15,[16],-,72,73,verified,,,unresolved,Negative,Neutral,0.0314104051379519,-0.005163788795471191,0.5555561991413399,False,support
18,text,1,16,[17],Meanwhile,73,82,verified,,,unresolved,Negative,Neutral,0.020857279791841044,0.0009754449129104614,0.5599734933126356,False,support
18,text,1,17,[18],",",82,83,verified,,,unresolved,Negative,Neutral,0.11786606931325028,-0.028291761875152588,0.5356308482199404,False,support
18,text,1,18,[19],the,84,87,verified,,,unresolved,Negative,Neutral,0.0899860156762865,-0.018524035811424255,0.5418874967797471,False,support
18,text,1,19,"[20, 21, 22]",Faeroese,88,96,verified,,,unresolved,Negative,Neutral,-0.27840256892583126,0.07267028093338013,0.618336839435788,False,oppose
18,text,1,20,"[23, 24, 25]",Mackerel,97,105,verified,,,unresolved,Negative,Neutral,-0.11494407009050456,0.03165915608406067,0.5864286536541894,False,oppose
18,text,1,21,[26],Fishery,106,113,verified,,,unresolved,Negative,Neutral,0.02190837178874161,-0.005451962351799011,0.5568031176743019,False,support
18,text,1,22,[27],has,114,117,verified,,,unresolved,Negative,Neutral,0.09794451833977735,-0.02619689702987671,0.5382365053665911,False,support
18,text,1,23,[28],been,118,122,verified,,,unresolved,Negative,Neutral,0.060064999302101296,-0.0165923610329628,0.5477468233664793,False,support
18,text,1,24,[29],denied,123,129,verified,,,unresolved,Negative,Neutral,0.8728400380989371,-0.1851094663143158,0.3670806943350799,False,support
18,text,1,25,[30],MSC,130,133,verified,,,unresolved,Negative,Neutral,-0.17594494375502567,0.045457735657691956,0.5989804819913157,False,oppose
18,text,1,26,[31],certification,134,147,verified,,,unresolved,Negative,Neutral,0.182617638964226,-0.04823889955878258,0.5201633014262189,False,support
18,text,1,27,[32],based,148,153,verified,,,unresolved,Negative,Neutral,0.08047877398034253,-0.026300013065338135,0.5396235221077774,False,support
18,text,1,28,[33],on,154,156,verified,,,unresolved,Negative,Neutral,0.07483849781562169,-0.020790621638298035,0.5437974056451522,False,support
18,text,1,29,[34],the,157,160,verified,,,unresolved,Negative,Neutral,-0.06144025975791778,0.01644769310951233,0.5736169098439641,False,oppose
18,text,1,30,[35],fact,161,165,verified,,,unresolved,Negative,Neutral,0.4542557269759354,-0.10322882980108261,0.45980615924946017,False,support
18,text,1,31,[36],that,166,170,verified,,,unresolved,Negative,Neutral,0.11208528430425724,-0.037800028920173645,0.5304320542336818,False,support
18,text,1,32,[37],the,171,174,verified,,,unresolved,Negative,Neutral,0.08837769316973954,-0.023976735770702362,0.5403543819469813,False,support
18,text,1,33,[38],fishery,175,182,verified,,,unresolved,Negative,Neutral,0.26296169966296545,-0.055658262223005295,0.5045215230131007,False,support
18,text,1,34,[39],has,183,186,verified,,,unresolved,Negative,Neutral,0.17714450368724355,-0.034318871796131134,0.5250823339567562,False,support
18,text,1,35,[40],failed,187,193,verified,,,unresolved,Negative,Neutral,0.860804882544638,-0.17451593279838562,0.3735562927570929,False,support
18,text,1,36,[41],to,194,196,verified,,,unresolved,Negative,Neutral,0.16552566347840547,-0.03705857694149017,0.5249977924460305,False,support
18,text,1,37,[42],reach,197,202,verified,,,unresolved,Negative,Neutral,0.16303870904508788,-0.03782980144023895,0.5251782835690085,False,support
18,text,1,38,[43],an,203,205,verified,,,unresolved,Negative,Neutral,-0.09991931017207811,0.021612852811813354,0.5810124219029684,False,oppose
18,text,1,39,[44],agreement,206,215,verified,,,unresolved,Negative,Neutral,0.21483693632582856,-0.05075765401124954,0.5132480258147745,False,support
18,text,1,40,[45],on,216,218,verified,,,unresolved,Negative,Neutral,-0.0666758239875812,0.01749259978532791,0.5765524247350681,False,oppose
18,text,1,41,"[46, 47, 48]",mackerel,219,227,verified,,,unresolved,Negative,Neutral,-0.13277559731619892,0.034325674176216125,0.5882426928158708,False,oppose
18,text,3,0,"[1, 2, 3]",-And in,0,7,verified,,,unresolved,Negative,Neutral,0.14847707330477167,-0.03347717225551605,0.529091849538678,False,support
18,text,3,1,"[2, 3, 4]",And in Denmark,1,15,verified,,,unresolved,Negative,Neutral,-0.019767604143100193,-0.0026689469814300537,0.5622633036809969,False,oppose
18,text,3,2,"[3, 4, 5]",in Denmark -,5,17,verified,,,unresolved,Negative,Neutral,-0.21019794436384098,0.04307125508785248,0.6020940999247198,False,oppose
18,text,3,3,"[4, 5, 6]",Denmark - the,8,21,verified,,,unresolved,Negative,Neutral,0.04246799702259363,-0.011855140328407288,0.5505706751645973,False,support
18,text,3,4,"[5, 6, 7]",- the first,16,27,verified,,,unresolved,Negative,Neutral,-0.10583433118612717,0.025111064314842224,0.5829527068819609,False,oppose
18,text,3,5,"[6, 7, 8]",the first Baltic,18,34,verified,,,unresolved,Negative,Neutral,-0.1253421325448515,0.03130665421485901,0.5869655767589321,False,oppose
18,text,3,6,"[7, 8, 9]",first Baltic Cod,22,38,verified,,,unresolved,Negative,Neutral,-0.15094241103012884,0.032912254333496094,0.5923376265393852,False,oppose
18,text,3,7,"[8, 9, 10]",Baltic Cod fishery,28,46,verified,,,unresolved,Negative,Neutral,0.029009640486906352,-0.005706802010536194,0.5541232627787803,False,support
18,text,3,8,"[9, 10, 11]",Cod fishery has,35,50,verified,,,unresolved,Negative,Neutral,-0.06922194333061471,0.019038096070289612,0.5748795223792916,False,oppose
18,text,3,9,"[10, 11, 12]",fishery has been,39,55,verified,,,unresolved,Negative,Neutral,-0.015178531462757938,0.0038339346647262573,0.5618423162488031,False,oppose
18,text,3,10,"[11, 12, 13]",has been MSC,47,59,verified,,,unresolved,Negative,Neutral,-0.03213147030182739,0.0018464773893356323,0.5633051505652734,False,oppose
18,text,3,11,"[12, 13, 14]",been MSC –,51,61,verified,,,unresolved,Negative,Neutral,-0.27646688137155373,0.05625706911087036,0.6118490475065679,False,oppose
18,text,3,12,"[13, 14, 15]",MSC – certified,56,71,verified,,,unresolved,Negative,Neutral,-0.3327338539507124,0.07402527332305908,0.6238947638548891,False,oppose
18,text,3,13,"[14, 15, 16]",– certified -,60,73,verified,,,unresolved,Negative,Neutral,-0.10927247419606301,0.030866533517837524,0.5845350573770793,False,oppose
18,text,3,14,"[15, 16, 17]",certified -Meanwhile,62,82,verified,,,unresolved,Negative,Neutral,-0.11533209376993991,0.03165549039840698,0.5863162545301778,False,oppose
18,text,3,15,"[16, 17, 18]","-Meanwhile,",72,83,verified,,,unresolved,Negative,Neutral,0.02352512900612458,-0.008166469633579254,0.5544234770772807,False,support
18,text,3,16,"[17, 18, 19]","Meanwhile, the",73,87,verified,,,unresolved,Negative,Neutral,-0.10877635970064514,0.027244627475738525,0.5819117466239737,False,oppose
18,text,3,17,"[18, 19, 20, 21, 22]",", the Faeroese",82,96,verified,,,unresolved,Negative,Neutral,-0.043262085014524,0.011729732155799866,0.5673488730968748,False,oppose
18,text,3,18,"[19, 20, 21, 22, 23, 24, 25]",the Faeroese Mackerel,84,105,verified,,,unresolved,Negative,Neutral,-0.2910829383906598,0.07788072526454926,0.6187868643923857,False,oppose
18,text,3,19,"[20, 21, 22, 23, 24, 25, 26]",Faeroese Mackerel Fishery,88,113,verified,,,unresolved,Negative,Neutral,-0.34134978092393464,0.08474566042423248,0.6264869608186463,False,oppose
18,text,3,20,"[23, 24, 25, 26, 27]",Mackerel Fishery has,97,117,verified,,,unresolved,Negative,Neutral,-0.11054172486208647,0.02685283124446869,0.581952878328083,False,oppose
18,text,3,21,"[26, 27, 28]",Fishery has been,106,122,verified,,,unresolved,Negative,Neutral,0.0855076712842292,-0.025214403867721558,0.5391531101268363,False,support
18,text,3,22,"[27, 28, 29]",has been denied,114,129,verified,,,unresolved,Negative,Neutral,1.0312219681200894,-0.2241094410419464,0.32775455942658754,True,support
18,text,3,23,"[28, 29, 30]",been denied MSC,118,133,verified,,,unresolved,Negative,Neutral,0.7548172951377193,-0.17392656207084656,0.38819235775626426,False,support
18,text,3,24,"[29, 30, 31]",denied MSC certification,123,147,verified,,,unresolved,Negative,Neutral,0.835307219311439,-0.19014883041381836,0.3696705542323884,False,support
18,text,3,25,"[30, 31, 32]",MSC certification based,130,153,verified,,,unresolved,Negative,Neutral,0.41537814215512914,-0.09386835992336273,0.46946764779182787,False,support
18,text,3,26,"[31, 32, 33]",certification based on,134,156,verified,,,unresolved,Negative,Neutral,0.3435879063593227,-0.09334716945886612,0.47895717519784486,False,support
18,text,3,27,"[32, 33, 34]",based on the,148,160,verified,,,unresolved,Negative,Neutral,0.34742320769769686,-0.08540596812963486,0.47867706148904376,False,support
18,text,3,28,"[33, 34, 35]",on the fact,154,165,verified,,,unresolved,Negative,Neutral,0.39955787574134993,-0.09807828068733215,0.4679226491988912,False,support
18,text,3,29,"[34, 35, 36]",the fact that,157,170,verified,,,unresolved,Negative,Neutral,0.6682724470412179,-0.14364898204803467,0.40974579014485923,False,support
18,text,3,30,"[35, 36, 37]",fact that the,161,174,verified,,,unresolved,Negative,Neutral,0.7984849448675713,-0.16898010671138763,0.379133715306695,False,support
18,text,3,31,"[36, 37, 38]",that the fishery,166,182,verified,,,unresolved,Negative,Neutral,0.10573389370176212,-0.041445836424827576,0.5274047548743385,False,support
18,text,3,32,"[37, 38, 39]",the fishery has,171,186,verified,,,unresolved,Negative,Neutral,0.3673881146616096,-0.0810871571302414,0.4792981863130755,False,support
18,text,3,33,"[38, 39, 40]",fishery has failed,175,193,verified,,,unresolved,Negative,Neutral,1.0119138205411562,-0.20127399265766144,0.33757739016607713,False,support
18,text,3,34,"[39, 40, 41]",has failed to,183,196,verified,,,unresolved,Negative,Neutral,1.1419042582958334,-0.2168579250574112,0.31328890857428554,True,support
18,text,3,35,"[40, 41, 42]",failed to reach,187,202,verified,,,unresolved,Negative,Neutral,1.0601266790747839,-0.21020956337451935,0.32955233186740374,False,support
18,text,3,36,"[41, 42, 43]",to reach an,194,205,verified,,,unresolved,Negative,Neutral,0.409007879548259,-0.08939427137374878,0.4705500761331056,False,support
18,text,3,37,"[42, 43, 44]",reach an agreement,197,215,verified,,,unresolved,Negative,Neutral,0.18654182961436383,-0.04896026849746704,0.5162711392880375,False,support
18,text,3,38,"[43, 44, 45]",an agreement on,203,218,verified,,,unresolved,Negative,Neutral,-0.11859412160534755,0.018240392208099365,0.5807290521635258,False,oppose
18,text,3,39,"[44, 45, 46, 47, 48]",agreement on mackerel,206,227,verified,,,unresolved,Negative,Neutral,-0.10376219098474748,0.014225110411643982,0.5765635955610051,False,oppose
18,text,5,0,"[1, 2, 3, 4, 5]",-And in Denmark -,0,17,verified,,,unresolved,Negative,Neutral,0.08908225162239702,-0.0322255939245224,0.5368922620759293,False,support
18,text,5,1,"[2, 3, 4, 5, 6]",And in Denmark - the,1,21,verified,,,unresolved,Negative,Neutral,-0.06831099551135755,0.006750784814357758,0.5708943380417341,False,oppose
18,text,5,2,"[3, 4, 5, 6, 7]",in Denmark - the first,5,27,verified,,,unresolved,Negative,Neutral,-0.32763069713339255,0.07009735703468323,0.6238235886169001,False,oppose
18,text,5,3,"[4, 5, 6, 7, 8]",Denmark - the first Baltic,8,34,verified,,,unresolved,Negative,Neutral,-0.34095501514291826,0.07981207966804504,0.6281133136265159,True,oppose
18,text,5,4,"[5, 6, 7, 8, 9]",- the first Baltic Cod,16,38,verified,,,unresolved,Negative,Neutral,-0.14632450880771863,0.0366632342338562,0.5913789779864562,False,oppose
18,text,5,5,"[6, 7, 8, 9, 10]",the first Baltic Cod fishery,18,46,verified,,,unresolved,Negative,Neutral,-0.26218064151376586,0.0632728785276413,0.6129366137346913,False,oppose
18,text,5,6,"[7, 8, 9, 10, 11]",first Baltic Cod fishery has,22,50,verified,,,unresolved,Negative,Neutral,-0.0850544997710665,0.01893489807844162,0.5767257823936593,False,oppose
18,text,5,7,"[8, 9, 10, 11, 12]",Baltic Cod fishery has been,28,55,verified,,,unresolved,Negative,Neutral,0.008930643854910825,-0.0043361857533454895,0.5550506469779205,False,support
18,text,5,8,"[9, 10, 11, 12, 13]",Cod fishery has been MSC,35,59,verified,,,unresolved,Negative,Neutral,-0.14051458559303465,0.02871030569076538,0.584337031428618,False,oppose
18,text,5,9,"[10, 11, 12, 13, 14]",fishery has been MSC –,39,61,verified,,,unresolved,Negative,Neutral,-0.24330629943636606,0.0553317666053772,0.6060028638072845,False,oppose
18,text,5,10,"[11, 12, 13, 14, 15]",has been MSC – certified,47,71,verified,,,unresolved,Negative,Neutral,-0.34664399675614244,0.08438453078269958,0.6283546127272004,True,oppose
18,text,5,11,"[12, 13, 14, 15, 16]",been MSC – certified -,51,73,verified,,,unresolved,Negative,Neutral,-0.33347345930732397,0.07978345453739166,0.6259285618554976,False,oppose
18,text,5,12,"[13, 14, 15, 16, 17]",MSC – certified -Meanwhile,56,82,verified,,,unresolved,Negative,Neutral,-0.2823973507110119,0.06798303127288818,0.6165820325664519,False,oppose
18,text,5,13,"[14, 15, 16, 17, 18]","– certified -Meanwhile,",60,83,verified,,,unresolved,Negative,Neutral,-0.15903407734747932,0.037606120109558105,0.591420956425776,False,oppose
18,text,5,14,"[15, 16, 17, 18, 19]","certified -Meanwhile, the",62,87,verified,,,unresolved,Negative,Neutral,-0.1528792625766885,0.03711232542991638,0.5899343827439234,False,oppose
18,text,5,15,"[16, 17, 18, 19, 20, 21, 22]","-Meanwhile, the Faeroese",72,96,verified,,,unresolved,Negative,Neutral,-0.2910191735297313,0.07457910478115082,0.6166691142112581,False,oppose
18,text,5,16,"[17, 18, 19, 20, 21, 22, 23, 24, 25]","Meanwhile, the Faeroese Mackerel",73,105,verified,,,unresolved,Negative,Neutral,-0.39335293735643095,0.10317422449588776,0.6361815884183455,True,oppose
18,text,5,17,"[18, 19, 20, 21, 22, 23, 24, 25, 26]",", the Faeroese Mackerel Fishery",82,113,verified,,,unresolved,Negative,Neutral,-0.14795148020765458,0.043031319975852966,0.5900099426952776,False,oppose
18,text,5,18,"[19, 20, 21, 22, 23, 24, 25, 26, 27]",the Faeroese Mackerel Fishery has,84,117,verified,,,unresolved,Negative,Neutral,-0.27519211112700426,0.0676596462726593,0.6119792097564416,False,oppose
18,text,5,19,"[20, 21, 22, 23, 24, 25, 26, 27, 28]",Faeroese Mackerel Fishery has been,88,122,verified,,,unresolved,Negative,Neutral,-0.2547359179022558,0.06113998591899872,0.6077796318134329,False,oppose
18,text,5,20,"[23, 24, 25, 26, 27, 28, 29]",Mackerel Fishery has been denied,97,129,verified,,,unresolved,Negative,Neutral,0.9166025503282841,-0.2071816474199295,0.34873325896618773,False,support
18,text,5,21,"[26, 27, 28, 29, 30]",Fishery has been denied MSC,106,133,verified,,,unresolved,Negative,Neutral,0.8231829379347623,-0.1915818154811859,0.3695140873721901,False,support
18,text,5,22,"[27, 28, 29, 30, 31]",has been denied MSC certification,114,147,verified,,,unresolved,Negative,Neutral,0.985070324751223,-0.22264082729816437,0.3340958006609717,False,support
18,text,5,23,"[28, 29, 30, 31, 32]",been denied MSC certification based,118,153,verified,,,unresolved,Negative,Neutral,0.5013318276571603,-0.13628840446472168,0.4380244162194511,False,support
18,text,5,24,"[29, 30, 31, 32, 33]",denied MSC certification based on,123,156,verified,,,unresolved,Negative,Neutral,0.6734549417617471,-0.17407545447349548,0.3985166990012998,False,support
18,text,5,25,"[30, 31, 32, 33, 34]",MSC certification based on the,130,160,verified,,,unresolved,Negative,Neutral,0.553391709013667,-0.12900039553642273,0.43329953770528157,False,support
18,text,5,26,"[31, 32, 33, 34, 35]",certification based on the fact,134,165,verified,,,unresolved,Negative,Neutral,0.6697389465016682,-0.15254883468151093,0.4076864249638286,False,support
18,text,5,27,"[32, 33, 34, 35, 36]",based on the fact that,148,170,verified,,,unresolved,Negative,Neutral,0.6188333176113621,-0.1450924128293991,0.41577943221004143,False,support
18,text,5,28,"[33, 34, 35, 36, 37]",on the fact that the,154,174,verified,,,unresolved,Negative,Neutral,0.7657372904464698,-0.16779480874538422,0.3829315277034177,False,support
18,text,5,29,"[34, 35, 36, 37, 38]",the fact that the fishery,157,182,verified,,,unresolved,Negative,Neutral,0.5887498912762121,-0.1330551952123642,0.4233986939393562,False,support
18,text,5,30,"[35, 36, 37, 38, 39]",fact that the fishery has,161,186,verified,,,unresolved,Negative,Neutral,1.016267621639418,-0.2014128565788269,0.3352784471670038,True,support
18,text,5,31,"[36, 37, 38, 39, 40]",that the fishery has failed,166,193,verified,,,unresolved,Negative,Neutral,1.0171163922621194,-0.21053612232208252,0.3323175446931211,False,support
18,text,5,32,"[37, 38, 39, 40, 41]",the fishery has failed to,171,196,verified,,,unresolved,Negative,Neutral,1.0933308577174572,-0.21269525587558746,0.320985589293311,False,support
18,text,5,33,"[38, 39, 40, 41, 42]",fishery has failed to reach,175,202,verified,,,unresolved,Negative,Neutral,1.0533949910951157,-0.20460742712020874,0.32977401950489066,False,support
18,text,5,34,"[39, 40, 41, 42, 43]",has failed to reach an,183,205,verified,,,unresolved,Negative,Neutral,1.034582176221412,-0.20299294590950012,0.3340135117143312,False,support
18,text,5,35,"[40, 41, 42, 43, 44]",failed to reach an agreement,187,215,verified,,,unresolved,Negative,Neutral,0.9820397326864343,-0.2007119357585907,0.3425675170785754,False,support
18,text,5,36,"[41, 42, 43, 44, 45]",to reach an agreement on,194,218,verified,,,unresolved,Negative,Neutral,0.3228628673031534,-0.07688015699386597,0.4865399404594108,False,support
18,text,5,37,"[42, 43, 44, 45, 46, 47, 48]",reach an agreement on mackerel,197,227,verified,,,unresolved,Negative,Neutral,-0.14969481326930845,0.023778080940246582,0.5828590361442192,False,oppose
18,audio,1,0,[1],,,,not_applicable,,,unresolved,Negative,Neutral,-0.0012314443626904037,0.00013877451419830322,0.5624187450704726,False,oppose
18,audio,1,1,[2],,,,not_applicable,,,unresolved,Negative,Neutral,-0.0023678576044836586,0.0005008429288864136,0.562615473073016,False,oppose
18,audio,1,2,[3],,,,not_applicable,,,unresolved,Negative,Neutral,0.006271121967096338,-0.0015953481197357178,0.5607917430598058,False,support
18,audio,1,3,[4],,,,not_applicable,,,unresolved,Negative,Neutral,0.00116552916697521,0.00014765560626983643,0.5619202303862066,False,support
18,audio,1,4,[5],,,,not_applicable,,,unresolved,Negative,Neutral,0.0040321271517507196,-0.0008331760764122009,0.5612959854432946,False,support
18,audio,1,5,[6],,,,not_applicable,,,unresolved,Negative,Neutral,0.00995571710929688,-0.001941189169883728,0.5600818255674458,False,support
18,audio,1,6,[7],,,,not_applicable,,,unresolved,Negative,Neutral,0.015863287187832475,-0.0032925382256507874,0.5589397050608453,False,support
18,audio,1,7,[8],,,,not_applicable,,,unresolved,Negative,Neutral,0.017134135646973858,-0.0022437050938606262,0.5589543685239052,False,support
18,audio,1,8,[9],,,,not_applicable,,,unresolved,Negative,Neutral,0.01597809146111928,-0.0023525357246398926,0.5596196626197603,False,support
18,audio,1,9,[10],,,,not_applicable,,,unresolved,Negative,Neutral,0.012691264180336614,-0.0012106150388717651,0.560076755604808,False,support
18,audio,1,10,[11],,,,not_applicable,,,unresolved,Negative,Neutral,0.012625660174242603,0.0009921342134475708,0.5612109089993244,False,support
18,audio,1,11,[12],,,,not_applicable,,,unresolved,Negative,Neutral,0.010200100650110011,0.0007605254650115967,0.5612956702924438,False,support
18,audio,1,12,[13],,,,not_applicable,,,unresolved,Negative,Neutral,0.014773271573484847,-0.0005717724561691284,0.5602413606939879,False,support
18,audio,1,13,[14],,,,not_applicable,,,unresolved,Negative,Neutral,0.01612738228790811,7.778406143188477e-05,0.5602417270759732,False,support
18,audio,1,14,[15],,,,not_applicable,,,unresolved,Negative,Neutral,0.013099360147040495,0.0011807531118392944,0.560827096611668,False,support
18,audio,1,15,[16],,,,not_applicable,,,unresolved,Negative,Neutral,0.006988959970713582,0.004135057330131531,0.5623363846329233,False,support
18,audio,1,16,[17],,,,not_applicable,,,unresolved,Negative,Neutral,-0.004391805302930152,0.007418572902679443,0.5649107392514069,False,oppose
18,audio,1,17,[18],,,,not_applicable,,,unresolved,Negative,Neutral,-0.0004717829229222703,0.004590332508087158,0.5634508998439358,False,oppose
18,audio,1,18,[19],,,,not_applicable,,,unresolved,Negative,Neutral,0.011408105014640402,1.5422701835632324e-06,0.5605602932637868,False,support
18,audio,1,19,[20],,,,not_applicable,,,unresolved,Negative,Neutral,0.019171940456605086,-0.0025826990604400635,0.5586873211963544,False,support
18,audio,1,20,[21],,,,not_applicable,,,unresolved,Negative,Neutral,0.01890692059935417,-0.002499707043170929,0.558558094388755,False,support
18,audio,1,21,[22],,,,not_applicable,,,unresolved,Negative,Neutral,0.02287266266898602,-0.004063069820404053,0.5576575007369213,False,support
18,audio,1,22,[23],,,,not_applicable,,,unresolved,Negative,Neutral,0.011184155959516495,-0.002348661422729492,0.5598915444743162,False,support
18,audio,1,23,[24],,,,not_applicable,,,unresolved,Negative,Neutral,0.021984773316803152,-0.005900442600250244,0.5571187821462372,False,support
18,audio,1,24,[25],,,,not_applicable,,,unresolved,Negative,Neutral,0.015942776862731267,-0.0033151358366012573,0.5588503347650777,False,support
18,audio,1,25,[26],,,,not_applicable,,,unresolved,Negative,Neutral,0.014645750432903393,-0.003301478922367096,0.5590441910143287,False,support
18,audio,1,26,[27],,,,not_applicable,,,unresolved,Negative,Neutral,0.0013138187656559497,0.0007559061050415039,0.5623323194370177,False,support
18,audio,1,27,[28],,,,not_applicable,,,unresolved,Negative,Neutral,-0.002874678080291848,0.001271463930606842,0.5627503431957511,False,oppose
18,audio,1,28,[29],,,,not_applicable,,,unresolved,Negative,Neutral,-0.002977217360023876,0.0026446878910064697,0.5628497855855236,False,oppose
18,audio,1,29,[30],,,,not_applicable,,,unresolved,Negative,Neutral,0.009302214820597232,-0.0006815791130065918,0.5604915968366987,False,support
18,audio,1,30,[31],,,,not_applicable,,,unresolved,Negative,Neutral,0.007915270345577152,-0.001352548599243164,0.560762727559351,False,support
18,audio,1,31,[32],,,,not_applicable,,,unresolved,Negative,Neutral,0.007009647082231507,0.00018183887004852295,0.5609272732121094,False,support
18,audio,1,32,[33],,,,not_applicable,,,unresolved,Negative,Neutral,0.008871261943685038,-0.0024234727025032043,0.5603923894319177,False,support
18,audio,1,33,[34],,,,not_applicable,,,unresolved,Negative,Neutral,0.009209094087258562,-0.0016269385814666748,0.560705145625539,False,support
18,audio,1,34,[35],,,,not_applicable,,,unresolved,Negative,Neutral,-0.008371958760546416,0.0030925124883651733,0.5639876477756415,False,oppose
18,audio,1,35,[36],,,,not_applicable,,,unresolved,Negative,Neutral,-0.00532938827579954,0.0033370554447174072,0.5635914659418251,False,oppose
18,audio,1,36,[37],,,,not_applicable,,,unresolved,Negative,Neutral,0.005604767026171964,0.001369088888168335,0.5615741964736045,False,support
18,audio,1,37,[38],,,,not_applicable,,,unresolved,Negative,Neutral,0.0062327755314262046,0.00019606947898864746,0.5612709516332459,False,support
18,audio,1,38,[39],,,,not_applicable,,,unresolved,Negative,Neutral,-0.011568115039770732,0.003397442400455475,0.5650909795774921,False,oppose
18,audio,1,39,[40],,,,not_applicable,,,unresolved,Negative,Neutral,-0.012695506033959192,0.00883636623620987,0.565781900565445,False,oppose
18,audio,1,40,[41],,,,not_applicable,,,unresolved,Negative,Neutral,-0.0391684538175221,0.011457875370979309,0.5707336328291099,True,oppose
18,audio,1,41,[42],,,,not_applicable,,,unresolved,Negative,Neutral,-0.013258294721152919,0.003087341785430908,0.5648830055294285,False,oppose
18,audio,1,42,[43],,,,not_applicable,,,unresolved,Negative,Neutral,-0.002188348372980653,0.0021936893463134766,0.5629922392736441,False,oppose
18,audio,1,43,[44],,,,not_applicable,,,unresolved,Negative,Neutral,-0.013106884568146793,0.004143543541431427,0.5651793010569223,False,oppose
18,audio,1,44,[45],,,,not_applicable,,,unresolved,Negative,Neutral,0.010078001359886457,-0.0008322000503540039,0.560449710950072,False,support
18,audio,1,45,[46],,,,not_applicable,,,unresolved,Negative,Neutral,0.002564667142319066,-0.0015567317605018616,0.5618631485367889,False,support
18,audio,1,46,[47],,,,not_applicable,,,unresolved,Negative,Neutral,0.012453036702346432,-0.003809139132499695,0.5596331485975882,False,support
18,audio,1,47,[48],,,,not_applicable,,,unresolved,Negative,Neutral,0.007796134678091149,-0.0013633817434310913,0.5609605893836621,False,support
18,audio,3,0,"[1, 2, 3]",,,,not_applicable,,,unresolved,Negative,Neutral,0.0031416287694826517,-0.0009760260581970215,0.561967994272014,False,support
18,audio,3,1,"[2, 3, 4]",,,,not_applicable,,,unresolved,Negative,Neutral,0.005573383237047591,-0.0009839832782745361,0.5614660819763508,False,support
18,audio,3,2,"[3, 4, 5]",,,,not_applicable,,,unresolved,Negative,Neutral,0.012242659270014111,-0.002369515597820282,0.5600845234970936,False,support
18,audio,3,3,"[4, 5, 6]",,,,not_applicable,,,unresolved,Negative,Neutral,0.015978261847773956,-0.002728402614593506,0.5593630874035854,False,support
18,audio,3,4,"[5, 6, 7]",,,,not_applicable,,,unresolved,Negative,Neutral,0.030771202681686316,-0.0061903297901153564,0.5563537839669367,False,support
18,audio,3,5,"[6, 7, 8]",,,,not_applicable,,,unresolved,Negative,Neutral,0.04390981081882672,-0.007608190178871155,0.5539946898360588,False,support
18,audio,3,6,"[7, 8, 9]",,,,not_applicable,,,unresolved,Negative,Neutral,0.050153408517266795,-0.008095771074295044,0.5534735619245997,False,support
18,audio,3,7,"[8, 9, 10]",,,,not_applicable,,,unresolved,Negative,Neutral,0.0470244345511287,-0.006043143570423126,0.5546009939930259,False,support
18,audio,3,8,"[9, 10, 11]",,,,not_applicable,,,unresolved,Negative,Neutral,0.042481637592260424,-0.00285281240940094,0.5568519744193113,False,support
18,audio,3,9,"[10, 11, 12]",,,,not_applicable,,,unresolved,Negative,Neutral,0.036546368030278664,0.0002581477165222168,0.558551301274268,False,support
18,audio,3,10,"[11, 12, 13]",,,,not_applicable,,,unresolved,Negative,Neutral,0.038906371315410526,0.0008223205804824829,0.5586455026954495,False,support
18,audio,3,11,"[12, 13, 14]",,,,not_applicable,,,unresolved,Negative,Neutral,0.04250213217351606,-8.893758058547974e-05,0.5576612574548084,False,support
18,audio,3,12,"[13, 14, 15]",,,,not_applicable,,,unresolved,Negative,Neutral,0.045652459697577696,0.0002889484167098999,0.5571408011371805,False,support
18,audio,3,13,"[14, 15, 16]",,,,not_applicable,,,unresolved,Negative,Neutral,0.037623507321913996,0.00498855859041214,0.5592737958588885,False,support
18,audio,3,14,"[15, 16, 17]",,,,not_applicable,,,unresolved,Negative,Neutral,0.01689362468317801,0.012331962585449219,0.5639817602230045,False,support
18,audio,3,15,"[16, 17, 18]",,,,not_applicable,,,unresolved,Negative,Neutral,0.0033893725872475855,0.01575169712305069,0.5666019842807556,False,support
18,audio,3,16,"[17, 18, 19]",,,,not_applicable,,,unresolved,Negative,Neutral,0.007808393366594557,0.011625804007053375,0.5648482944850126,False,support
18,audio,3,17,"[18, 19, 20]",,,,not_applicable,,,unresolved,Negative,Neutral,0.03167563005272045,0.001643061637878418,0.5585764756557657,False,support
18,audio,3,18,"[19, 20, 21]",,,,not_applicable,,,unresolved,Negative,Neutral,0.051258897011349225,-0.005339182913303375,0.5536419019750625,False,support
18,audio,3,19,"[20, 21, 22]",,,,not_applicable,,,unresolved,Negative,Neutral,0.0627449891175822,-0.009340263903141022,0.5507300722892362,False,support
18,audio,3,20,"[21, 22, 23]",,,,not_applicable,,,unresolved,Negative,Neutral,0.05453422131843577,-0.009080246090888977,0.5519956148295889,False,support
18,audio,3,21,"[22, 23, 24]",,,,not_applicable,,,unresolved,Negative,Neutral,0.05752479482428685,-0.012409448623657227,0.5505822522755519,False,support
18,audio,3,22,"[23, 24, 25]",,,,not_applicable,,,unresolved,Negative,Neutral,0.05070376833659762,-0.0117250457406044,0.5517539321804172,False,support
18,audio,3,23,"[24, 25, 26]",,,,not_applicable,,,unresolved,Negative,Neutral,0.054152113854366135,-0.012683935463428497,0.5509072696490882,False,support
18,audio,3,24,"[25, 26, 27]",,,,not_applicable,,,unresolved,Negative,Neutral,0.03306019426672535,-0.006043791770935059,0.5562256068461316,False,support
18,audio,3,25,"[26, 27, 28]",,,,not_applicable,,,unresolved,Negative,Neutral,0.014340496318378415,-0.00157243013381958,0.5601092231746385,False,support
18,audio,3,26,"[27, 28, 29]",,,,not_applicable,,,unresolved,Negative,Neutral,-0.003196298034973788,0.004339009523391724,0.5638874700655562,False,oppose
18,audio,3,27,"[28, 29, 30]",,,,not_applicable,,,unresolved,Negative,Neutral,0.004632806410275969,0.002954453229904175,0.562080256584063,False,support
18,audio,3,28,"[29, 30, 31]",,,,not_applicable,,,unresolved,Negative,Neutral,0.015067478405994983,0.0004470348358154297,0.5601650475567928,False,support
18,audio,3,29,"[30, 31, 32]",,,,not_applicable,,,unresolved,Negative,Neutral,0.02513787728049044,-0.002009063959121704,0.5582165923099572,False,support
18,audio,3,30,"[31, 32, 33]",,,,not_applicable,,,unresolved,Negative,Neutral,0.02475352583539059,-0.0037581920623779297,0.5581184051918643,False,support
18,audio,3,31,"[32, 33, 34]",,,,not_applicable,,,unresolved,Negative,Neutral,0.026212431134000402,-0.004063934087753296,0.5580299785750596,False,support
18,audio,3,32,"[33, 34, 35]",,,,not_applicable,,,unresolved,Negative,Neutral,0.010828014987677492,-0.0011982321739196777,0.5610975839234277,False,support
18,audio,3,33,"[34, 35, 36]",,,,not_applicable,,,unresolved,Negative,Neutral,-0.0025929895381453516,0.00438237190246582,0.5641185929715147,False,oppose
18,audio,3,34,"[35, 36, 37]",,,,not_applicable,,,unresolved,Negative,Neutral,-0.006276360087284827,0.0073875486850738525,0.5649967602180194,False,oppose
18,audio,3,35,"[36, 37, 38]",,,,not_applicable,,,unresolved,Negative,Neutral,0.007193014689375166,0.004755347967147827,0.562513511276396,False,support
18,audio,3,36,"[37, 38, 39]",,,,not_applicable,,,unresolved,Negative,Neutral,0.0009494095936380953,0.004803091287612915,0.5640065053362138,False,support
18,audio,3,37,"[38, 39, 40]",,,,not_applicable,,,unresolved,Negative,Neutral,-0.018089560546688976,0.012434661388397217,0.568346840822563,False,oppose
18,audio,3,38,"[39, 40, 41]",,,,not_applicable,,,unresolved,Negative,Neutral,-0.06356768930730206,0.02404162287712097,0.5777928083282601,False,oppose
18,audio,3,39,"[40, 41, 42]",,,,not_applicable,,,unresolved,Negative,Neutral,-0.06708166672178772,0.024232178926467896,0.5779755662570849,False,oppose
18,audio,3,40,"[41, 42, 43]",,,,not_applicable,,,unresolved,Negative,Neutral,-0.055166850625764874,0.017050839960575104,0.5749277842897258,False,oppose
18,audio,3,41,"[42, 43, 44]",,,,not_applicable,,,unresolved,Negative,Neutral,-0.02818651797769689,0.009430110454559326,0.5691955547895063,False,oppose
18,audio,3,42,"[43, 44, 45]",,,,not_applicable,,,unresolved,Negative,Neutral,-0.004568318610272071,0.0053617507219314575,0.5647101982925885,False,oppose
18,audio,3,43,"[44, 45, 46]",,,,not_applicable,,,unresolved,Negative,Neutral,0.0001969582867895614,0.0015986263751983643,0.5635836295334709,False,support
18,audio,3,44,"[45, 46, 47]",,,,not_applicable,,,unresolved,Negative,Neutral,0.025972511055922243,-0.006401635706424713,0.5579882058916311,False,support
18,audio,3,45,"[46, 47, 48]",,,,not_applicable,,,unresolved,Negative,Neutral,0.023566274490883,-0.006898954510688782,0.5585345953476977,False,support
18,audio,5,0,"[1, 2, 3, 4, 5]",,,,not_applicable,,,unresolved,Negative,Neutral,0.009889296929887492,-0.0018043667078018188,0.5610971399809421,False,support
18,audio,5,1,"[2, 3, 4, 5, 6]",,,,not_applicable,,,unresolved,Negative,Neutral,0.02142062873621753,-0.00396391749382019,0.5586886731040307,False,support
18,audio,5,2,"[3, 4, 5, 6, 7]",,,,not_applicable,,,unresolved,Negative,Neutral,0.04022381563705757,-0.007901057600975037,0.554878510063186,False,support
18,audio,5,3,"[4, 5, 6, 7, 8]",,,,not_applicable,,,unresolved,Negative,Neutral,0.05134267600963238,-0.008636906743049622,0.5529705847586179,False,support
18,audio,5,4,"[5, 6, 7, 8, 9]",,,,not_applicable,,,unresolved,Negative,Neutral,0.06656816101031449,-0.011235080659389496,0.5505505495988958,False,support
18,audio,5,5,"[6, 7, 8, 9, 10]",,,,not_applicable,,,unresolved,Negative,Neutral,0.07531712877209795,-0.011650174856185913,0.5492956213597368,False,support
18,audio,5,6,"[7, 8, 9, 10, 11]",,,,not_applicable,,,unresolved,Negative,Neutral,0.07800969542733949,-0.008876577019691467,0.5503691005686009,True,support
18,audio,5,7,"[8, 9, 10, 11, 12]",,,,not_applicable,,,unresolved,Negative,Neutral,0.0723537351013025,-0.004933252930641174,0.5526932137930399,False,support
18,audio,5,8,"[9, 10, 11, 12, 13]",,,,not_applicable,,,unresolved,Negative,Neutral,0.07033830262409468,-0.0033563822507858276,0.5538987365783314,False,support
18,audio,5,9,"[10, 11, 12, 13, 14]",,,,not_applicable,,,unresolved,Negative,Neutral,0.07067528432761927,-0.0010326877236366272,0.5544496256607406,False,support
18,audio,5,10,"[11, 12, 13, 14, 15]",,,,not_applicable,,,unresolved,Negative,Neutral,0.07163697022184667,0.0011747777462005615,0.5550477251445918,True,support
18,audio,5,11,"[12, 13, 14, 15, 16]",,,,not_applicable,,,unresolved,Negative,Neutral,0.06580064457656476,0.004324652254581451,0.556220805870019,False,support
18,audio,5,12,"[13, 14, 15, 16, 17]",,,,not_applicable,,,unresolved,Negative,Neutral,0.05095194217882182,0.01094520092010498,0.5598852323921545,False,support
18,audio,5,13,"[14, 15, 16, 17, 18]",,,,not_applicable,,,unresolved,Negative,Neutral,0.035635920053581294,0.0160636305809021,0.5631151932488793,False,support
18,audio,5,14,"[15, 16, 17, 18, 19]",,,,not_applicable,,,unresolved,Negative,Neutral,0.030998952465982832,0.016041383147239685,0.5634476900702391,False,support
18,audio,5,15,"[16, 17, 18, 19, 20]",,,,not_applicable,,,unresolved,Negative,Neutral,0.03754426243247666,0.01226477324962616,0.5612409914201841,False,support
18,audio,5,16,"[17, 18, 19, 20, 21]",,,,not_applicable,,,unresolved,Negative,Neutral,0.049948596409096435,0.0056874677538871765,0.5574172896924171,False,support
18,audio,5,17,"[18, 19, 20, 21, 22]",,,,not_applicable,,,unresolved,Negative,Neutral,0.07765452432669973,-0.005585670471191406,0.5500830517173395,False,support
18,audio,5,18,"[19, 20, 21, 22, 23]",,,,not_applicable,,,unresolved,Negative,Neutral,0.08900132647976777,-0.012178763747215271,0.5465955304181473,False,support
18,audio,5,19,"[20, 21, 22, 23, 24]",,,,not_applicable,,,unresolved,Negative,Neutral,0.09966112098258573,-0.01790507882833481,0.5431468410022806,True,support
18,audio,5,20,"[21, 22, 23, 24, 25]",,,,not_applicable,,,unresolved,Negative,Neutral,0.09615590009383412,-0.018575310707092285,0.5433872878411977,False,support
18,audio,5,21,"[22, 23, 24, 25, 26]",,,,not_applicable,,,unresolved,Negative,Neutral,0.09154455401300876,-0.019355401396751404,0.5439635631296003,False,support
18,audio,5,22,"[23, 24, 25, 26, 27]",,,,not_applicable,,,unresolved,Negative,Neutral,0.06982222285076134,-0.014763414859771729,0.548700887284459,False,support
18,audio,5,23,"[24, 25, 26, 27, 28]",,,,not_applicable,,,unresolved,Negative,Neutral,0.055852598718055035,-0.011365585029125214,0.5515542153855134,False,support
18,audio,5,24,"[25, 26, 27, 28, 29]",,,,not_applicable,,,unresolved,Negative,Neutral,0.029897709552966,-0.00274571031332016,0.5575112453947718,False,support
18,audio,5,25,"[26, 27, 28, 29, 30]",,,,not_applicable,,,unresolved,Negative,Neutral,0.023316238097072617,-0.00016158819198608398,0.5591286131944492,False,support
18,audio,5,26,"[27, 28, 29, 30, 31]",,,,not_applicable,,,unresolved,Negative,Neutral,0.016606223487487637,0.0017497837543487549,0.560821148903835,False,support
18,audio,5,27,"[28, 29, 30, 31, 32]",,,,not_applicable,,,unresolved,Negative,Neutral,0.022542327081995217,0.0011639595031738281,0.5593634663265918,False,support
18,audio,5,28,"[29, 30, 31, 32, 33]",,,,not_applicable,,,unresolved,Negative,Neutral,0.033795827357085306,-0.002322249114513397,0.557116832082089,False,support
18,audio,5,29,"[30, 31, 32, 33, 34]",,,,not_applicable,,,unresolved,Negative,Neutral,0.045992586300423466,-0.00653994083404541,0.5549601310402767,False,support
18,audio,5,30,"[31, 32, 33, 34, 35]",,,,not_applicable,,,unresolved,Negative,Neutral,0.028946802558166285,-0.00299786776304245,0.5583460186729436,False,support
18,audio,5,31,"[32, 33, 34, 35, 36]",,,,not_applicable,,,unresolved,Negative,Neutral,0.017368519200706256,0.0012740343809127808,0.5608220096315557,False,support
18,audio,5,32,"[33, 34, 35, 36, 37]",,,,not_applicable,,,unresolved,Negative,Neutral,0.014450732538828004,0.0027912259101867676,0.5617817588062715,False,support
18,audio,5,33,"[34, 35, 36, 37, 38]",,,,not_applicable,,,unresolved,Negative,Neutral,0.011046414959850814,0.005573645234107971,0.5627910356007483,False,support
18,audio,5,34,"[35, 36, 37, 38, 39]",,,,not_applicable,,,unresolved,Negative,Neutral,-0.00911828967636752,0.01043805480003357,0.567029905570451,False,oppose
18,audio,5,35,"[36, 37, 38, 39, 40]",,,,not_applicable,,,unresolved,Negative,Neutral,-0.01609388361022157,0.016768626868724823,0.5693244731238793,False,oppose
18,audio,5,36,"[37, 38, 39, 40, 41]",,,,not_applicable,,,unresolved,Negative,Neutral,-0.052034726388090036,0.025609716773033142,0.5768852884218714,True,oppose
18,audio,5,37,"[38, 39, 40, 41, 42]",,,,not_applicable,,,unresolved,Negative,Neutral,-0.0722192083502996,0.027919501066207886,0.5804529963610501,False,oppose
18,audio,5,38,"[39, 40, 41, 42, 43]",,,,not_applicable,,,unresolved,Negative,Neutral,-0.08054903902792232,0.030034318566322327,0.5821375349517568,False,oppose
18,audio,5,39,"[40, 41, 42, 43, 44]",,,,not_applicable,,,unresolved,Negative,Neutral,-0.08370575214397513,0.031202897429466248,0.5825679223718135,True,oppose
18,audio,5,40,"[41, 42, 43, 44, 45]",,,,not_applicable,,,unresolved,Negative,Neutral,-0.057646291937120675,0.02039310336112976,0.5766387521458355,False,oppose
18,audio,5,41,"[42, 43, 44, 45, 46]",,,,not_applicable,,,unresolved,Negative,Neutral,-0.014008371670525599,0.0067184194922447205,0.5674060371739704,False,oppose
18,audio,5,42,"[43, 44, 45, 46, 47]",,,,not_applicable,,,unresolved,Negative,Neutral,0.0124552853328036,-0.0004690438508987427,0.5619972154117802,False,support
18,audio,5,43,"[44, 45, 46, 47, 48]",,,,not_applicable,,,unresolved,Negative,Neutral,0.02222172805004452,-0.00399896502494812,0.5600199537103241,False,support
18,vision,1,0,[1],,,,not_applicable,,,unresolved,Negative,Neutral,0.002605485275068098,9.801238775253296e-05,0.5617181803542314,False,support
18,vision,1,1,[2],,,,not_applicable,,,unresolved,Negative,Neutral,0.003902448754851684,-0.00034524500370025635,0.5614146370918728,False,support
18,vision,1,2,[3],,,,not_applicable,,,unresolved,Negative,Neutral,0.0060153232040700555,-0.0007967501878738403,0.5610249411521093,False,support
18,vision,1,3,[4],,,,not_applicable,,,unresolved,Negative,Neutral,0.0036344556339737988,-0.0008029788732528687,0.5614286919200149,False,support
18,vision,1,4,[5],,,,not_applicable,,,unresolved,Negative,Neutral,-5.4183530975748795e-05,0.00041694194078445435,0.5621611305338469,True,oppose
18,vision,1,5,[6],,,,not_applicable,,,unresolved,Negative,Neutral,0.00522315493186698,-0.0009826123714447021,0.5610322056287319,False,support
18,vision,1,6,[7],,,,not_applicable,,,unresolved,Negative,Neutral,0.00496159348278713,-0.00035863369703292847,0.5611547201495377,False,support
18,vision,1,7,[8],,,,not_applicable,,,unresolved,Negative,Neutral,0.0031355380398003785,-0.00027205049991607666,0.561359705054164,False,support
18,vision,1,8,[9],,,,not_applicable,,,unresolved,Negative,Neutral,0.0049784146623266246,-0.001257777214050293,0.5609091001112001,False,support
18,vision,1,9,[10],,,,not_applicable,,,unresolved,Negative,Neutral,0.006367917671869616,-0.0011420100927352905,0.5607784609218157,False,support
18,vision,1,10,[11],,,,not_applicable,,,unresolved,Negative,Neutral,0.007451882263434628,-0.002219945192337036,0.5605103122286308,False,support
18,vision,1,11,[12],,,,not_applicable,,,unresolved,Negative,Neutral,0.003959137287725234,-0.0012892112135887146,0.5612364963896687,False,support
18,vision,1,12,[13],,,,not_applicable,,,unresolved,Negative,Neutral,0.0026813428101358783,-0.0006434619426727295,0.5614365947605081,False,support
18,vision,1,13,[14],,,,not_applicable,,,unresolved,Negative,Neutral,0.003742837812130695,-0.0010949298739433289,0.5611958465195359,False,support
18,vision,1,14,[15],,,,not_applicable,,,unresolved,Negative,Neutral,0.002373592931189994,-0.0009570866823196411,0.5615120000226863,False,support
18,vision,1,15,[16],,,,not_applicable,,,unresolved,Negative,Neutral,0.0019287937736385263,-0.0011675208806991577,0.5615899633825188,False,support
18,vision,1,16,[17],,,,not_applicable,,,unresolved,Negative,Neutral,0.0058813256163109395,-0.0026129037141799927,0.560820963822359,False,support
18,vision,1,17,[18],,,,not_applicable,,,unresolved,Negative,Neutral,-0.0003878214009668257,-0.0010223090648651123,0.5618842485443486,True,oppose
18,vision,1,18,[19],,,,not_applicable,,,unresolved,Negative,Neutral,0.0048442917478268566,-0.0005997121334075928,0.5612171095848112,False,support
18,vision,1,19,[20],,,,not_applicable,,,unresolved,Negative,Neutral,0.002487859974172446,-0.0003835409879684448,0.5616728338733982,False,support
18,vision,1,20,[21],,,,not_applicable,,,unresolved,Negative,Neutral,-0.0005286930045069749,0.0004549771547317505,0.5622411907113241,True,oppose
18,vision,1,21,[22],,,,not_applicable,,,unresolved,Negative,Neutral,0.0004850517996596304,-4.0337443351745605e-05,0.562047582209331,False,support
18,vision,1,22,[23],,,,not_applicable,,,unresolved,Negative,Neutral,0.007870724567692888,-0.001154780387878418,0.5607953519518105,False,support
18,vision,1,23,[24],,,,not_applicable,,,unresolved,Negative,Neutral,0.011085470694067512,-0.002485498785972595,0.5599421929106421,False,support
18,vision,1,24,[25],,,,not_applicable,,,unresolved,Negative,Neutral,0.009600654423928767,-0.0012539029121398926,0.5603583313559325,False,support
18,vision,1,25,[26],,,,not_applicable,,,unresolved,Negative,Neutral,0.01623730921385591,-0.0025376155972480774,0.5591769599208635,False,support
18,vision,1,26,[27],,,,not_applicable,,,unresolved,Negative,Neutral,0.012842980833696949,-0.00179281085729599,0.5600400224026416,False,support
18,vision,1,27,[28],,,,not_applicable,,,unresolved,Negative,Neutral,0.011241747444513006,-0.0012458115816116333,0.5602352081450507,False,support
18,vision,1,28,[29],,,,not_applicable,,,unresolved,Negative,Neutral,0.02894286315036443,-0.006413593888282776,0.5560513579259327,False,support
18,vision,1,29,[30],,,,not_applicable,,,unresolved,Negative,Neutral,0.0051597248455469424,-0.0005990415811538696,0.5611662213846651,False,support
18,vision,1,30,[31],,,,not_applicable,,,unresolved,Negative,Neutral,0.001906190496996918,0.00022322684526443481,0.5618633243553883,False,support
18,vision,1,31,[32],,,,not_applicable,,,unresolved,Negative,Neutral,0.029071197736098342,-0.0077802687883377075,0.5558497033248204,False,support
18,vision,1,32,[33],,,,not_applicable,,,unresolved,Negative,Neutral,0.006665100844819527,-0.0014324560761451721,0.5608369937910354,False,support
18,vision,1,33,[34],,,,not_applicable,,,unresolved,Negative,Neutral,0.0012482928560474393,-1.2040138244628906e-05,0.5618445971386009,False,support
18,vision,1,34,[35],,,,not_applicable,,,unresolved,Negative,Neutral,0.043300929045516745,-0.01207885891199112,0.5523296380805178,False,support
18,vision,1,35,[36],,,,not_applicable,,,unresolved,Negative,Neutral,0.02756458704272191,-0.007971599698066711,0.5558228176525737,False,support
18,vision,1,36,[37],,,,not_applicable,,,unresolved,Negative,Neutral,0.004906031314796611,-0.0010385587811470032,0.5611214523510458,False,support
18,vision,1,37,[38],,,,not_applicable,,,unresolved,Negative,Neutral,0.004689017276987673,-0.0005746632814407349,0.5611902417594592,False,support
18,vision,1,38,[39],,,,not_applicable,,,unresolved,Negative,Neutral,0.014852694925384213,-0.004237465560436249,0.558886382804722,False,support
18,vision,1,39,[40],,,,not_applicable,,,unresolved,Negative,Neutral,0.08855437296212487,-0.023435965180397034,0.5425420755623211,False,support
18,vision,1,40,[41],,,,not_applicable,,,unresolved,Negative,Neutral,0.016629171673287257,-0.004278436303138733,0.558522329352033,False,support
18,vision,1,41,[42],,,,not_applicable,,,unresolved,Negative,Neutral,0.006914238997123623,-0.0012866556644439697,0.5609854511396114,False,support
18,vision,1,42,[43],,,,not_applicable,,,unresolved,Negative,Neutral,0.011598565970680097,-0.0022602379322052,0.5599253574758014,False,support
18,vision,1,43,[44],,,,not_applicable,,,unresolved,Negative,Neutral,0.002783068196919092,1.3113021850585938e-05,0.561688569166498,False,support
18,vision,1,44,[45],,,,not_applicable,,,unresolved,Negative,Neutral,0.007691573300322219,-0.0011869966983795166,0.5604401476934752,False,support
18,vision,1,45,[46],,,,not_applicable,,,unresolved,Negative,Neutral,0.005468105025834613,-0.0014545843005180359,0.5606650348947643,False,support
18,vision,1,46,[47],,,,not_applicable,,,unresolved,Negative,Neutral,0.006415032469197279,-0.0016456842422485352,0.5604781353345463,False,support
18,vision,1,47,[48],,,,not_applicable,,,unresolved,Negative,Neutral,0.008409323374969357,-0.0014537423849105835,0.5601807909598993,False,support
18,vision,3,0,"[1, 2, 3]",,,,not_applicable,,,unresolved,Negative,Neutral,0.012940616437573382,-0.0011820420622825623,0.5602970309863222,False,support
18,vision,3,1,"[2, 3, 4]",,,,not_applicable,,,unresolved,Negative,Neutral,0.013927394579834051,-0.0020694732666015625,0.5600155019713723,False,support
18,vision,3,2,"[3, 4, 5]",,,,not_applicable,,,unresolved,Negative,Neutral,0.009931466075538187,-0.0012942180037498474,0.5607740076872744,False,support
18,vision,3,3,"[4, 5, 6]",,,,not_applicable,,,unresolved,Negative,Neutral,0.009161916413103488,-0.0015015453100204468,0.560775918694092,False,support
18,vision,3,4,"[5, 6, 7]",,,,not_applicable,,,unresolved,Negative,Neutral,0.010492750337330103,-0.0010533034801483154,0.5605010262933677,False,support
18,vision,3,5,"[6, 7, 8]",,,,not_applicable,,,unresolved,Negative,Neutral,0.013796184082487617,-0.0017630234360694885,0.5596720613421101,False,support
18,vision,3,6,"[7, 8, 9]",,,,not_applicable,,,unresolved,Negative,Neutral,0.013646262550414456,-0.0020573437213897705,0.559536600768798,False,support
18,vision,3,7,"[8, 9, 10]",,,,not_applicable,,,unresolved,Negative,Neutral,0.015177366551159532,-0.002866305410861969,0.5591372500019569,False,support
18,vision,3,8,"[9, 10, 11]",,,,not_applicable,,,unresolved,Negative,Neutral,0.019439515563924203,-0.004814408719539642,0.55829918120806,False,support
18,vision,3,9,"[10, 11, 12]",,,,not_applicable,,,unresolved,Negative,Neutral,0.018458125504863476,-0.004855290055274963,0.5586140270933131,False,support
18,vision,3,10,"[11, 12, 13]",,,,not_applicable,,,unresolved,Negative,Neutral,0.014666939578865112,-0.004353225231170654,0.5592916853282919,False,support
18,vision,3,11,"[12, 13, 14]",,,,not_applicable,,,unresolved,Negative,Neutral,0.010868997713802786,-0.003205418586730957,0.5599980522342768,False,support
18,vision,3,12,"[13, 14, 15]",,,,not_applicable,,,unresolved,Negative,Neutral,0.009258110229355077,-0.0028560012578964233,0.5602831903830664,False,support
18,vision,3,13,"[14, 15, 16]",,,,not_applicable,,,unresolved,Negative,Neutral,0.008582745978477191,-0.003389030694961548,0.5604308892834178,False,support
18,vision,3,14,"[15, 16, 17]",,,,not_applicable,,,unresolved,Negative,Neutral,0.010850151933237018,-0.004927292466163635,0.5600363424684637,False,support
18,vision,3,15,"[16, 17, 18]",,,,not_applicable,,,unresolved,Negative,Neutral,0.008181302290336756,-0.005015477538108826,0.5603992147604577,False,support
18,vision,3,16,"[17, 18, 19]",,,,not_applicable,,,unresolved,Negative,Neutral,0.011038884972837448,-0.004438132047653198,0.560028964110799,False,support
18,vision,3,17,"[18, 19, 20]",,,,not_applicable,,,unresolved,Negative,Neutral,0.007383378056050494,-0.0021463483572006226,0.5609285843844106,False,support
18,vision,3,18,"[19, 20, 21]",,,,not_applicable,,,unresolved,Negative,Neutral,0.007063291484004308,-0.0006239414215087891,0.5613148509232706,False,support
18,vision,3,19,"[20, 21, 22]",,,,not_applicable,,,unresolved,Negative,Neutral,0.002516583454581389,-1.506507396697998e-05,0.5621869171543912,False,support
18,vision,3,20,"[21, 22, 23]",,,,not_applicable,,,unresolved,Negative,Neutral,0.008080280680516472,-0.0008105263113975525,0.5612731419755362,False,support
18,vision,3,21,"[22, 23, 24]",,,,not_applicable,,,unresolved,Negative,Neutral,0.019907614546076813,-0.003778405487537384,0.5589340867444841,False,support
18,vision,3,22,"[23, 24, 25]",,,,not_applicable,,,unresolved,Negative,Neutral,0.029299861905920266,-0.0050413161516189575,0.5571882192195415,False,support
18,vision,3,23,"[24, 25, 26]",,,,not_applicable,,,unresolved,Negative,Neutral,0.037797127467461666,-0.006463795900344849,0.5555366198573137,False,support
18,vision,3,24,"[25, 26, 27]",,,,not_applicable,,,unresolved,Negative,Neutral,0.03975176587108553,-0.005853578448295593,0.5555834250177689,False,support
18,vision,3,25,"[26, 27, 28]",,,,not_applicable,,,unresolved,Negative,Neutral,0.04158510038254826,-0.005908884108066559,0.5554102092992578,False,support
18,vision,3,26,"[27, 28, 29]",,,,not_applicable,,,unresolved,Negative,Neutral,0.05464452911108053,-0.009840652346611023,0.5522055346731015,False,support
18,vision,3,27,"[28, 29, 30]",,,,not_applicable,,,unresolved,Negative,Neutral,0.04656433237863733,-0.008571088314056396,0.5534209461120129,False,support
18,vision,3,28,"[29, 30, 31]",,,,not_applicable,,,unresolved,Negative,Neutral,0.03678206001663842,-0.007041111588478088,0.5551475834358068,False,support
18,vision,3,29,"[30, 31, 32]",,,,not_applicable,,,unresolved,Negative,Neutral,0.036940154011733894,-0.008426204323768616,0.554937076017653,False,support
18,vision,3,30,"[31, 32, 33]",,,,not_applicable,,,unresolved,Negative,Neutral,0.03875082168520505,-0.009326256811618805,0.5545427553818398,False,support
18,vision,3,31,"[32, 33, 34]",,,,not_applicable,,,unresolved,Negative,Neutral,0.03822815990541384,-0.009573251008987427,0.5544954551687912,False,support
18,vision,3,32,"[33, 34, 35]",,,,not_applicable,,,unresolved,Negative,Neutral,0.05273518100701391,-0.01393347978591919,0.5509072751236861,False,support
18,vision,3,33,"[34, 35, 36]",,,,not_applicable,,,unresolved,Negative,Neutral,0.07492593571664263,-0.020706862211227417,0.5455709754677421,False,support
18,vision,3,34,"[35, 36, 37]",,,,not_applicable,,,unresolved,Negative,Neutral,0.07851394210392137,-0.02166713774204254,0.544858043746452,False,support
18,vision,3,35,"[36, 37, 38]",,,,not_applicable,,,unresolved,Negative,Neutral,0.03810632384001522,-0.009846776723861694,0.5541529745155845,False,support
18,vision,3,36,"[37, 38, 39]",,,,not_applicable,,,unresolved,Negative,Neutral,0.025316208659020623,-0.006091803312301636,0.5572406248979069,False,support
18,vision,3,37,"[38, 39, 40]",,,,not_applicable,,,unresolved,Negative,Neutral,0.10971893330479165,-0.02866828441619873,0.5384491673458234,False,support
18,vision,3,38,"[39, 40, 41]",,,,not_applicable,,,unresolved,Negative,Neutral,0.12431683498124002,-0.03284767270088196,0.5351796594733783,False,support
18,vision,3,39,"[40, 41, 42]",,,,not_applicable,,,unresolved,Negative,Neutral,0.1147419097435941,-0.029543563723564148,0.5376763476646178,False,support
18,vision,3,40,"[41, 42, 43]",,,,not_applicable,,,unresolved,Negative,Neutral,0.03510881183693959,-0.007761232554912567,0.5556737494361725,False,support
18,vision,3,41,"[42, 43, 44]",,,,not_applicable,,,unresolved,Negative,Neutral,0.021396072603306338,-0.0035149306058883667,0.5588126368080558,False,support
18,vision,3,42,"[43, 44, 45]",,,,not_applicable,,,unresolved,Negative,Neutral,0.022346674328776128,-0.0034669041633605957,0.5582286537865397,False,support
18,vision,3,43,"[44, 45, 46]",,,,not_applicable,,,unresolved,Negative,Neutral,0.01643537348575097,-0.0027189403772354126,0.5589235531744763,False,support
18,vision,3,44,"[45, 46, 47]",,,,not_applicable,,,unresolved,Negative,Neutral,0.020351803192747764,-0.004450395703315735,0.5576478537900879,False,support
18,vision,3,45,"[46, 47, 48]",,,,not_applicable,,,unresolved,Negative,Neutral,0.02124466106455236,-0.00475919246673584,0.5573523058891249,False,support
18,vision,5,0,"[1, 2, 3, 4, 5]",,,,not_applicable,,,unresolved,Negative,Neutral,0.017458681031208623,-0.0018859058618545532,0.5599087921645888,False,support
18,vision,5,1,"[2, 3, 4, 5, 6]",,,,not_applicable,,,unresolved,Negative,Neutral,0.02000124444172169,-0.002948969602584839,0.559233175773311,False,support
18,vision,5,2,"[3, 4, 5, 6, 7]",,,,not_applicable,,,unresolved,Negative,Neutral,0.020973150392475715,-0.0029338374733924866,0.5589895191754699,False,support
18,vision,5,3,"[4, 5, 6, 7, 8]",,,,not_applicable,,,unresolved,Negative,Neutral,0.018348229911151925,-0.0024834126234054565,0.5592738562280377,False,support
18,vision,5,4,"[5, 6, 7, 8, 9]",,,,not_applicable,,,unresolved,Negative,Neutral,0.019859349491770817,-0.0029804110527038574,0.5587308820143421,False,support
18,vision,5,5,"[6, 7, 8, 9, 10]",,,,not_applicable,,,unresolved,Negative,Neutral,0.026572878610747863,-0.00458989292383194,0.5572824085501875,False,support
18,vision,5,6,"[7, 8, 9, 10, 11]",,,,not_applicable,,,unresolved,Negative,Neutral,0.02903741839117502,-0.005884841084480286,0.5567184959758539,False,support
18,vision,5,7,"[8, 9, 10, 11, 12]",,,,not_applicable,,,unresolved,Negative,Neutral,0.028211038903253383,-0.006873577833175659,0.5567669789408195,False,support
18,vision,5,8,"[9, 10, 11, 12, 13]",,,,not_applicable,,,unresolved,Negative,Neutral,0.027463605711279815,-0.007211536169052124,0.5569006636703405,False,support
18,vision,5,9,"[10, 11, 12, 13, 14]",,,,not_applicable,,,unresolved,Negative,Neutral,0.026187814158759593,-0.007042184472084045,0.5571927050865577,False,support
18,vision,5,10,"[11, 12, 13, 14, 15]",,,,not_applicable,,,unresolved,Negative,Neutral,0.02213609412215156,-0.006851330399513245,0.5579465151751357,False,support
18,vision,5,11,"[12, 13, 14, 15, 16]",,,,not_applicable,,,unresolved,Negative,Neutral,0.016509040895463456,-0.005756020545959473,0.559064979288695,False,support
18,vision,5,12,"[13, 14, 15, 16, 17]",,,,not_applicable,,,unresolved,Negative,Neutral,0.018544741887835614,-0.0070890262722969055,0.5586418226079416,False,support
18,vision,5,13,"[14, 15, 16, 17, 18]",,,,not_applicable,,,unresolved,Negative,Neutral,0.015732051225427646,-0.007496647536754608,0.5590673927781332,False,support
18,vision,5,14,"[15, 16, 17, 18, 19]",,,,not_applicable,,,unresolved,Negative,Neutral,0.016824438839403322,-0.00699104368686676,0.559090744074555,False,support
18,vision,5,15,"[16, 17, 18, 19, 20]",,,,not_applicable,,,unresolved,Negative,Neutral,0.016610586587809784,-0.006348147988319397,0.5593168958349228,False,support
18,vision,5,16,"[17, 18, 19, 20, 21]",,,,not_applicable,,,unresolved,Negative,Neutral,0.013762113850173896,-0.004653088748455048,0.5600333606921251,False,support
18,vision,5,17,"[18, 19, 20, 21, 22]",,,,not_applicable,,,unresolved,Negative,Neutral,0.007792728676684235,-0.0019187480211257935,0.5613708722245453,False,support
18,vision,5,18,"[19, 20, 21, 22, 23]",,,,not_applicable,,,unresolved,Negative,Neutral,0.016193494831967414,-0.0020298808813095093,0.5602402832483899,False,support
18,vision,5,19,"[20, 21, 22, 23, 24]",,,,not_applicable,,,unresolved,Negative,Neutral,0.02246207092794772,-0.003887951374053955,0.5589690883741711,False,support
18,vision,5,20,"[21, 22, 23, 24, 25]",,,,not_applicable,,,unresolved,Negative,Neutral,0.029915909358171677,-0.004800945520401001,0.5575921128750575,False,support
18,vision,5,21,"[22, 23, 24, 25, 26]",,,,not_applicable,,,unresolved,Negative,Neutral,0.04756138447150504,-0.007973477244377136,0.5543362612013465,False,support
18,vision,5,22,"[23, 24, 25, 26, 27]",,,,not_applicable,,,unresolved,Negative,Neutral,0.06085184238074759,-0.009956732392311096,0.5521169457956072,False,support
18,vision,5,23,"[24, 25, 26, 27, 28]",,,,not_applicable,,,unresolved,Negative,Neutral,0.0643893264880725,-0.010100990533828735,0.551513169604616,False,support
18,vision,5,24,"[25, 26, 27, 28, 29]",,,,not_applicable,,,unresolved,Negative,Neutral,0.08277128674920031,-0.014167815446853638,0.5474803620143386,False,support
18,vision,5,25,"[26, 27, 28, 29, 30]",,,,not_applicable,,,unresolved,Negative,Neutral,0.07833017620773874,-0.013579681515693665,0.5482722587998938,False,support
18,vision,5,26,"[27, 28, 29, 30, 31]",,,,not_applicable,,,unresolved,Negative,Neutral,0.06365978663817073,-0.010804854333400726,0.551045187902549,False,support
18,vision,5,27,"[28, 29, 30, 31, 32]",,,,not_applicable,,,unresolved,Negative,Neutral,0.081275715028301,-0.017087459564208984,0.5465303765127562,False,support
18,vision,5,28,"[29, 30, 31, 32, 33]",,,,not_applicable,,,unresolved,Negative,Neutral,0.07642563671914437,-0.017270877957344055,0.5471840964473803,False,support
18,vision,5,29,"[30, 31, 32, 33, 34]",,,,not_applicable,,,unresolved,Negative,Neutral,0.04703632301518301,-0.010489411652088165,0.55337338245652,False,support
18,vision,5,30,"[31, 32, 33, 34, 35]",,,,not_applicable,,,unresolved,Negative,Neutral,0.0878119270644746,-0.022520489990711212,0.5439225336691477,False,support
18,vision,5,31,"[32, 33, 34, 35, 36]",,,,not_applicable,,,unresolved,Negative,Neutral,0.11656535556535841,-0.031247317790985107,0.5371255000586274,True,support
18,vision,5,32,"[33, 34, 35, 36, 37]",,,,not_applicable,,,unresolved,Negative,Neutral,0.08962555374737624,-0.023962408304214478,0.5430527313633755,False,support
18,vision,5,33,"[34, 35, 36, 37, 38]",,,,not_applicable,,,unresolved,Negative,Neutral,0.08667138406581887,-0.022893905639648438,0.5436212214947664,False,support
18,vision,5,34,"[35, 36, 37, 38, 39]",,,,not_applicable,,,unresolved,Negative,Neutral,0.1015438319880958,-0.02735835313796997,0.5403467096327119,False,support
18,vision,5,35,"[36, 37, 38, 39, 40]",,,,not_applicable,,,unresolved,Negative,Neutral,0.14706230174100088,-0.03870247304439545,0.5304463354839861,True,support
18,vision,5,36,"[37, 38, 39, 40, 41]",,,,not_applicable,,,unresolved,Negative,Neutral,0.1349578943653421,-0.034823350608348846,0.5334579840712151,False,support
18,vision,5,37,"[38, 39, 40, 41, 42]",,,,not_applicable,,,unresolved,Negative,Neutral,0.13682943840188133,-0.03500750660896301,0.5333612947694115,False,support
18,vision,5,38,"[39, 40, 41, 42, 43]",,,,not_applicable,,,unresolved,Negative,Neutral,0.14423173742637763,-0.036660224199295044,0.5319880141920851,True,support
18,vision,5,39,"[40, 41, 42, 43, 44]",,,,not_applicable,,,unresolved,Negative,Neutral,0.12951081360453032,-0.031866878271102905,0.5354195647046158,False,support
18,vision,5,40,"[41, 42, 43, 44, 45]",,,,not_applicable,,,unresolved,Negative,Neutral,0.04596070894870352,-0.008958563208580017,0.5539481206966038,False,support
18,vision,5,41,"[42, 43, 44, 45, 46]",,,,not_applicable,,,unresolved,Negative,Neutral,0.035663535236537314,-0.0063245296478271484,0.5559170744795906,False,support
18,vision,5,42,"[43, 44, 45, 46, 47]",,,,not_applicable,,,unresolved,Negative,Neutral,0.03568762536423675,-0.006835803389549255,0.555292044023852,False,support
18,vision,5,43,"[44, 45, 46, 47, 48]",,,,not_applicable,,,unresolved,Negative,Neutral,0.03298593120383542,-0.006172165274620056,0.5554388625282782,False,support
19,text,1,0,[1],People,0,6,verified,,,unresolved,Positive,Negative,-0.30619430118877955,-0.13874363899230957,0.6886141663722639,False,oppose
19,text,1,1,[2],are,7,10,verified,,,unresolved,Positive,Negative,0.022272293148583033,0.008585691452026367,0.626181730990509,False,support
19,text,1,2,[3],surprisingly,11,23,verified,,,unresolved,Positive,Negative,0.7236228458176875,0.3288387060165405,0.4825987309564029,False,support
19,text,1,3,"[4, 5]",forgiving,24,33,verified,,,unresolved,Positive,Negative,0.19313640107296337,0.13844555616378784,0.5829986923082925,False,support
19,text,1,4,[6],brands,34,40,verified,,,unresolved,Positive,Negative,-0.05487087936324786,-0.015801310539245605,0.6385310324147377,False,oppose
19,text,1,5,[7],when,41,45,verified,,,unresolved,Positive,Negative,-0.06059325214224187,-0.028707921504974365,0.6434145256472034,False,oppose
19,text,1,6,[8],they,46,50,verified,,,unresolved,Positive,Negative,-0.01024846733494078,-0.023236632347106934,0.6353750385536415,False,oppose
19,text,1,7,[9],own,51,54,verified,,,unresolved,Positive,Negative,-0.11224582626387924,-0.05891901254653931,0.6529821137454423,False,oppose
19,text,1,8,[10],up,55,57,verified,,,unresolved,Positive,Negative,0.047707231142709805,0.020394086837768555,0.6214918666509296,False,support
19,text,1,9,[11],to,58,60,verified,,,unresolved,Positive,Negative,0.042987602478497866,0.0065795183181762695,0.6243018661544412,False,support
19,text,1,10,[12],mistakes,61,69,verified,,,unresolved,Positive,Negative,0.32662019149155685,0.13563930988311768,0.5668170780162946,False,support
19,text,1,11,[13],",",69,70,verified,,,unresolved,Positive,Negative,-0.08576609136384516,-0.04134267568588257,0.6474756689402165,False,oppose
19,text,1,12,[14],and,71,74,verified,,,unresolved,Positive,Negative,-0.16211175127614763,-0.06738042831420898,0.6607061613033112,False,oppose
19,text,1,13,[15],unfortunately,75,88,verified,,,unresolved,Positive,Negative,-0.030185408308063044,-0.0027076005935668945,0.6319969053426208,False,oppose
19,text,1,14,[16],some,89,93,verified,,,unresolved,Positive,Negative,-0.010973789166030423,0.03024846315383911,0.6238109390998471,False,oppose
19,text,1,15,"[17, 18]",haters,94,100,verified,,,unresolved,Positive,Negative,-0.7023468693104358,-0.21586930751800537,0.7307219548890055,False,oppose
19,text,1,16,[19],out,101,104,verified,,,unresolved,Positive,Negative,-0.13907544132217242,-0.04272407293319702,0.651623974039569,False,oppose
19,text,1,17,[20],there,105,110,verified,,,unresolved,Positive,Negative,-0.08859762292954643,-0.003880441188812256,0.6389098354901376,False,oppose
19,text,1,18,[21],love,111,115,verified,,,unresolved,Positive,Negative,0.1409153687069573,0.06625229120254517,0.6012852717717836,False,support
19,text,1,19,[22],to,116,118,verified,,,unresolved,Positive,Negative,-0.03554443144144803,-0.017309725284576416,0.6372837121153158,False,oppose
19,text,1,20,[23],point,119,124,verified,,,unresolved,Positive,Negative,0.038176065877566834,0.01617676019668579,0.6230275884260918,False,support
19,text,1,21,[24],fingers,125,132,verified,,,unresolved,Positive,Negative,-0.11839585640914319,-0.05192577838897705,0.6524493323355911,False,oppose
19,text,1,22,[25],and,133,136,verified,,,unresolved,Positive,Negative,-0.05900891726205659,-0.018796324729919434,0.6397525621794569,False,oppose
19,text,1,23,[26],jump,137,141,verified,,,unresolved,Positive,Negative,0.28500017431625635,0.1080445647239685,0.5793020480278922,False,support
19,text,1,24,[27],all,142,145,verified,,,unresolved,Positive,Negative,-0.025396711375531345,-0.016905367374420166,0.6358781323669689,False,oppose
19,text,1,25,[28],over,146,150,verified,,,unresolved,Positive,Negative,-0.14825869395511027,-0.06590402126312256,0.6589142084641948,False,oppose
19,text,1,26,"[29, 30]",imperfections,151,164,verified,,,unresolved,Positive,Negative,0.08487237726185382,0.015983402729034424,0.619436940139397,False,support
19,text,1,27,[31],",",164,165,verified,,,unresolved,Positive,Negative,-0.2855956528090988,-0.1551436185836792,0.6888709786110169,False,oppose
19,text,1,28,[32],but,166,169,verified,,,unresolved,Positive,Negative,-0.3701275156895132,-0.1224244236946106,0.6900386278500933,False,oppose
19,text,1,29,[33],for,170,173,verified,,,unresolved,Positive,Negative,-0.2788727784369842,-0.13269257545471191,0.6833004026179745,False,oppose
19,text,1,30,[34],the,174,177,verified,,,unresolved,Positive,Negative,0.04569330966010665,0.011352300643920898,0.6243649234759575,False,support
19,text,1,31,[35],most,178,182,verified,,,unresolved,Positive,Negative,-0.1212612903684891,-0.0652010440826416,0.6560616047158869,False,oppose
19,text,1,32,[36],part,183,187,verified,,,unresolved,Positive,Negative,-0.17220843097570993,-0.09039181470870972,0.6658572032919048,False,oppose
19,text,1,33,[37],",",187,188,verified,,,unresolved,Positive,Negative,0.16428203516161766,0.06354701519012451,0.5999709868902651,False,support
19,text,1,34,[38],people,189,195,verified,,,unresolved,Positive,Negative,-0.1088777859134662,-0.04898959398269653,0.6513255451570209,False,oppose
19,text,1,35,[39],understand,196,206,verified,,,unresolved,Positive,Negative,0.35193245706263676,0.16206306219100952,0.5565499206429261,False,support
19,text,3,0,"[1, 2, 3]",People are surprisingly,0,23,verified,,,unresolved,Positive,Negative,0.7969033401169975,0.3563418388366699,0.46783597308135455,True,support
19,text,3,1,"[2, 3, 4, 5]",are surprisingly forgiving,7,33,verified,,,unresolved,Positive,Negative,0.4781107182015215,0.28375065326690674,0.5207034298019542,False,support
19,text,3,2,"[3, 4, 5, 6]",surprisingly forgiving brands,11,40,verified,,,unresolved,Positive,Negative,0.4140776662864516,0.24360477924346924,0.5398343309856736,False,support
19,text,3,3,"[4, 5, 6, 7]",forgiving brands when,24,45,verified,,,unresolved,Positive,Negative,-0.028854153865617738,0.030980348587036133,0.6297692195622148,False,oppose
19,text,3,4,"[6, 7, 8]",brands when they,34,50,verified,,,unresolved,Positive,Negative,-0.19965079135423092,-0.09702646732330322,0.6692737786136513,False,oppose
19,text,3,5,"[7, 8, 9]",when they own,41,54,verified,,,unresolved,Positive,Negative,-0.001379011692682952,-0.030288100242614746,0.6371537040608817,False,oppose
19,text,3,6,"[8, 9, 10]",they own up,46,57,verified,,,unresolved,Positive,Negative,-0.03981584671886784,-0.048524558544158936,0.6440664580774432,False,oppose
19,text,3,7,"[9, 10, 11]",own up to,51,60,verified,,,unresolved,Positive,Negative,0.18821884116087262,0.03876376152038574,0.6019446140272817,False,support
19,text,3,8,"[10, 11, 12]",up to mistakes,55,69,verified,,,unresolved,Positive,Negative,0.42982056135219726,0.16537487506866455,0.5499770961157547,False,support
19,text,3,9,"[11, 12, 13]","to mistakes,",58,70,verified,,,unresolved,Positive,Negative,0.3034941355546452,0.10780531167984009,0.5761112262785916,False,support
19,text,3,10,"[12, 13, 14]","mistakes, and",61,74,verified,,,unresolved,Positive,Negative,-0.12701582090675512,-0.06147575378417969,0.6563060596822264,False,oppose
19,text,3,11,"[13, 14, 15]",", and unfortunately",69,88,verified,,,unresolved,Positive,Negative,0.005053412321490258,0.05626678466796875,0.6166149229849948,False,support
19,text,3,12,"[14, 15, 16]",and unfortunately some,71,93,verified,,,unresolved,Positive,Negative,-0.33107506980134405,-0.08679848909378052,0.6780236963290133,False,oppose
19,text,3,13,"[15, 16, 17, 18]",unfortunately some haters,75,100,verified,,,unresolved,Positive,Negative,-0.8668595230148093,-0.2624318599700928,0.7505161959004661,False,oppose
19,text,3,14,"[16, 17, 18, 19]",some haters out,89,104,verified,,,unresolved,Positive,Negative,-0.7852983755445675,-0.21539556980133057,0.7362141084582003,False,oppose
19,text,3,15,"[17, 18, 19, 20]",haters out there,94,110,verified,,,unresolved,Positive,Negative,-0.6505462758495879,-0.17662477493286133,0.7185948742214284,False,oppose
19,text,3,16,"[19, 20, 21]",out there love,101,115,verified,,,unresolved,Positive,Negative,0.16488176229657991,0.0831308364868164,0.5935236346484793,False,support
19,text,3,17,"[20, 21, 22]",there love to,105,118,verified,,,unresolved,Positive,Negative,0.13994486957619479,0.08331501483917236,0.5957608040108272,False,support
19,text,3,18,"[21, 22, 23]",love to point,111,124,verified,,,unresolved,Positive,Negative,0.14481204326880626,0.05958437919616699,0.6030487708858018,False,support
19,text,3,19,"[22, 23, 24]",to point fingers,116,132,verified,,,unresolved,Positive,Negative,0.0316741007614596,-0.018925487995147705,0.6304203203596468,False,support
19,text,3,20,"[23, 24, 25]",point fingers and,119,136,verified,,,unresolved,Positive,Negative,0.0022442470681841575,-0.0054624080657958984,0.6305494525056009,False,support
19,text,3,21,"[24, 25, 26]",fingers and jump,125,141,verified,,,unresolved,Positive,Negative,0.15589027509500575,0.05998355150222778,0.601974442663075,False,support
19,text,3,22,"[25, 26, 27]",and jump all,133,145,verified,,,unresolved,Positive,Negative,0.04500477388134683,0.014551877975463867,0.6229238760655151,False,support
19,text,3,23,"[26, 27, 28]",jump all over,137,150,verified,,,unresolved,Positive,Negative,0.22251448848972366,0.06549525260925293,0.5941212810975094,False,support
19,text,3,24,"[27, 28, 29, 30]",all over imperfections,142,164,verified,,,unresolved,Positive,Negative,-0.17062351965629996,-0.0871971845626831,0.6653554514719131,False,oppose
19,text,3,25,"[28, 29, 30, 31]","over imperfections,",146,165,verified,,,unresolved,Positive,Negative,-0.47821214290267644,-0.23284077644348145,0.7207231940052528,False,oppose
19,text,3,26,"[29, 30, 31, 32]","imperfections, but",151,169,verified,,,unresolved,Positive,Negative,-0.37389769223281166,-0.1555957794189453,0.6983308000241341,False,oppose
19,text,3,27,"[31, 32, 33]",", but for",164,173,verified,,,unresolved,Positive,Negative,-0.5082584963956052,-0.19740915298461914,0.7170727775966292,False,oppose
19,text,3,28,"[32, 33, 34]",but for the,166,177,verified,,,unresolved,Positive,Negative,-0.5178849452896774,-0.21339797973632812,0.7198694193146881,True,oppose
19,text,3,29,"[33, 34, 35]",for the most,170,182,verified,,,unresolved,Positive,Negative,-0.17982413041410172,-0.0682905912399292,0.6642642962631542,False,oppose
19,text,3,30,"[34, 35, 36]",the most part,174,187,verified,,,unresolved,Positive,Negative,-0.01315604860445041,0.01075136661529541,0.6314849262923025,False,oppose
19,text,3,31,"[35, 36, 37]","most part,",178,188,verified,,,unresolved,Positive,Negative,0.2705278016771907,0.1055414080619812,0.58234606011324,False,support
19,text,3,32,"[36, 37, 38]","part, people",183,195,verified,,,unresolved,Positive,Negative,0.09050247213567864,-0.005667746067047119,0.6239771429396868,False,support
19,text,3,33,"[37, 38, 39]",", people understand",187,206,verified,,,unresolved,Positive,Negative,0.4350056282265238,0.17106962203979492,0.5456689744934738,False,support
19,text,5,0,"[1, 2, 3, 4, 5, 6]",People are surprisingly forgiving brands,0,40,verified,,,unresolved,Positive,Negative,0.48493497844291966,0.26149559020996094,0.5272475785837346,False,support
19,text,5,1,"[2, 3, 4, 5, 6, 7]",are surprisingly forgiving brands when,7,45,verified,,,unresolved,Positive,Negative,0.4813055380392275,0.25759661197662354,0.530583792444015,False,support
19,text,5,2,"[3, 4, 5, 6, 7, 8]",surprisingly forgiving brands when they,11,50,verified,,,unresolved,Positive,Negative,0.5599039768727904,0.27747082710266113,0.5176527650367443,True,support
19,text,5,3,"[4, 5, 6, 7, 8, 9]",forgiving brands when they own,24,54,verified,,,unresolved,Positive,Negative,-0.03127306382220385,0.026466965675354004,0.6313123905581141,False,oppose
19,text,5,4,"[6, 7, 8, 9, 10]",brands when they own up,34,57,verified,,,unresolved,Positive,Negative,-0.14705237877317123,-0.09484148025512695,0.6641046762531303,False,oppose
19,text,5,5,"[7, 8, 9, 10, 11]",when they own up to,41,60,verified,,,unresolved,Positive,Negative,0.016738560151033144,-0.04685938358306885,0.6380104986746761,False,support
19,text,5,6,"[8, 9, 10, 11, 12]",they own up to mistakes,46,69,verified,,,unresolved,Positive,Negative,0.24213133096705153,0.0659494400024414,0.5912826300324435,False,support
19,text,5,7,"[9, 10, 11, 12, 13]","own up to mistakes,",51,70,verified,,,unresolved,Positive,Negative,0.1984723118274072,0.04264223575592041,0.6012234253389928,False,support
19,text,5,8,"[10, 11, 12, 13, 14]","up to mistakes, and",55,74,verified,,,unresolved,Positive,Negative,0.051403083110495795,6.651878356933594e-05,0.6265581867505446,False,support
19,text,5,9,"[11, 12, 13, 14, 15]","to mistakes, and unfortunately",58,88,verified,,,unresolved,Positive,Negative,0.379021324958727,0.19271034002304077,0.5475228027689163,False,support
19,text,5,10,"[12, 13, 14, 15, 16]","mistakes, and unfortunately some",61,93,verified,,,unresolved,Positive,Negative,-0.2348814775044854,0.021500229835510254,0.6432637948812683,False,oppose
19,text,5,11,"[13, 14, 15, 16, 17, 18]",", and unfortunately some haters",69,100,verified,,,unresolved,Positive,Negative,-0.861377559397823,-0.19228911399841309,0.7368339053520061,False,oppose
19,text,5,12,"[14, 15, 16, 17, 18, 19]",and unfortunately some haters out,71,104,verified,,,unresolved,Positive,Negative,-0.96599284446128,-0.26596760749816895,0.758147136686761,True,oppose
19,text,5,13,"[15, 16, 17, 18, 19, 20]",unfortunately some haters out there,75,110,verified,,,unresolved,Positive,Negative,-0.8315468571533866,-0.21818256378173828,0.7394935220205119,False,oppose
19,text,5,14,"[16, 17, 18, 19, 20, 21]",some haters out there love,89,115,verified,,,unresolved,Positive,Negative,-0.36108438897213957,-0.03479361534118652,0.6641362740944698,False,oppose
19,text,5,15,"[17, 18, 19, 20, 21, 22]",haters out there love to,94,118,verified,,,unresolved,Positive,Negative,-0.29378344172563686,-0.042257845401763916,0.6601244605856077,False,oppose
19,text,5,16,"[19, 20, 21, 22, 23]",out there love to point,101,124,verified,,,unresolved,Positive,Negative,0.03491258389207508,0.03972262144088745,0.6158852146140531,False,support
19,text,5,17,"[20, 21, 22, 23, 24]",there love to point fingers,105,132,verified,,,unresolved,Positive,Negative,-0.08966099957645235,-0.0028476715087890625,0.636622272489262,False,oppose
19,text,5,18,"[21, 22, 23, 24, 25]",love to point fingers and,111,136,verified,,,unresolved,Positive,Negative,0.24241381960919972,0.0735163688659668,0.5889942999558987,False,support
19,text,5,19,"[22, 23, 24, 25, 26]",to point fingers and jump,116,141,verified,,,unresolved,Positive,Negative,0.18052817639904029,0.05233806371688843,0.6006950403563839,False,support
19,text,5,20,"[23, 24, 25, 26, 27]",point fingers and jump all,119,145,verified,,,unresolved,Positive,Negative,0.0936881165322393,0.02858269214630127,0.6150326680345268,False,support
19,text,5,21,"[24, 25, 26, 27, 28]",fingers and jump all over,125,150,verified,,,unresolved,Positive,Negative,0.23361194207572844,0.07138657569885254,0.5917587502669331,False,support
19,text,5,22,"[25, 26, 27, 28, 29, 30]",and jump all over imperfections,133,164,verified,,,unresolved,Positive,Negative,-0.22580346113992933,-0.09308773279190063,0.6717340880503831,False,oppose
19,text,5,23,"[26, 27, 28, 29, 30, 31]","jump all over imperfections,",137,165,verified,,,unresolved,Positive,Negative,-0.3834162135804102,-0.19241714477539062,0.7056485418808124,False,oppose
19,text,5,24,"[27, 28, 29, 30, 31, 32]","all over imperfections, but",142,169,verified,,,unresolved,Positive,Negative,-0.5722838104261514,-0.22791457176208496,0.7272707917009514,False,oppose
19,text,5,25,"[28, 29, 30, 31, 32, 33]","over imperfections, but for",146,173,verified,,,unresolved,Positive,Negative,-0.8185563165571419,-0.33248162269592285,0.7640240730654027,True,oppose
19,text,5,26,"[29, 30, 31, 32, 33, 34]","imperfections, but for the",151,177,verified,,,unresolved,Positive,Negative,-0.4702876880841558,-0.2130746841430664,0.7174425591235662,False,oppose
19,text,5,27,"[31, 32, 33, 34, 35]",", but for the most",164,182,verified,,,unresolved,Positive,Negative,-0.4343270448637411,-0.17204689979553223,0.7077191157126792,False,oppose
19,text,5,28,"[32, 33, 34, 35, 36]",but for the most part,166,187,verified,,,unresolved,Positive,Negative,-0.39405454792894146,-0.157914400100708,0.700421290516476,False,oppose
19,text,5,29,"[33, 34, 35, 36, 37]","for the most part,",170,188,verified,,,unresolved,Positive,Negative,0.26457604861210704,0.1220288872718811,0.5805844550576031,False,support
19,text,5,30,"[34, 35, 36, 37, 38]","the most part, people",174,195,verified,,,unresolved,Positive,Negative,0.5821893138473374,0.2281479835510254,0.5204690627715748,True,support
19,text,5,31,"[35, 36, 37, 38, 39]","most part, people understand",178,206,verified,,,unresolved,Positive,Negative,0.551288158223025,0.22062325477600098,0.5248495691357066,False,support
19,audio,1,0,[1],,,,not_applicable,,,unresolved,Positive,Negative,0.00788329007056765,0.0024443864822387695,0.6282190639666531,False,support
19,audio,1,1,[2],,,,not_applicable,,,unresolved,Positive,Negative,-0.018330467314826904,-0.00857400894165039,0.6337278277551307,False,oppose
19,audio,1,2,[3],,,,not_applicable,,,unresolved,Positive,Negative,-0.041540457107003936,-0.02307075262069702,0.6385852850333051,False,oppose
19,audio,1,3,[4],,,,not_applicable,,,unresolved,Positive,Negative,-0.01043077595871511,-0.008536577224731445,0.6327648995525874,False,oppose
19,audio,1,4,[5],,,,not_applicable,,,unresolved,Positive,Negative,-0.0057774549434300715,-0.007039666175842285,0.6317686070415396,False,oppose
19,audio,1,5,[6],,,,not_applicable,,,unresolved,Positive,Negative,0.0054258143056075125,0.0034502744674682617,0.6285090406968782,False,support
19,audio,1,6,[7],,,,not_applicable,,,unresolved,Positive,Negative,-0.006189349929110799,0.0007306933403015137,0.630511321867218,False,oppose
19,audio,1,7,[8],,,,not_applicable,,,unresolved,Positive,Negative,-0.004562952124247843,0.0009328126907348633,0.6304428789765915,False,oppose
19,audio,1,8,[9],,,,not_applicable,,,unresolved,Positive,Negative,0.002935257144865755,0.005269944667816162,0.628863510354656,False,support
19,audio,1,9,[10],,,,not_applicable,,,unresolved,Positive,Negative,0.00039924067965957377,0.005480289459228516,0.6290849670034216,False,support
19,audio,1,10,[11],,,,not_applicable,,,unresolved,Positive,Negative,0.003433353351833368,0.004743814468383789,0.628607528046346,False,support
19,audio,1,11,[12],,,,not_applicable,,,unresolved,Positive,Negative,0.013633303425959031,0.007668435573577881,0.6273679645674087,False,support
19,audio,1,12,[13],,,,not_applicable,,,unresolved,Positive,Negative,0.0033437482508449357,0.0025148391723632812,0.6292410653423204,False,support
19,audio,1,13,[14],,,,not_applicable,,,unresolved,Positive,Negative,-0.00011045447967139577,-0.0005061626434326172,0.6305175597943399,False,oppose
19,audio,1,14,[15],,,,not_applicable,,,unresolved,Positive,Negative,-0.018057251973784716,-0.008861243724822998,0.633947987117987,False,oppose
19,audio,1,15,[16],,,,not_applicable,,,unresolved,Positive,Negative,-0.019505239573772037,-0.006344318389892578,0.6334536777167483,False,oppose
19,audio,1,16,[17],,,,not_applicable,,,unresolved,Positive,Negative,-0.00492118186546997,0.00041359663009643555,0.6315596939243048,False,oppose
19,audio,1,17,[18],,,,not_applicable,,,unresolved,Positive,Negative,-0.0076495155436999696,-0.0006630420684814453,0.6315228521486536,False,oppose
19,audio,1,18,[19],,,,not_applicable,,,unresolved,Positive,Negative,-0.008001150889507258,-0.004888296127319336,0.6319917170690124,False,oppose
19,audio,1,19,[20],,,,not_applicable,,,unresolved,Positive,Negative,-0.0008170960143178974,-0.0005116462707519531,0.6303330936091043,False,oppose
19,audio,1,20,[21],,,,not_applicable,,,unresolved,Positive,Negative,-0.0075205575225250065,-0.0018221139907836914,0.631433531002486,False,oppose
19,audio,1,21,[22],,,,not_applicable,,,unresolved,Positive,Negative,0.0007614055961595589,0.0002130270004272461,0.6296872453317753,False,support
19,audio,1,22,[23],,,,not_applicable,,,unresolved,Positive,Negative,0.003429545322050531,0.0020259618759155273,0.62942536320911,False,support
19,audio,1,23,[24],,,,not_applicable,,,unresolved,Positive,Negative,0.006763581954547071,9.417533874511719e-05,0.6290846213729993,False,support
19,audio,1,24,[25],,,,not_applicable,,,unresolved,Positive,Negative,0.01704364500961808,0.004539847373962402,0.6269867805107593,False,support
19,audio,1,25,[26],,,,not_applicable,,,unresolved,Positive,Negative,0.023366623114724927,0.007993340492248535,0.6257887839695161,False,support
19,audio,1,26,[27],,,,not_applicable,,,unresolved,Positive,Negative,0.0059531429602204256,0.0013121366500854492,0.6288176467307832,False,support
19,audio,1,27,[28],,,,not_applicable,,,unresolved,Positive,Negative,0.0009873459065730117,0.00018101930618286133,0.6297054752197179,False,support
19,audio,1,28,[29],,,,not_applicable,,,unresolved,Positive,Negative,0.01905479238140373,0.008826732635498047,0.6267168081416468,False,support
19,audio,1,29,[30],,,,not_applicable,,,unresolved,Positive,Negative,0.013975050649800203,0.006354331970214844,0.6272547065164807,False,support
19,audio,1,30,[31],,,,not_applicable,,,unresolved,Positive,Negative,0.005358578747139964,0.0010384321212768555,0.6290579024101786,False,support
19,audio,1,31,[32],,,,not_applicable,,,unresolved,Positive,Negative,-0.002226293688952552,0.0011672377586364746,0.6302023813511745,False,oppose
19,audio,1,32,[33],,,,not_applicable,,,unresolved,Positive,Negative,-0.03871025376186754,-0.02205425500869751,0.6381740338002129,False,oppose
19,audio,1,33,[34],,,,not_applicable,,,unresolved,Positive,Negative,-0.017367202286635353,-0.009366869926452637,0.6334113249899455,False,oppose
19,audio,1,34,[35],,,,not_applicable,,,unresolved,Positive,Negative,-0.036404482107627256,-0.018342256546020508,0.6372819300444575,False,oppose
19,audio,1,35,[36],,,,not_applicable,,,unresolved,Positive,Negative,-0.029905042633446732,-0.012809276580810547,0.6357028359035432,False,oppose
19,audio,1,36,[37],,,,not_applicable,,,unresolved,Positive,Negative,0.0066424938309572745,0.0021407008171081543,0.6287191596608448,False,support
19,audio,1,37,[38],,,,not_applicable,,,unresolved,Positive,Negative,-0.01804529033773139,-0.0075743794441223145,0.6334428835876537,False,oppose
19,audio,1,38,[39],,,,not_applicable,,,unresolved,Positive,Negative,-0.008238224880389167,0.000471651554107666,0.6307028472201117,False,oppose
19,audio,3,0,"[1, 2, 3]",,,,not_applicable,,,unresolved,Positive,Negative,-0.04949846557671478,-0.027896225452423096,0.6407094531131811,False,oppose
19,audio,3,1,"[2, 3, 4]",,,,not_applicable,,,unresolved,Positive,Negative,-0.06520678010157188,-0.037664055824279785,0.6446476688960533,False,oppose
19,audio,3,2,"[3, 4, 5]",,,,not_applicable,,,unresolved,Positive,Negative,-0.05566777842605375,-0.037594616413116455,0.6433094588240328,False,oppose
19,audio,3,3,"[4, 5, 6]",,,,not_applicable,,,unresolved,Positive,Negative,-0.010880065038728404,-0.012085258960723877,0.6337478447204794,False,oppose
19,audio,3,4,"[5, 6, 7]",,,,not_applicable,,,unresolved,Positive,Negative,-0.007076147087948681,-0.003052353858947754,0.6316200063697632,False,oppose
19,audio,3,5,"[6, 7, 8]",,,,not_applicable,,,unresolved,Positive,Negative,-0.005696700713993086,0.0050051212310791016,0.630250228574736,False,oppose
19,audio,3,6,"[7, 8, 9]",,,,not_applicable,,,unresolved,Positive,Negative,-0.008107127249203816,0.006893277168273926,0.6305851417761265,False,oppose
19,audio,3,7,"[8, 9, 10]",,,,not_applicable,,,unresolved,Positive,Negative,-0.0014198365843518523,0.011703729629516602,0.6291348408576336,False,oppose
19,audio,3,8,"[9, 10, 11]",,,,not_applicable,,,unresolved,Positive,Negative,0.00653389445887953,0.015549421310424805,0.6272919747243014,False,support
19,audio,3,9,"[10, 11, 12]",,,,not_applicable,,,unresolved,Positive,Negative,0.01699283418067199,0.017856717109680176,0.6258473800947909,False,support
19,audio,3,10,"[11, 12, 13]",,,,not_applicable,,,unresolved,Positive,Negative,0.01981866623090811,0.014852762222290039,0.6260258839458466,False,support
19,audio,3,11,"[12, 13, 14]",,,,not_applicable,,,unresolved,Positive,Negative,0.01627920105636793,0.009518802165985107,0.6279362604177902,False,support
19,audio,3,12,"[13, 14, 15]",,,,not_applicable,,,unresolved,Positive,Negative,-0.015214021183338478,-0.006963908672332764,0.6344620101417399,False,oppose
19,audio,3,13,"[14, 15, 16]",,,,not_applicable,,,unresolved,Positive,Negative,-0.037872969631223,-0.01574718952178955,0.63861508451511,False,oppose
19,audio,3,14,"[15, 16, 17]",,,,not_applicable,,,unresolved,Positive,Negative,-0.04349843170417844,-0.015019774436950684,0.6397674986078812,False,oppose
19,audio,3,15,"[16, 17, 18]",,,,not_applicable,,,unresolved,Positive,Negative,-0.034225156163792736,-0.007169842720031738,0.6375515663582646,False,oppose
19,audio,3,16,"[17, 18, 19]",,,,not_applicable,,,unresolved,Positive,Negative,-0.022361134319913822,-0.005474746227264404,0.6359977373482754,False,oppose
19,audio,3,17,"[18, 19, 20]",,,,not_applicable,,,unresolved,Positive,Negative,-0.017336030597492225,-0.006133377552032471,0.6346396087761268,False,oppose
19,audio,3,18,"[19, 20, 21]",,,,not_applicable,,,unresolved,Positive,Negative,-0.016453339868086392,-0.007091999053955078,0.6344434765746529,False,oppose
19,audio,3,19,"[20, 21, 22]",,,,not_applicable,,,unresolved,Positive,Negative,-0.008025260316093297,-0.0022355318069458008,0.6322381033742376,False,oppose
19,audio,3,20,"[21, 22, 23]",,,,not_applicable,,,unresolved,Positive,Negative,-0.0035707014920145497,0.00034797191619873047,0.6313004005229113,False,oppose
19,audio,3,21,"[22, 23, 24]",,,,not_applicable,,,unresolved,Positive,Negative,0.011020782155626963,0.0024407505989074707,0.6288884643265324,False,support
19,audio,3,22,"[23, 24, 25]",,,,not_applicable,,,unresolved,Positive,Negative,0.027551171231963822,0.006852984428405762,0.6261278514469236,False,support
19,audio,3,23,"[24, 25, 26]",,,,not_applicable,,,unresolved,Positive,Negative,0.04782525553941741,0.012949109077453613,0.6223990556903419,False,support
19,audio,3,24,"[25, 26, 27]",,,,not_applicable,,,unresolved,Positive,Negative,0.046678946522662024,0.013999223709106445,0.6222045501111646,False,support
19,audio,3,25,"[26, 27, 28]",,,,not_applicable,,,unresolved,Positive,Negative,0.03041757462969108,0.00955265760421753,0.6249941903720199,False,support
19,audio,3,26,"[27, 28, 29]",,,,not_applicable,,,unresolved,Positive,Negative,0.0258763764305181,0.010270833969116211,0.625976640601028,False,support
19,audio,3,27,"[28, 29, 30]",,,,not_applicable,,,unresolved,Positive,Negative,0.033642162398629716,0.015244066715240479,0.624455677062699,False,support
19,audio,3,28,"[29, 30, 31]",,,,not_applicable,,,unresolved,Positive,Negative,0.03805581745484454,0.01614058017730713,0.6237878148138576,True,support
19,audio,3,29,"[30, 31, 32]",,,,not_applicable,,,unresolved,Positive,Negative,0.016753603161572705,0.008443355560302734,0.6272996016520401,False,support
19,audio,3,30,"[31, 32, 33]",,,,not_applicable,,,unresolved,Positive,Negative,-0.035969724846783846,-0.020045876502990723,0.6382364668677057,False,oppose
19,audio,3,31,"[32, 33, 34]",,,,not_applicable,,,unresolved,Positive,Negative,-0.05752409343851772,-0.02981501817703247,0.6423024778623132,False,oppose
19,audio,3,32,"[33, 34, 35]",,,,not_applicable,,,unresolved,Positive,Negative,-0.08844619415199295,-0.04760855436325073,0.6486205968378957,False,oppose
19,audio,3,33,"[34, 35, 36]",,,,not_applicable,,,unresolved,Positive,Negative,-0.07951056166017667,-0.038463592529296875,0.6461834691572635,False,oppose
19,audio,3,34,"[35, 36, 37]",,,,not_applicable,,,unresolved,Positive,Negative,-0.05769190093846066,-0.028071284294128418,0.6420022088236522,False,oppose
19,audio,3,35,"[36, 37, 38]",,,,not_applicable,,,unresolved,Positive,Negative,-0.040769420591860284,-0.018003761768341064,0.6384749774456412,False,oppose
19,audio,3,36,"[37, 38, 39]",,,,not_applicable,,,unresolved,Positive,Negative,-0.019904724052922984,-0.005148351192474365,0.6336615312017754,False,oppose
19,audio,5,0,"[1, 2, 3, 4, 5]",,,,not_applicable,,,unresolved,Positive,Negative,-0.06275460568653046,-0.04187977313995361,0.645210335462173,False,oppose
19,audio,5,1,"[2, 3, 4, 5, 6]",,,,not_applicable,,,unresolved,Positive,Negative,-0.06587125102725211,-0.04120492935180664,0.6456245316504176,True,oppose
19,audio,5,2,"[3, 4, 5, 6, 7]",,,,not_applicable,,,unresolved,Positive,Negative,-0.057769629664967015,-0.034013211727142334,0.6433129135489031,False,oppose
19,audio,5,3,"[4, 5, 6, 7, 8]",,,,not_applicable,,,unresolved,Positive,Negative,-0.022287504644162848,-0.010637998580932617,0.6355193535750869,False,oppose
19,audio,5,4,"[5, 6, 7, 8, 9]",,,,not_applicable,,,unresolved,Positive,Negative,-0.00929487287609665,0.0030786991119384766,0.6317227975411465,False,oppose
19,audio,5,5,"[6, 7, 8, 9, 10]",,,,not_applicable,,,unresolved,Positive,Negative,-0.0031720219381564663,0.01563584804534912,0.6290255084482823,False,oppose
19,audio,5,6,"[7, 8, 9, 10, 11]",,,,not_applicable,,,unresolved,Positive,Negative,-0.00517115402396251,0.01709645986557007,0.6290997362998991,False,oppose
19,audio,5,7,"[8, 9, 10, 11, 12]",,,,not_applicable,,,unresolved,Positive,Negative,0.014565556648972189,0.02404153347015381,0.6259710103579856,False,support
19,audio,5,8,"[9, 10, 11, 12, 13]",,,,not_applicable,,,unresolved,Positive,Negative,0.02236672896191272,0.025604248046875,0.6247895513963798,False,support
19,audio,5,9,"[10, 11, 12, 13, 14]",,,,not_applicable,,,unresolved,Positive,Negative,0.01881562016341798,0.01945430040359497,0.6265601254618367,False,support
19,audio,5,10,"[11, 12, 13, 14, 15]",,,,not_applicable,,,unresolved,Positive,Negative,-0.00024004739309679834,0.004860877990722656,0.631523386196778,False,oppose
19,audio,5,11,"[12, 13, 14, 15, 16]",,,,not_applicable,,,unresolved,Positive,Negative,-0.02309098081423855,-0.006226658821105957,0.6363401528815877,False,oppose
19,audio,5,12,"[13, 14, 15, 16, 17]",,,,not_applicable,,,unresolved,Positive,Negative,-0.04186594110254238,-0.013437449932098389,0.6404313295037241,False,oppose
19,audio,5,13,"[14, 15, 16, 17, 18]",,,,not_applicable,,,unresolved,Positive,Negative,-0.05424052765059861,-0.016975998878479004,0.6428431353971669,False,oppose
19,audio,5,14,"[15, 16, 17, 18, 19]",,,,not_applicable,,,unresolved,Positive,Negative,-0.06174996487469575,-0.020883917808532715,0.6442138854227317,False,oppose
19,audio,5,15,"[16, 17, 18, 19, 20]",,,,not_applicable,,,unresolved,Positive,Negative,-0.0449175851598258,-0.012678384780883789,0.6407205090305403,False,oppose
19,audio,5,16,"[17, 18, 19, 20, 21]",,,,not_applicable,,,unresolved,Positive,Negative,-0.03233824017483955,-0.00782477855682373,0.6385862352533648,False,oppose
19,audio,5,17,"[18, 19, 20, 21, 22]",,,,not_applicable,,,unresolved,Positive,Negative,-0.025503139416803267,-0.007985889911651611,0.636652734974239,False,oppose
19,audio,5,18,"[19, 20, 21, 22, 23]",,,,not_applicable,,,unresolved,Positive,Negative,-0.01331014565452382,-0.005155742168426514,0.6344215905992472,False,oppose
19,audio,5,19,"[20, 21, 22, 23, 24]",,,,not_applicable,,,unresolved,Positive,Negative,0.002045519756022962,-2.104043960571289e-05,0.6314352411046994,False,support
19,audio,5,20,"[21, 22, 23, 24, 25]",,,,not_applicable,,,unresolved,Positive,Negative,0.02045675558076543,0.005139052867889404,0.6280112590169615,False,support
19,audio,5,21,"[22, 23, 24, 25, 26]",,,,not_applicable,,,unresolved,Positive,Negative,0.05219239137277998,0.01539468765258789,0.6221398991978379,True,support
19,audio,5,22,"[23, 24, 25, 26, 27]",,,,not_applicable,,,unresolved,Positive,Negative,0.05762057775381768,0.016564488410949707,0.6212044708192143,False,support
19,audio,5,23,"[24, 25, 26, 27, 28]",,,,not_applicable,,,unresolved,Positive,Negative,0.05506047654874102,0.014626026153564453,0.6215362258348532,False,support
19,audio,5,24,"[25, 26, 27, 28, 29]",,,,not_applicable,,,unresolved,Positive,Negative,0.0668462441132377,0.023128092288970947,0.6192500971008669,True,support
19,audio,5,25,"[26, 27, 28, 29, 30]",,,,not_applicable,,,unresolved,Positive,Negative,0.06322398656653072,0.02474123239517212,0.6196390577134409,False,support
19,audio,5,26,"[27, 28, 29, 30, 31]",,,,not_applicable,,,unresolved,Positive,Negative,0.04458867616640194,0.017485618591308594,0.623078858765111,False,support
19,audio,5,27,"[28, 29, 30, 31, 32]",,,,not_applicable,,,unresolved,Positive,Negative,0.03584615642438649,0.01713615655899048,0.6245894684640483,False,support
19,audio,5,28,"[29, 30, 31, 32, 33]",,,,not_applicable,,,unresolved,Positive,Negative,-0.004644951928628682,-0.005552947521209717,0.633278382947896,False,oppose
19,audio,5,29,"[30, 31, 32, 33, 34]",,,,not_applicable,,,unresolved,Positive,Negative,-0.03984917531755605,-0.02308940887451172,0.6396914308960449,False,oppose
19,audio,5,30,"[31, 32, 33, 34, 35]",,,,not_applicable,,,unresolved,Positive,Negative,-0.08639102250335662,-0.045920610427856445,0.6488100190498961,False,oppose
19,audio,5,31,"[32, 33, 34, 35, 36]",,,,not_applicable,,,unresolved,Positive,Negative,-0.11582510239130439,-0.05698347091674805,0.6541541302804772,True,oppose
19,audio,5,32,"[33, 34, 35, 36, 37]",,,,not_applicable,,,unresolved,Positive,Negative,-0.10785820738291962,-0.0562821626663208,0.6528901830606155,False,oppose
19,audio,5,33,"[34, 35, 36, 37, 38]",,,,not_applicable,,,unresolved,Positive,Negative,-0.0898779249270254,-0.043339550495147705,0.6488151850820993,False,oppose
19,audio,5,34,"[35, 36, 37, 38, 39]",,,,not_applicable,,,unresolved,Positive,Negative,-0.08175621545830514,-0.03437000513076782,0.6463938803936252,True,oppose
19,vision,1,0,[1],,,,not_applicable,,,unresolved,Positive,Negative,0.0034967324475445594,-0.001727461814880371,0.6293743246195802,False,support
19,vision,1,1,[2],,,,not_applicable,,,unresolved,Positive,Negative,0.0025593914486873315,-0.0016398429870605469,0.6295116632537683,False,support
19,vision,1,2,[3],,,,not_applicable,,,unresolved,Positive,Negative,0.002705389337600561,-0.0021306872367858887,0.6293861931058916,False,support
19,vision,1,3,[4],,,,not_applicable,,,unresolved,Positive,Negative,-0.01304400307749709,-0.0053865909576416016,0.6317738755950655,False,oppose
19,vision,1,4,[5],,,,not_applicable,,,unresolved,Positive,Negative,-0.011265719872450175,-0.0061501264572143555,0.6316993015314925,False,oppose
19,vision,1,5,[6],,,,not_applicable,,,unresolved,Positive,Negative,-0.00036044891417141844,-0.0012527704238891602,0.6297017859446143,False,oppose
19,vision,1,6,[7],,,,not_applicable,,,unresolved,Positive,Negative,0.0048371731919085725,-0.00034928321838378906,0.6289966201263959,False,support
19,vision,1,7,[8],,,,not_applicable,,,unresolved,Positive,Negative,-2.6576602280892203e-05,-0.002023160457611084,0.6298796784075421,False,oppose
19,vision,1,8,[9],,,,not_applicable,,,unresolved,Positive,Negative,-0.00019822833605942503,-0.0012595653533935547,0.629697246934178,False,oppose
19,vision,1,9,[10],,,,not_applicable,,,unresolved,Positive,Negative,-0.005083408356521546,-0.00377810001373291,0.6307634662255374,False,oppose
19,vision,1,10,[11],,,,not_applicable,,,unresolved,Positive,Negative,0.0015615517799676404,-0.0004456043243408203,0.6294904914791865,False,support
19,vision,1,11,[12],,,,not_applicable,,,unresolved,Positive,Negative,-0.007179120986813281,-0.004274487495422363,0.6311009685655861,False,oppose
19,vision,1,12,[13],,,,not_applicable,,,unresolved,Positive,Negative,0.004427333589738236,-0.0006506443023681641,0.6291583991610866,False,support
19,vision,1,13,[14],,,,not_applicable,,,unresolved,Positive,Negative,-0.009185694421136925,-0.006896674633026123,0.6317670599764523,False,oppose
19,vision,1,14,[15],,,,not_applicable,,,unresolved,Positive,Negative,-0.009833973179007138,-0.008255720138549805,0.6319832702493656,False,oppose
19,vision,1,15,[16],,,,not_applicable,,,unresolved,Positive,Negative,-0.0018012668851272728,-0.0029616355895996094,0.6301636100545873,False,oppose
19,vision,1,16,[17],,,,not_applicable,,,unresolved,Positive,Negative,-0.04542918517187444,-0.018135786056518555,0.6375920870649205,True,oppose
19,vision,1,17,[18],,,,not_applicable,,,unresolved,Positive,Negative,-0.02022447530215632,-0.009542107582092285,0.6332878889958059,False,oppose
19,vision,1,18,[19],,,,not_applicable,,,unresolved,Positive,Negative,-0.005674981723565731,-0.004160284996032715,0.6308371314503264,False,oppose
19,vision,1,19,[20],,,,not_applicable,,,unresolved,Positive,Negative,-0.0027955424418324437,-0.0017625093460083008,0.630077866808767,False,oppose
19,vision,1,20,[21],,,,not_applicable,,,unresolved,Positive,Negative,0.003583235125476203,0.001313328742980957,0.6287766681672634,False,support
19,vision,1,21,[22],,,,not_applicable,,,unresolved,Positive,Negative,0.008078717941456537,0.0040187835693359375,0.6279122711172702,False,support
19,vision,1,22,[23],,,,not_applicable,,,unresolved,Positive,Negative,0.008240288330001566,0.0037345290184020996,0.6279624506607423,False,support
19,vision,1,23,[24],,,,not_applicable,,,unresolved,Positive,Negative,0.006601258415438682,0.0029633045196533203,0.628274401675154,False,support
19,vision,1,24,[25],,,,not_applicable,,,unresolved,Positive,Negative,0.006803863005591326,0.002713322639465332,0.628287850365854,False,support
19,vision,1,25,[26],,,,not_applicable,,,unresolved,Positive,Negative,0.00412361127152816,0.0013338327407836914,0.6289110193622793,False,support
19,vision,1,26,[27],,,,not_applicable,,,unresolved,Positive,Negative,0.0068189939741956085,0.0017768144607543945,0.6284180865657443,False,support
19,vision,1,27,[28],,,,not_applicable,,,unresolved,Positive,Negative,0.008217566576571134,0.0030729174613952637,0.6280255911456388,False,support
19,vision,1,28,[29],,,,not_applicable,,,unresolved,Positive,Negative,-0.01829222738034275,-0.008182168006896973,0.6329237317554491,False,oppose
19,vision,1,29,[30],,,,not_applicable,,,unresolved,Positive,Negative,-0.0044543101831077125,-0.0023992061614990234,0.6304352537582322,False,oppose
19,vision,1,30,[31],,,,not_applicable,,,unresolved,Positive,Negative,0.003789903257649496,6.467103958129883e-05,0.6290754124979235,False,support
19,vision,1,31,[32],,,,not_applicable,,,unresolved,Positive,Negative,0.0013405617367130418,-0.0019500255584716797,0.6296719640651557,False,support
19,vision,1,32,[33],,,,not_applicable,,,unresolved,Positive,Negative,0.006085402057619316,0.00122755765914917,0.6286105387757003,False,support
19,vision,1,33,[34],,,,not_applicable,,,unresolved,Positive,Negative,0.0012016271748620522,-0.0012865066528320312,0.629488406896946,False,support
19,vision,1,34,[35],,,,not_applicable,,,unresolved,Positive,Negative,0.0011159599843085788,-0.0017578601837158203,0.6295903812568105,False,support
19,vision,1,35,[36],,,,not_applicable,,,unresolved,Positive,Negative,0.0004002381473326988,-0.0014792084693908691,0.6297195797524788,False,support
19,vision,1,36,[37],,,,not_applicable,,,unresolved,Positive,Negative,-0.0017257357017508301,-0.002015233039855957,0.6299901581963129,False,oppose
19,vision,1,37,[38],,,,not_applicable,,,unresolved,Positive,Negative,0.005667859095790817,0.0011804699897766113,0.6285832407886499,False,support
19,vision,1,38,[39],,,,not_applicable,,,unresolved,Positive,Negative,-0.0014160527288613611,-0.002756834030151367,0.630005094202657,False,oppose
19,vision,3,0,"[1, 2, 3]",,,,not_applicable,,,unresolved,Positive,Negative,0.00943308973467083,-0.005004763603210449,0.628855202792105,False,support
19,vision,3,1,"[2, 3, 4]",,,,not_applicable,,,unresolved,Positive,Negative,-0.007360843577588039,-0.008708417415618896,0.6312954144145214,False,oppose
19,vision,3,2,"[3, 4, 5]",,,,not_applicable,,,unresolved,Positive,Negative,-0.021697210016255575,-0.013384044170379639,0.6335656937108651,False,oppose
19,vision,3,3,"[4, 5, 6]",,,,not_applicable,,,unresolved,Positive,Negative,-0.02553902489646509,-0.012862920761108398,0.6340307148995727,False,oppose
19,vision,3,4,"[5, 6, 7]",,,,not_applicable,,,unresolved,Positive,Negative,-0.007231940502077316,-0.00782167911529541,0.6312212913004146,False,oppose
19,vision,3,5,"[6, 7, 8]",,,,not_applicable,,,unresolved,Positive,Negative,0.0041759948760417,-0.0036144256591796875,0.6293672974835011,False,support
19,vision,3,6,"[7, 8, 9]",,,,not_applicable,,,unresolved,Positive,Negative,0.004181755172491641,-0.0036683082580566406,0.6293895058673685,False,support
19,vision,3,7,"[8, 9, 10]",,,,not_applicable,,,unresolved,Positive,Negative,-0.00619046067161122,-0.007247209548950195,0.631229961818534,False,oppose
19,vision,3,8,"[9, 10, 11]",,,,not_applicable,,,unresolved,Positive,Negative,-0.004675563697553953,-0.005724906921386719,0.630860190156887,False,oppose
19,vision,3,9,"[10, 11, 12]",,,,not_applicable,,,unresolved,Positive,Negative,-0.011546387475321884,-0.008687496185302734,0.6322400650864373,False,oppose
19,vision,3,10,"[11, 12, 13]",,,,not_applicable,,,unresolved,Positive,Negative,-0.0016164254411923373,-0.005384922027587891,0.630555976268589,False,oppose
19,vision,3,11,"[12, 13, 14]",,,,not_applicable,,,unresolved,Positive,Negative,-0.012247696894965299,-0.011792361736297607,0.6328023223658537,False,oppose
19,vision,3,12,"[13, 14, 15]",,,,not_applicable,,,unresolved,Positive,Negative,-0.014545799249811475,-0.015614509582519531,0.6336063773173097,False,oppose
19,vision,3,13,"[14, 15, 16]",,,,not_applicable,,,unresolved,Positive,Negative,-0.020590936179030073,-0.017824292182922363,0.6345747760703,False,oppose
19,vision,3,14,"[15, 16, 17]",,,,not_applicable,,,unresolved,Positive,Negative,-0.05760191883171284,-0.02927464246749878,0.6404973809081724,False,oppose
19,vision,3,15,"[16, 17, 18]",,,,not_applicable,,,unresolved,Positive,Negative,-0.06875505444250418,-0.030765116214752197,0.6418853853473063,False,oppose
19,vision,3,16,"[17, 18, 19]",,,,not_applicable,,,unresolved,Positive,Negative,-0.07282899673019327,-0.0319594144821167,0.642566691525685,False,oppose
19,vision,3,17,"[18, 19, 20]",,,,not_applicable,,,unresolved,Positive,Negative,-0.029214972616011692,-0.015414714813232422,0.6349813361842057,False,oppose
19,vision,3,18,"[19, 20, 21]",,,,not_applicable,,,unresolved,Positive,Negative,-0.005018343606172593,-0.004390239715576172,0.630414864007055,False,oppose
19,vision,3,19,"[20, 21, 22]",,,,not_applicable,,,unresolved,Positive,Negative,0.008879608066597156,0.0038147568702697754,0.6274644135952487,False,support
19,vision,3,20,"[21, 22, 23]",,,,not_applicable,,,unresolved,Positive,Negative,0.019962262931901398,0.0092848539352417,0.6253420972413115,False,support
19,vision,3,21,"[22, 23, 24]",,,,not_applicable,,,unresolved,Positive,Negative,0.023300459777829685,0.010920703411102295,0.6248040956906006,False,support
19,vision,3,22,"[23, 24, 25]",,,,not_applicable,,,unresolved,Positive,Negative,0.022070660447932378,0.009578227996826172,0.6251893835453659,False,support
19,vision,3,23,"[24, 25, 26]",,,,not_applicable,,,unresolved,Positive,Negative,0.017624064976662135,0.007083535194396973,0.6262021641460718,False,support
19,vision,3,24,"[25, 26, 27]",,,,not_applicable,,,unresolved,Positive,Negative,0.017730645149678148,0.005847454071044922,0.6263714203579556,False,support
19,vision,3,25,"[26, 27, 28]",,,,not_applicable,,,unresolved,Positive,Negative,0.019063645307249022,0.006169319152832031,0.6261261367587805,True,support
19,vision,3,26,"[27, 28, 29]",,,,not_applicable,,,unresolved,Positive,Negative,-0.0034768993152660688,-0.003437519073486328,0.6301770453141508,False,oppose
19,vision,3,27,"[28, 29, 30]",,,,not_applicable,,,unresolved,Positive,Negative,-0.015048330748592686,-0.007678508758544922,0.632234868598625,False,oppose
19,vision,3,28,"[29, 30, 31]",,,,not_applicable,,,unresolved,Positive,Negative,-0.019446497594278522,-0.010649502277374268,0.6332658230360497,False,oppose
19,vision,3,29,"[30, 31, 32]",,,,not_applicable,,,unresolved,Positive,Negative,0.00038514725029059615,-0.004310131072998047,0.6299792662481648,False,support
19,vision,3,30,"[31, 32, 33]",,,,not_applicable,,,unresolved,Positive,Negative,0.011484025680221999,-0.00042819976806640625,0.628041744682621,False,support
19,vision,3,31,"[32, 33, 34]",,,,not_applicable,,,unresolved,Positive,Negative,0.009169967750146668,-0.0016573667526245117,0.6284075137007223,False,support
19,vision,3,32,"[33, 34, 35]",,,,not_applicable,,,unresolved,Positive,Negative,0.009325738162762054,-0.0013234615325927734,0.6282538952463126,False,support
19,vision,3,33,"[34, 35, 36]",,,,not_applicable,,,unresolved,Positive,Negative,0.0034489805446603627,-0.004134774208068848,0.6294039370739876,False,support
19,vision,3,34,"[35, 36, 37]",,,,not_applicable,,,unresolved,Positive,Negative,8.429553741873264e-05,-0.005057156085968018,0.6299851664786911,False,support
19,vision,3,35,"[36, 37, 38]",,,,not_applicable,,,unresolved,Positive,Negative,0.004531137647127981,-0.0021363496780395508,0.6289952272364231,False,support
19,vision,3,36,"[37, 38, 39]",,,,not_applicable,,,unresolved,Positive,Negative,0.00245153373720719,-0.0035762786865234375,0.6293374916002451,False,support
19,vision,5,0,"[1, 2, 3, 4, 5]",,,,not_applicable,,,unresolved,Positive,Negative,-0.015259796868437592,-0.0160905122756958,0.6330751392770749,False,oppose
19,vision,5,1,"[2, 3, 4, 5, 6]",,,,not_applicable,,,unresolved,Positive,Negative,-0.019735524703973772,-0.01588338613510132,0.6335184386174705,False,oppose
19,vision,5,2,"[3, 4, 5, 6, 7]",,,,not_applicable,,,unresolved,Positive,Negative,-0.017756540927238662,-0.014947116374969482,0.6331032880479085,False,oppose
19,vision,5,3,"[4, 5, 6, 7, 8]",,,,not_applicable,,,unresolved,Positive,Negative,-0.021561275703091076,-0.015328526496887207,0.6338056396902704,False,oppose
19,vision,5,4,"[5, 6, 7, 8, 9]",,,,not_applicable,,,unresolved,Positive,Negative,-0.008872155377080748,-0.011327981948852539,0.631790341134049,False,oppose
19,vision,5,5,"[6, 7, 8, 9, 10]",,,,not_applicable,,,unresolved,Positive,Negative,-0.0030126458539901924,-0.009106218814849854,0.6309178310145295,False,oppose
19,vision,5,6,"[7, 8, 9, 10, 11]",,,,not_applicable,,,unresolved,Positive,Negative,-0.000982704947394053,-0.008303463459014893,0.6306928969023838,False,oppose
19,vision,5,7,"[8, 9, 10, 11, 12]",,,,not_applicable,,,unresolved,Positive,Negative,-0.013523875780340089,-0.01228189468383789,0.6328670941326842,False,oppose
19,vision,5,8,"[9, 10, 11, 12, 13]",,,,not_applicable,,,unresolved,Positive,Negative,-0.00894402953209994,-0.010874927043914795,0.6321162858783876,False,oppose
19,vision,5,9,"[10, 11, 12, 13, 14]",,,,not_applicable,,,unresolved,Positive,Negative,-0.01722289277929001,-0.016320347785949707,0.6340483817054949,False,oppose
19,vision,5,10,"[11, 12, 13, 14, 15]",,,,not_applicable,,,unresolved,Positive,Negative,-0.02122640842152934,-0.020441293716430664,0.6351107808665054,False,oppose
19,vision,5,11,"[12, 13, 14, 15, 16]",,,,not_applicable,,,unresolved,Positive,Negative,-0.024161005166415617,-0.022692203521728516,0.635681203099283,False,oppose
19,vision,5,12,"[13, 14, 15, 16, 17]",,,,not_applicable,,,unresolved,Positive,Negative,-0.06285935367123785,-0.036657631397247314,0.6421797066663107,False,oppose
19,vision,5,13,"[14, 15, 16, 17, 18]",,,,not_applicable,,,unresolved,Positive,Negative,-0.08800521989647114,-0.04542917013168335,0.6462610032904758,True,oppose
19,vision,5,14,"[15, 16, 17, 18, 19]",,,,not_applicable,,,unresolved,Positive,Negative,-0.08521885084678626,-0.04286491870880127,0.6454559330583407,False,oppose
19,vision,5,15,"[16, 17, 18, 19, 20]",,,,not_applicable,,,unresolved,Positive,Negative,-0.07890751444944843,-0.03670394420623779,0.6437008321164146,False,oppose
19,vision,5,16,"[17, 18, 19, 20, 21]",,,,not_applicable,,,unresolved,Positive,Negative,-0.07361446660926907,-0.03238976001739502,0.6423253054436074,True,oppose
19,vision,5,17,"[18, 19, 20, 21, 22]",,,,not_applicable,,,unresolved,Positive,Negative,-0.01803001434421414,-0.009782850742340088,0.6324316346097703,False,oppose
19,vision,5,18,"[19, 20, 21, 22, 23]",,,,not_applicable,,,unresolved,Positive,Negative,0.011179162760615147,0.00370103120803833,0.6270028011197822,False,support
19,vision,5,19,"[20, 21, 22, 23, 24]",,,,not_applicable,,,unresolved,Positive,Negative,0.02416006887828237,0.010896742343902588,0.6243285463493617,False,support
19,vision,5,20,"[21, 22, 23, 24, 25]",,,,not_applicable,,,unresolved,Positive,Negative,0.03417966071302969,0.015416741371154785,0.6224837444953294,False,support
19,vision,5,21,"[22, 23, 24, 25, 26]",,,,not_applicable,,,unresolved,Positive,Negative,0.03440442831290624,0.01515960693359375,0.6227262864789808,True,support
19,vision,5,22,"[23, 24, 25, 26, 27]",,,,not_applicable,,,unresolved,Positive,Negative,0.033037769873275225,0.012714803218841553,0.6232904415647477,False,support
19,vision,5,23,"[24, 25, 26, 27, 28]",,,,not_applicable,,,unresolved,Positive,Negative,0.03284216233049264,0.012012243270874023,0.6233899922451316,False,support
19,vision,5,24,"[25, 26, 27, 28, 29]",,,,not_applicable,,,unresolved,Positive,Negative,0.007107211362532562,0.0005041956901550293,0.628226901454748,False,support
19,vision,5,25,"[26, 27, 28, 29, 30]",,,,not_applicable,,,unresolved,Positive,Negative,-0.00481582731985597,-0.004829227924346924,0.630493891562049,False,oppose
19,vision,5,26,"[27, 28, 29, 30, 31]",,,,not_applicable,,,unresolved,Positive,Negative,-0.004819199129846741,-0.005956768989562988,0.6305860143964346,False,oppose
19,vision,5,27,"[28, 29, 30, 31, 32]",,,,not_applicable,,,unresolved,Positive,Negative,-0.010560304807722076,-0.009673118591308594,0.6318694929502039,False,oppose
19,vision,5,28,"[29, 30, 31, 32, 33]",,,,not_applicable,,,unresolved,Positive,Negative,-0.012029487143132789,-0.011126399040222168,0.6323075779397351,False,oppose
19,vision,5,29,"[30, 31, 32, 33, 34]",,,,not_applicable,,,unresolved,Positive,Negative,0.008388568605651958,-0.00382387638092041,0.628697231689158,False,support
19,vision,5,30,"[31, 32, 33, 34, 35]",,,,not_applicable,,,unresolved,Positive,Negative,0.014905670983812902,-0.0028162002563476562,0.6276658885227852,True,support
19,vision,5,31,"[32, 33, 34, 35, 36]",,,,not_applicable,,,unresolved,Positive,Negative,0.012274476952449875,-0.004028797149658203,0.628174334815341,False,support
19,vision,5,32,"[33, 34, 35, 36, 37]",,,,not_applicable,,,unresolved,Positive,Negative,0.008843873276439318,-0.0042514801025390625,0.6285561184232868,False,support
19,vision,5,33,"[34, 35, 36, 37, 38]",,,,not_applicable,,,unresolved,Positive,Negative,0.007916815227774876,-0.004556417465209961,0.628628703671806,False,support
19,vision,5,34,"[35, 36, 37, 38, 39]",,,,not_applicable,,,unresolved,Positive,Negative,0.004728186830988523,-0.006404757499694824,0.6292694037816752,False,support
20,text,1,0,[1],And,0,3,verified,,,unresolved,Positive,Neutral,0.06253312122169397,0.03671729564666748,0.7953075380285974,False,support
20,text,1,1,[2],of,4,6,verified,,,unresolved,Positive,Neutral,0.0711402975356017,0.0422825813293457,0.7942713401290287,False,support
20,text,1,2,[3],course,7,13,verified,,,unresolved,Positive,Neutral,0.030403201709866767,0.019713759422302246,0.8000495596697311,False,support
20,text,1,3,[4],",",13,14,verified,,,unresolved,Positive,Neutral,0.002229748032428258,0.0009049177169799805,0.8034890426870527,False,support
20,text,1,4,[5],click,15,20,verified,,,unresolved,Positive,Neutral,0.12173321766986267,0.07601308822631836,0.7878530864355852,False,support
20,text,1,5,[6],in,21,23,verified,,,unresolved,Positive,Neutral,0.03521801361636645,0.019662022590637207,0.7990308508355244,False,support
20,text,1,6,[7],the,24,27,verified,,,unresolved,Positive,Neutral,-0.014216611999989137,-0.00930178165435791,0.8056590488806189,False,oppose
20,text,1,7,[8],link,28,32,verified,,,unresolved,Positive,Neutral,0.02123109982245608,0.0112457275390625,0.8005591242457158,False,support
20,text,1,8,[9],of,33,35,verified,,,unresolved,Positive,Neutral,-0.022148468504870955,-0.015160679817199707,0.8063718775586606,False,oppose
20,text,1,9,[10],the,36,39,verified,,,unresolved,Positive,Neutral,-0.0205132956835401,-0.013733506202697754,0.8064122784453239,False,oppose
20,text,1,10,[11],description,40,51,verified,,,unresolved,Positive,Neutral,-0.08521299050062159,-0.05515170097351074,0.8138342687364575,False,oppose
20,text,1,11,[12],of,52,54,verified,,,unresolved,Positive,Neutral,-0.014221396447903434,-0.009943366050720215,0.8050555299490213,False,oppose
20,text,1,12,[13],this,55,59,verified,,,unresolved,Positive,Neutral,0.0862775004890779,0.051277995109558105,0.7919840810580262,False,support
20,text,1,13,[14],video,60,65,verified,,,unresolved,Positive,Neutral,0.04087641389874208,0.022570371627807617,0.7980659443690314,False,support
20,text,1,14,[15],for,66,69,verified,,,unresolved,Positive,Neutral,-0.017380315744416786,-0.01281118392944336,0.8055651910165045,False,oppose
20,text,1,15,[16],more,70,74,verified,,,unresolved,Positive,Neutral,0.059489939192551855,0.03557026386260986,0.796608690854808,False,support
20,text,1,16,[17],",",74,75,verified,,,unresolved,Positive,Neutral,-0.030106378694579217,-0.01907050609588623,0.8080497386495017,False,oppose
20,text,1,17,[18],and,76,79,verified,,,unresolved,Positive,Neutral,0.05570744713162723,0.035242557525634766,0.796747747624125,False,support
20,text,1,18,[19],we,80,82,verified,,,unresolved,Positive,Neutral,-0.035576539789058614,-0.02089846134185791,0.8083865962544591,False,oppose
20,text,1,19,[20],',82,83,verified,,,unresolved,Positive,Neutral,-0.02586127626839696,-0.01696932315826416,0.8074012789278961,False,oppose
20,text,1,20,[21],ll,83,85,verified,,,unresolved,Positive,Neutral,0.06266161942050585,0.03820443153381348,0.7961446802088129,False,support
20,text,1,21,[22],have,86,90,verified,,,unresolved,Positive,Neutral,0.003976744213879169,0.0018256902694702148,0.8037819301232481,False,support
20,text,1,22,[23],more,91,95,verified,,,unresolved,Positive,Neutral,0.09888524414744593,0.05655539035797119,0.7902500136035994,False,support
20,text,1,23,[24],live,96,100,verified,,,unresolved,Positive,Neutral,0.03712101842077686,0.018039703369140625,0.7985123626995674,False,support
20,text,1,24,[25],updates,101,108,verified,,,unresolved,Positive,Neutral,0.0768669973230025,0.040021419525146484,0.7927889831521568,False,support
20,text,1,25,[26],and,109,112,verified,,,unresolved,Positive,Neutral,0.036175133793632464,0.02281200885772705,0.79907103864761,False,support
20,text,1,26,[27],a,113,114,verified,,,unresolved,Positive,Neutral,-0.012411186369664096,-0.008883118629455566,0.8051828132453804,False,oppose
20,text,1,27,[28],stock,115,120,verified,,,unresolved,Positive,Neutral,-0.07472187876494418,-0.049230098724365234,0.8128257597477264,False,oppose
20,text,1,28,[29],market,121,127,verified,,,unresolved,Positive,Neutral,-0.039837521835273115,-0.026157259941101074,0.8085894649477701,False,oppose
20,text,1,29,[30],video,128,133,verified,,,unresolved,Positive,Neutral,-0.04108761034303776,-0.03141820430755615,0.8080241553646061,False,oppose
20,text,1,30,[31],(,134,135,verified,,,unresolved,Positive,Neutral,-0.031962468056006665,-0.021398425102233887,0.8077109232150398,False,oppose
20,text,1,31,[32],wrap,135,139,verified,,,unresolved,Positive,Neutral,-0.03180925165534254,-0.022933244705200195,0.8070736046688306,False,oppose
20,text,1,32,[33],-,139,140,verified,,,unresolved,Positive,Neutral,-0.02869686905025204,-0.020154833793640137,0.8067930202574838,False,oppose
20,text,1,33,[34],up,140,142,verified,,,unresolved,Positive,Neutral,-0.036688107204413845,-0.02336251735687256,0.8084568166908693,False,oppose
20,text,1,34,[35],),142,143,verified,,,unresolved,Positive,Neutral,0.026993190906179798,0.014333367347717285,0.7999927811002497,False,support
20,text,1,35,[36],at,144,146,verified,,,unresolved,Positive,Neutral,0.02951474704456669,0.017680764198303223,0.7996412080003439,False,support
20,text,1,36,[37],the,147,150,verified,,,unresolved,Positive,Neutral,0.008906775879979456,0.006177544593811035,0.8026743095323364,False,support
20,text,1,37,[38],end,151,154,verified,,,unresolved,Positive,Neutral,0.08288639498024652,0.05034279823303223,0.792726068285189,False,support
20,text,1,38,[39],of,155,157,verified,,,unresolved,Positive,Neutral,-0.007703169233729046,-0.0073364973068237305,0.8042536400106224,False,oppose
20,text,1,39,[40],the,158,161,verified,,,unresolved,Positive,Neutral,0.02763165988435201,0.016208171844482422,0.8001509264604529,False,support
20,text,1,40,[41],day,162,165,verified,,,unresolved,Positive,Neutral,0.0794792524529031,0.047571420669555664,0.7933595087145732,False,support
20,text,1,41,[42],today,166,171,verified,,,unresolved,Positive,Neutral,-0.015794960759260235,-0.0127638578414917,0.8046054517298917,False,oppose
20,text,1,42,[43],.,171,172,verified,,,unresolved,Positive,Neutral,0.01457675485572052,0.008879542350769043,0.8020870699330266,False,support
20,text,3,0,"[1, 2, 3]",And of course,0,13,verified,,,unresolved,Positive,Neutral,0.06217574226479594,0.03393518924713135,0.7946138278908574,False,support
20,text,3,1,"[2, 3, 4]","of course,",4,14,verified,,,unresolved,Positive,Neutral,0.03036946747889213,0.014750838279724121,0.798994494183639,False,support
20,text,3,2,"[3, 4, 5]","course, click",7,20,verified,,,unresolved,Positive,Neutral,0.08912761688152293,0.05608236789703369,0.7918545122462164,False,support
20,text,3,3,"[4, 5, 6]",", click in",13,23,verified,,,unresolved,Positive,Neutral,0.13189426150365047,0.0782003402709961,0.7855100316046516,True,support
20,text,3,4,"[5, 6, 7]",click in the,15,27,verified,,,unresolved,Positive,Neutral,0.05457795013514888,0.032637834548950195,0.7962502487103411,False,support
20,text,3,5,"[6, 7, 8]",in the link,21,32,verified,,,unresolved,Positive,Neutral,0.030955591256223824,0.013843417167663574,0.7987429089393064,False,support
20,text,3,6,"[7, 8, 9]",the link of,24,35,verified,,,unresolved,Positive,Neutral,-0.02082748879592633,-0.017975926399230957,0.8051366162852531,False,oppose
20,text,3,7,"[8, 9, 10]",link of the,28,39,verified,,,unresolved,Positive,Neutral,-0.03115121928528497,-0.025658011436462402,0.8062578100504394,False,oppose
20,text,3,8,"[9, 10, 11]",of the description,33,51,verified,,,unresolved,Positive,Neutral,-0.13162380708687937,-0.08953261375427246,0.8180430106967995,False,oppose
20,text,3,9,"[10, 11, 12]",the description of,36,54,verified,,,unresolved,Positive,Neutral,-0.13003218294656915,-0.08918273448944092,0.8176591490724149,False,oppose
20,text,3,10,"[11, 12, 13]",description of this,40,59,verified,,,unresolved,Positive,Neutral,-0.049160698369371536,-0.03542006015777588,0.8078608709082651,False,oppose
20,text,3,11,"[12, 13, 14]",of this video,52,65,verified,,,unresolved,Positive,Neutral,0.018959566679360274,0.0046852827072143555,0.7993532534477067,False,support
20,text,3,12,"[13, 14, 15]",this video for,55,69,verified,,,unresolved,Positive,Neutral,0.06538371043118874,0.03477466106414795,0.7938294181447535,False,support
20,text,3,13,"[14, 15, 16]",video for more,60,74,verified,,,unresolved,Positive,Neutral,0.0424378280225548,0.018483996391296387,0.7971529849768919,False,support
20,text,3,14,"[15, 16, 17]","for more,",66,75,verified,,,unresolved,Positive,Neutral,0.017596727813808055,0.007293343544006348,0.8015833034885796,False,support
20,text,3,15,"[16, 17, 18]","more, and",70,79,verified,,,unresolved,Positive,Neutral,0.04107556663931056,0.022064566612243652,0.7986378720199612,False,support
20,text,3,16,"[17, 18, 19]",", and we",74,82,verified,,,unresolved,Positive,Neutral,0.021908847021518962,0.013065814971923828,0.8009672622187258,False,support
20,text,3,17,"[18, 19, 20]",and we',76,83,verified,,,unresolved,Positive,Neutral,0.041368802636213564,0.026046276092529297,0.7984960392576976,False,support
20,text,3,18,"[19, 20, 21]",we'll,80,85,verified,,,unresolved,Positive,Neutral,-0.01383477378790876,-0.007397651672363281,0.8060466658466634,False,oppose
20,text,3,19,"[20, 21, 22]",'ll have,82,90,verified,,,unresolved,Positive,Neutral,0.06428770231939307,0.036983489990234375,0.7962130415616953,False,support
20,text,3,20,"[21, 22, 23]",ll have more,83,95,verified,,,unresolved,Positive,Neutral,0.19050712123596547,0.10808837413787842,0.777946666126802,False,support
20,text,3,21,"[22, 23, 24]",have more live,86,100,verified,,,unresolved,Positive,Neutral,0.13424277374006555,0.07254505157470703,0.7847462852151839,False,support
20,text,3,22,"[23, 24, 25]",more live updates,91,108,verified,,,unresolved,Positive,Neutral,0.2449463205237543,0.12693077325820923,0.7668694870759413,False,support
20,text,3,23,"[24, 25, 26]",live updates and,96,112,verified,,,unresolved,Positive,Neutral,0.12478415953833144,0.06231892108917236,0.7845838563273245,False,support
20,text,3,24,"[25, 26, 27]",updates and a,101,114,verified,,,unresolved,Positive,Neutral,0.004459630123199387,-0.00440824031829834,0.8014485813372029,False,support
20,text,3,25,"[26, 27, 28]",and a stock,109,120,verified,,,unresolved,Positive,Neutral,-0.10686287958129492,-0.0709761381149292,0.8158965337617486,False,oppose
20,text,3,26,"[27, 28, 29]",a stock market,113,127,verified,,,unresolved,Positive,Neutral,-0.20456008119554658,-0.13957273960113525,0.8261253358048708,False,oppose
20,text,3,27,"[28, 29, 30]",stock market video,115,133,verified,,,unresolved,Positive,Neutral,-0.18958736491835282,-0.13207781314849854,0.8239133419169942,False,oppose
20,text,3,28,"[29, 30, 31]",market video (,121,135,verified,,,unresolved,Positive,Neutral,-0.09442130082372802,-0.06870067119598389,0.8140278807561858,False,oppose
20,text,3,29,"[30, 31, 32]",video (wrap,128,139,verified,,,unresolved,Positive,Neutral,-0.04848016484812123,-0.040474534034729004,0.8078560061803366,False,oppose
20,text,3,30,"[31, 32, 33]",(wrap-,134,140,verified,,,unresolved,Positive,Neutral,-0.044769257819281316,-0.03503537178039551,0.8077521930905968,False,oppose
20,text,3,31,"[32, 33, 34]",wrap-up,135,142,verified,,,unresolved,Positive,Neutral,-0.08250795370574693,-0.06152939796447754,0.811688143535652,False,oppose
20,text,3,32,"[33, 34, 35]",-up),139,143,verified,,,unresolved,Positive,Neutral,-0.053142702575451395,-0.0410921573638916,0.8086492257312667,False,oppose
20,text,3,33,"[34, 35, 36]",up) at,140,146,verified,,,unresolved,Positive,Neutral,-0.0236811331355975,-0.02279984951019287,0.805234678714445,False,oppose
20,text,3,34,"[35, 36, 37]",) at the,142,150,verified,,,unresolved,Positive,Neutral,0.024523568570289145,0.01008462905883789,0.7992089854676994,False,support
20,text,3,35,"[36, 37, 38]",at the end,144,154,verified,,,unresolved,Positive,Neutral,0.06949234269580895,0.036324262619018555,0.7932480510290386,False,support
20,text,3,36,"[37, 38, 39]",the end of,147,157,verified,,,unresolved,Positive,Neutral,0.03311417575357689,0.014353275299072266,0.7979667159518138,False,support
20,text,3,37,"[38, 39, 40]",end of the,151,161,verified,,,unresolved,Positive,Neutral,0.04903035592263327,0.024406790733337402,0.7959937838533186,False,support
20,text,3,38,"[39, 40, 41]",of the day,155,165,verified,,,unresolved,Positive,Neutral,0.009266503181661445,-0.001735687255859375,0.8007681080352375,False,support
20,text,3,39,"[40, 41, 42]",the day today,158,171,verified,,,unresolved,Positive,Neutral,0.09910117899682858,0.053038716316223145,0.7887610059679718,False,support
20,text,3,40,"[41, 42, 43]",day today.,162,172,verified,,,unresolved,Positive,Neutral,0.19540651246424057,0.10683107376098633,0.774915418178555,True,support
20,text,5,0,"[1, 2, 3, 4, 5]","And of course, click",0,20,verified,,,unresolved,Positive,Neutral,0.12153523536057609,0.07102644443511963,0.7860802437138575,False,support
20,text,5,1,"[2, 3, 4, 5, 6]","of course, click in",4,23,verified,,,unresolved,Positive,Neutral,0.12594764096605626,0.07232248783111572,0.78528601047735,False,support
20,text,5,2,"[3, 4, 5, 6, 7]","course, click in the",7,27,verified,,,unresolved,Positive,Neutral,0.08092203583370106,0.047545671463012695,0.7921480715117422,False,support
20,text,5,3,"[4, 5, 6, 7, 8]",", click in the link",13,32,verified,,,unresolved,Positive,Neutral,0.08544570666059759,0.04534471035003662,0.7907381801475748,False,support
20,text,5,4,"[5, 6, 7, 8, 9]",click in the link of,15,35,verified,,,unresolved,Positive,Neutral,0.05780101100255752,0.027840614318847656,0.7943128725989199,False,support
20,text,5,5,"[6, 7, 8, 9, 10]",in the link of the,21,39,verified,,,unresolved,Positive,Neutral,0.021887723715038332,0.005613923072814941,0.7989881724643202,False,support
20,text,5,6,"[7, 8, 9, 10, 11]",the link of the description,24,51,verified,,,unresolved,Positive,Neutral,-0.1427138003760291,-0.09995651245117188,0.8183463974902219,True,oppose
20,text,5,7,"[8, 9, 10, 11, 12]",link of the description of,28,54,verified,,,unresolved,Positive,Neutral,-0.11811927337957329,-0.08414053916931152,0.8150230026289349,False,oppose
20,text,5,8,"[9, 10, 11, 12, 13]",of the description of this,33,59,verified,,,unresolved,Positive,Neutral,-0.06319861864159182,-0.04781341552734375,0.8084915578792096,False,oppose
20,text,5,9,"[10, 11, 12, 13, 14]",the description of this video,36,65,verified,,,unresolved,Positive,Neutral,-0.10129808721819789,-0.07459986209869385,0.8129569578705049,False,oppose
20,text,5,10,"[11, 12, 13, 14, 15]",description of this video for,40,69,verified,,,unresolved,Positive,Neutral,-0.08963150140260878,-0.065712571144104,0.8116235478088342,False,oppose
20,text,5,11,"[12, 13, 14, 15, 16]",of this video for more,52,74,verified,,,unresolved,Positive,Neutral,0.05219388048377316,0.020334720611572266,0.7939754814543153,False,support
20,text,5,12,"[13, 14, 15, 16, 17]","this video for more,",55,75,verified,,,unresolved,Positive,Neutral,0.050190512039597346,0.023934245109558105,0.7961920131581268,False,support
20,text,5,13,"[14, 15, 16, 17, 18]","video for more, and",60,79,verified,,,unresolved,Positive,Neutral,0.03283797196025451,0.011986851692199707,0.7986750186298036,False,support
20,text,5,14,"[15, 16, 17, 18, 19]","for more, and we",66,82,verified,,,unresolved,Positive,Neutral,0.061675862252549285,0.032767653465270996,0.7952096179578247,False,support
20,text,5,15,"[16, 17, 18, 19, 20]","more, and we'",70,83,verified,,,unresolved,Positive,Neutral,0.03730049913935152,0.0191725492477417,0.799119664968913,False,support
20,text,5,16,"[17, 18, 19, 20, 21]",", and we'll",74,85,verified,,,unresolved,Positive,Neutral,-0.04098595611317646,-0.02897953987121582,0.8090704400324106,False,oppose
20,text,5,17,"[18, 19, 20, 21, 22]",and we'll have,76,90,verified,,,unresolved,Positive,Neutral,0.08909611168309306,0.051499366760253906,0.792291694441006,False,support
20,text,5,18,"[19, 20, 21, 22, 23]",we'll have more,80,95,verified,,,unresolved,Positive,Neutral,0.16051985599177754,0.09018576145172119,0.7818540363720768,False,support
20,text,5,19,"[20, 21, 22, 23, 24]",'ll have more live,82,100,verified,,,unresolved,Positive,Neutral,0.23125523866727615,0.12524127960205078,0.7709295169361754,False,support
20,text,5,20,"[21, 22, 23, 24, 25]",ll have more live updates,83,108,verified,,,unresolved,Positive,Neutral,0.3088465328128678,0.15928393602371216,0.7576197819987865,True,support
20,text,5,21,"[22, 23, 24, 25, 26]",have more live updates and,86,112,verified,,,unresolved,Positive,Neutral,0.19622408216088627,0.09979891777038574,0.7738008006896022,False,support
20,text,5,22,"[23, 24, 25, 26, 27]",more live updates and a,91,114,verified,,,unresolved,Positive,Neutral,0.2066037505463849,0.10405576229095459,0.7715154936911305,False,support
20,text,5,23,"[24, 25, 26, 27, 28]",live updates and a stock,96,120,verified,,,unresolved,Positive,Neutral,0.014323112048069353,-0.0062836408615112305,0.7986546303671829,False,support
20,text,5,24,"[25, 26, 27, 28, 29]",updates and a stock market,101,127,verified,,,unresolved,Positive,Neutral,-0.15031435281751104,-0.11076736450195312,0.818398662036847,False,oppose
20,text,5,25,"[26, 27, 28, 29, 30]",and a stock market video,109,133,verified,,,unresolved,Positive,Neutral,-0.20627763283138245,-0.146462082862854,0.82433255078407,False,oppose
20,text,5,26,"[27, 28, 29, 30, 31]",a stock market video (,113,135,verified,,,unresolved,Positive,Neutral,-0.22142081129601054,-0.15711581707000732,0.8266052080862897,True,oppose
20,text,5,27,"[28, 29, 30, 31, 32]",stock market video (wrap,115,139,verified,,,unresolved,Positive,Neutral,-0.19308983064303842,-0.13777601718902588,0.8232991391103547,False,oppose
20,text,5,28,"[29, 30, 31, 32, 33]",market video (wrap-,121,140,verified,,,unresolved,Positive,Neutral,-0.1232456716469621,-0.0919269323348999,0.8157923053648949,False,oppose
20,text,5,29,"[30, 31, 32, 33, 34]",video (wrap-up,128,142,verified,,,unresolved,Positive,Neutral,-0.0960358432938182,-0.07712137699127197,0.8120920777658029,False,oppose
20,text,5,30,"[31, 32, 33, 34, 35]",(wrap-up),134,143,verified,,,unresolved,Positive,Neutral,-0.15428116696125294,-0.11574196815490723,0.818086361361385,True,oppose
20,text,5,31,"[32, 33, 34, 35, 36]",wrap-up) at,135,146,verified,,,unresolved,Positive,Neutral,0.017739257282626042,-0.0036153793334960938,0.7980216704962368,False,support
20,text,5,32,"[33, 34, 35, 36, 37]",-up) at the,139,150,verified,,,unresolved,Positive,Neutral,-0.02628825119767786,-0.027541518211364746,0.8041640460748595,False,oppose
20,text,5,33,"[34, 35, 36, 37, 38]",up) at the end,140,154,verified,,,unresolved,Positive,Neutral,0.024373342829630662,0.003020644187927246,0.7975420201869772,False,support
20,text,5,34,"[35, 36, 37, 38, 39]",) at the end of,142,157,verified,,,unresolved,Positive,Neutral,0.04317205578469907,0.01518404483795166,0.7949299304374673,False,support
20,text,5,35,"[36, 37, 38, 39, 40]",at the end of the,144,161,verified,,,unresolved,Positive,Neutral,-0.022716563298693426,-0.02594006061553955,0.8037380685115084,False,oppose
20,text,5,36,"[37, 38, 39, 40, 41]",the end of the day,147,165,verified,,,unresolved,Positive,Neutral,-0.00025536951024140997,-0.011017799377441406,0.8008772929688294,False,oppose
20,text,5,37,"[38, 39, 40, 41, 42]",end of the day today,151,171,verified,,,unresolved,Positive,Neutral,0.10559688500207853,0.05336427688598633,0.7866105381752302,False,support
20,text,5,38,"[39, 40, 41, 42, 43]",of the day today.,155,172,verified,,,unresolved,Positive,Neutral,0.14314826145767579,0.07266998291015625,0.780654083680866,False,support
20,audio,1,0,[1],,,,not_applicable,,,unresolved,Positive,Neutral,-0.0008774142107976779,0.001694798469543457,0.8040499242050196,False,oppose
20,audio,1,1,[2],,,,not_applicable,,,unresolved,Positive,Neutral,-0.013661955309624663,-0.006539821624755859,0.8056996807292297,False,oppose
20,audio,1,2,[3],,,,not_applicable,,,unresolved,Positive,Neutral,-0.006611642884822855,-0.0022689104080200195,0.8048742937465371,False,oppose
20,audio,1,3,[4],,,,not_applicable,,,unresolved,Positive,Neutral,-0.002311444515368466,0.00027120113372802734,0.8043246853152825,False,oppose
20,audio,1,4,[5],,,,not_applicable,,,unresolved,Positive,Neutral,-0.012120074113840307,-0.005106449127197266,0.8056479457476997,False,oppose
20,audio,1,5,[6],,,,not_applicable,,,unresolved,Positive,Neutral,-0.004267729167753531,-0.0005342960357666016,0.804723969226094,False,oppose
20,audio,1,6,[7],,,,not_applicable,,,unresolved,Positive,Neutral,-0.006152804413088742,-0.0019474029541015625,0.8049589493181856,False,oppose
20,audio,1,7,[8],,,,not_applicable,,,unresolved,Positive,Neutral,-0.008381569490516716,-0.0036851167678833008,0.8052355159086088,False,oppose
20,audio,1,8,[9],,,,not_applicable,,,unresolved,Positive,Neutral,-0.006325448798221611,-0.00302278995513916,0.8049493519444213,False,oppose
20,audio,1,9,[10],,,,not_applicable,,,unresolved,Positive,Neutral,-0.009017522222604324,-0.003809213638305664,0.8053403917378568,False,oppose
20,audio,1,10,[11],,,,not_applicable,,,unresolved,Positive,Neutral,-0.002621470174726248,1.621246337890625e-05,0.804448836344323,False,oppose
20,audio,1,11,[12],,,,not_applicable,,,unresolved,Positive,Neutral,-0.0006699241160348368,0.0012537240982055664,0.8045018583869549,False,oppose
20,audio,1,12,[13],,,,not_applicable,,,unresolved,Positive,Neutral,-0.013549528238234076,-0.0060034990310668945,0.8059613182045141,False,oppose
20,audio,1,13,[14],,,,not_applicable,,,unresolved,Positive,Neutral,-0.008557240512665487,-0.004246115684509277,0.8051360807435487,False,oppose
20,audio,1,14,[15],,,,not_applicable,,,unresolved,Positive,Neutral,-0.012478893649348066,-0.006279110908508301,0.8056701722325625,False,oppose
20,audio,1,15,[16],,,,not_applicable,,,unresolved,Positive,Neutral,-0.012337930454856538,-0.005436062812805176,0.8056411245979189,False,oppose
20,audio,1,16,[17],,,,not_applicable,,,unresolved,Positive,Neutral,-0.012432062208538985,-0.00619053840637207,0.8055840748816508,False,oppose
20,audio,1,17,[18],,,,not_applicable,,,unresolved,Positive,Neutral,-0.013831608452769872,-0.0069599151611328125,0.8057492033878888,False,oppose
20,audio,1,18,[19],,,,not_applicable,,,unresolved,Positive,Neutral,-0.010842003062748073,-0.004709005355834961,0.8054984969459076,False,oppose
20,audio,1,19,[20],,,,not_applicable,,,unresolved,Positive,Neutral,-0.008762823054805358,-0.004142880439758301,0.8051904106679689,False,oppose
20,audio,1,20,[21],,,,not_applicable,,,unresolved,Positive,Neutral,-0.014822185014456757,-0.007278323173522949,0.8059710548468144,False,oppose
20,audio,1,21,[22],,,,not_applicable,,,unresolved,Positive,Neutral,-0.006871355815777136,-0.001929163932800293,0.804983905711545,False,oppose
20,audio,1,22,[23],,,,not_applicable,,,unresolved,Positive,Neutral,-0.007140425015160989,-0.0022134780883789062,0.8049393188090471,False,oppose
20,audio,1,23,[24],,,,not_applicable,,,unresolved,Positive,Neutral,-0.004232543486327067,-0.0008019208908081055,0.8046099697143023,False,oppose
20,audio,1,24,[25],,,,not_applicable,,,unresolved,Positive,Neutral,0.0026895840460787745,0.0030759572982788086,0.8036915722850829,True,support
20,audio,1,25,[26],,,,not_applicable,,,unresolved,Positive,Neutral,-0.0031452226749744128,0.0005239248275756836,0.8045566583045143,False,oppose
20,audio,1,26,[27],,,,not_applicable,,,unresolved,Positive,Neutral,-0.009712920692797722,-0.0040389299392700195,0.8053860584607047,False,oppose
20,audio,1,27,[28],,,,not_applicable,,,unresolved,Positive,Neutral,-0.001562602499076693,-0.0006229877471923828,0.8041784277354419,False,oppose
20,audio,1,28,[29],,,,not_applicable,,,unresolved,Positive,Neutral,-0.0024716555335873025,-0.0008062124252319336,0.8043294727705018,False,oppose
20,audio,1,29,[30],,,,not_applicable,,,unresolved,Positive,Neutral,-0.00041083021786025853,0.001568913459777832,0.8041966496613604,False,oppose
20,audio,1,30,[31],,,,not_applicable,,,unresolved,Positive,Neutral,0.0005488757909251074,0.002665877342224121,0.8040183747466325,False,support
20,audio,1,31,[32],,,,not_applicable,,,unresolved,Positive,Neutral,0.002592540471784366,0.0038062334060668945,0.803728424956708,False,support
20,audio,1,32,[33],,,,not_applicable,,,unresolved,Positive,Neutral,-0.00024016093035572617,0.0020159482955932617,0.8040916233293771,False,oppose
20,audio,1,33,[34],,,,not_applicable,,,unresolved,Positive,Neutral,0.0023311476659166885,0.0037908554077148438,0.8037720636266517,False,support
20,audio,1,34,[35],,,,not_applicable,,,unresolved,Positive,Neutral,-0.0006699184748144571,0.0011020898818969727,0.8040636440008878,False,oppose
20,audio,1,35,[36],,,,not_applicable,,,unresolved,Positive,Neutral,0.002609923412069337,0.003246307373046875,0.803757608383293,False,support
20,audio,1,36,[37],,,,not_applicable,,,unresolved,Positive,Neutral,-0.003684170116269758,-0.00018525123596191406,0.8046229693312869,False,oppose
20,audio,1,37,[38],,,,not_applicable,,,unresolved,Positive,Neutral,-0.005105078906236127,-0.0006452798843383789,0.8047496814496128,False,oppose
20,audio,1,38,[39],,,,not_applicable,,,unresolved,Positive,Neutral,0.005640449083162524,0.005425810813903809,0.8034089430314125,True,support
20,audio,1,39,[40],,,,not_applicable,,,unresolved,Positive,Neutral,-0.005594498312180285,-0.0011010169982910156,0.8048035403005375,False,oppose
20,audio,1,40,[41],,,,not_applicable,,,unresolved,Positive,Neutral,-0.00022823544766747972,0.0017970800399780273,0.8041770970421,False,oppose
20,audio,1,41,[42],,,,not_applicable,,,unresolved,Positive,Neutral,-0.002331942664169917,0.00026679039001464844,0.8043853630916559,False,oppose
20,audio,1,42,[43],,,,not_applicable,,,unresolved,Positive,Neutral,0.0019817197097415917,0.0023900270462036133,0.8037813167968927,False,support
20,audio,3,0,"[1, 2, 3]",,,,not_applicable,,,unresolved,Positive,Neutral,-0.021041313704705633,-0.007076621055603027,0.8066554571875738,False,oppose
20,audio,3,1,"[2, 3, 4]",,,,not_applicable,,,unresolved,Positive,Neutral,-0.02230663868755567,-0.008425593376159668,0.8069063052235068,False,oppose
20,audio,3,2,"[3, 4, 5]",,,,not_applicable,,,unresolved,Positive,Neutral,-0.020834288529710143,-0.00700986385345459,0.8068645305389909,False,oppose
20,audio,3,3,"[4, 5, 6]",,,,not_applicable,,,unresolved,Positive,Neutral,-0.018598987680664925,-0.005332231521606445,0.8067316224641716,False,oppose
20,audio,3,4,"[5, 6, 7]",,,,not_applicable,,,unresolved,Positive,Neutral,-0.022290683176837245,-0.00749051570892334,0.8073364219523981,False,oppose
20,audio,3,5,"[6, 7, 8]",,,,not_applicable,,,unresolved,Positive,Neutral,-0.018717725953807163,-0.006158113479614258,0.8069523175968133,False,oppose
20,audio,3,6,"[7, 8, 9]",,,,not_applicable,,,unresolved,Positive,Neutral,-0.02081432031629049,-0.008666157722473145,0.8071814540133657,False,oppose
20,audio,3,7,"[8, 9, 10]",,,,not_applicable,,,unresolved,Positive,Neutral,-0.02355005238765262,-0.010464787483215332,0.8075398081339621,False,oppose
20,audio,3,8,"[9, 10, 11]",,,,not_applicable,,,unresolved,Positive,Neutral,-0.0178523387152425,-0.006780385971069336,0.8067709047147066,False,oppose
20,audio,3,9,"[10, 11, 12]",,,,not_applicable,,,unresolved,Positive,Neutral,-0.012110928735366011,-0.0024945735931396484,0.8063092672370079,False,oppose
20,audio,3,10,"[11, 12, 13]",,,,not_applicable,,,unresolved,Positive,Neutral,-0.016679463587670584,-0.004705071449279785,0.8069373062329189,False,oppose
20,audio,3,11,"[12, 13, 14]",,,,not_applicable,,,unresolved,Positive,Neutral,-0.022688228615042494,-0.009009480476379395,0.8076278443485811,False,oppose
20,audio,3,12,"[13, 14, 15]",,,,not_applicable,,,unresolved,Positive,Neutral,-0.034386781242841113,-0.016505122184753418,0.8087590403278015,False,oppose
20,audio,3,13,"[14, 15, 16]",,,,not_applicable,,,unresolved,Positive,Neutral,-0.03313309206226256,-0.015913963317871094,0.808435325887513,False,oppose
20,audio,3,14,"[15, 16, 17]",,,,not_applicable,,,unresolved,Positive,Neutral,-0.036757766689103466,-0.017725825309753418,0.8088411566128915,False,oppose
20,audio,3,15,"[16, 17, 18]",,,,not_applicable,,,unresolved,Positive,Neutral,-0.03800518539516329,-0.01833176612854004,0.8089041110309652,False,oppose
20,audio,3,16,"[17, 18, 19]",,,,not_applicable,,,unresolved,Positive,Neutral,-0.036703231090359,-0.017706871032714844,0.8087922698178206,False,oppose
20,audio,3,17,"[18, 19, 20]",,,,not_applicable,,,unresolved,Positive,Neutral,-0.03331277027135693,-0.015793323516845703,0.8084462562411892,False,oppose
20,audio,3,18,"[19, 20, 21]",,,,not_applicable,,,unresolved,Positive,Neutral,-0.034182257709347796,-0.01607990264892578,0.808652165553185,False,oppose
20,audio,3,19,"[20, 21, 22]",,,,not_applicable,,,unresolved,Positive,Neutral,-0.030214853699787048,-0.013293623924255371,0.8081483465814849,False,oppose
20,audio,3,20,"[21, 22, 23]",,,,not_applicable,,,unresolved,Positive,Neutral,-0.028346587484241903,-0.011251091957092285,0.8078614982888693,False,oppose
20,audio,3,21,"[22, 23, 24]",,,,not_applicable,,,unresolved,Positive,Neutral,-0.017853701561964863,-0.0048073530197143555,0.8065232649496639,False,oppose
20,audio,3,22,"[23, 24, 25]",,,,not_applicable,,,unresolved,Positive,Neutral,-0.008525168115252502,0.00013267993927001953,0.8052778782531309,False,oppose
20,audio,3,23,"[24, 25, 26]",,,,not_applicable,,,unresolved,Positive,Neutral,-0.004715883747223204,0.0027670860290527344,0.8049211680874591,False,oppose
20,audio,3,24,"[25, 26, 27]",,,,not_applicable,,,unresolved,Positive,Neutral,-0.010317337271685822,-0.0005431175231933594,0.8057090527186457,False,oppose
20,audio,3,25,"[26, 27, 28]",,,,not_applicable,,,unresolved,Positive,Neutral,-0.014637526570508985,-0.004285693168640137,0.8061990192889814,False,oppose
20,audio,3,26,"[27, 28, 29]",,,,not_applicable,,,unresolved,Positive,Neutral,-0.01401484482349602,-0.005657792091369629,0.805981507143799,False,oppose
20,audio,3,27,"[28, 29, 30]",,,,not_applicable,,,unresolved,Positive,Neutral,-0.004558967286158344,9.894371032714844e-06,0.8047765904206594,False,oppose
20,audio,3,28,"[29, 30, 31]",,,,not_applicable,,,unresolved,Positive,Neutral,-0.002372506820230047,0.0032972097396850586,0.8046025635237196,False,oppose
20,audio,3,29,"[30, 31, 32]",,,,not_applicable,,,unresolved,Positive,Neutral,0.0026605725936983404,0.007881402969360352,0.8040027921282039,False,support
20,audio,3,30,"[31, 32, 33]",,,,not_applicable,,,unresolved,Positive,Neutral,0.0027585428027723236,0.008292078971862793,0.8039066991037235,False,support
20,audio,3,31,"[32, 33, 34]",,,,not_applicable,,,unresolved,Positive,Neutral,0.004575228220572658,0.009427309036254883,0.8036551685545646,False,support
20,audio,3,32,"[33, 34, 35]",,,,not_applicable,,,unresolved,Positive,Neutral,0.0012815234728853486,0.0067441463470458984,0.803998439084814,False,support
20,audio,3,33,"[34, 35, 36]",,,,not_applicable,,,unresolved,Positive,Neutral,0.004148102457502523,0.007989645004272461,0.8036646789437061,False,support
20,audio,3,34,"[35, 36, 37]",,,,not_applicable,,,unresolved,Positive,Neutral,-0.001856582852427957,0.004024147987365723,0.8045184771374988,False,oppose
20,audio,3,35,"[36, 37, 38]",,,,not_applicable,,,unresolved,Positive,Neutral,-0.005976717173701962,0.0024499893188476562,0.8051561737522852,False,oppose
20,audio,3,36,"[37, 38, 39]",,,,not_applicable,,,unresolved,Positive,Neutral,-0.0028862076028757233,0.0046234130859375,0.80479976803053,False,oppose
20,audio,3,37,"[38, 39, 40]",,,,not_applicable,,,unresolved,Positive,Neutral,-0.004709799783428004,0.003767728805541992,0.8049655167402392,False,oppose
20,audio,3,38,"[39, 40, 41]",,,,not_applicable,,,unresolved,Positive,Neutral,0.00013226919548614546,0.006204366683959961,0.8043991681585764,False,support
20,audio,3,39,"[40, 41, 42]",,,,not_applicable,,,unresolved,Positive,Neutral,-0.00777226054026392,0.0011069774627685547,0.8053636865735477,False,oppose
20,audio,3,40,"[41, 42, 43]",,,,not_applicable,,,unresolved,Positive,Neutral,-0.0004919223668078399,0.004456043243408203,0.8043881878430666,False,oppose
20,audio,5,0,"[1, 2, 3, 4, 5]",,,,not_applicable,,,unresolved,Positive,Neutral,-0.03487901461715803,-0.011621952056884766,0.8085457223024937,False,oppose
20,audio,5,1,"[2, 3, 4, 5, 6]",,,,not_applicable,,,unresolved,Positive,Neutral,-0.03791612126516841,-0.013741254806518555,0.8091601806829541,False,oppose
20,audio,5,2,"[3, 4, 5, 6, 7]",,,,not_applicable,,,unresolved,Positive,Neutral,-0.03080922569523037,-0.009323954582214355,0.8084950121171777,False,oppose
20,audio,5,3,"[4, 5, 6, 7, 8]",,,,not_applicable,,,unresolved,Positive,Neutral,-0.032820785369497285,-0.010898232460021973,0.8088819938510311,False,oppose
20,audio,5,4,"[5, 6, 7, 8, 9]",,,,not_applicable,,,unresolved,Positive,Neutral,-0.036815382730052804,-0.014207839965820312,0.8094897370510536,False,oppose
20,audio,5,5,"[6, 7, 8, 9, 10]",,,,not_applicable,,,unresolved,Positive,Neutral,-0.03366229870740445,-0.012873291969299316,0.8091829064401282,False,oppose
20,audio,5,6,"[7, 8, 9, 10, 11]",,,,not_applicable,,,unresolved,Positive,Neutral,-0.03205913799254767,-0.01234138011932373,0.8089188025585584,False,oppose
20,audio,5,7,"[8, 9, 10, 11, 12]",,,,not_applicable,,,unresolved,Positive,Neutral,-0.026525218393742334,-0.009152531623840332,0.8084580913809016,False,oppose
20,audio,5,8,"[9, 10, 11, 12, 13]",,,,not_applicable,,,unresolved,Positive,Neutral,-0.031613292779878455,-0.011430144309997559,0.8091631749423173,False,oppose
20,audio,5,9,"[10, 11, 12, 13, 14]",,,,not_applicable,,,unresolved,Positive,Neutral,-0.03382899181716437,-0.012669205665588379,0.8093433183940704,False,oppose
20,audio,5,10,"[11, 12, 13, 14, 15]",,,,not_applicable,,,unresolved,Positive,Neutral,-0.03745998507059878,-0.015249848365783691,0.8096910559844553,False,oppose
20,audio,5,11,"[12, 13, 14, 15, 16]",,,,not_applicable,,,unresolved,Positive,Neutral,-0.04692544557333522,-0.020627498626708984,0.8108120369870362,True,oppose
20,audio,5,12,"[13, 14, 15, 16, 17]",,,,not_applicable,,,unresolved,Positive,Neutral,-0.05810123396756239,-0.02775263786315918,0.8117783883369782,False,oppose
20,audio,5,13,"[14, 15, 16, 17, 18]",,,,not_applicable,,,unresolved,Positive,Neutral,-0.05839867714024205,-0.028693079948425293,0.8115648609208771,False,oppose
20,audio,5,14,"[15, 16, 17, 18, 19]",,,,not_applicable,,,unresolved,Positive,Neutral,-0.06050876459950327,-0.029082179069519043,0.8118942012432082,True,oppose
20,audio,5,15,"[16, 17, 18, 19, 20]",,,,not_applicable,,,unresolved,Positive,Neutral,-0.057047628914781656,-0.027002692222595215,0.8114754966170955,False,oppose
20,audio,5,16,"[17, 18, 19, 20, 21]",,,,not_applicable,,,unresolved,Positive,Neutral,-0.05944532788656276,-0.02884852886199951,0.8117859641683047,False,oppose
20,audio,5,17,"[18, 19, 20, 21, 22]",,,,not_applicable,,,unresolved,Positive,Neutral,-0.054181732253088866,-0.024767637252807617,0.8112519029416897,True,oppose
20,audio,5,18,"[19, 20, 21, 22, 23]",,,,not_applicable,,,unresolved,Positive,Neutral,-0.04753725700261491,-0.020038723945617676,0.8104730974863076,False,oppose
20,audio,5,19,"[20, 21, 22, 23, 24]",,,,not_applicable,,,unresolved,Positive,Neutral,-0.04095577931278105,-0.016083478927612305,0.8096084865992417,False,oppose
20,audio,5,20,"[21, 22, 23, 24, 25]",,,,not_applicable,,,unresolved,Positive,Neutral,-0.029694419350660306,-0.008909821510314941,0.8081673510043947,False,oppose
20,audio,5,21,"[22, 23, 24, 25, 26]",,,,not_applicable,,,unresolved,Positive,Neutral,-0.018327024811060966,-0.0012787580490112305,0.8068029232093006,False,oppose
20,audio,5,22,"[23, 24, 25, 26, 27]",,,,not_applicable,,,unresolved,Positive,Neutral,-0.021200342485571344,-0.0034064054489135742,0.8071983867541492,False,oppose
20,audio,5,23,"[24, 25, 26, 27, 28]",,,,not_applicable,,,unresolved,Positive,Neutral,-0.0162533757733474,-0.0020922422409057617,0.8065415379094213,False,oppose
20,audio,5,24,"[25, 26, 27, 28, 29]",,,,not_applicable,,,unresolved,Positive,Neutral,-0.014811580740121233,-0.0023151636123657227,0.8063061991072649,False,oppose
20,audio,5,25,"[26, 27, 28, 29, 30]",,,,not_applicable,,,unresolved,Positive,Neutral,-0.017812977145410525,-0.0038498640060424805,0.8067832975298509,False,oppose
20,audio,5,26,"[27, 28, 29, 30, 31]",,,,not_applicable,,,unresolved,Positive,Neutral,-0.014140271397029558,-0.0017627477645874023,0.8062519808173353,False,oppose
20,audio,5,27,"[28, 29, 30, 31, 32]",,,,not_applicable,,,unresolved,Positive,Neutral,-0.0016615317264272456,0.00610041618347168,0.8045772888431729,False,oppose
20,audio,5,28,"[29, 30, 31, 32, 33]",,,,not_applicable,,,unresolved,Positive,Neutral,-0.00025924186459902465,0.00871729850769043,0.8044698899284252,False,oppose
20,audio,5,29,"[30, 31, 32, 33, 34]",,,,not_applicable,,,unresolved,Positive,Neutral,0.004513812842030562,0.013268351554870605,0.8039080615351447,False,support
20,audio,5,30,"[31, 32, 33, 34, 35]",,,,not_applicable,,,unresolved,Positive,Neutral,0.004125343060442654,0.012780308723449707,0.8037966731374577,False,support
20,audio,5,31,"[32, 33, 34, 35, 36]",,,,not_applicable,,,unresolved,Positive,Neutral,0.006223364997388625,0.0134049654006958,0.8035373348992612,True,support
20,audio,5,32,"[33, 34, 35, 36, 37]",,,,not_applicable,,,unresolved,Positive,Neutral,-4.5846837479768254e-06,0.009449362754821777,0.804433135982612,False,oppose
20,audio,5,33,"[34, 35, 36, 37, 38]",,,,not_applicable,,,unresolved,Positive,Neutral,-0.004499526803380949,0.007001042366027832,0.8050397112968036,False,oppose
20,audio,5,34,"[35, 36, 37, 38, 39]",,,,not_applicable,,,unresolved,Positive,Neutral,-0.0009126016211533639,0.008773446083068848,0.8046440055225198,False,oppose
20,audio,5,35,"[36, 37, 38, 39, 40]",,,,not_applicable,,,unresolved,Positive,Neutral,-0.00528440169588551,0.006880640983581543,0.8052973313071109,False,oppose
20,audio,5,36,"[37, 38, 39, 40, 41]",,,,not_applicable,,,unresolved,Positive,Neutral,-0.007582797998057833,0.005717158317565918,0.8056362252825996,False,oppose
20,audio,5,37,"[38, 39, 40, 41, 42]",,,,not_applicable,,,unresolved,Positive,Neutral,-0.006238128137252996,0.006211519241333008,0.8053982726755766,False,oppose
20,audio,5,38,"[39, 40, 41, 42, 43]",,,,not_applicable,,,unresolved,Positive,Neutral,0.00020860628243046797,0.008928179740905762,0.8045302714685614,False,support
20,vision,1,0,[1],,,,not_applicable,,,unresolved,Positive,Neutral,-0.005858831908911455,-0.003638148307800293,0.8050798600307592,False,oppose
20,vision,1,1,[2],,,,not_applicable,,,unresolved,Positive,Neutral,-0.0055836053398701235,-0.0035829544067382812,0.8049726283311319,False,oppose
20,vision,1,2,[3],,,,not_applicable,,,unresolved,Positive,Neutral,-0.0011823514840476612,-0.0008728504180908203,0.804435793175153,False,oppose
20,vision,1,3,[4],,,,not_applicable,,,unresolved,Positive,Neutral,0.00047386637708757284,0.00016558170318603516,0.8042114143535412,False,support
20,vision,1,4,[5],,,,not_applicable,,,unresolved,Positive,Neutral,0.004184445811452164,0.002553582191467285,0.8037408088580201,False,support
20,vision,1,5,[6],,,,not_applicable,,,unresolved,Positive,Neutral,0.006636330915353206,0.004508376121520996,0.8033552721123648,False,support
20,vision,1,6,[7],,,,not_applicable,,,unresolved,Positive,Neutral,0.0050861977103695555,0.003545403480529785,0.8035404628987948,False,support
20,vision,1,7,[8],,,,not_applicable,,,unresolved,Positive,Neutral,0.008785755181647925,0.006544351577758789,0.8031459172943005,False,support
20,vision,1,8,[9],,,,not_applicable,,,unresolved,Positive,Neutral,0.010306802940067028,0.006922602653503418,0.8029190886798417,False,support
20,vision,1,9,[10],,,,not_applicable,,,unresolved,Positive,Neutral,0.007904404010959709,0.005671024322509766,0.8032673985598325,False,support
20,vision,1,10,[11],,,,not_applicable,,,unresolved,Positive,Neutral,0.00873876063186474,0.005367159843444824,0.8030499871515482,False,support
20,vision,1,11,[12],,,,not_applicable,,,unresolved,Positive,Neutral,0.007119234952845499,0.004854559898376465,0.8033625719271398,False,support
20,vision,1,12,[13],,,,not_applicable,,,unresolved,Positive,Neutral,0.01134403398057593,0.006910920143127441,0.8027604721329222,False,support
20,vision,1,13,[14],,,,not_applicable,,,unresolved,Positive,Neutral,0.013914606508329097,0.00878918170928955,0.8024165115400657,False,support
20,vision,1,14,[15],,,,not_applicable,,,unresolved,Positive,Neutral,0.009743195665172566,0.005952358245849609,0.8029537526086119,False,support
20,vision,1,15,[16],,,,not_applicable,,,unresolved,Positive,Neutral,0.010412635695963068,0.006770610809326172,0.802865189487409,False,support
20,vision,1,16,[17],,,,not_applicable,,,unresolved,Positive,Neutral,0.010170754206145105,0.006563782691955566,0.8028419920255544,False,support
20,vision,1,17,[18],,,,not_applicable,,,unresolved,Positive,Neutral,0.009660395999741,0.006045699119567871,0.8029134686058554,False,support
20,vision,1,18,[19],,,,not_applicable,,,unresolved,Positive,Neutral,0.009972741638217375,0.006090879440307617,0.8029296571431804,False,support
20,vision,1,19,[20],,,,not_applicable,,,unresolved,Positive,Neutral,0.01128266972539782,0.00681459903717041,0.8027373852893352,False,support
20,vision,1,20,[21],,,,not_applicable,,,unresolved,Positive,Neutral,0.00798516035860608,0.004912972450256348,0.8031947040892059,False,support
20,vision,1,21,[22],,,,not_applicable,,,unresolved,Positive,Neutral,0.00698716541853206,0.004259228706359863,0.8032403882153076,False,support
20,vision,1,22,[23],,,,not_applicable,,,unresolved,Positive,Neutral,0.00029803509365100567,-0.0007510185241699219,0.8041102313117774,False,support
20,vision,1,23,[24],,,,not_applicable,,,unresolved,Positive,Neutral,-0.0016412671865930761,-0.0018129348754882812,0.804433163655559,False,oppose
20,vision,1,24,[25],,,,not_applicable,,,unresolved,Positive,Neutral,-0.00011528712546016173,-0.001076340675354004,0.8042087066295274,False,oppose
20,vision,1,25,[26],,,,not_applicable,,,unresolved,Positive,Neutral,-0.000789665949907592,-0.0005606412887573242,0.8043666936283476,False,oppose
20,vision,1,26,[27],,,,not_applicable,,,unresolved,Positive,Neutral,0.0015906601682711408,0.001187443733215332,0.8042271802343052,False,support
20,vision,1,27,[28],,,,not_applicable,,,unresolved,Positive,Neutral,-0.0036461508372791496,-0.002028822898864746,0.8048969180474819,False,oppose
20,vision,1,28,[29],,,,not_applicable,,,unresolved,Positive,Neutral,0.00021512045439187055,-3.5643577575683594e-05,0.8044685163592525,False,support
20,vision,1,29,[30],,,,not_applicable,,,unresolved,Positive,Neutral,-0.000372628004004838,0.0008689165115356445,0.8045830905968182,False,oppose
20,vision,1,30,[31],,,,not_applicable,,,unresolved,Positive,Neutral,-0.003139506264442371,-0.0015741586685180664,0.8048729728018489,False,oppose
20,vision,1,31,[32],,,,not_applicable,,,unresolved,Positive,Neutral,-0.0024741473614793286,-0.0008422136306762695,0.8048376283572894,False,oppose
20,vision,1,32,[33],,,,not_applicable,,,unresolved,Positive,Neutral,-0.003244463900500927,-0.0014435052871704102,0.8048957520564376,False,oppose
20,vision,1,33,[34],,,,not_applicable,,,unresolved,Positive,Neutral,-0.0022543264103291882,-0.0008665323257446289,0.8048053655135836,False,oppose
20,vision,1,34,[35],,,,not_applicable,,,unresolved,Positive,Neutral,-0.003862552390463403,-0.0015882253646850586,0.8049461479558425,False,oppose
20,vision,1,35,[36],,,,not_applicable,,,unresolved,Positive,Neutral,-0.00770024904084865,-0.004062533378601074,0.8054418930583211,False,oppose
20,vision,1,36,[37],,,,not_applicable,,,unresolved,Positive,Neutral,-0.004953482590344338,-0.0030350685119628906,0.8050503742043245,False,oppose
20,vision,1,37,[38],,,,not_applicable,,,unresolved,Positive,Neutral,-0.003231764333647469,-0.0015071630477905273,0.8048649490813778,False,oppose
20,vision,1,38,[39],,,,not_applicable,,,unresolved,Positive,Neutral,-0.005996045841819564,-0.00285184383392334,0.805233399783413,False,oppose
20,vision,1,39,[40],,,,not_applicable,,,unresolved,Positive,Neutral,-0.0071935296405962745,-0.003962159156799316,0.8053107853588183,False,oppose
20,vision,1,40,[41],,,,not_applicable,,,unresolved,Positive,Neutral,-0.005117669726740104,-0.0022808313369750977,0.8049521516000855,False,oppose
20,vision,1,41,[42],,,,not_applicable,,,unresolved,Positive,Neutral,-0.00334904385171364,-0.000912785530090332,0.8047492475856551,False,oppose
20,vision,1,42,[43],,,,not_applicable,,,unresolved,Positive,Neutral,-0.002283221216310638,-0.00042998790740966797,0.8046032444364452,False,oppose
20,vision,3,0,"[1, 2, 3]",,,,not_applicable,,,unresolved,Positive,Neutral,-0.01240763777922127,-0.007978677749633789,0.8065286700393893,False,oppose
20,vision,3,1,"[2, 3, 4]",,,,not_applicable,,,unresolved,Positive,Neutral,-0.0060286138697043246,-0.004141449928283691,0.8056543488520964,False,oppose
20,vision,3,2,"[3, 4, 5]",,,,not_applicable,,,unresolved,Positive,Neutral,0.003751964463446944,0.0019828081130981445,0.8044155655150808,False,support
20,vision,3,3,"[4, 5, 6]",,,,not_applicable,,,unresolved,Positive,Neutral,0.01151850146224298,0.007372140884399414,0.8033375595299157,False,support
20,vision,3,4,"[5, 6, 7]",,,,not_applicable,,,unresolved,Positive,Neutral,0.016210697947803387,0.010819792747497559,0.8026500412953125,False,support
20,vision,3,5,"[6, 7, 8]",,,,not_applicable,,,unresolved,Positive,Neutral,0.02083377460724023,0.014816999435424805,0.8020468215688561,False,support
20,vision,3,6,"[7, 8, 9]",,,,not_applicable,,,unresolved,Positive,Neutral,0.024538635789610463,0.017229795455932617,0.8016008636204677,False,support
20,vision,3,7,"[8, 9, 10]",,,,not_applicable,,,unresolved,Positive,Neutral,0.027456922421049912,0.019384026527404785,0.801306476877864,False,support
20,vision,3,8,"[9, 10, 11]",,,,not_applicable,,,unresolved,Positive,Neutral,0.02736792804558208,0.018201231956481934,0.8012175646285278,False,support
20,vision,3,9,"[10, 11, 12]",,,,not_applicable,,,unresolved,Positive,Neutral,0.024087137546659143,0.016120553016662598,0.8016779870060404,False,support
20,vision,3,10,"[11, 12, 13]",,,,not_applicable,,,unresolved,Positive,Neutral,0.02758241782801263,0.017377257347106934,0.8011590525304819,False,support
20,vision,3,11,"[12, 13, 14]",,,,not_applicable,,,unresolved,Positive,Neutral,0.0329229244742586,0.020849108695983887,0.8004939308120964,False,support
20,vision,3,12,"[13, 14, 15]",,,,not_applicable,,,unresolved,Positive,Neutral,0.03572760340439474,0.02201235294342041,0.80005515139401,False,support
20,vision,3,13,"[14, 15, 16]",,,,not_applicable,,,unresolved,Positive,Neutral,0.03479823929588255,0.0218963623046875,0.8001621776724644,False,support
20,vision,3,14,"[15, 16, 17]",,,,not_applicable,,,unresolved,Positive,Neutral,0.030997607917444547,0.019678235054016113,0.8006033706205838,False,support
20,vision,3,15,"[16, 17, 18]",,,,not_applicable,,,unresolved,Positive,Neutral,0.030922231564769476,0.019781947135925293,0.8005618904926167,False,support
20,vision,3,16,"[17, 18, 19]",,,,not_applicable,,,unresolved,Positive,Neutral,0.03048415997065579,0.01909458637237549,0.800627683506091,False,support
20,vision,3,17,"[18, 19, 20]",,,,not_applicable,,,unresolved,Positive,Neutral,0.03159757346145731,0.01934218406677246,0.8005212851021565,False,support
20,vision,3,18,"[19, 20, 21]",,,,not_applicable,,,unresolved,Positive,Neutral,0.029984328756145207,0.01824820041656494,0.8007983598552999,False,support
20,vision,3,19,"[20, 21, 22]",,,,not_applicable,,,unresolved,Positive,Neutral,0.02687619699466648,0.016345620155334473,0.8011305327849744,False,support
20,vision,3,20,"[21, 22, 23]",,,,not_applicable,,,unresolved,Positive,Neutral,0.01560428170258632,0.008627057075500488,0.8025580523550812,False,support
20,vision,3,21,"[22, 23, 24]",,,,not_applicable,,,unresolved,Positive,Neutral,0.0057591964403713725,0.0017434358596801758,0.8038355866220779,False,support
20,vision,3,22,"[23, 24, 25]",,,,not_applicable,,,unresolved,Positive,Neutral,-0.001401449953205347,-0.003681659698486328,0.8048118741701495,False,oppose
20,vision,3,23,"[24, 25, 26]",,,,not_applicable,,,unresolved,Positive,Neutral,-0.002537719549405404,-0.0034929513931274414,0.8050747433022192,False,oppose
20,vision,3,24,"[25, 26, 27]",,,,not_applicable,,,unresolved,Positive,Neutral,0.0006015369012208893,-0.00043714046478271484,0.8048831478334411,False,support
20,vision,3,25,"[26, 27, 28]",,,,not_applicable,,,unresolved,Positive,Neutral,-0.002957839194887013,-0.001359701156616211,0.8055711762582827,False,oppose
20,vision,3,26,"[27, 28, 29]",,,,not_applicable,,,unresolved,Positive,Neutral,-0.0020027549537828815,-0.0008832216262817383,0.80566921419475,False,oppose
20,vision,3,27,"[28, 29, 30]",,,,not_applicable,,,unresolved,Positive,Neutral,-0.004059381889491176,-0.001239180564880371,0.8060358664548041,False,oppose
20,vision,3,28,"[29, 30, 31]",,,,not_applicable,,,unresolved,Positive,Neutral,-0.0035177346728156866,-0.0007536411285400391,0.806006456557012,False,oppose
20,vision,3,29,"[30, 31, 32]",,,,not_applicable,,,unresolved,Positive,Neutral,-0.006175484760491123,-0.0015398263931274414,0.8063710448651051,False,oppose
20,vision,3,30,"[31, 32, 33]",,,,not_applicable,,,unresolved,Positive,Neutral,-0.009045629240284514,-0.0038787126541137695,0.8066849018366811,False,oppose
20,vision,3,31,"[32, 33, 34]",,,,not_applicable,,,unresolved,Positive,Neutral,-0.00819342882596108,-0.0031877756118774414,0.8066209081843414,False,oppose
20,vision,3,32,"[33, 34, 35]",,,,not_applicable,,,unresolved,Positive,Neutral,-0.00954245470772852,-0.0039044618606567383,0.8067278167948242,False,oppose
20,vision,3,33,"[34, 35, 36]",,,,not_applicable,,,unresolved,Positive,Neutral,-0.013974850508714276,-0.006526827812194824,0.8072703967353558,False,oppose
20,vision,3,34,"[35, 36, 37]",,,,not_applicable,,,unresolved,Positive,Neutral,-0.016587468521461535,-0.008666515350341797,0.8075047194068478,False,oppose
20,vision,3,35,"[36, 37, 38]",,,,not_applicable,,,unresolved,Positive,Neutral,-0.01591585882369384,-0.00857090950012207,0.8074180243975603,False,oppose
20,vision,3,36,"[37, 38, 39]",,,,not_applicable,,,unresolved,Positive,Neutral,-0.0141828977039693,-0.007326364517211914,0.8072060780312165,False,oppose
20,vision,3,37,"[38, 39, 40]",,,,not_applicable,,,unresolved,Positive,Neutral,-0.016377369068683922,-0.00822603702545166,0.8074598849892921,False,oppose
20,vision,3,38,"[39, 40, 41]",,,,not_applicable,,,unresolved,Positive,Neutral,-0.018294407966256143,-0.009038329124450684,0.8075545076627911,False,oppose
20,vision,3,39,"[40, 41, 42]",,,,not_applicable,,,unresolved,Positive,Neutral,-0.015666277682083285,-0.007085204124450684,0.8070805147460607,False,oppose
20,vision,3,40,"[41, 42, 43]",,,,not_applicable,,,unresolved,Positive,Neutral,-0.010837796264844934,-0.0035697221755981445,0.8063906694664759,False,oppose
20,vision,5,0,"[1, 2, 3, 4, 5]",,,,not_applicable,,,unresolved,Positive,Neutral,-0.0072958384306822666,-0.004979729652404785,0.8064814698727012,False,oppose
20,vision,5,1,"[2, 3, 4, 5, 6]",,,,not_applicable,,,unresolved,Positive,Neutral,0.005287092202209687,0.0033074617385864258,0.8047393050776499,False,support
20,vision,5,2,"[3, 4, 5, 6, 7]",,,,not_applicable,,,unresolved,Positive,Neutral,0.015959142387535596,0.010399341583251953,0.8032867952977762,False,support
20,vision,5,3,"[4, 5, 6, 7, 8]",,,,not_applicable,,,unresolved,Positive,Neutral,0.02597917771507574,0.017870306968688965,0.8019672121211365,False,support
20,vision,5,4,"[5, 6, 7, 8, 9]",,,,not_applicable,,,unresolved,Positive,Neutral,0.036158223511343124,0.02481973171234131,0.8006002861913007,False,support
20,vision,5,5,"[6, 7, 8, 9, 10]",,,,not_applicable,,,unresolved,Positive,Neutral,0.04001251175345688,0.027979612350463867,0.8000959173524987,False,support
20,vision,5,6,"[7, 8, 9, 10, 11]",,,,not_applicable,,,unresolved,Positive,Neutral,0.04208532877012794,0.02880728244781494,0.7997863560259909,False,support
20,vision,5,7,"[8, 9, 10, 11, 12]",,,,not_applicable,,,unresolved,Positive,Neutral,0.044144089376830564,0.030162453651428223,0.7995951491932323,False,support
20,vision,5,8,"[9, 10, 11, 12, 13]",,,,not_applicable,,,unresolved,Positive,Neutral,0.04685284305455051,0.030587434768676758,0.7991816884886065,False,support
20,vision,5,9,"[10, 11, 12, 13, 14]",,,,not_applicable,,,unresolved,Positive,Neutral,0.05065384018292862,0.032507896423339844,0.7986389774416061,True,support
20,vision,5,10,"[11, 12, 13, 14, 15]",,,,not_applicable,,,unresolved,Positive,Neutral,0.052606754054772775,0.03285777568817139,0.798304878140162,False,support
20,vision,5,11,"[12, 13, 14, 15, 16]",,,,not_applicable,,,unresolved,Positive,Neutral,0.054555763204040986,0.03440427780151367,0.7980758534149149,False,support
20,vision,5,12,"[13, 14, 15, 16, 17]",,,,not_applicable,,,unresolved,Positive,Neutral,0.05803858752446467,0.03628134727478027,0.7974855685974542,True,support
20,vision,5,13,"[14, 15, 16, 17, 18]",,,,not_applicable,,,unresolved,Positive,Neutral,0.056309040126985455,0.035454392433166504,0.7976525369203388,False,support
20,vision,5,14,"[15, 16, 17, 18, 19]",,,,not_applicable,,,unresolved,Positive,Neutral,0.05224182411140399,0.03274822235107422,0.7981990099784456,False,support
20,vision,5,15,"[16, 17, 18, 19, 20]",,,,not_applicable,,,unresolved,Positive,Neutral,0.05384821827959785,0.033632636070251465,0.7979699599712116,True,support
20,vision,5,16,"[17, 18, 19, 20, 21]",,,,not_applicable,,,unresolved,Positive,Neutral,0.051477861148409465,0.03182566165924072,0.7983035531346256,False,support
20,vision,5,17,"[18, 19, 20, 21, 22]",,,,not_applicable,,,unresolved,Positive,Neutral,0.04810153545774676,0.02939784526824951,0.7987382347532986,False,support
20,vision,5,18,"[19, 20, 21, 22, 23]",,,,not_applicable,,,unresolved,Positive,Neutral,0.038078653069586244,0.02226102352142334,0.8000611981552943,False,support
20,vision,5,19,"[20, 21, 22, 23, 24]",,,,not_applicable,,,unresolved,Positive,Neutral,0.02575092102668508,0.013980507850646973,0.8016961349008205,False,support
20,vision,5,20,"[21, 22, 23, 24, 25]",,,,not_applicable,,,unresolved,Positive,Neutral,0.013989678491838076,0.005778908729553223,0.8032328239057751,False,support
20,vision,5,21,"[22, 23, 24, 25, 26]",,,,not_applicable,,,unresolved,Positive,Neutral,0.004985549492289687,0.00010788440704345703,0.8044458435785878,False,support
20,vision,5,22,"[23, 24, 25, 26, 27]",,,,not_applicable,,,unresolved,Positive,Neutral,-0.0006666641280128616,-0.002987980842590332,0.8054760889564488,False,oppose
20,vision,5,23,"[24, 25, 26, 27, 28]",,,,not_applicable,,,unresolved,Positive,Neutral,-0.004912677941852239,-0.004302859306335449,0.8063021338304808,False,oppose
20,vision,5,24,"[25, 26, 27, 28, 29]",,,,not_applicable,,,unresolved,Positive,Neutral,-0.003246438852839262,-0.0025151968002319336,0.806351518129348,False,oppose
20,vision,5,25,"[26, 27, 28, 29, 30]",,,,not_applicable,,,unresolved,Positive,Neutral,-0.0034890803195894993,-0.0004558563232421875,0.8067033697164973,False,oppose
20,vision,5,26,"[27, 28, 29, 30, 31]",,,,not_applicable,,,unresolved,Positive,Neutral,-0.005923554647330409,-0.0015823841094970703,0.8072004901851967,False,oppose
20,vision,5,27,"[28, 29, 30, 31, 32]",,,,not_applicable,,,unresolved,Positive,Neutral,-0.01021625123195724,-0.0037528276443481445,0.8078392015564696,False,oppose
20,vision,5,28,"[29, 30, 31, 32, 33]",,,,not_applicable,,,unresolved,Positive,Neutral,-0.009677907201584901,-0.003070235252380371,0.80781883075101,False,oppose
20,vision,5,29,"[30, 31, 32, 33, 34]",,,,not_applicable,,,unresolved,Positive,Neutral,-0.012107418052516916,-0.003882765769958496,0.8081486818003257,False,oppose
20,vision,5,30,"[31, 32, 33, 34, 35]",,,,not_applicable,,,unresolved,Positive,Neutral,-0.015593249034138612,-0.0063669681549072266,0.8085200351000355,False,oppose
20,vision,5,31,"[32, 33, 34, 35, 36]",,,,not_applicable,,,unresolved,Positive,Neutral,-0.020069445887942017,-0.008840084075927734,0.8090769559420874,False,oppose
20,vision,5,32,"[33, 34, 35, 36, 37]",,,,not_applicable,,,unresolved,Positive,Neutral,-0.022441532735841152,-0.011017918586730957,0.8092786951247489,True,oppose
20,vision,5,33,"[34, 35, 36, 37, 38]",,,,not_applicable,,,unresolved,Positive,Neutral,-0.022317979731020232,-0.0110093355178833,0.8092381078368562,False,oppose
20,vision,5,34,"[35, 36, 37, 38, 39]",,,,not_applicable,,,unresolved,Positive,Neutral,-0.025799747309526833,-0.012853264808654785,0.8096291475661193,False,oppose
20,vision,5,35,"[36, 37, 38, 39, 40]",,,,not_applicable,,,unresolved,Positive,Neutral,-0.02899312936359899,-0.015207409858703613,0.8099712006332237,True,oppose
20,vision,5,36,"[37, 38, 39, 40, 41]",,,,not_applicable,,,unresolved,Positive,Neutral,-0.02645930689177023,-0.013437271118164062,0.809504192766271,False,oppose
20,vision,5,37,"[38, 39, 40, 41, 42]",,,,not_applicable,,,unresolved,Positive,Neutral,-0.024821391274688853,-0.01121985912322998,0.8092104732301862,False,oppose
20,vision,5,38,"[39, 40, 41, 42, 43]",,,,not_applicable,,,unresolved,Positive,Neutral,-0.024066983530333763,-0.010212063789367676,0.8089872831774639,True,oppose
