sample_id,modality,rate,units,intervention,probability_drop,margin_drop,intensity_change
01,text,0.1,3,top,0.058358968900154184,0.3301233297247469,-0.06764686107635498
01,text,0.1,3,bottom,-0.030307765405861886,-0.1677998464964302,0.03610888123512268
01,text,0.1,3,random,0.007424256956481579,0.05177728767090717,-0.007285177707672119
01,text,0.1,3,random,0.05020847381692212,0.25489641857153145,-0.06030741333961487
01,text,0.1,3,random,0.022167612489884747,0.11105853897677909,-0.02688738703727722
01,text,0.1,3,random,-0.02017296529590723,-0.10600769964156476,0.02750098705291748
01,text,0.1,3,random,0.008329098277328861,0.0251767343505368,-0.0034465789794921875
01,text,0.1,3,random,-0.0031170016740464934,-0.01696027940469136,0.008392304182052612
01,text,0.1,3,random,-0.011131202016442354,-0.053032407402838544,0.017588436603546143
01,text,0.1,3,random,0.011635919904828318,0.06467964488193989,-0.01166445016860962
01,text,0.1,3,random,-0.012930517205431702,-0.04998077961911007,0.01566329598426819
01,text,0.1,3,random,0.02409430942456736,0.15052883558232932,-0.027535855770111084
01,text,0.1,3,random,0.012515032304567797,0.06170505166326501,-0.011230409145355225
01,text,0.1,3,random,0.012539386599426328,0.0839815597258734,-0.013168364763259888
01,text,0.1,3,random,-0.023699479521287203,-0.14239182131192618,0.03181159496307373
01,text,0.1,3,random,-0.028627773992347005,-0.14904942121114495,0.04238423705101013
01,text,0.1,3,random,-0.016987140071855478,-0.08380020048520964,0.01997128129005432
01,text,0.1,3,random,-0.011323191796443532,-0.06397575355037455,0.013239830732345581
01,text,0.1,3,random,0.025165614603351538,0.11492591377689576,-0.022880911827087402
01,text,0.1,3,random,-0.005372861583253008,-0.049500182654939606,0.013661772012710571
01,text,0.1,3,random,-0.002279228883783846,0.004258470724994523,0.006611526012420654
01,text,0.1,3,random,0.008329098277328861,0.0251767343505368,-0.0034465789794921875
01,text,0.1,3,retain_top,0.025265817101485677,-0.022619310022623962,0.08183795213699341
01,text,0.2,5,top,0.08720873873991941,0.47631877626530994,-0.10809880495071411
01,text,0.2,5,bottom,-0.028977114163164785,-0.14686514379558935,0.039500802755355835
01,text,0.2,5,random,0.06754380144910815,0.35874432405581014,-0.0856960117816925
01,text,0.2,5,random,0.052323106181635104,0.2848800393880724,-0.055204153060913086
01,text,0.2,5,random,-0.017657464094904374,-0.06819334948982225,0.02672329545021057
01,text,0.2,5,random,0.019276297580728075,0.11574646807027311,-0.024647057056427002
01,text,0.2,5,random,0.03578794027776594,0.1890023213594768,-0.034249722957611084
01,text,0.2,5,random,-0.03491267567381373,-0.1920093086475032,0.046757519245147705
01,text,0.2,5,random,-0.016428032933262282,-0.06772831700372839,0.017432987689971924
01,text,0.2,5,random,0.011369601815964192,0.054419534143234194,-0.006161302328109741
01,text,0.2,5,random,-0.028935864875294648,-0.1896515074408801,0.055409789085388184
01,text,0.2,5,random,-0.014035315144036664,-0.08028838844464503,0.020448267459869385
01,text,0.2,5,random,-0.009208192880939714,-0.03157232695540024,0.011198818683624268
01,text,0.2,5,random,-0.020040164124731308,-0.1081125806201998,0.03539538383483887
01,text,0.2,5,random,0.007492189178264497,0.020211837540472177,-0.0032125115394592285
01,text,0.2,5,random,-0.020434213136697965,-0.08250980468302427,0.02863726019859314
01,text,0.2,5,random,0.04873905744106577,0.2182090147820801,-0.04769158363342285
01,text,0.2,5,random,0.020556529487529063,0.1174746341276609,-0.012935638427734375
01,text,0.2,5,random,-0.0030225714350359256,0.009664029194323964,0.0036687254905700684
01,text,0.2,5,random,0.03622756766437579,0.18196481475107995,-0.03798946738243103
01,text,0.2,5,random,-0.01983739685722896,-0.10646971557163698,0.039605170488357544
01,text,0.2,5,random,-0.029370017599117115,-0.13405944489402588,0.03270536661148071
01,text,0.2,5,retain_top,0.008598721164846168,-0.06452047084687085,0.06953471899032593
01,text,0.3,7,top,0.09176246322908188,0.4998368800432119,-0.11821722984313965
01,text,0.3,7,bottom,-0.0372832427097734,-0.21286535226303882,0.05726093053817749
01,text,0.3,7,random,0.04591476935411637,0.23330314576647837,-0.050015807151794434
01,text,0.3,7,random,-0.017642051283623283,-0.08772683767768041,0.02854973077774048
01,text,0.3,7,random,0.020503323539365403,0.08595492772305569,-0.010133683681488037
01,text,0.3,7,random,0.045614043460540155,0.23143421438877732,-0.03841292858123779
01,text,0.3,7,random,0.03243859123286208,0.19769821026992684,-0.03730076551437378
01,text,0.3,7,random,0.0011841764910279218,0.01388836053759912,0.006884932518005371
01,text,0.3,7,random,0.013018781101466093,0.0543530047314692,0.00699692964553833
01,text,0.3,7,random,0.012263750886749136,0.040779872562489605,0.015114307403564453
01,text,0.3,7,random,-0.009993951312228966,-0.06641902051620108,0.029059886932373047
01,text,0.3,7,random,-0.024443155217012125,-0.1550222834714644,0.046753644943237305
01,text,0.3,7,random,0.010232717479983389,0.017308449778080992,0.022807180881500244
01,text,0.3,7,random,0.0571515926457451,0.300798565048088,-0.05416738986968994
01,text,0.3,7,random,0.01734379449384338,0.06008297395737927,-0.006575107574462891
01,text,0.3,7,random,-0.0037373506847187543,-0.024647305290375954,0.01579838991165161
01,text,0.3,7,random,-0.0017844905525334354,0.0002759100600389086,0.013288736343383789
01,text,0.3,7,random,0.011910791390497999,0.05963160050808258,0.006071686744689941
01,text,0.3,7,random,0.040173924805055605,0.22784428988741245,-0.05382895469665527
01,text,0.3,7,random,-0.009714715245354,-0.023304812014376508,0.005565822124481201
01,text,0.3,7,random,0.026147193511926348,0.16502923130566238,-0.03144264221191406
01,text,0.3,7,random,0.01038026168842271,0.05409937654171981,0.0010080337524414062
01,text,0.3,7,retain_top,-0.006692712096508235,-0.10061018736191918,0.05814695358276367
01,audio,0.1,3,top,0.012951104236453292,0.07427006678772075,-0.017206162214279175
01,audio,0.1,3,bottom,-0.006219100174872094,-0.04222983709462336,0.006901174783706665
01,audio,0.1,3,random,-0.0030492677094829945,-0.022972654960728867,0.002804994583129883
01,audio,0.1,3,random,0.01077525661238149,0.0613512360203442,-0.014315277338027954
01,audio,0.1,3,random,0.0029409641943130005,0.017015332294642582,-0.005919098854064941
01,audio,0.1,3,random,-0.0008140847589910849,-0.0008202906285921241,-0.0013405978679656982
01,audio,0.1,3,random,0.0037865420281212314,0.02471281352946575,-0.006484866142272949
01,audio,0.1,3,random,0.002963979488031121,0.016884094269585703,-0.004449307918548584
01,audio,0.1,3,random,0.008872671773902718,0.05307361556018764,-0.012983500957489014
01,audio,0.1,3,random,0.0055032345306878505,0.03412004565521454,-0.011083096265792847
01,audio,0.1,3,random,-0.001221761535133814,-0.0035105367938930154,-0.0021077096462249756
01,audio,0.1,3,random,0.004653578387313395,0.029832959755164645,-0.008647501468658447
01,audio,0.1,3,random,0.005038975651796895,0.027266668624754797,-0.006967067718505859
01,audio,0.1,3,random,-1.6927296670798953e-05,0.0014595544890493306,-0.002849370241165161
01,audio,0.1,3,random,0.005538576951044427,0.03208200865897415,-0.007696658372879028
01,audio,0.1,3,random,0.001893016980644202,0.007046966089517159,-0.0035057663917541504
01,audio,0.1,3,random,-0.0004902231703449722,-0.0065066447123937055,-0.0027066469192504883
01,audio,0.1,3,random,0.0009069236336322062,0.009228406458300809,-0.0030977725982666016
01,audio,0.1,3,random,-0.0018525539357422405,-0.007257853833650518,-0.00032067298889160156
01,audio,0.1,3,random,0.007313660148775769,0.04362646148436755,-0.010104537010192871
01,audio,0.1,3,random,-0.004116427862165484,-0.02421305310999544,0.0024939775466918945
01,audio,0.1,3,random,0.0008048495248729748,0.005558932872032574,-0.0023799538612365723
01,audio,0.1,3,retain_top,0.024347019514864787,0.13977061471437047,-0.03412926197052002
01,audio,0.2,5,top,0.018767561437419145,0.1074305272833308,-0.02534767985343933
01,audio,0.2,5,bottom,-0.01001867956172886,-0.06130943998577909,0.009732156991958618
01,audio,0.2,5,random,0.008839423733119078,0.05280442064770763,-0.014547854661941528
01,audio,0.2,5,random,-0.0015762730984952844,-0.001995178808040121,-0.004023909568786621
01,audio,0.2,5,random,0.0009028226248052884,0.012749541182445645,-0.006530702114105225
01,audio,0.2,5,random,0.006617771753881951,0.043893159653834335,-0.01196521520614624
01,audio,0.2,5,random,0.009457269851530725,0.0581891643416198,-0.014941215515136719
01,audio,0.2,5,random,0.01236101547712598,0.06932080082340497,-0.017646968364715576
01,audio,0.2,5,random,0.006879337389964935,0.03973004421561144,-0.01038968563079834
01,audio,0.2,5,random,0.002487080829770949,0.015833648190633154,-0.006590723991394043
01,audio,0.2,5,random,0.0019818890159539193,0.019064016509591997,-0.009124666452407837
01,audio,0.2,5,random,0.0026695605516294796,0.018597264630777932,-0.009253829717636108
01,audio,0.2,5,random,0.003207454723959391,0.025788153382963475,-0.00828254222869873
01,audio,0.2,5,random,-3.4048577091772e-05,0.002129833933817493,-0.004604637622833252
01,audio,0.2,5,random,0.005852648680284456,0.03507517534177196,-0.011059194803237915
01,audio,0.2,5,random,0.0044459981090361755,0.018384290953131655,-0.007257521152496338
01,audio,0.2,5,random,-0.005034368301611691,-0.03211275091867849,0.0037651360034942627
01,audio,0.2,5,random,0.010089879708156946,0.056500556914854116,-0.014215677976608276
01,audio,0.2,5,random,0.0025423437671147076,0.019443021350128764,-0.007477283477783203
01,audio,0.2,5,random,0.010946030083401614,0.06457872636243356,-0.01605793833732605
01,audio,0.2,5,random,0.006587991295605389,0.043572910959885136,-0.012639820575714111
01,audio,0.2,5,random,0.006875064053273983,0.041958448406483995,-0.013620197772979736
01,audio,0.2,5,retain_top,0.012950679060905135,0.07756977275027999,-0.02234947681427002
01,audio,0.3,7,top,0.024059395889461543,0.137382539359435,-0.03245055675506592
01,audio,0.3,7,bottom,-0.011703673960882843,-0.0670847504716765,0.009362101554870605
01,audio,0.3,7,random,0.004307609866284312,0.028151557679566674,-0.008908331394195557
01,audio,0.3,7,random,0.005623119023347667,0.03533447055536265,-0.010649353265762329
01,audio,0.3,7,random,0.020696456269151564,0.11654538979993478,-0.029096215963363647
01,audio,0.3,7,random,0.01082505906439618,0.06270911863221185,-0.015840113162994385
01,audio,0.3,7,random,0.006428517488797469,0.03581637998550746,-0.011765539646148682
01,audio,0.3,7,random,0.006570737224422141,0.04130523954531895,-0.013426899909973145
01,audio,0.3,7,random,0.0050739320308726965,0.026398863506054582,-0.011554241180419922
01,audio,0.3,7,random,0.012946121593726767,0.075807634059605,-0.02037137746810913
01,audio,0.3,7,random,0.004437159650012845,0.026595753435239344,-0.010811001062393188
01,audio,0.3,7,random,0.0036056963024888034,0.022269601199422784,-0.007427692413330078
01,audio,0.3,7,random,0.015133907673430036,0.08706993117747464,-0.021812885999679565
01,audio,0.3,7,random,0.0028010110430073953,0.020508590716499575,-0.010571599006652832
01,audio,0.3,7,random,0.007864957458053379,0.04195862566601427,-0.011923044919967651
01,audio,0.3,7,random,0.0064865543086568,0.04160317340635633,-0.01312023401260376
01,audio,0.3,7,random,0.012971006917696759,0.07609386548374275,-0.02162069082260132
01,audio,0.3,7,random,-0.000810579394469102,0.0022909625419470503,-0.007016628980636597
01,audio,0.3,7,random,0.009589619251122283,0.06121064291438483,-0.01670283079147339
01,audio,0.3,7,random,0.01643865940697098,0.09188881151518935,-0.023589730262756348
01,audio,0.3,7,random,0.015902963275906346,0.09034217844623305,-0.02558690309524536
01,audio,0.3,7,random,0.008310582186257576,0.04685091143043285,-0.013184189796447754
01,audio,0.3,7,retain_top,0.005140010723451771,0.033148403141897265,-0.013756394386291504
01,vision,0.1,3,top,0.004088309383220967,0.030668578020175197,-0.005718410015106201
01,vision,0.1,3,bottom,-0.0042815501698262315,-0.015112086457373497,0.004898130893707275
01,vision,0.1,3,random,0.0017097671307377826,0.016213009224995467,-0.0028224587440490723
01,vision,0.1,3,random,-0.00021400864166570832,0.00910627830705757,-0.0008045732975006104
01,vision,0.1,3,random,0.0014814365787210737,0.016379892849299416,-0.0022554397583007812
01,vision,0.1,3,random,0.0010631917048567474,0.013948826110971257,-0.0015335679054260254
01,vision,0.1,3,random,-0.0006725536913408936,0.003829433105495772,0.0007087588310241699
01,vision,0.1,3,random,-0.0018222702551807801,-0.002587303244823369,0.002261817455291748
01,vision,0.1,3,random,-7.194683709244032e-06,0.008201800983454022,0.0001468062400817871
01,vision,0.1,3,random,0.0011361681994196404,0.014321012255357424,-0.0014327764511108398
01,vision,0.1,3,random,0.0006661277589395387,0.012865132329207163,-0.001170516014099121
01,vision,0.1,3,random,-0.00022099140691062003,0.008115355577827277,-0.0016082823276519775
01,vision,0.1,3,random,0.002854196802829889,0.02222508511214638,-0.004294753074645996
01,vision,0.1,3,random,0.0029398003177649734,0.023729087447536656,-0.004594564437866211
01,vision,0.1,3,random,0.0005727663674884864,0.011686404958144436,-0.0019202232360839844
01,vision,0.1,3,random,0.0010210134923159253,0.012649501458403933,-0.0015503168106079102
01,vision,0.1,3,random,0.0020931273086114977,0.020405961056702338,-0.0030807852745056152
01,vision,0.1,3,random,0.0013528230443062839,0.016230408000175833,-0.0024319887161254883
01,vision,0.1,3,random,0.0024488143207507806,0.021474011374147062,-0.0036146938800811768
01,vision,0.1,3,random,0.0028383887872689417,0.026708754455208372,-0.004535108804702759
01,vision,0.1,3,random,0.0005092548184670309,0.011073988210218988,-0.0017734766006469727
01,vision,0.1,3,random,0.00014733732370481034,0.01133647858979181,-0.001323997974395752
01,vision,0.1,3,retain_top,0.011782135916150738,0.11392071796757608,0.005524337291717529
01,vision,0.2,5,top,0.007150714822058923,0.052309839957987436,-0.009184956550598145
01,vision,0.2,5,bottom,-0.006329297643092757,-0.0193666765515631,0.006361663341522217
01,vision,0.2,5,random,0.003581161157507895,0.03194501641506964,-0.0037997961044311523
01,vision,0.2,5,random,-0.0020681603153422934,0.005887272366663199,0.001450181007385254
01,vision,0.2,5,random,0.0036180993470819045,0.03395803886396087,-0.005418717861175537
01,vision,0.2,5,random,0.001970773077431487,0.02485746858721749,-0.004461169242858887
01,vision,0.2,5,random,0.005464307267457003,0.04530857441882641,-0.007030695676803589
01,vision,0.2,5,random,0.0009125374463702651,0.018821184253414724,-0.00153350830078125
01,vision,0.2,5,random,0.0007814015045842782,0.02055172239276748,-0.0011226534843444824
01,vision,0.2,5,random,0.001237992136850219,0.019997986816720714,-0.0016420483589172363
01,vision,0.2,5,random,0.003282357657643953,0.03454488771143294,-0.005793929100036621
01,vision,0.2,5,random,0.00017269565600397385,0.016237556967539257,-7.748603820800781e-05
01,vision,0.2,5,random,0.0023720749954180276,0.025015530594169277,-0.004269987344741821
01,vision,0.2,5,random,0.0014370642115452692,0.021202567395644634,-0.003183126449584961
01,vision,0.2,5,random,0.005803536990305169,0.04558411379503147,-0.00702938437461853
01,vision,0.2,5,random,0.0036360464294825645,0.033258794224335975,-0.00406220555305481
01,vision,0.2,5,random,0.00012632168721310455,0.014296551349498032,-0.0008586645126342773
01,vision,0.2,5,random,-0.0017467573668540348,0.005686423983929045,0.00040590763092041016
01,vision,0.2,5,random,0.006554546383451321,0.049363230058127705,-0.008352100849151611
01,vision,0.2,5,random,0.0011417068153294907,0.01982722515306956,-0.0008982717990875244
01,vision,0.2,5,random,0.0008144700191748955,0.019584577061878328,-0.002862393856048584
01,vision,0.2,5,random,0.0012417184429951433,0.01996046700615839,-0.0026563704013824463
01,vision,0.2,5,retain_top,0.006042530128189616,0.07935292730896082,0.006896853446960449
01,vision,0.3,7,top,0.010100524491263141,0.0744497731655237,-0.011531710624694824
01,vision,0.3,7,bottom,-0.007418245586370553,-0.02007825187307344,0.00866919755935669
01,vision,0.3,7,random,-0.00019310988557624809,0.020013282241280628,4.914402961730957e-05
01,vision,0.3,7,random,0.0020760424711092074,0.029450844531126896,-0.0021851062774658203
01,vision,0.3,7,random,0.0038892721103206407,0.04032917385420476,-0.004809260368347168
01,vision,0.3,7,random,-0.0002532395651012598,0.019341939163203148,-0.0002442002296447754
01,vision,0.3,7,random,0.0022529124965527947,0.030409894587428377,-0.0018185973167419434
01,vision,0.3,7,random,0.000724564370857772,0.023793829354741614,-0.0019011497497558594
01,vision,0.3,7,random,0.003117471075516687,0.03830839720727641,-0.00405961275100708
01,vision,0.3,7,random,0.005004749831811595,0.04545787042206173,-0.006253838539123535
01,vision,0.3,7,random,0.003188376908286439,0.03889874256616088,-0.003993004560470581
01,vision,0.3,7,random,0.002964898668349092,0.0374286362710915,-0.004059314727783203
01,vision,0.3,7,random,0.0010717536018239882,0.027579533014460256,-0.0008939504623413086
01,vision,0.3,7,random,0.004283191082245286,0.04458245985165221,-0.004295170307159424
01,vision,0.3,7,random,0.0036310443433818507,0.03981898279489937,-0.002938985824584961
01,vision,0.3,7,random,0.0012027774780551392,0.02611351217110991,-0.0011606216430664062
01,vision,0.3,7,random,0.005233116079087052,0.04872117336276949,-0.006303757429122925
01,vision,0.3,7,random,0.0029582678082742953,0.033966642761792176,-0.003756582736968994
01,vision,0.3,7,random,0.0004831226861778948,0.0243054198522491,-0.001100301742553711
01,vision,0.3,7,random,0.004356500051776402,0.04302427417684773,-0.004985511302947998
01,vision,0.3,7,random,-0.0009911135034850194,0.015531663943265439,0.0011636316776275635
01,vision,0.3,7,random,0.002186111735718199,0.03304051534597263,-0.0028558969497680664
01,vision,0.3,7,retain_top,0.0009245843240789919,0.04659539930450829,0.007687211036682129
02,text,0.1,2,top,0.1715898089268183,1.1120184943943268,0.3725637421011925
02,text,0.1,2,bottom,-0.15587588930645085,-0.9490679345771508,-0.23934423923492432
02,text,0.1,2,random,0.09082042508356508,0.4290712469364534,0.15697097778320312
02,text,0.1,2,random,0.033403612027531726,0.19055425361423628,0.07388293743133545
02,text,0.1,2,random,0.11375900580616727,0.7440951840575222,0.23941302299499512
02,text,0.1,2,random,0.01717727043296502,0.15747664568089625,0.052156150341033936
02,text,0.1,2,random,0.04507440339739727,0.14547080980104088,0.08258825540542603
02,text,0.1,2,random,0.1715898089268183,1.1120184943943268,0.3725637421011925
02,text,0.1,2,random,-0.0758226797129335,-0.4145384202926471,-0.12004774808883667
02,text,0.1,2,random,0.027075379784687215,-0.0013142556942916661,0.044358402490615845
02,text,0.1,2,random,-0.08859690441920426,-0.6287986147267365,-0.1337285041809082
02,text,0.1,2,random,0.11327478039689232,0.6040336122244531,0.21453553438186646
02,text,0.1,2,random,0.012333480675522535,0.082114730756784,0.037341535091400146
02,text,0.1,2,random,-0.05689110501033484,-0.4135115235954513,-0.0785176157951355
02,text,0.1,2,random,0.08230661780405307,0.35205398113234476,0.13654914498329163
02,text,0.1,2,random,0.05944625734365794,0.3155854803880106,0.11946475505828857
02,text,0.1,2,random,0.027075379784687215,-0.0013142556942916661,0.044358402490615845
02,text,0.1,2,random,-0.0758226797129335,-0.4145384202926471,-0.12004774808883667
02,text,0.1,2,random,-0.008815400959318764,-0.10733558671227383,0.0032005012035369873
02,text,0.1,2,random,0.00040432286032554554,-0.032822851071458214,0.01821601390838623
02,text,0.1,2,random,0.00020688660658041425,-0.04810010492354033,0.011449277400970459
02,text,0.1,2,random,0.0022411132959246904,0.05078740284065675,0.01938176155090332
02,text,0.1,2,retain_top,0.06824301514664255,0.41682615266423606,0.2385437786579132
02,text,0.2,4,top,0.30006775111039385,2.0875323005403215,0.828441709280014
02,text,0.2,4,bottom,-0.205221125275785,-1.1248045500047326,-0.3308361768722534
02,text,0.2,4,random,0.10506111510519273,0.6471052973989945,0.22577647864818573
02,text,0.2,4,random,-0.17293142844770332,-0.9403815230847065,-0.280623197555542
02,text,0.2,4,random,0.057870256967277045,0.27331253430335634,0.1168937087059021
02,text,0.2,4,random,0.03891910112186253,0.13930316031122603,0.10195845365524292
02,text,0.2,4,random,0.006251808040119267,-0.22200857632001259,0.009723186492919922
02,text,0.2,4,random,-0.03802717381101245,-0.13999231526749634,-0.04078805446624756
02,text,0.2,4,random,-0.048117833211512084,-0.21577239809381732,-0.057196080684661865
02,text,0.2,4,random,-0.210815132082458,-1.1891094243180267,-0.3336721658706665
02,text,0.2,4,random,0.006251808040119267,-0.22200857632001259,0.009723186492919922
02,text,0.2,4,random,-0.19098009750398665,-1.046193095972355,-0.2959660291671753
02,text,0.2,4,random,0.00736484572209728,-0.10302732452545704,0.031406909227371216
02,text,0.2,4,random,-0.012323914199866226,-0.3133168121526194,0.005264937877655029
02,text,0.2,4,random,0.017565070840090236,-0.1078967526464627,0.028341710567474365
02,text,0.2,4,random,0.19957519579436453,1.3115481976446226,0.467756912112236
02,text,0.2,4,random,0.1068178506551326,0.6455107688964089,0.21769429743289948
02,text,0.2,4,random,-0.0057412854724233076,-0.24224787686942018,0.005262970924377441
02,text,0.2,4,random,0.13627969021682862,0.762484258380767,0.2803225815296173
02,text,0.2,4,random,-0.023310111144141055,-0.3515709268529571,-0.01460447907447815
02,text,0.2,4,random,0.08886094519014393,0.4610772511122506,0.19274504482746124
02,text,0.2,4,random,-0.05544241146684492,-0.30911065763316536,-0.06623244285583496
02,text,0.2,4,retain_top,0.036614387316343755,0.17986157631690292,0.1501467227935791
02,text,0.3,6,top,0.26747866360397166,1.7992874724893828,0.6888101696968079
02,text,0.3,6,bottom,-0.10905839823054492,-0.7412010342108789,-0.15344107151031494
02,text,0.3,6,random,-0.020301529253244355,-0.25358143563024405,-0.020742833614349365
02,text,0.3,6,random,0.035036762510578634,0.24985043640685223,0.10950163006782532
02,text,0.3,6,random,0.017224689294486395,-0.18568548757129233,0.054014503955841064
02,text,0.3,6,random,-0.1215152783404328,-0.8477032316471688,-0.17305445671081543
02,text,0.3,6,random,0.023236545178204393,-0.12984866669767658,0.05777829885482788
02,text,0.3,6,random,0.0031493077519707535,-0.29547732870392307,0.01904219388961792
02,text,0.3,6,random,-0.011482885788323738,-0.25560412493276863,0.0038487017154693604
02,text,0.3,6,random,-0.05778168272903139,-0.5409305638439071,-0.055010437965393066
02,text,0.3,6,random,0.04681120632578034,0.15683856159629728,0.10610741376876831
02,text,0.3,6,random,-0.2571026736036854,-1.2929595383360706,-0.4455918073654175
02,text,0.3,6,random,0.2067985359793555,1.3553106031252313,0.4891287535429001
02,text,0.3,6,random,-0.07316541704739382,-0.3400932556266504,-0.07617396116256714
02,text,0.3,6,random,-0.19331696553731653,-1.089420047229872,-0.2914159297943115
02,text,0.3,6,random,0.0921592315565053,0.5805004625548872,0.21580876410007477
02,text,0.3,6,random,-0.12050930116986441,-0.640303048078276,-0.17446637153625488
02,text,0.3,6,random,0.10942585883626993,0.7161542301998616,0.2670229971408844
02,text,0.3,6,random,-0.06645202837936864,-0.5391446961141214,-0.08108866214752197
02,text,0.3,6,random,-0.07453188737563349,-0.44627952393299875,-0.08431786298751831
02,text,0.3,6,random,-0.08081862346946284,-0.33085872130293137,-0.10021799802780151
02,text,0.3,6,random,0.09843527913629735,0.2986890147111029,0.16885316371917725
02,text,0.3,6,retain_top,0.023477928666713777,0.06302286626016329,0.1121954619884491
02,audio,0.1,2,top,-0.008443054999915267,0.034598565686828175,0.010849833488464355
02,audio,0.1,2,bottom,-0.03267811948315569,-0.13775854809946897,-0.04960733652114868
02,audio,0.1,2,random,-0.001868494582749347,0.031220390437700862,0.003335922956466675
02,audio,0.1,2,random,-0.016320809260098545,-0.06580620019465677,-0.023341476917266846
02,audio,0.1,2,random,-0.0032265530064440884,0.0140862143578665,-0.00018525123596191406
02,audio,0.1,2,random,-0.00622227220655458,-0.019975585701841547,-0.008427917957305908
02,audio,0.1,2,random,-0.006274286077134483,-0.009226490098978468,-0.007796764373779297
02,audio,0.1,2,random,-0.023171546433146895,-0.09621609120763053,-0.034989625215530396
02,audio,0.1,2,random,-0.0032542287801958225,0.014361010199237634,0.00016933679580688477
02,audio,0.1,2,random,-0.0045472858767104385,0.0039629824179781,-0.0011857450008392334
02,audio,0.1,2,random,-0.012120898195238483,-0.0542739300235312,-0.017044514417648315
02,audio,0.1,2,random,-0.02347523338849611,-0.09663069966313298,-0.036218345165252686
02,audio,0.1,2,random,-0.013781947195815769,-0.055975977841262625,-0.022413045167922974
02,audio,0.1,2,random,-0.0019457393064236106,-0.006073413635060199,-0.0040877461433410645
02,audio,0.1,2,random,-0.009421141903230679,-0.03765735131154446,-0.01537024974822998
02,audio,0.1,2,random,-0.005759922634803294,-0.007733439593249569,-0.006325811147689819
02,audio,0.1,2,random,-0.017253812479574138,-0.02571274444211813,-0.008463084697723389
02,audio,0.1,2,random,-0.01941252390441417,-0.08445682267877874,-0.030728250741958618
02,audio,0.1,2,random,-0.005350811434710612,-0.020763048233932047,-0.006266236305236816
02,audio,0.1,2,random,-0.011758219089235855,-0.04936277668334643,-0.016088217496871948
02,audio,0.1,2,random,-0.017253812479574138,-0.02571274444211813,-0.008463084697723389
02,audio,0.1,2,random,-0.01941252390441417,-0.08445682267877874,-0.030728250741958618
02,audio,0.1,2,retain_top,-0.12334171387931675,-0.44669026752597607,-0.1860363483428955
02,audio,0.2,4,top,-0.007418095717474427,0.050861693851462,0.013694018125534058
02,audio,0.2,4,bottom,-0.0515197778934397,-0.2176912955497634,-0.0796777606010437
02,audio,0.2,4,random,-0.03458832718493865,-0.13825943647890415,-0.05378979444503784
02,audio,0.2,4,random,-0.032795650494802264,-0.12587175239981174,-0.049539417028427124
02,audio,0.2,4,random,-0.035987248940275385,-0.09866596723299026,-0.037113308906555176
02,audio,0.2,4,random,-0.015467029719600678,-0.04691619691688631,-0.021319568157196045
02,audio,0.2,4,random,-0.015011647666537009,-0.047575648265907766,-0.02217799425125122
02,audio,0.2,4,random,-0.024936740416046377,-0.08451668527480494,-0.034929096698760986
02,audio,0.2,4,random,-0.03946153926143525,-0.12102084091271037,-0.04427081346511841
02,audio,0.2,4,random,-0.011437065793598766,-0.02257053555756805,-0.015023529529571533
02,audio,0.2,4,random,-0.013948940744829774,-0.03708897624609808,-0.016531378030776978
02,audio,0.2,4,random,-0.024932003424210758,-0.09524054987978492,-0.03819611668586731
02,audio,0.2,4,random,-0.030889717568348407,-0.10022995334154494,-0.04408586025238037
02,audio,0.2,4,random,-0.029639042218714662,-0.10407118695374407,-0.04495745897293091
02,audio,0.2,4,random,-0.028999911267206246,-0.11689151544004706,-0.04478541016578674
02,audio,0.2,4,random,-0.02136400447323189,-0.0755057744800427,-0.032883405685424805
02,audio,0.2,4,random,-0.02385431163074303,-0.05747231262984809,-0.018304944038391113
02,audio,0.2,4,random,-0.02478033229172344,-0.09572164127201954,-0.03848296403884888
02,audio,0.2,4,random,-0.019957318053624662,-0.02475950204481725,-0.012276411056518555
02,audio,0.2,4,random,-0.02341097662456071,-0.0786431032767062,-0.030674904584884644
02,audio,0.2,4,random,-0.027409607312169515,-0.11653865290311316,-0.04361298680305481
02,audio,0.2,4,random,-0.040605042434452954,-0.15934806628137066,-0.06330561637878418
02,audio,0.2,4,retain_top,-0.11642630725903397,-0.4352419335078005,-0.1764906644821167
02,audio,0.3,6,top,-0.010697753617571637,0.05717713245311118,0.012631654739379883
02,audio,0.3,6,bottom,-0.06800771847189174,-0.27963823424685186,-0.106151282787323
02,audio,0.3,6,random,-0.036870854360257777,-0.12690480089397504,-0.05281621217727661
02,audio,0.3,6,random,-0.04317385410025043,-0.14452909549756077,-0.06570237874984741
02,audio,0.3,6,random,-0.038561932835688206,-0.11412907103395686,-0.04186898469924927
02,audio,0.3,6,random,-0.016777683638234897,-0.047995290930012535,-0.022824376821517944
02,audio,0.3,6,random,-0.03012769579955077,-0.07355693776519012,-0.04039892554283142
02,audio,0.3,6,random,-0.021944066239228788,-0.045893273640100096,-0.025377511978149414
02,audio,0.3,6,random,-0.05696860930372005,-0.19368981358494453,-0.07019758224487305
02,audio,0.3,6,random,-0.03536438389334645,-0.09940406547296621,-0.052344560623168945
02,audio,0.3,6,random,-0.045219608951935886,-0.134849360710113,-0.05404067039489746
02,audio,0.3,6,random,-0.018700767995785128,-0.055581430169697965,-0.025653183460235596
02,audio,0.3,6,random,-0.05642316787284929,-0.21128642813480647,-0.08396440744400024
02,audio,0.3,6,random,-0.0479709711842673,-0.1898156958126792,-0.0757032036781311
02,audio,0.3,6,random,-0.024453605714613524,-0.061547774937982136,-0.03247758746147156
02,audio,0.3,6,random,-0.030376805995542933,-0.09787680788357078,-0.042624086141586304
02,audio,0.3,6,random,-0.030712447483266736,-0.06866214294680506,-0.027668386697769165
02,audio,0.3,6,random,-0.027515666244305348,-0.07130967978439329,-0.03745490312576294
02,audio,0.3,6,random,-0.044402800639762596,-0.13602804471002572,-0.04940488934516907
02,audio,0.3,6,random,-0.023107373122789543,-0.026191326508823942,-0.010829806327819824
02,audio,0.3,6,random,-0.05351229181636907,-0.17900893160585907,-0.06614041328430176
02,audio,0.3,6,random,-0.0447542211912656,-0.1845542317799579,-0.06805586814880371
02,audio,0.3,6,retain_top,-0.10634402148475669,-0.41859695255687257,-0.16361409425735474
02,vision,0.1,2,top,-0.006991016148925222,-0.042490782643093916,-0.01710572838783264
02,vision,0.1,2,bottom,-0.02631069670878028,-0.1909940109878827,-0.05627933144569397
02,vision,0.1,2,random,-0.008612733545609152,-0.05467529481807765,-0.01773279905319214
02,vision,0.1,2,random,-0.008231721986428131,-0.05569612934922796,-0.01960211992263794
02,vision,0.1,2,random,-0.009465488248988685,-0.059187015116232145,-0.018807023763656616
02,vision,0.1,2,random,-0.010315604913364862,-0.06785828066673938,-0.02061617374420166
02,vision,0.1,2,random,-0.009924269345785608,-0.06332129902924544,-0.019421130418777466
02,vision,0.1,2,random,-0.012913623575309008,-0.08746849539007129,-0.027311623096466064
02,vision,0.1,2,random,-0.009170959142884294,-0.05992338045507484,-0.019435077905654907
02,vision,0.1,2,random,-0.009465488248988685,-0.059187015116232145,-0.018807023763656616
02,vision,0.1,2,random,-0.009718380260106407,-0.06635199890492416,-0.02201765775680542
02,vision,0.1,2,random,-0.008088564822461786,-0.04881318412445046,-0.017491936683654785
02,vision,0.1,2,random,-0.007687279065390296,-0.04954697517830986,-0.016499638557434082
02,vision,0.1,2,random,-0.010768484545835899,-0.06982218029407394,-0.021814852952957153
02,vision,0.1,2,random,-0.023052980288732983,-0.1646550930018712,-0.04785639047622681
02,vision,0.1,2,random,-0.008088483208307573,-0.05309263520258978,-0.018114924430847168
02,vision,0.1,2,random,-0.008842235628962691,-0.05889797178803691,-0.020925849676132202
02,vision,0.1,2,random,-0.007559743496820315,-0.05074882333877495,-0.02012401819229126
02,vision,0.1,2,random,-0.008154221390338778,-0.05356259632705629,-0.01767602562904358
02,vision,0.1,2,random,-0.011219708405236228,-0.0778242479038137,-0.026081115007400513
02,vision,0.1,2,random,-0.008088483208307573,-0.05309263520258978,-0.018114924430847168
02,vision,0.1,2,random,-0.008873456595158258,-0.0580824664763232,-0.019632548093795776
02,vision,0.1,2,retain_top,-0.13329905257131974,-0.8566810789140576,-0.2182859182357788
02,vision,0.2,4,top,-0.013916693299584393,-0.0878923203997447,-0.03288078308105469
02,vision,0.2,4,bottom,-0.03784506921870556,-0.27035675454335995,-0.0784420371055603
02,vision,0.2,4,random,-0.015518322678181873,-0.10143475617436415,-0.036241233348846436
02,vision,0.2,4,random,-0.03477730219702457,-0.24035878996418603,-0.07116293907165527
02,vision,0.2,4,random,-0.01603050990386562,-0.10682040219619315,-0.037457793951034546
02,vision,0.2,4,random,-0.021833714446646446,-0.15073115491607025,-0.049503982067108154
02,vision,0.2,4,random,-0.01898111470007363,-0.12512490314348834,-0.04231703281402588
02,vision,0.2,4,random,-0.031611307887343454,-0.2214995136004213,-0.06812387704849243
02,vision,0.2,4,random,-0.016515020737379704,-0.10962440853997635,-0.03597569465637207
02,vision,0.2,4,random,-0.017603555994398334,-0.11166870982789534,-0.03967443108558655
02,vision,0.2,4,random,-0.018713897244746813,-0.12522946710906546,-0.04117509722709656
02,vision,0.2,4,random,-0.02143470512063389,-0.14008225768178495,-0.04610517621040344
02,vision,0.2,4,random,-0.03167791304130407,-0.2238591727711321,-0.06884831190109253
02,vision,0.2,4,random,-0.02019680671257673,-0.14164019939013595,-0.04590439796447754
02,vision,0.2,4,random,-0.032502721165713566,-0.22573938107384783,-0.06628590822219849
02,vision,0.2,4,random,-0.0336011462810597,-0.2309552483086278,-0.06633991003036499
02,vision,0.2,4,random,-0.02182725780677469,-0.14818724996594257,-0.04701930284500122
02,vision,0.2,4,random,-0.017190514020159142,-0.1113609219794538,-0.04077261686325073
02,vision,0.2,4,random,-0.020527887428495373,-0.13300767710758077,-0.04214492440223694
02,vision,0.2,4,random,-0.01650099594102722,-0.11064038811992294,-0.03811752796173096
02,vision,0.2,4,random,-0.017350436156924165,-0.11980772858368516,-0.039868950843811035
02,vision,0.2,4,random,-0.02040910711178623,-0.13118745584410496,-0.04273223876953125
02,vision,0.2,4,retain_top,-0.11564044842808502,-0.7582952997976903,-0.1952141523361206
02,vision,0.3,6,top,-0.02187806846621343,-0.14403688391315828,-0.05128210783004761
02,vision,0.3,6,bottom,-0.0500836085043902,-0.34706675926241615,-0.10041475296020508
02,vision,0.3,6,random,-0.04393313464896881,-0.29768992882295253,-0.088451087474823
02,vision,0.3,6,random,-0.026512782070289287,-0.1776079576213796,-0.05921119451522827
02,vision,0.3,6,random,-0.025548883854322635,-0.1662014818331271,-0.05437678098678589
02,vision,0.3,6,random,-0.02976580220636077,-0.19638721715165075,-0.060661911964416504
02,vision,0.3,6,random,-0.04283036125104278,-0.29849710213507674,-0.09050989151000977
02,vision,0.3,6,random,-0.027611767413957322,-0.17944145657931676,-0.05874371528625488
02,vision,0.3,6,random,-0.04229102138615132,-0.29287610871503666,-0.08560717105865479
02,vision,0.3,6,random,-0.02945149763394822,-0.19361352029044332,-0.06338590383529663
02,vision,0.3,6,random,-0.041776072630863026,-0.2883340342739855,-0.0886804461479187
02,vision,0.3,6,random,-0.029730652078301167,-0.19522422576585696,-0.06026196479797363
02,vision,0.3,6,random,-0.025958093868190646,-0.1702520619853265,-0.0566401481628418
02,vision,0.3,6,random,-0.026700260753359406,-0.17495127411750389,-0.059023261070251465
02,vision,0.3,6,random,-0.02651540200963931,-0.16546405710927758,-0.05569875240325928
02,vision,0.3,6,random,-0.043112406251332724,-0.2929459155658003,-0.08667731285095215
02,vision,0.3,6,random,-0.04740684033385889,-0.32378552297127894,-0.09406870603561401
02,vision,0.3,6,random,-0.031536686381932966,-0.2066680556987841,-0.06590700149536133
02,vision,0.3,6,random,-0.02318429426107843,-0.15108343864912332,-0.05337825417518616
02,vision,0.3,6,random,-0.02885222913524821,-0.19471811614618317,-0.06114774942398071
02,vision,0.3,6,random,-0.027811047138293576,-0.18981109664923435,-0.0604628324508667
02,vision,0.3,6,random,-0.03885497256950604,-0.27006159504251326,-0.08084762096405029
02,vision,0.3,6,retain_top,-0.09986721496752843,-0.6592593997100341,-0.17310237884521484
03,text,0.1,4,top,0.3508965379165135,1.4724157317355693,-0.6073924601078033
03,text,0.1,4,bottom,-0.0559647726724416,-0.3375295731203072,0.3086034059524536
03,text,0.1,4,random,0.49540114799617224,2.0079609442588717,-0.7328836917877197
03,text,0.1,4,random,-0.008864331296756012,-0.00609223929281244,0.03670692443847656
03,text,0.1,4,random,0.14816574582954978,0.7409820452983542,-0.3597939610481262
03,text,0.1,4,random,0.007262800946190362,0.09309355232102012,-0.03281831741333008
03,text,0.1,4,random,0.12454372550674186,0.6425289168637338,-0.3155170679092407
03,text,0.1,4,random,0.22715585769139213,1.088669373296052,-0.47068198025226593
03,text,0.1,4,random,0.0678634852032618,0.40103420987503147,-0.2053503692150116
03,text,0.1,4,random,0.11635078636045437,0.6260796499247014,-0.29721957445144653
03,text,0.1,4,random,0.04025938484974101,0.25497765360397495,-0.10456603765487671
03,text,0.1,4,random,0.10124811289906899,0.5658198668585408,-0.27022773027420044
03,text,0.1,4,random,0.02631648514441165,0.20900880312254388,-0.064175546169281
03,text,0.1,4,random,0.15119144794296158,0.7681340181430227,-0.358226478099823
03,text,0.1,4,random,0.020597947186142718,0.19690622733549112,-0.06394422054290771
03,text,0.1,4,random,0.30204486352305293,1.3632555577439398,-0.560439869761467
03,text,0.1,4,random,0.08316817842477708,0.47603236142619476,-0.23415803909301758
03,text,0.1,4,random,0.08835441099785202,0.49089181652164915,-0.24436050653457642
03,text,0.1,4,random,0.09037540505610764,0.4924367282106581,-0.2498866617679596
03,text,0.1,4,random,0.32879860946565664,1.3916321576357484,-0.5701072290539742
03,text,0.1,4,random,0.0976424546331296,0.5645912707638174,-0.26918578147888184
03,text,0.1,4,random,-0.051188163393717345,-0.34054531494099827,0.2539329528808594
03,text,0.1,4,retain_top,0.30980433737467317,1.62007265518423,-0.6258608400821686
03,text,0.2,7,top,0.501684555170612,2.049656561505083,-0.7392423450946808
03,text,0.2,7,bottom,-0.07401465265301599,-0.4580310493281403,0.45952141284942627
03,text,0.2,7,random,-5.562670033987249e-05,0.07933808923591767,-0.0008300542831420898
03,text,0.2,7,random,0.17545435412775012,0.8932763511947219,-0.39858776330947876
03,text,0.2,7,random,0.37072423089093903,1.5904215521072527,-0.6430767178535461
03,text,0.2,7,random,0.5076450042096241,2.1316492288726216,-0.7428191900253296
03,text,0.2,7,random,0.015080998804316237,0.18635558653720574,-0.030681610107421875
03,text,0.2,7,random,0.30535995835638696,1.2968257137069186,-0.5590259879827499
03,text,0.2,7,random,0.39611095162126986,1.7778207983944876,-0.6744405329227448
03,text,0.2,7,random,0.2419634207487965,1.152340896972937,-0.47686271369457245
03,text,0.2,7,random,0.14843101637705536,0.8272062180994908,-0.3537493199110031
03,text,0.2,7,random,0.1966441895780371,1.0035316833465862,-0.4279247522354126
03,text,0.2,7,random,-0.03477211777683065,-0.15992260590830343,0.1364884376525879
03,text,0.2,7,random,0.20253998019709663,0.9874261140644593,-0.4376825988292694
03,text,0.2,7,random,0.18558477762367598,0.9742630382933077,-0.4276619106531143
03,text,0.2,7,random,0.5681376845528441,2.3195892959645086,-0.7800910472869873
03,text,0.2,7,random,-0.028118313700776332,-0.11161194020436316,0.1601315140724182
03,text,0.2,7,random,0.15248261310729905,0.8339978338349541,-0.3587317019701004
03,text,0.2,7,random,0.5343237743898162,2.241622542983425,-0.77090123295784
03,text,0.2,7,random,0.22571633051012496,1.1007728310972946,-0.4650925248861313
03,text,0.2,7,random,-0.052274959732343085,-0.2551533247040654,0.2663654088973999
03,text,0.2,7,random,0.10197365480975873,0.6042554790330543,-0.26972872018814087
03,text,0.2,7,retain_top,0.5727941077492854,2.6570697877794,-0.8940848708152771
03,text,0.3,10,top,0.5635032489863464,2.299448304779533,-0.7651568651199341
03,text,0.3,10,bottom,-0.06416575874097241,-0.343674400115463,0.35472601652145386
03,text,0.3,10,random,0.30724939546507146,1.452677179347316,-0.5797857493162155
03,text,0.3,10,random,0.5210494415117867,2.3134522161354605,-0.815095841884613
03,text,0.3,10,random,0.3412235011629204,1.552259160025298,-0.6144007742404938
03,text,0.3,10,random,0.40392367342303004,1.7327955358396334,-0.6593045294284821
03,text,0.3,10,random,0.22777856797339868,1.086222233822653,-0.46262669563293457
03,text,0.3,10,random,0.5117488478048535,2.169321013594986,-0.751934289932251
03,text,0.3,10,random,0.48397644400712597,2.072904408906135,-0.7492491602897644
03,text,0.3,10,random,-0.034928026318932104,-0.15865536903806676,0.20162475109100342
03,text,0.3,10,random,0.33172391341089147,1.4301260001050193,-0.5701288133859634
03,text,0.3,10,random,0.04215080986852615,0.3495461435680185,-0.13527590036392212
03,text,0.3,10,random,0.6221247915523347,2.826784408375251,-0.8803595900535583
03,text,0.3,10,random,0.4653001970445777,1.9470619729669754,-0.7094494849443436
03,text,0.3,10,random,0.4409945119127851,1.8511288591414696,-0.6900787502527237
03,text,0.3,10,random,0.575576300955063,2.4579606539816474,-0.8105179667472839
03,text,0.3,10,random,0.4056272110167339,1.830672772347545,-0.6950404644012451
03,text,0.3,10,random,0.28245427614160346,1.2763892254551912,-0.5375379770994186
03,text,0.3,10,random,0.6233780361608786,2.742849297063662,-0.8342147171497345
03,text,0.3,10,random,0.5919359331161967,2.4915935192318797,-0.8094443678855896
03,text,0.3,10,random,0.4587369256523788,1.9645163581206888,-0.714008703827858
03,text,0.3,10,random,0.11875028050028014,0.7377931064158969,-0.3171331286430359
03,text,0.3,10,retain_top,0.6228175640353943,2.963862239485152,-0.9507821798324585
03,audio,0.1,4,top,-0.00427644101970126,-0.0257524604234054,0.009380221366882324
03,audio,0.1,4,bottom,-0.022243742354261076,-0.15621053172258348,0.08587348461151123
03,audio,0.1,4,random,-0.016342933356619738,-0.11175153574331409,0.05993807315826416
03,audio,0.1,4,random,-0.01374814193172813,-0.09405017339711907,0.04664456844329834
03,audio,0.1,4,random,-0.015553819695634186,-0.10387877511891386,0.058189451694488525
03,audio,0.1,4,random,-0.01319076311337919,-0.08501677326286972,0.04620116949081421
03,audio,0.1,4,random,-0.009956156757615187,-0.062011827966974575,0.03262162208557129
03,audio,0.1,4,random,-0.01391025872964502,-0.09337322326297093,0.0502738356590271
03,audio,0.1,4,random,-0.01271510505552731,-0.08408229020365043,0.04354172945022583
03,audio,0.1,4,random,-0.012412611693012332,-0.08082521678733245,0.040513575077056885
03,audio,0.1,4,random,-0.010338931077503055,-0.0672219814818753,0.03629505634307861
03,audio,0.1,4,random,-0.013965504812550877,-0.09305726968187944,0.048397183418273926
03,audio,0.1,4,random,-0.011048139665563506,-0.07386549678093601,0.04038214683532715
03,audio,0.1,4,random,-0.009430276809495042,-0.06365598687491447,0.03385794162750244
03,audio,0.1,4,random,-0.013548627446272832,-0.09042367015893982,0.048511505126953125
03,audio,0.1,4,random,-0.013218313797979775,-0.08742031316242604,0.049723148345947266
03,audio,0.1,4,random,-0.01294903580070561,-0.08921775811041144,0.047600626945495605
03,audio,0.1,4,random,-0.012443204873723746,-0.08814468543099796,0.04262721538543701
03,audio,0.1,4,random,-0.015087483832292747,-0.10361841244845582,0.054024696350097656
03,audio,0.1,4,random,-0.017152916244335126,-0.11776157403898191,0.06389111280441284
03,audio,0.1,4,random,-0.01805675035994725,-0.12345415102089907,0.06377208232879639
03,audio,0.1,4,random,-0.012447574851741416,-0.09190175758428953,0.04357975721359253
03,audio,0.1,4,retain_top,-0.06338844659170817,-0.5090657184355281,0.35659152269363403
03,audio,0.2,7,top,-0.009384002463723617,-0.05980888959182851,0.027929484844207764
03,audio,0.2,7,bottom,-0.03462460983394855,-0.24936702036694403,0.1419716477394104
03,audio,0.2,7,random,-0.024645505929943523,-0.1707685456078032,0.09758877754211426
03,audio,0.2,7,random,-0.021820717886811725,-0.14252965236659643,0.07987308502197266
03,audio,0.2,7,random,-0.02123391810194275,-0.15057577984421755,0.0770372748374939
03,audio,0.2,7,random,-0.02299715349640663,-0.1647131471178116,0.0880468487739563
03,audio,0.2,7,random,-0.022388421106940615,-0.15348084947671659,0.08244121074676514
03,audio,0.2,7,random,-0.022593344076884292,-0.16415675115096118,0.08668869733810425
03,audio,0.2,7,random,-0.023686881838967166,-0.15397989217381403,0.08291906118392944
03,audio,0.2,7,random,-0.02783172269347678,-0.1934987410631197,0.10824918746948242
03,audio,0.2,7,random,-0.02210905167458843,-0.15041776405089013,0.08608812093734741
03,audio,0.2,7,random,-0.020546245804792584,-0.14161405049402243,0.07827568054199219
03,audio,0.2,7,random,-0.025703148456688196,-0.18095484735541634,0.09700435400009155
03,audio,0.2,7,random,-0.02277057265942306,-0.15916332397103838,0.08893680572509766
03,audio,0.2,7,random,-0.02323135312517155,-0.154118828901201,0.08574479818344116
03,audio,0.2,7,random,-0.01837477417237865,-0.12471383732084762,0.06749099493026733
03,audio,0.2,7,random,-0.017328453155287304,-0.11987247182806016,0.05931401252746582
03,audio,0.2,7,random,-0.0214562900241404,-0.14432342877689042,0.0822378396987915
03,audio,0.2,7,random,-0.023452580518630417,-0.1625517662978293,0.08813786506652832
03,audio,0.2,7,random,-0.0243210716971054,-0.1694746690787765,0.09163177013397217
03,audio,0.2,7,random,-0.022989370098177142,-0.15767724358887003,0.08524316549301147
03,audio,0.2,7,random,-0.014817811140875325,-0.1032036635462199,0.053985536098480225
03,audio,0.2,7,retain_top,-0.06351043254962219,-0.5091177972237344,0.34396082162857056
03,audio,0.3,10,top,-0.01651852217016514,-0.10262744233176235,0.05407571792602539
03,audio,0.3,10,bottom,-0.04328864827782142,-0.3211659745078572,0.1865096092224121
03,audio,0.3,10,random,-0.033894663286024085,-0.2403862517347637,0.13217538595199585
03,audio,0.3,10,random,-0.03327469159518337,-0.23447214635424718,0.12996280193328857
03,audio,0.3,10,random,-0.03016239425488021,-0.21674075714733387,0.1235196590423584
03,audio,0.3,10,random,-0.03425963688397182,-0.24318441809809554,0.13580965995788574
03,audio,0.3,10,random,-0.028325039479112468,-0.19023884392799673,0.1063460111618042
03,audio,0.3,10,random,-0.024070781945404462,-0.17319651188427665,0.08771109580993652
03,audio,0.3,10,random,-0.032761281112816176,-0.23655169570004864,0.12878453731536865
03,audio,0.3,10,random,-0.03303651371598759,-0.23937306956548055,0.12987631559371948
03,audio,0.3,10,random,-0.0340794912003084,-0.23851619369323274,0.13683581352233887
03,audio,0.3,10,random,-0.03282626850681647,-0.24335550647229454,0.13985365629196167
03,audio,0.3,10,random,-0.028397709923675185,-0.20230834085381755,0.11263537406921387
03,audio,0.3,10,random,-0.03017719779911765,-0.19969634713971995,0.11319804191589355
03,audio,0.3,10,random,-0.030643353275679797,-0.20708805595389856,0.11560237407684326
03,audio,0.3,10,random,-0.03567197728212246,-0.25534763807323113,0.14799845218658447
03,audio,0.3,10,random,-0.032488234139184,-0.23494045510877237,0.12954920530319214
03,audio,0.3,10,random,-0.024897767543654803,-0.1696947439590688,0.09158992767333984
03,audio,0.3,10,random,-0.030739704122848543,-0.21322412151787473,0.11990952491760254
03,audio,0.3,10,random,-0.030457815169663616,-0.21345261467232568,0.11996901035308838
03,audio,0.3,10,random,-0.02873419505240682,-0.19418951632408854,0.11121439933776855
03,audio,0.3,10,random,-0.023422500780944322,-0.1581817961124612,0.08795690536499023
03,audio,0.3,10,retain_top,-0.061753353246166376,-0.49648700175402416,0.3226807117462158
03,vision,0.1,4,top,0.01386642890210621,0.07622857728973909,-0.05085974931716919
03,vision,0.1,4,bottom,-0.0050450666064363325,-0.03998852970205258,0.022946417331695557
03,vision,0.1,4,random,0.0051663312994136845,0.02602203109060941,-0.01755380630493164
03,vision,0.1,4,random,0.0007013226079763957,-0.007911427077203825,0.004407405853271484
03,vision,0.1,4,random,-0.002116809655341334,-0.020194689342821537,0.013893067836761475
03,vision,0.1,4,random,-8.453687312115488e-05,-0.012405804233597717,0.00908517837524414
03,vision,0.1,4,random,0.002916217613205263,0.008052351548713421,-0.005162835121154785
03,vision,0.1,4,random,0.0008367142532408334,-0.0029080883900132193,0.002360820770263672
03,vision,0.1,4,random,0.00022880211162790154,-0.01113658389640415,0.007246077060699463
03,vision,0.1,4,random,0.007983018114728124,0.038673431174730544,-0.027526378631591797
03,vision,0.1,4,random,-0.0013914586444689903,-0.016115737326435564,0.009318411350250244
03,vision,0.1,4,random,0.0018495828782763013,0.0020000615700457303,-0.00287628173828125
03,vision,0.1,4,random,0.0021930712400389796,0.0033779225533923096,-0.0011636614799499512
03,vision,0.1,4,random,0.004679560705399766,0.02313469973354465,-0.016901373863220215
03,vision,0.1,4,random,0.006213075091062059,0.029849271315887105,-0.020512938499450684
03,vision,0.1,4,random,-0.0005799850144561081,-0.013734022578580696,0.009261071681976318
03,vision,0.1,4,random,0.0037587047380031047,0.01526940052696446,-0.011838912963867188
03,vision,0.1,4,random,0.004786867948243234,0.019356104282593822,-0.013051748275756836
03,vision,0.1,4,random,0.003449238188942827,0.014118155108811425,-0.010796546936035156
03,vision,0.1,4,random,0.004542092552517474,0.016733480011914548,-0.0111006498336792
03,vision,0.1,4,random,0.0007035848791745458,-0.004184093417060719,0.0011622905731201172
03,vision,0.1,4,random,0.001095552565500646,-0.0013331151255679963,-0.0006794929504394531
03,vision,0.1,4,retain_top,0.03334050500327346,0.08431869701232042,-0.027243375778198242
03,vision,0.2,7,top,0.023991020247358108,0.12872327757256619,-0.0838785171508789
03,vision,0.2,7,bottom,-0.0068276413674338565,-0.06025067003567619,0.03711003065109253
03,vision,0.2,7,random,-0.0013006471418661736,-0.02968585199128615,0.019523978233337402
03,vision,0.2,7,random,0.006092852798222581,0.017147658518329667,-0.01348257064819336
03,vision,0.2,7,random,0.002298720178947722,-0.00433391071699063,0.0033174753189086914
03,vision,0.2,7,random,0.004014795705937213,0.0117337197758407,-0.01284480094909668
03,vision,0.2,7,random,0.0021770130091959272,-0.0026927308625395163,0.001217961311340332
03,vision,0.2,7,random,0.0018958725232729456,-0.00424191937905638,0.001427769660949707
03,vision,0.2,7,random,0.008433136112843131,0.036077085533642084,-0.025413572788238525
03,vision,0.2,7,random,0.002874228920112465,-0.000943528919007175,-0.004370152950286865
03,vision,0.2,7,random,0.003066992168335947,0.003293075376514132,-0.004983663558959961
03,vision,0.2,7,random,0.005363654348922164,0.01986874236991598,-0.01015406847000122
03,vision,0.2,7,random,0.004223054769231904,0.007310320341842758,-0.0075449347496032715
03,vision,0.2,7,random,0.00590688745244794,0.01515397625738979,-0.009693682193756104
03,vision,0.2,7,random,0.005539552997916752,0.018854388971651925,-0.014821648597717285
03,vision,0.2,7,random,0.004007167967134739,0.009782197096058542,-0.0052321553230285645
03,vision,0.2,7,random,0.005414378687368715,0.01415672253289113,-0.01257103681564331
03,vision,0.2,7,random,0.006389404711692137,0.02263635137648068,-0.017266035079956055
03,vision,0.2,7,random,0.008291722082447994,0.03580222279231027,-0.02386951446533203
03,vision,0.2,7,random,0.01053701403702656,0.05015568878318888,-0.03271520137786865
03,vision,0.2,7,random,0.006028207651512352,0.017412055198570364,-0.008785843849182129
03,vision,0.2,7,random,0.0014033388366956334,-0.010329999901586007,0.0034365057945251465
03,vision,0.2,7,retain_top,0.01536516117635367,-0.0017130733364076889,0.018114089965820312
03,vision,0.3,10,top,0.030962422690963942,0.16018694027363867,-0.1033240556716919
03,vision,0.3,10,bottom,-0.007518000214066567,-0.07518634110118239,0.04649084806442261
03,vision,0.3,10,random,0.007697264257658709,0.024831406650542842,-0.019027292728424072
03,vision,0.3,10,random,0.0087369076515309,0.026919894259856303,-0.01707470417022705
03,vision,0.3,10,random,0.003884514455157917,-0.003236202192998139,0.00298231840133667
03,vision,0.3,10,random,0.012826021368141816,0.05093557532529158,-0.03241574764251709
03,vision,0.3,10,random,0.008872007971200024,0.029492888750893176,-0.022341907024383545
03,vision,0.3,10,random,0.006463883408394766,0.00806218194166064,-0.005884289741516113
03,vision,0.3,10,random,-0.00019425551996721246,-0.02545726799529824,0.01796102523803711
03,vision,0.3,10,random,0.014675470528690227,0.06891183690591784,-0.047597527503967285
03,vision,0.3,10,random,0.0047080182629989364,-0.00045021116403054506,-6.330013275146484e-05
03,vision,0.3,10,random,0.004842838871497168,0.007650039714642176,-0.0054939985275268555
03,vision,0.3,10,random,0.004922090312241445,0.0035533024706246863,-0.002460777759552002
03,vision,0.3,10,random,0.009750175058582888,0.03380501616414522,-0.025292158126831055
03,vision,0.3,10,random,0.004797107381552701,-0.003276297894181379,-0.0003917813301086426
03,vision,0.3,10,random,0.008978238694611451,0.025332208257832445,-0.018384039402008057
03,vision,0.3,10,random,0.004184411386482623,-0.005737820561578122,0.0014534592628479004
03,vision,0.3,10,random,0.005555469690625925,0.008798915386921458,-0.008603453636169434
03,vision,0.3,10,random,0.009994123626524187,0.03933074732969177,-0.029985129833221436
03,vision,0.3,10,random,0.005536223525960948,0.004016695732393938,-0.00023943185806274414
03,vision,0.3,10,random,0.0021278719605549723,-0.010661607579857346,0.006821632385253906
03,vision,0.3,10,random,0.010848415957886215,0.04286601933229295,-0.029169857501983643
03,vision,0.3,10,retain_top,0.006916359635823155,-0.038747538631702216,0.03565716743469238
04,text,0.1,3,top,0.40564723627434707,2.204794374952845,-0.6349053084850311
04,text,0.1,3,bottom,-0.10236502534011094,-0.42343841570771057,0.21449652314186096
04,text,0.1,3,random,-0.07034903556983141,-0.26291857359277016,0.09381410479545593
04,text,0.1,3,random,0.21586835698015056,0.9343815602275223,-0.3346107304096222
04,text,0.1,3,random,0.11053895575696315,0.43115371538873837,-0.1257653534412384
04,text,0.1,3,random,0.05578942988795765,0.27511492740434085,-0.13862141966819763
04,text,0.1,3,random,0.2776459002990273,1.2187078803169082,-0.36094388365745544
04,text,0.1,3,random,0.19301963485565504,0.8535951449099096,-0.3352564871311188
04,text,0.1,3,random,0.19252362010631213,0.7997628398039541,-0.2710859477519989
04,text,0.1,3,random,0.08064942942079806,0.289640025421282,-0.0838460624217987
04,text,0.1,3,random,0.003454003026212682,-0.012001953595258241,0.0497225821018219
04,text,0.1,3,random,0.24772358645371761,1.0428151369436365,-0.2892478406429291
04,text,0.1,3,random,0.20828981817393816,0.8299315963960956,-0.21822455525398254
04,text,0.1,3,random,-0.08664700319512286,-0.36747891842092784,0.18066859245300293
04,text,0.1,3,random,-0.024503598317512587,-0.0784050670256834,0.031079769134521484
04,text,0.1,3,random,0.00047633092283339007,0.02385315101904162,-0.017677336931228638
04,text,0.1,3,random,0.09855679651654886,0.40638925428694117,-0.1287781298160553
04,text,0.1,3,random,0.041352646701968254,0.1646112151882584,-0.06230023503303528
04,text,0.1,3,random,0.007166002242164571,0.043544442942293315,-0.032065242528915405
04,text,0.1,3,random,0.4091043799497619,2.2609186730466684,-0.711340993642807
04,text,0.1,3,random,-0.020358806081139713,-0.0792807040148269,0.028891295194625854
04,text,0.1,3,random,0.03448067954001244,0.08930866505018464,0.013808399438858032
04,text,0.1,3,retain_top,0.3382902378596815,1.6784769175979093,-0.67162224650383
04,text,0.2,6,top,0.42833715604645806,2.478339776722154,-0.7132172286510468
04,text,0.2,6,bottom,-0.2313529203458311,-0.9985287798896509,0.5343828350305557
04,text,0.2,6,random,0.4122830144040446,2.2703185053078556,-0.6269275844097137
04,text,0.2,6,random,-0.0551213926737284,-0.20559341102980977,0.09947323799133301
04,text,0.2,6,random,0.030624971985213023,0.11333133782416882,-0.016397863626480103
04,text,0.2,6,random,0.17986237413885875,0.8015149216917374,-0.3483005464076996
04,text,0.2,6,random,0.09809890766926144,0.4308351266846826,-0.1699216067790985
04,text,0.2,6,random,0.17119448397083586,0.7543682066671055,-0.2962246835231781
04,text,0.2,6,random,0.13932859328484232,0.5995218912972319,-0.21467360854148865
04,text,0.2,6,random,0.38717431382223133,2.0549583824434015,-0.713392585515976
04,text,0.2,6,random,-0.1506784081005308,-0.5832076683108692,0.27245374023914337
04,text,0.2,6,random,-0.028393670006170546,-0.07825132337113883,-0.0003287196159362793
04,text,0.2,6,random,-0.008256116561556337,-0.05793800348901401,0.0696975588798523
04,text,0.2,6,random,0.35295463164498986,1.7454550029579312,-0.5740921199321747
04,text,0.2,6,random,0.2324757751810389,1.0565536438558505,-0.41472128033638
04,text,0.2,6,random,0.25215795641236816,1.107270820512098,-0.35207077860832214
04,text,0.2,6,random,-0.010805535123556531,-0.06639147831137426,0.07576429843902588
04,text,0.2,6,random,0.30687382093170557,1.4606812740337933,-0.5512597262859344
04,text,0.2,6,random,0.4259232643987492,2.494215241637927,-0.9466848075389862
04,text,0.2,6,random,0.31346655624882164,1.4082938601560655,-0.38989999890327454
04,text,0.2,6,random,0.03020247746477972,0.11062144203313584,-0.01629921793937683
04,text,0.2,6,random,0.423142972601189,2.43705516996026,-0.8167001903057098
04,text,0.2,6,retain_top,0.27103587531990947,1.265504956048226,-0.5232103765010834
04,text,0.3,8,top,0.4298242106881833,2.504870930477521,-0.7503884732723236
04,text,0.3,8,bottom,-0.15761016672547423,-0.6043632779100172,0.2877718657255173
04,text,0.3,8,random,0.4255901062757588,2.438759246816704,-0.7041544616222382
04,text,0.3,8,random,0.19618245921467237,0.8659815280486487,-0.3231362998485565
04,text,0.3,8,random,0.4085600181840636,2.206977138145362,-0.5611055791378021
04,text,0.3,8,random,0.37991473216619315,1.9741258303732299,-0.6330341994762421
04,text,0.3,8,random,0.1537183987262794,0.6669725124995823,-0.2533576786518097
04,text,0.3,8,random,0.19472119544204713,0.8446845112902294,-0.30736276507377625
04,text,0.3,8,random,0.342607911861163,1.689164799729246,-0.6005972325801849
04,text,0.3,8,random,0.37340660866817554,1.9035634542418876,-0.6040681302547455
04,text,0.3,8,random,-0.017411615184803386,-0.021702700195430524,-0.011703670024871826
04,text,0.3,8,random,0.3489434656688391,1.721870434138457,-0.5562970340251923
04,text,0.3,8,random,0.24289967332632684,1.058626694058392,-0.3408389985561371
04,text,0.3,8,random,0.3873026545261202,2.0593711351640795,-0.7293269336223602
04,text,0.3,8,random,0.13880901536474693,0.6114226650203204,-0.24258896708488464
04,text,0.3,8,random,0.11574439891572336,0.515779950219322,-0.21654823422431946
04,text,0.3,8,random,0.3060591963268309,1.4586519482350486,-0.5427064597606659
04,text,0.3,8,random,0.4244998288453228,2.469380342497012,-0.891874760389328
04,text,0.3,8,random,0.16728428536907952,0.7394850808279384,-0.3125285804271698
04,text,0.3,8,random,0.3265683060188068,1.5598796043785448,-0.5302483141422272
04,text,0.3,8,random,0.2583591327357958,1.1942725667372627,-0.46946612000465393
04,text,0.3,8,random,0.13947452686970163,0.5890702008393022,-0.21045735478401184
04,text,0.3,8,retain_top,0.0973900157900473,0.46492917885659135,-0.20061561465263367
04,audio,0.1,3,top,0.0012266094610402511,0.01438908216420598,-0.010655194520950317
04,audio,0.1,3,bottom,-0.05061292590756772,-0.20313372946785613,0.08509722352027893
04,audio,0.1,3,random,-0.029243161603367596,-0.11111540241730633,0.042613208293914795
04,audio,0.1,3,random,-0.0419289130372692,-0.1635636202246864,0.06590527296066284
04,audio,0.1,3,random,-0.021196776352162994,-0.08035580756406169,0.02938053011894226
04,audio,0.1,3,random,-0.022933758230292867,-0.08347685828200102,0.029230117797851562
04,audio,0.1,3,random,-0.017952867684502993,-0.06314690988448979,0.021018683910369873
04,audio,0.1,3,random,-0.018215330295022425,-0.06287924098290043,0.01901310682296753
04,audio,0.1,3,random,-0.014978965158032431,-0.0528582910674128,0.015371322631835938
04,audio,0.1,3,random,-0.023546436529775283,-0.08852307532731873,0.02967280149459839
04,audio,0.1,3,random,-0.0382328990093056,-0.1493545753262221,0.059959977865219116
04,audio,0.1,3,random,-0.03069810962124675,-0.11639367670356027,0.042837560176849365
04,audio,0.1,3,random,-0.023618537174742382,-0.0848629270737753,0.02567577362060547
04,audio,0.1,3,random,-0.02662790793289238,-0.09895870421220798,0.032579630613327026
04,audio,0.1,3,random,-0.038266328640838676,-0.14146325640349167,0.06035277247428894
04,audio,0.1,3,random,-0.01947183017880416,-0.07090736350675086,0.021470993757247925
04,audio,0.1,3,random,-0.040796552035403555,-0.16022606586989974,0.06803759932518005
04,audio,0.1,3,random,-0.026820783388102787,-0.10245716811600092,0.03205198049545288
04,audio,0.1,3,random,-0.02423661799447041,-0.08820239646196038,0.03419756889343262
04,audio,0.1,3,random,-0.027786021405584616,-0.10318543549070769,0.03006240725517273
04,audio,0.1,3,random,-0.02137724302965105,-0.0789008554945142,0.03165203332901001
04,audio,0.1,3,random,-0.04624866433529773,-0.18534719962893786,0.0791071355342865
04,audio,0.1,3,retain_top,-0.1643855701682947,-0.6580972809273624,0.32590410113334656
04,audio,0.2,6,top,-0.004139386107222309,0.0012520116951211246,-0.012808054685592651
04,audio,0.2,6,bottom,-0.09399650938067938,-0.37495801732264034,0.16540536284446716
04,audio,0.2,6,random,-0.036645039002293656,-0.13180398469244525,0.03861221671104431
04,audio,0.2,6,random,-0.03908815182406089,-0.14078087182060017,0.05137178301811218
04,audio,0.2,6,random,-0.05011370065699561,-0.19097511899454678,0.08190611004829407
04,audio,0.2,6,random,-0.069787097190121,-0.27126844740240585,0.11339572072029114
04,audio,0.2,6,random,-0.03537111800608117,-0.1303737607752209,0.04217448830604553
04,audio,0.2,6,random,-0.06292690861171524,-0.23682863205936433,0.09882852435112
04,audio,0.2,6,random,-0.06866333409589787,-0.2697727195978653,0.11337614059448242
04,audio,0.2,6,random,-0.05340455503166586,-0.19477218115671735,0.08251628279685974
04,audio,0.2,6,random,-0.039891498535133296,-0.1418689470942932,0.05195707082748413
04,audio,0.2,6,random,-0.06281472478931127,-0.24240629391215307,0.08627590537071228
04,audio,0.2,6,random,-0.07073857818625562,-0.28076762929233134,0.1206444799900055
04,audio,0.2,6,random,-0.04979874635525283,-0.1871597440741416,0.06695553660392761
04,audio,0.2,6,random,-0.03684902335857809,-0.1355039290892972,0.04704931378364563
04,audio,0.2,6,random,-0.05310745735470357,-0.1980117899467051,0.08040300011634827
04,audio,0.2,6,random,-0.047377830262245624,-0.17836100356750062,0.07200556993484497
04,audio,0.2,6,random,-0.07087002831580558,-0.2691842305553841,0.10666939616203308
04,audio,0.2,6,random,-0.046009057698278566,-0.1699071483534197,0.06116604804992676
04,audio,0.2,6,random,-0.04762947526090722,-0.17543663619992766,0.07676932215690613
04,audio,0.2,6,random,-0.05732226272909602,-0.22343938286608012,0.08375483751296997
04,audio,0.2,6,random,-0.07289229933171926,-0.2845556751772551,0.11481675505638123
04,audio,0.2,6,retain_top,-0.17615549488947024,-0.7195373417257684,0.3436068892478943
04,audio,0.3,8,top,-0.012225276404852714,-0.023814470965148216,-0.008010536432266235
04,audio,0.3,8,bottom,-0.11725532415460571,-0.47318777354315533,0.21478769183158875
04,audio,0.3,8,random,-0.05491712453391229,-0.19785020554323107,0.06919491291046143
04,audio,0.3,8,random,-0.06883350730427307,-0.25715325139510936,0.10383632779121399
04,audio,0.3,8,random,-0.07358957250731779,-0.29172196983340226,0.11683085560798645
04,audio,0.3,8,random,-0.042189867246631985,-0.14992611416063162,0.04747328162193298
04,audio,0.3,8,random,-0.06225556019841083,-0.2299995873413726,0.09770560264587402
04,audio,0.3,8,random,-0.05956281836546551,-0.2242609726588738,0.08652547001838684
04,audio,0.3,8,random,-0.09125824700805163,-0.354994569476502,0.14294332265853882
04,audio,0.3,8,random,-0.07746104453121849,-0.2924078597649171,0.1202256977558136
04,audio,0.3,8,random,-0.0594488344113967,-0.21580451455054983,0.08199995756149292
04,audio,0.3,8,random,-0.06151683810648412,-0.22780087119513137,0.0935782790184021
04,audio,0.3,8,random,-0.09018510531737634,-0.35212575932727297,0.13693353533744812
04,audio,0.3,8,random,-0.08672835886213892,-0.3386960887885624,0.1270899772644043
04,audio,0.3,8,random,-0.07771062070552148,-0.3017319368443203,0.11444708704948425
04,audio,0.3,8,random,-0.05961939447243236,-0.21810504001092867,0.08602473139762878
04,audio,0.3,8,random,-0.07756794447458915,-0.29878486395019443,0.10898923873901367
04,audio,0.3,8,random,-0.055338328111175006,-0.20551057221170177,0.0784386396408081
04,audio,0.3,8,random,-0.10020286382802424,-0.3899347776591653,0.16418689489364624
04,audio,0.3,8,random,-0.06047698439361904,-0.22144812417531967,0.08263421058654785
04,audio,0.3,8,random,-0.06421528701488532,-0.24434009465844653,0.08359584212303162
04,audio,0.3,8,random,-0.07550667950810752,-0.2917467558835939,0.10374507308006287
04,audio,0.3,8,retain_top,-0.1778026998070188,-0.7315718796508652,0.343264177441597
04,vision,0.1,3,top,0.0645878418838271,0.2706706177400525,-0.1219765841960907
04,vision,0.1,3,bottom,-0.02662443811814985,-0.10898556467627663,0.041709452867507935
04,vision,0.1,3,random,0.020145974246876974,0.08488328395392364,-0.044855743646621704
04,vision,0.1,3,random,-0.020220172846854734,-0.08627794154244739,0.03704795241355896
04,vision,0.1,3,random,0.01471247638015355,0.06683310272857113,-0.038273006677627563
04,vision,0.1,3,random,-0.009746226180436635,-0.03697671481756948,0.00816914439201355
04,vision,0.1,3,random,0.02877670086665257,0.12564328184207296,-0.07010886073112488
04,vision,0.1,3,random,0.004569627727225689,0.015945987404018425,-0.0053085386753082275
04,vision,0.1,3,random,-0.004465515796979513,-0.012229461526996777,-0.006653100252151489
04,vision,0.1,3,random,0.019025891594820765,0.08196376281125761,-0.04658356308937073
04,vision,0.1,3,random,-0.01896922190654249,-0.07858148879101756,0.03159406781196594
04,vision,0.1,3,random,-0.006456715500290144,-0.02294386943681681,0.002249091863632202
04,vision,0.1,3,random,0.0004036300266282433,0.008103095260100224,-0.017471909523010254
04,vision,0.1,3,random,-0.010458112366055206,-0.043059035291844294,0.013814061880111694
04,vision,0.1,3,random,0.004259082806086778,0.021764058073386883,-0.018421560525894165
04,vision,0.1,3,random,-0.019803413635669953,-0.08528189751162873,0.03725329041481018
04,vision,0.1,3,random,0.009130915222328784,0.0420980218003254,-0.029147833585739136
04,vision,0.1,3,random,0.011411535236367842,0.0493101117407061,-0.02861398458480835
04,vision,0.1,3,random,-0.000684469069755389,-0.00021149572502976444,-0.01032981276512146
04,vision,0.1,3,random,-0.005190756913824757,-0.01939762753108787,0.000612407922744751
04,vision,0.1,3,random,-0.012351651084952286,-0.05402699284945223,0.022781401872634888
04,vision,0.1,3,random,-0.0005641779745276798,-0.006039487059642079,-0.0003947317600250244
04,vision,0.1,3,retain_top,-0.07582748461182498,-0.34438740438560966,0.15758511424064636
04,vision,0.2,6,top,0.10590691486042375,0.43848801191389664,-0.18981537222862244
04,vision,0.2,6,bottom,-0.04998862511467017,-0.20842364169874494,0.08454328775405884
04,vision,0.2,6,random,0.011658374966570961,0.04723403657823133,-0.031369149684906006
04,vision,0.2,6,random,0.00036391272410551956,0.0023531492061359405,-0.01197892427444458
04,vision,0.2,6,random,0.011397711024269452,0.051074257644642795,-0.0404837429523468
04,vision,0.2,6,random,0.006650616471659654,0.0315587874215697,-0.029469817876815796
04,vision,0.2,6,random,-0.023018364851519424,-0.09531957976186778,0.0316406786441803
04,vision,0.2,6,random,-0.015949647309985937,-0.06780574638361347,0.01812383532524109
04,vision,0.2,6,random,0.01168880013253748,0.04403322077605476,-0.029392719268798828
04,vision,0.2,6,random,0.01699179700621345,0.07190827832611735,-0.04413667321205139
04,vision,0.2,6,random,0.053807716594351684,0.22867217346936908,-0.11871662735939026
04,vision,0.2,6,random,0.02831925412349645,0.11258497092332564,-0.05086669325828552
04,vision,0.2,6,random,-0.01948358848334686,-0.07933359933963346,0.028483182191848755
04,vision,0.2,6,random,0.0033608919600923715,0.019456858059617166,-0.020423978567123413
04,vision,0.2,6,random,0.01143246234013695,0.0365704060538079,-0.013901859521865845
04,vision,0.2,6,random,-0.004350735624357949,-0.03049644107410987,0.017211824655532837
04,vision,0.2,6,random,0.02507971539017445,0.10114773887018058,-0.05447790026664734
04,vision,0.2,6,random,-0.0036369887543301616,-0.02015515238156207,0.0008922219276428223
04,vision,0.2,6,random,-0.016397207348313292,-0.07686746394896105,0.030802518129348755
04,vision,0.2,6,random,-0.013761057486754047,-0.05495809493789494,0.013176649808883667
04,vision,0.2,6,random,-0.038494028768239374,-0.16353915644247108,0.06046348810195923
04,vision,0.2,6,random,-0.009845261883653755,-0.04029405574059686,0.007127255201339722
04,vision,0.2,6,retain_top,-0.1033935372226975,-0.45023233639789473,0.20238402485847473
04,vision,0.3,8,top,0.12202066529848876,0.5105744232630868,-0.22317913174629211
04,vision,0.3,8,bottom,-0.06509371317801282,-0.2735730031792595,0.11253440380096436
04,vision,0.3,8,random,-0.03568317313442004,-0.1458046280073485,0.054658859968185425
04,vision,0.3,8,random,-0.005043091016807888,-0.019707365246136144,-0.008743822574615479
04,vision,0.3,8,random,0.016090296620147826,0.06998972979766815,-0.05057653784751892
04,vision,0.3,8,random,-0.044300000212950774,-0.18941927493558486,0.07395309209823608
04,vision,0.3,8,random,0.00559489548306269,0.018156452507423593,-0.014341801404953003
04,vision,0.3,8,random,-0.01508881209757118,-0.05973083668830392,0.009003251791000366
04,vision,0.3,8,random,0.04091698040752456,0.16226650495948003,-0.07920697331428528
04,vision,0.3,8,random,0.048777784782511324,0.19988065072928407,-0.09616997838020325
04,vision,0.3,8,random,0.0028143394071242778,0.008487618903358252,-0.013411670923233032
04,vision,0.3,8,random,-0.009487948993815554,-0.044689349872648165,0.006797999143600464
04,vision,0.3,8,random,-0.007113998895971085,-0.029024993340306726,0.0027213692665100098
04,vision,0.3,8,random,0.01250265478134982,0.05762393212628958,-0.03902128338813782
04,vision,0.3,8,random,0.030501578458122347,0.13140084409493547,-0.07563439011573792
04,vision,0.3,8,random,-0.004597487877277984,-0.028729570168824714,0.012462466955184937
04,vision,0.3,8,random,0.0576818440961665,0.23811233116643238,-0.1135164201259613
04,vision,0.3,8,random,-0.027171030535031893,-0.11635300817683214,0.047462016344070435
04,vision,0.3,8,random,-0.012730119845033139,-0.04601044464508253,-0.0038304924964904785
04,vision,0.3,8,random,0.014443235531074516,0.05966637968359201,-0.03128281235694885
04,vision,0.3,8,random,0.02766528068319224,0.1175346915848009,-0.07001098990440369
04,vision,0.3,8,random,-0.036530968792926166,-0.15489774717734361,0.06161192059516907
04,vision,0.3,8,retain_top,-0.10930016836030909,-0.47828043080570937,0.21284979581832886
05,text,0.1,2,top,0.1254064723092393,0.5306083779441717,0.17470061779022217
05,text,0.1,2,bottom,-0.0693791801963094,-0.33814280071194747,-0.1350942850112915
05,text,0.1,2,random,0.1050535506064707,0.451558740230957,0.15254947543144226
05,text,0.1,2,random,0.055857862322064356,0.2364260986254204,0.0784369707107544
05,text,0.1,2,random,0.05413034343066603,0.2295998652290706,0.07869911193847656
05,text,0.1,2,random,0.00025673257883318534,-0.00262371562696162,9.363889694213867e-05
05,text,0.1,2,random,0.03739640426800772,0.1647938447260051,0.06514221429824829
05,text,0.1,2,random,0.09271694101878025,0.3927903576744938,0.12717103958129883
05,text,0.1,2,random,0.023694793792693458,0.09537490514456604,0.02049696445465088
05,text,0.1,2,random,-0.009224021453952957,-0.047894534853213044,-0.025213539600372314
05,text,0.1,2,random,-0.05520748149248733,-0.27890689779343625,-0.11996430158615112
05,text,0.1,2,random,0.030908414405272477,0.12823806664658133,0.03522747755050659
05,text,0.1,2,random,0.007003323434100817,0.017707504323947076,-0.003521859645843506
05,text,0.1,2,random,0.039182587375555356,0.17615089635638947,0.06777369976043701
05,text,0.1,2,random,-8.577358899286569e-05,-0.007149428646392564,-0.00803673267364502
05,text,0.1,2,random,0.058377426095863716,0.2454901402124604,0.07134288549423218
05,text,0.1,2,random,-0.04503086586366356,-0.22641263892788233,-0.09802591800689697
05,text,0.1,2,random,-0.011542787946408284,-0.05791170460465567,-0.02595442533493042
05,text,0.1,2,random,-0.013436745920196391,-0.06799880676920067,-0.028634607791900635
05,text,0.1,2,random,0.06502528261463913,0.27633372543569823,0.09100735187530518
05,text,0.1,2,random,0.026717694192284203,0.11306634799205206,0.03513169288635254
05,text,0.1,2,random,0.056312202924832744,0.2478191833332899,0.09144634008407593
05,text,0.1,2,retain_top,0.05153666223510722,0.012596712728063175,0.04727047681808472
05,text,0.2,3,top,0.14689551987223293,0.6128890966253119,0.19832831621170044
05,text,0.2,3,bottom,-0.07575364056171208,-0.3807033487021695,-0.1619575023651123
05,text,0.2,3,random,0.08845013409456215,0.37171374102178056,0.1217530369758606
05,text,0.2,3,random,0.0030692336068341985,0.015617281903301916,0.010822653770446777
05,text,0.2,3,random,0.11175378835221472,0.4719075400734839,0.16265904903411865
05,text,0.2,3,random,0.07226165429539766,0.3061349767473227,0.10071372985839844
05,text,0.2,3,random,0.10539817495165227,0.44634434794012956,0.1568390130996704
05,text,0.2,3,random,0.05862927578865884,0.24788666930931824,0.08277678489685059
05,text,0.2,3,random,0.08263532961268105,0.3492273851893525,0.11135357618331909
05,text,0.2,3,random,-0.0034677796739349676,-0.030356105107927633,-0.02435922622680664
05,text,0.2,3,random,-0.006245950647165488,-0.04997683222366456,-0.03524887561798096
05,text,0.2,3,random,-0.012301397536668146,-0.06498264035625934,-0.0278242826461792
05,text,0.2,3,random,-0.006292898149672377,-0.035706784903591804,-0.020950913429260254
05,text,0.2,3,random,-0.03905767607104105,-0.19804984614905552,-0.08796775341033936
05,text,0.2,3,random,0.052771884570208316,0.2179288209224144,0.07586181163787842
05,text,0.2,3,random,0.06892914363213298,0.29229889339199344,0.09936076402664185
05,text,0.2,3,random,-0.06933071222081821,-0.3550705530691386,-0.14211684465408325
05,text,0.2,3,random,0.05862927578865884,0.24788666930931824,0.08277678489685059
05,text,0.2,3,random,0.08914681642253619,0.374833757039182,0.12329578399658203
05,text,0.2,3,random,0.031091616546160772,0.12023028730600283,0.029567301273345947
05,text,0.2,3,random,0.026668070740977212,0.11287286775281324,0.03354227542877197
05,text,0.2,3,random,-0.007927760887619928,-0.040442470196116465,-0.010346412658691406
05,text,0.2,3,retain_top,-0.021043649567453748,-0.28973762490027044,-0.09331852197647095
05,text,0.3,5,top,0.12393289895130033,0.5069530721150342,0.17609944939613342
05,text,0.3,5,bottom,-0.062085419275200726,-0.3362072724487425,-0.14681679010391235
05,text,0.3,5,random,0.1169553246724645,0.4769672401273093,0.14195871353149414
05,text,0.3,5,random,0.024057932210208466,0.07648162281516446,0.03032553195953369
05,text,0.3,5,random,-0.008143664145381146,-0.061954809509315534,-0.04162418842315674
05,text,0.3,5,random,0.12869907765137661,0.5285090530961887,0.1853606104850769
05,text,0.3,5,random,0.0610488669949063,0.2506892524080846,0.07519745826721191
05,text,0.3,5,random,0.06998187984964277,0.284946172797927,0.09024232625961304
05,text,0.3,5,random,0.12892462916359848,0.5219670041728232,0.17565307021141052
05,text,0.3,5,random,-0.08768105982708496,-0.45724198820210915,-0.19009149074554443
05,text,0.3,5,random,-0.024432080972715542,-0.13666001086885027,-0.06787669658660889
05,text,0.3,5,random,-0.016031840003919884,-0.09202368535499594,-0.027148127555847168
05,text,0.3,5,random,0.024592026719056692,0.08774724994465433,0.03326380252838135
05,text,0.3,5,random,-0.02898494746290614,-0.15681234428804613,-0.0669446587562561
05,text,0.3,5,random,0.00554722687064535,0.0001289240839678074,0.006797909736633301
05,text,0.3,5,random,-0.09125059885788267,-0.47572127776219497,-0.20115458965301514
05,text,0.3,5,random,0.07343454113208836,0.3029619434222923,0.09798270463943481
05,text,0.3,5,random,-0.02323980724843211,-0.13020205061297008,-0.06158602237701416
05,text,0.3,5,random,0.056170898076243536,0.2257726600033988,0.09068304300308228
05,text,0.3,5,random,0.000896381981285721,-0.031184778168749427,-0.019591331481933594
05,text,0.3,5,random,0.09691027061724677,0.39739710620971036,0.12554335594177246
05,text,0.3,5,random,0.05540945349296911,0.214604508709761,0.07491743564605713
05,text,0.3,5,retain_top,-0.0642967207757662,-0.44566076651170994,-0.18682527542114258
05,audio,0.1,2,top,-0.00838924981615663,-0.03294709584840205,-0.0077165961265563965
05,audio,0.1,2,bottom,-0.030476756756644185,-0.13948919571070129,-0.058662593364715576
05,audio,0.1,2,random,-0.016862307664394116,-0.07437620348490148,-0.02767080068588257
05,audio,0.1,2,random,-0.019996627840478842,-0.0894063316513779,-0.03603684902191162
05,audio,0.1,2,random,-0.020319596581139576,-0.0874214795001631,-0.03130316734313965
05,audio,0.1,2,random,-0.01627752969764351,-0.06893888413374805,-0.023317694664001465
05,audio,0.1,2,random,-0.02192797578287553,-0.09431702883770077,-0.033064305782318115
05,audio,0.1,2,random,-0.023637552230150738,-0.1055935923725213,-0.044733643531799316
05,audio,0.1,2,random,-0.01934659330879418,-0.08322123516642499,-0.029098689556121826
05,audio,0.1,2,random,-0.02956919631002286,-0.13238125442953497,-0.050176262855529785
05,audio,0.1,2,random,-0.02304651662023649,-0.10225756203514524,-0.03677666187286377
05,audio,0.1,2,random,-0.022567443659062048,-0.09729524564679581,-0.03361499309539795
05,audio,0.1,2,random,-0.011590969550298591,-0.04774279443397844,-0.014205336570739746
05,audio,0.1,2,random,-0.019484696540351232,-0.0857932686071402,-0.03289806842803955
05,audio,0.1,2,random,-0.012125750585029627,-0.05129263952025742,-0.01888275146484375
05,audio,0.1,2,random,-0.013370118490553806,-0.05639600165656555,-0.020070970058441162
05,audio,0.1,2,random,-0.02478408251256392,-0.11001894814307078,-0.04475128650665283
05,audio,0.1,2,random,-0.02145500823726565,-0.09212633626987576,-0.032485246658325195
05,audio,0.1,2,random,-0.023270153825224016,-0.10185439631016824,-0.03602707386016846
05,audio,0.1,2,random,-0.021150911128963168,-0.09413021887358175,-0.037111759185791016
05,audio,0.1,2,random,-0.02087116312384607,-0.09026188885902564,-0.03314608335494995
05,audio,0.1,2,random,-0.028002528912248303,-0.12858065238779115,-0.05350077152252197
05,audio,0.1,2,retain_top,-0.1320415254818197,-0.6741272083387514,-0.30543023347854614
05,audio,0.2,3,top,-0.014212592133563517,-0.057673301435168356,-0.01695239543914795
05,audio,0.2,3,bottom,-0.04229206927336959,-0.19409704865377664,-0.08023595809936523
05,audio,0.2,3,random,-0.029866348753880834,-0.13033981047366694,-0.04832106828689575
05,audio,0.2,3,random,-0.02183827572218411,-0.09114261263385381,-0.02462470531463623
05,audio,0.2,3,random,-0.02078819744311622,-0.08838930335847694,-0.028273820877075195
05,audio,0.2,3,random,-0.019570624047525298,-0.08246425217329645,-0.02678161859512329
05,audio,0.2,3,random,-0.02861200172182421,-0.1253088637933909,-0.04426860809326172
05,audio,0.2,3,random,-0.03638030173115425,-0.16275295759304842,-0.06172049045562744
05,audio,0.2,3,random,-0.018914286327804564,-0.08060570840332815,-0.03158855438232422
05,audio,0.2,3,random,-0.02655226463710736,-0.1159792668990337,-0.040796875953674316
05,audio,0.2,3,random,-0.023967460153458853,-0.10345675440258562,-0.03909158706665039
05,audio,0.2,3,random,-0.02626289524575731,-0.11643906277425853,-0.04595005512237549
05,audio,0.2,3,random,-0.01944081571143297,-0.08241333615587643,-0.02980053424835205
05,audio,0.2,3,random,-0.031490644051423655,-0.13720691913445582,-0.05031174421310425
05,audio,0.2,3,random,-0.02329671033145919,-0.0988571946680693,-0.02856498956680298
05,audio,0.2,3,random,-0.0274421742139509,-0.11735778027913923,-0.03897452354431152
05,audio,0.2,3,random,-0.033597151669794934,-0.15128024925437344,-0.06131356954574585
05,audio,0.2,3,random,-0.03468964367967098,-0.15262855714120116,-0.05492663383483887
05,audio,0.2,3,random,-0.029412558137476008,-0.13007201942452584,-0.051310837268829346
05,audio,0.2,3,random,-0.03244664816580223,-0.14158662066611027,-0.052136778831481934
05,audio,0.2,3,random,-0.02153823053900572,-0.08999925023655575,-0.0266190767288208
05,audio,0.2,3,random,-0.021758517356341822,-0.09257254888055577,-0.03226053714752197
05,audio,0.2,3,retain_top,-0.12586240541880123,-0.6339122499816027,-0.2839537262916565
05,audio,0.3,5,top,-0.030230754767807455,-0.12811715513627198,-0.0403590202331543
05,audio,0.3,5,bottom,-0.0646554509858609,-0.3022421641919325,-0.1281874179840088
05,audio,0.3,5,random,-0.05196493789364531,-0.2320488618606079,-0.08467411994934082
05,audio,0.3,5,random,-0.04757437112107865,-0.21375357256204996,-0.08932220935821533
05,audio,0.3,5,random,-0.04972205757005632,-0.21976768352409948,-0.0777469277381897
05,audio,0.3,5,random,-0.04624709751736222,-0.204614841858071,-0.07106101512908936
05,audio,0.3,5,random,-0.05593649583048321,-0.2559471000495147,-0.1046532392501831
05,audio,0.3,5,random,-0.04133774605775131,-0.18093627696446501,-0.06364107131958008
05,audio,0.3,5,random,-0.04602272865865542,-0.2022048724854416,-0.07441282272338867
05,audio,0.3,5,random,-0.04913413932492483,-0.22301067941646313,-0.08939635753631592
05,audio,0.3,5,random,-0.053148582976529135,-0.24100808654437722,-0.09354579448699951
05,audio,0.3,5,random,-0.051183009929296475,-0.22707147853074827,-0.08569657802581787
05,audio,0.3,5,random,-0.0632762082726166,-0.2913546056570392,-0.12002384662628174
05,audio,0.3,5,random,-0.043021304035352426,-0.18859870393103517,-0.06599295139312744
05,audio,0.3,5,random,-0.04542196000801302,-0.2020349603018795,-0.07765853404998779
05,audio,0.3,5,random,-0.04164946974952832,-0.18502216693780438,-0.07005846500396729
05,audio,0.3,5,random,-0.05319720670205963,-0.23880121433607904,-0.09147858619689941
05,audio,0.3,5,random,-0.05625812939268526,-0.2567092922623887,-0.09942597150802612
05,audio,0.3,5,random,-0.05228223079498795,-0.23562495526885974,-0.0908200740814209
05,audio,0.3,5,random,-0.045188026184509344,-0.19874600284513078,-0.07275938987731934
05,audio,0.3,5,random,-0.0389037383687133,-0.17016691518596871,-0.06431847810745239
05,audio,0.3,5,random,-0.05490479869050835,-0.2511378937285301,-0.10562121868133545
05,audio,0.3,5,retain_top,-0.11237821357886457,-0.5530098918695442,-0.24591314792633057
05,vision,0.1,2,top,0.013539177703756566,0.06517352742277926,0.030832886695861816
05,vision,0.1,2,bottom,-0.02849993769418513,-0.12771706656256987,-0.041837096214294434
05,vision,0.1,2,random,-0.0016444305451347452,-0.001633985375341207,0.006592154502868652
05,vision,0.1,2,random,0.012693143748199298,0.06166867031339951,0.029587209224700928
05,vision,0.1,2,random,-0.002348242960835134,-0.004430552255081932,0.0061457157135009766
05,vision,0.1,2,random,-0.009128801883031779,-0.03742549346738,-0.007332205772399902
05,vision,0.1,2,random,-0.009359847759209061,-0.03906473709193825,-0.007157444953918457
05,vision,0.1,2,random,0.0003551294302402974,0.006152140874897349,0.0107039213180542
05,vision,0.1,2,random,0.006744739909238073,0.03576802655864164,0.01908499002456665
05,vision,0.1,2,random,-0.0018807205526031323,-0.002567656526835216,0.007539153099060059
05,vision,0.1,2,random,-0.004076511453864673,-0.014853518877318783,0.0020558834075927734
05,vision,0.1,2,random,-0.01748193562567557,-0.07243202662313675,-0.0179598331451416
05,vision,0.1,2,random,-0.017290013367433854,-0.0714004021575797,-0.017760276794433594
05,vision,0.1,2,random,-0.008648923940120179,-0.035429917869923666,-0.006168484687805176
05,vision,0.1,2,random,-0.0016444305451347452,-0.001633985375341207,0.006592154502868652
05,vision,0.1,2,random,-0.004356808363921605,-0.014050073803664964,0.002797245979309082
05,vision,0.1,2,random,-0.004153876489810804,-0.012975654013962168,0.002992391586303711
05,vision,0.1,2,random,-0.002587669599862563,-0.005382818427719704,0.00708770751953125
05,vision,0.1,2,random,-0.0023991924242108276,-0.0047880608683555925,0.0054201483726501465
05,vision,0.1,2,random,-0.00992304260050525,-0.041512573668470276,-0.007847964763641357
05,vision,0.1,2,random,-0.015982281093166573,-0.06900998877415121,-0.01779228448867798
05,vision,0.1,2,random,0.012461725826569792,0.060110131119931465,0.02975285053253174
05,vision,0.1,2,retain_top,-0.03702139477887989,-0.14828989523090186,-0.008048772811889648
05,vision,0.2,3,top,0.02084298740761903,0.09958736469000096,0.04634571075439453
05,vision,0.2,3,bottom,-0.03899362769598069,-0.17599440450067916,-0.05728179216384888
05,vision,0.2,3,random,-0.028821690964651925,-0.12474827911964537,-0.034537315368652344
05,vision,0.2,3,random,-0.012428172107782243,-0.0472805555440764,-0.0042046308517456055
05,vision,0.2,3,random,0.011785325896590648,0.06027303745971502,0.03166365623474121
05,vision,0.2,3,random,0.018147582964994857,0.08751770218159294,0.042769432067871094
05,vision,0.2,3,random,0.01986543610839242,0.09486764259493241,0.045477867126464844
05,vision,0.2,3,random,0.0016630658244363161,0.014903916094673897,0.01703166961669922
05,vision,0.2,3,random,-0.01636662963901525,-0.06757168114145862,-0.01382291316986084
05,vision,0.2,3,random,-0.03899362769598069,-0.17599440450067916,-0.05728179216384888
05,vision,0.2,3,random,-0.00983921134146315,-0.038397719850830736,-0.00306546688079834
05,vision,0.2,3,random,0.004585737943745172,0.02826938137163537,0.022815465927124023
05,vision,0.2,3,random,-0.00048696558692795655,0.005723507267639261,0.013839006423950195
05,vision,0.2,3,random,-0.0006449094083428308,0.005665185660601035,0.012572169303894043
05,vision,0.2,3,random,-0.004089531981888328,-0.012135075352199931,0.005637705326080322
05,vision,0.2,3,random,0.0023768718464018956,0.018901731429240343,0.018485724925994873
05,vision,0.2,3,random,-0.013261371426263047,-0.054077901160035635,-0.008490920066833496
05,vision,0.2,3,random,-0.007590602140468472,-0.02576570513265064,0.003176450729370117
05,vision,0.2,3,random,0.0045141714936750565,0.02828735565279572,0.022394657135009766
05,vision,0.2,3,random,0.0054319323579569145,0.031068280901647483,0.023373961448669434
05,vision,0.2,3,random,-0.003590134611743734,-0.010907031779253673,0.007487654685974121
05,vision,0.2,3,random,-0.010988791730605296,-0.041115858495793245,-0.0027069449424743652
05,vision,0.2,3,retain_top,-0.0476755686338135,-0.19943143680086506,-0.030703425407409668
05,vision,0.3,5,top,0.03679866106419338,0.17214127413515679,0.0795433521270752
05,vision,0.3,5,bottom,-0.05674885669163776,-0.2546724670772279,-0.07909703254699707
05,vision,0.3,5,random,0.010029044918424268,0.05491661907968115,0.0384865403175354
05,vision,0.3,5,random,-0.04222736949977213,-0.18528055790050313,-0.05188608169555664
05,vision,0.3,5,random,-0.0067019982174960635,-0.018750171478425504,0.013022541999816895
05,vision,0.3,5,random,0.01361082830327165,0.07334398498395589,0.04514181613922119
05,vision,0.3,5,random,-0.005147870103687446,-0.014818747567881041,0.014137744903564453
05,vision,0.3,5,random,0.0009088241129275865,0.014295283732846387,0.02556663751602173
05,vision,0.3,5,random,-0.0022458258517263907,0.0012442649920231252,0.0208432674407959
05,vision,0.3,5,random,-0.022211874968245837,-0.08847208346735325,-0.012757480144500732
05,vision,0.3,5,random,-0.002751307140971715,-0.002186356056008809,0.018178582191467285
05,vision,0.3,5,random,-0.003993586458862386,-0.00798173010872294,0.016519606113433838
05,vision,0.3,5,random,-0.0033771756018559085,-0.004330329089691554,0.017749667167663574
05,vision,0.3,5,random,-9.874563422318516e-05,0.010228819754753649,0.023713350296020508
05,vision,0.3,5,random,-0.005424812093503983,-0.013588173885340726,0.014230728149414062
05,vision,0.3,5,random,-0.026495986764660362,-0.11054164695401991,-0.02279078960418701
05,vision,0.3,5,random,-0.011327810305402863,-0.040084465867324504,0.007058262825012207
05,vision,0.3,5,random,0.015237270088601096,0.07702295223715228,0.04708212614059448
05,vision,0.3,5,random,-0.013888898095412938,-0.051438667441005115,0.0005655884742736816
05,vision,0.3,5,random,-0.03987936265713343,-0.17229117431195384,-0.0441666841506958
05,vision,0.3,5,random,-0.054701409023794834,-0.2425368793317687,-0.07329106330871582
05,vision,0.3,5,random,-0.048683059537764306,-0.21431493618524733,-0.06122446060180664
05,vision,0.3,5,retain_top,-0.06408836407494611,-0.280668628831919,-0.07057136297225952
06,text,0.1,4,top,0.209398800551724,0.896956505711609,0.27692896127700806
06,text,0.1,4,bottom,-0.07192840237149623,-0.3629055784478262,-0.14395135641098022
06,text,0.1,4,random,0.042923818609076014,0.1825744717441643,0.06106603145599365
06,text,0.1,4,random,0.0715582084194365,0.2874454241686766,0.09535908699035645
06,text,0.1,4,random,0.03224087230373984,0.13801071781117846,0.04803544282913208
06,text,0.1,4,random,-0.0695885758661755,-0.34495322939432216,-0.13674664497375488
06,text,0.1,4,random,0.12818704476153558,0.5681329626926154,0.18860450387001038
06,text,0.1,4,random,0.018304025498763088,0.08123274612608722,0.02853095531463623
06,text,0.1,4,random,0.16200829280409262,0.7006515675526479,0.21924281120300293
06,text,0.1,4,random,0.05263015455784337,0.22881009931002017,0.07891815900802612
06,text,0.1,4,random,0.03984851206805606,0.1748094552618028,0.061345577239990234
06,text,0.1,4,random,0.10272312690839819,0.43050696491117946,0.1424189805984497
06,text,0.1,4,random,0.05905270166122001,0.2521235245457486,0.08499801158905029
06,text,0.1,4,random,-0.00501372662937416,-0.021023844483759935,-0.009424924850463867
06,text,0.1,4,random,0.06034964640242235,0.26676547731347344,0.09013879299163818
06,text,0.1,4,random,0.14387988770834897,0.625102676497814,0.20533177256584167
06,text,0.1,4,random,0.10099525034772838,0.4058948061629897,0.1251065731048584
06,text,0.1,4,random,0.13109222840197093,0.578123796751682,0.1943150758743286
06,text,0.1,4,random,0.06691337974691547,0.2901986031351751,0.09990167617797852
06,text,0.1,4,random,0.09386221417325535,0.40291934535248775,0.13459289073944092
06,text,0.1,4,random,0.03503070630585414,0.12980045178990596,0.04127633571624756
06,text,0.1,4,random,0.07637071977264775,0.3247549227630234,0.10940253734588623
06,text,0.1,4,retain_top,0.2568263011379178,0.8189684255115871,0.3566510081291199
06,text,0.2,7,top,0.22639883335611022,0.9531675522510282,0.2929235100746155
06,text,0.2,7,bottom,-0.09170796722767682,-0.455152062089501,-0.18386304378509521
06,text,0.2,7,random,0.10125132007164761,0.378629646183288,0.12711310386657715
06,text,0.2,7,random,0.11542625329435552,0.44611382045854653,0.13476592302322388
06,text,0.2,7,random,0.04068809287340136,0.12115271456714471,0.038028836250305176
06,text,0.2,7,random,0.12268581053323768,0.5162593658096868,0.1721287965774536
06,text,0.2,7,random,-0.020820474066823746,-0.10167700302436589,-0.04018908739089966
06,text,0.2,7,random,0.09944771351766218,0.37499148441457375,0.12842273712158203
06,text,0.2,7,random,0.20222924857529506,0.8649956184671613,0.2633729875087738
06,text,0.2,7,random,0.15129197675718892,0.6380702625375858,0.19737693667411804
06,text,0.2,7,random,0.015484570734689118,0.050435867144446145,0.013603448867797852
06,text,0.2,7,random,0.1967134725752484,0.8364025599061331,0.2607550621032715
06,text,0.2,7,random,0.08857940782878915,0.35439871549045077,0.12046599388122559
06,text,0.2,7,random,0.1018865170261195,0.44677239180108896,0.1487802267074585
06,text,0.2,7,random,0.010924475163235248,0.040699116555373394,0.01588761806488037
06,text,0.2,7,random,-0.009773013538546982,-0.053219235858710245,-0.014610648155212402
06,text,0.2,7,random,0.03434875010534799,0.0880048907188814,0.025792598724365234
06,text,0.2,7,random,-0.006164417706640779,-0.060490487768004586,-0.027806639671325684
06,text,0.2,7,random,0.10945674727119858,0.4500846417902332,0.14554965496063232
06,text,0.2,7,random,0.05513658113672626,0.2271641728689332,0.07073229551315308
06,text,0.2,7,random,0.05293204750574321,0.23207982080264478,0.08424752950668335
06,text,0.2,7,random,0.07797246657316748,0.31772434540916905,0.10506749153137207
06,text,0.2,7,retain_top,0.06197690106928899,0.10048564637337243,0.06047391891479492
06,text,0.3,11,top,0.2592220966425255,1.0657174373758234,0.3305675685405731
06,text,0.3,11,bottom,-0.11219991122099626,-0.582356450949724,-0.24279159307479858
06,text,0.3,11,random,0.033795566725368764,0.12550227143005466,0.046341538429260254
06,text,0.3,11,random,0.17566232152932315,0.7244312733675429,0.23108255863189697
06,text,0.3,11,random,0.15362708895594668,0.6050977297135387,0.19240480661392212
06,text,0.3,11,random,0.12389703953714787,0.5197173505784689,0.1695709526538849
06,text,0.3,11,random,0.2155246940407733,0.9093991845537183,0.2838495969772339
06,text,0.3,11,random,0.14671032741824958,0.6006809048264928,0.1915552020072937
06,text,0.3,11,random,0.14362977863708992,0.5952592370459399,0.20027309656143188
06,text,0.3,11,random,0.1329339671978344,0.5431254448236049,0.1771094799041748
06,text,0.3,11,random,0.08210655731235661,0.3038199971422547,0.10216528177261353
06,text,0.3,11,random,0.1789491622087837,0.7328484713982608,0.230741947889328
06,text,0.3,11,random,0.21827056556893015,0.9091613060010971,0.2869030833244324
06,text,0.3,11,random,0.14925642067732042,0.6170434572432522,0.20085874199867249
06,text,0.3,11,random,0.08755989776854745,0.365948369474433,0.12643635272979736
06,text,0.3,11,random,0.16528698860613195,0.693893457596917,0.22081947326660156
06,text,0.3,11,random,-0.01775309709205508,-0.11455506348448774,-0.045726776123046875
06,text,0.3,11,random,0.07662709810953461,0.2928820410369327,0.1034504771232605
06,text,0.3,11,random,0.21105963010921247,0.903485259072745,0.27535104751586914
06,text,0.3,11,random,0.20612109590316913,0.8902898639500852,0.2780434787273407
06,text,0.3,11,random,0.24141088299457764,1.0191334570324653,0.30914953351020813
06,text,0.3,11,random,0.19639518776043208,0.8234534707462479,0.25172293186187744
06,text,0.3,11,retain_top,0.01646638435457326,-0.03966437505394349,-0.010792851448059082
06,audio,0.1,4,top,0.0054638675215100685,0.027616230099662076,0.011924326419830322
06,audio,0.1,4,bottom,-0.02795861178282577,-0.12111391765941282,-0.04010951519012451
06,audio,0.1,4,random,-0.004707735213777431,-0.018769075505211674,-0.001997649669647217
06,audio,0.1,4,random,-0.016806097980909596,-0.07295044056451039,-0.020996809005737305
06,audio,0.1,4,random,-0.011979191002964518,-0.05103875636761901,-0.013487577438354492
06,audio,0.1,4,random,-0.013270435772287814,-0.05645564413421034,-0.014850258827209473
06,audio,0.1,4,random,-0.010568811325041727,-0.04542870369030638,-0.014041364192962646
06,audio,0.1,4,random,-0.014423559432174216,-0.062387255391513796,-0.017506003379821777
06,audio,0.1,4,random,-0.01732344163509736,-0.07250061610600578,-0.01969611644744873
06,audio,0.1,4,random,-0.012133820047370736,-0.05230913608196386,-0.014113187789916992
06,audio,0.1,4,random,-0.02160355553491311,-0.09010602106078591,-0.02572810649871826
06,audio,0.1,4,random,-0.014860670393557207,-0.06554352236960548,-0.019478797912597656
06,audio,0.1,4,random,-0.019572548245940458,-0.08392060778652843,-0.026352882385253906
06,audio,0.1,4,random,-0.010055610534177362,-0.04392371403137074,-0.012576580047607422
06,audio,0.1,4,random,-0.01814299125019503,-0.07733480921199465,-0.022699832916259766
06,audio,0.1,4,random,-0.0054750882939959,-0.021329167841604768,-0.00535273551940918
06,audio,0.1,4,random,-0.004634711619764698,-0.01584856041895666,-0.0026695728302001953
06,audio,0.1,4,random,-0.007559791093134538,-0.03249098607824119,-0.007268428802490234
06,audio,0.1,4,random,-0.013472866826690022,-0.05818420406332059,-0.016182899475097656
06,audio,0.1,4,random,-0.008181279738786462,-0.0352638131460723,-0.00771331787109375
06,audio,0.1,4,random,-0.007431063486572298,-0.031868931757877195,-0.007639527320861816
06,audio,0.1,4,random,-0.010622429477665896,-0.04279769132605071,-0.011329889297485352
06,audio,0.1,4,retain_top,-0.10427111352269491,-0.48793198741096167,-0.13770151138305664
06,audio,0.2,7,top,0.00451154320505931,0.02451812366055428,0.01203310489654541
06,audio,0.2,7,bottom,-0.04120707513503208,-0.178546006226045,-0.05764150619506836
06,audio,0.2,7,random,-0.020896115901975265,-0.08776806099074197,-0.02262401580810547
06,audio,0.2,7,random,-0.01574688786331513,-0.06602571260169754,-0.016498029232025146
06,audio,0.2,7,random,-0.021290527062307052,-0.09241390994987553,-0.0251997709274292
06,audio,0.2,7,random,-0.014641787942651585,-0.05911527824699292,-0.012076318264007568
06,audio,0.2,7,random,-0.023986634055854883,-0.10493165283259087,-0.033238112926483154
06,audio,0.2,7,random,-0.03220620667058649,-0.1400139087139889,-0.041947901248931885
06,audio,0.2,7,random,-0.023736721591818943,-0.10177868895574427,-0.030809879302978516
06,audio,0.2,7,random,-0.019700121282178906,-0.08193142766367034,-0.019051551818847656
06,audio,0.2,7,random,-0.019573743467052207,-0.08469747619652523,-0.02090167999267578
06,audio,0.2,7,random,-0.023496303149939446,-0.09968038491341213,-0.029718458652496338
06,audio,0.2,7,random,-0.029491368944605023,-0.1271739728091027,-0.03664219379425049
06,audio,0.2,7,random,-0.024763254786052902,-0.10534778731498562,-0.02876436710357666
06,audio,0.2,7,random,-0.027444181884061503,-0.11906597817131981,-0.03559768199920654
06,audio,0.2,7,random,-0.022292242131301654,-0.09424299762447996,-0.028214573860168457
06,audio,0.2,7,random,-0.021224136212926292,-0.08968468289533749,-0.02586209774017334
06,audio,0.2,7,random,-0.023232267836956644,-0.09812719189874664,-0.02757704257965088
06,audio,0.2,7,random,-0.018399590887515527,-0.07734395339777966,-0.021368741989135742
06,audio,0.2,7,random,-0.025847745815917644,-0.10778715493122915,-0.03144097328186035
06,audio,0.2,7,random,-0.02379548138203824,-0.1026248413436498,-0.03099203109741211
06,audio,0.2,7,random,-0.030380339124564282,-0.12911021240331533,-0.03854560852050781
06,audio,0.2,7,retain_top,-0.09911108509299327,-0.45907443381049917,-0.13018691539764404
06,audio,0.3,11,top,0.00024053733530926547,0.008336112671352813,0.009349405765533447
06,audio,0.3,11,bottom,-0.056091468342365225,-0.24508604534931566,-0.07568645477294922
06,audio,0.3,11,random,-0.038512167060493985,-0.1670711411322735,-0.04846751689910889
06,audio,0.3,11,random,-0.03151617711020882,-0.1377880188823114,-0.038967669010162354
06,audio,0.3,11,random,-0.03626886751002112,-0.16028606519597022,-0.044049859046936035
06,audio,0.3,11,random,-0.026031533879091184,-0.10962156448148264,-0.02835017442703247
06,audio,0.3,11,random,-0.03553013680967798,-0.15603873528922463,-0.04624068737030029
06,audio,0.3,11,random,-0.029537656457826467,-0.12943428170565408,-0.03448927402496338
06,audio,0.3,11,random,-0.03468761839572809,-0.15294972767923898,-0.04490625858306885
06,audio,0.3,11,random,-0.030910055124093394,-0.13094907670332312,-0.034849345684051514
06,audio,0.3,11,random,-0.03406442301998247,-0.14547763298052718,-0.040351927280426025
06,audio,0.3,11,random,-0.026966567900721383,-0.11495958507817139,-0.029675543308258057
06,audio,0.3,11,random,-0.025811868754560208,-0.10525910394936111,-0.02775520086288452
06,audio,0.3,11,random,-0.03669119445494884,-0.1590431888253624,-0.044075608253479004
06,audio,0.3,11,random,-0.0445185651647666,-0.19212564019859157,-0.055506885051727295
06,audio,0.3,11,random,-0.02334996356061081,-0.09661386657836601,-0.023676812648773193
06,audio,0.3,11,random,-0.03379633254878067,-0.14439182220401647,-0.042322635650634766
06,audio,0.3,11,random,-0.02485510325100504,-0.10573929443395136,-0.0278170108795166
06,audio,0.3,11,random,-0.036667537217031976,-0.1553080143393767,-0.042787909507751465
06,audio,0.3,11,random,-0.02659064138032885,-0.11292749306374861,-0.026251554489135742
06,audio,0.3,11,random,-0.021892736522969303,-0.09454200949879765,-0.025310635566711426
06,audio,0.3,11,random,-0.02858807463599078,-0.12360305421946272,-0.033298373222351074
06,audio,0.3,11,retain_top,-0.09227958405555636,-0.4244405130065346,-0.12284350395202637
06,vision,0.1,4,top,-0.012110960069291021,-0.04720347267645908,-0.019068539142608643
06,vision,0.1,4,bottom,-0.020570253114530312,-0.0866344440317438,-0.03262448310852051
06,vision,0.1,4,random,-0.013549256935658227,-0.05415660027454339,-0.019939005374908447
06,vision,0.1,4,random,-0.016724023324599546,-0.06883873320203426,-0.026950716972351074
06,vision,0.1,4,random,-0.013540025465148653,-0.05538548393727938,-0.021376490592956543
06,vision,0.1,4,random,-0.01288796358329869,-0.0508502852013496,-0.02037876844406128
06,vision,0.1,4,random,-0.0139241426350738,-0.05608808756920758,-0.02174699306488037
06,vision,0.1,4,random,-0.013688879188032188,-0.05528889638856338,-0.02120351791381836
06,vision,0.1,4,random,-0.013892082514108783,-0.056300313261926416,-0.021532535552978516
06,vision,0.1,4,random,-0.013383236995746062,-0.0546804952018648,-0.02126133441925049
06,vision,0.1,4,random,-0.01463949987844837,-0.05857417445705848,-0.022278308868408203
06,vision,0.1,4,random,-0.01481687179342206,-0.059960826046360216,-0.02354252338409424
06,vision,0.1,4,random,-0.014622319686690699,-0.0589520461120957,-0.022488772869110107
06,vision,0.1,4,random,-0.013870526505892156,-0.05509874496867995,-0.020889341831207275
06,vision,0.1,4,random,-0.013734497399339629,-0.05521451042211711,-0.021109402179718018
06,vision,0.1,4,random,-0.013552194020096997,-0.055417391258174686,-0.021497368812561035
06,vision,0.1,4,random,-0.013128893385118579,-0.053901158480679445,-0.020508110523223877
06,vision,0.1,4,random,-0.017311800941611555,-0.07182432960224716,-0.027375757694244385
06,vision,0.1,4,random,-0.014826505990499395,-0.06046173512751485,-0.023331403732299805
06,vision,0.1,4,random,-0.015373303332436472,-0.0629142646239581,-0.024280309677124023
06,vision,0.1,4,random,-0.016692677439485548,-0.06876084775328628,-0.026282310485839844
06,vision,0.1,4,random,-0.01709778845597676,-0.06987065945126336,-0.025880396366119385
06,vision,0.1,4,retain_top,-0.13070388324593019,-0.5771780940827614,-0.2169172167778015
06,vision,0.2,7,top,-0.021949400052654333,-0.08813755363799591,-0.034769296646118164
06,vision,0.2,7,bottom,-0.03406465983163598,-0.14304077194581122,-0.05251729488372803
06,vision,0.2,7,random,-0.02384279610944795,-0.09662049836813658,-0.03753256797790527
06,vision,0.2,7,random,-0.02673245565699589,-0.1090850842489327,-0.04195070266723633
06,vision,0.2,7,random,-0.025721579100146608,-0.10405413485961545,-0.036529362201690674
06,vision,0.2,7,random,-0.028593589107814843,-0.11802556131608821,-0.04463160037994385
06,vision,0.2,7,random,-0.02622299267140271,-0.10669843384102051,-0.0416906476020813
06,vision,0.2,7,random,-0.027925338914413955,-0.11456234371213714,-0.04320228099822998
06,vision,0.2,7,random,-0.02520751696438972,-0.10302584255082337,-0.038088202476501465
06,vision,0.2,7,random,-0.02599357288542381,-0.10492381778361404,-0.03891348838806152
06,vision,0.2,7,random,-0.026417977706998164,-0.10750483417403389,-0.04124045372009277
06,vision,0.2,7,random,-0.024133552517917378,-0.09896111575323252,-0.037923336029052734
06,vision,0.2,7,random,-0.024797017149026157,-0.10130305513027593,-0.03965342044830322
06,vision,0.2,7,random,-0.026918175998161264,-0.11053359072307789,-0.04114854335784912
06,vision,0.2,7,random,-0.0254200175875956,-0.10268228523310563,-0.039236485958099365
06,vision,0.2,7,random,-0.025348124768541536,-0.1033769372631238,-0.03940773010253906
06,vision,0.2,7,random,-0.02598053253808108,-0.10498129676147883,-0.038574278354644775
06,vision,0.2,7,random,-0.024810891906586585,-0.10076493540998821,-0.0373387336730957
06,vision,0.2,7,random,-0.0233758539123452,-0.09585000400082688,-0.03821158409118652
06,vision,0.2,7,random,-0.02417367482601407,-0.09613513580061384,-0.035204172134399414
06,vision,0.2,7,random,-0.026833402905066195,-0.10979468978455398,-0.04158210754394531
06,vision,0.2,7,random,-0.025358396885426515,-0.10237779972956929,-0.039537787437438965
06,vision,0.2,7,retain_top,-0.1186123858982292,-0.5167728912620001,-0.1903400421142578
06,vision,0.3,11,top,-0.03650237642199816,-0.1484719358801626,-0.05687224864959717
06,vision,0.3,11,bottom,-0.05027563663038992,-0.2110349235091451,-0.07692945003509521
06,vision,0.3,11,random,-0.04103352700245544,-0.1682890219690506,-0.06342482566833496
06,vision,0.3,11,random,-0.03972976418926122,-0.1621533972312762,-0.06109654903411865
06,vision,0.3,11,random,-0.040824870505519084,-0.16810389923840108,-0.0618862509727478
06,vision,0.3,11,random,-0.040457974864909096,-0.16457096240623492,-0.06174963712692261
06,vision,0.3,11,random,-0.04314199308543076,-0.17832624852241097,-0.06631314754486084
06,vision,0.3,11,random,-0.043474635809938156,-0.1791071001921397,-0.06669318675994873
06,vision,0.3,11,random,-0.04198865280403563,-0.1729912644962035,-0.06606996059417725
06,vision,0.3,11,random,-0.0442115964092924,-0.1838072360669213,-0.06815081834793091
06,vision,0.3,11,random,-0.04108179444256077,-0.16983111414481755,-0.06280708312988281
06,vision,0.3,11,random,-0.04133880904419396,-0.16844162134791174,-0.0637204647064209
06,vision,0.3,11,random,-0.04192626911512187,-0.1747331174458301,-0.06676340103149414
06,vision,0.3,11,random,-0.04215613261691886,-0.17460909908419353,-0.06478440761566162
06,vision,0.3,11,random,-0.0429203909756527,-0.17669608246831148,-0.06574434041976929
06,vision,0.3,11,random,-0.043018299703262985,-0.17782368728967668,-0.06719589233398438
06,vision,0.3,11,random,-0.041817976027458736,-0.17150117502917162,-0.06572902202606201
06,vision,0.3,11,random,-0.042688298181856266,-0.1759733718491413,-0.06625914573669434
06,vision,0.3,11,random,-0.044685933807900535,-0.18445646963872975,-0.06912708282470703
06,vision,0.3,11,random,-0.04009043149891789,-0.16431054919499366,-0.060374677181243896
06,vision,0.3,11,random,-0.04538150008756903,-0.18873396892809124,-0.07008689641952515
06,vision,0.3,11,random,-0.04013308224096901,-0.16383517966486638,-0.060244858264923096
06,vision,0.3,11,retain_top,-0.10252024046751607,-0.44081714137027894,-0.16116636991500854
07,text,0.1,5,top,0.19055850489960902,0.8209410044899181,0.2825838327407837
07,text,0.1,5,bottom,-0.08391186405606366,-0.4795323474970177,-0.2255479097366333
07,text,0.1,5,random,-0.052313689413730824,-0.28916195802357736,-0.14043033123016357
07,text,0.1,5,random,0.04375796223033068,0.1988651952249607,0.07725393772125244
07,text,0.1,5,random,-0.018211368127030947,-0.0934508569617245,-0.034685492515563965
07,text,0.1,5,random,-0.004806853695514368,-0.024414283808000148,-0.008756935596466064
07,text,0.1,5,random,0.0014770161990645958,0.00658872753233708,0.006460368633270264
07,text,0.1,5,random,0.05029883805187729,0.229198217734348,0.09290313720703125
07,text,0.1,5,random,-0.008738016537643944,-0.054675804630271996,-0.020260751247406006
07,text,0.1,5,random,-0.007890736060844006,-0.04392216119269987,-0.017661333084106445
07,text,0.1,5,random,-0.04781671944447319,-0.2671886569186597,-0.12245535850524902
07,text,0.1,5,random,0.053113673361046776,0.24296245362194158,0.09166598320007324
07,text,0.1,5,random,0.08558248251225875,0.3840678720633014,0.1464078426361084
07,text,0.1,5,random,0.02690423170155598,0.11404828868155503,0.04844731092453003
07,text,0.1,5,random,0.0035109086227919084,0.00713166172549462,0.0054735541343688965
07,text,0.1,5,random,0.04261055536576297,0.19345801370483495,0.06789207458496094
07,text,0.1,5,random,-0.015845724667621797,-0.0726797326030666,-0.019888639450073242
07,text,0.1,5,random,0.0021966821940102577,0.009298565993683727,0.006928682327270508
07,text,0.1,5,random,0.03974788485408842,0.176578444056548,0.07022261619567871
07,text,0.1,5,random,0.01562546984155344,0.072466437118764,0.034282684326171875
07,text,0.1,5,random,-0.02517003548355068,-0.13965742523766922,-0.06748533248901367
07,text,0.1,5,random,-0.03888924259232163,-0.20519318929838493,-0.08900558948516846
07,text,0.1,5,retain_top,0.08684728504431027,0.1118915148066093,0.0871657133102417
07,text,0.2,9,top,0.22754136961629645,0.9629654656107063,0.31934452056884766
07,text,0.2,9,bottom,-0.08354854539884593,-0.49275180445842426,-0.23525989055633545
07,text,0.2,9,random,0.026984196270088412,0.11202846649156206,0.045343875885009766
07,text,0.2,9,random,0.035128859276391866,0.13966644476910373,0.043501436710357666
07,text,0.2,9,random,0.04853954495375845,0.21436515231451891,0.0859764814376831
07,text,0.2,9,random,0.03658142697913258,0.15039959038400585,0.05819904804229736
07,text,0.2,9,random,0.03720578959925369,0.17000294535910165,0.0713123083114624
07,text,0.2,9,random,0.12543001951292265,0.5530354358429433,0.20394334197044373
07,text,0.2,9,random,0.053184784052568324,0.22482319045652033,0.08608078956604004
07,text,0.2,9,random,0.014265435972360518,0.05578832485901364,0.024570703506469727
07,text,0.2,9,random,0.07822779120992707,0.34114741320753417,0.12736499309539795
07,text,0.2,9,random,0.029272412915436363,0.12425684369012291,0.047148942947387695
07,text,0.2,9,random,0.09849388974077278,0.43766424508257984,0.1708735227584839
07,text,0.2,9,random,0.034286179924752025,0.15108965350801506,0.05960947275161743
07,text,0.2,9,random,-0.013143023178997626,-0.08729069235567,-0.040448009967803955
07,text,0.2,9,random,-0.06824363686608292,-0.39654252081377894,-0.17884010076522827
07,text,0.2,9,random,0.1166813962597939,0.4936144784075973,0.18006563186645508
07,text,0.2,9,random,0.024598389848484503,0.09448395418339506,0.028828859329223633
07,text,0.2,9,random,-0.013390076786157001,-0.09219755543569574,-0.05220139026641846
07,text,0.2,9,random,-0.02733709205617374,-0.1644022633749853,-0.07678639888763428
07,text,0.2,9,random,0.09794220530450315,0.43605279554493415,0.15971863269805908
07,text,0.2,9,random,0.02157215567813542,0.08462335779962826,0.035895347595214844
07,text,0.2,9,retain_top,0.072439634092625,0.1313458291518642,0.07311797142028809
07,text,0.3,13,top,0.25566569664604094,1.0753269230871512,0.34905102849006653
07,text,0.3,13,bottom,-0.08314029166533243,-0.5016101792914953,-0.2390264868736267
07,text,0.3,13,random,0.010077309818343205,0.03591481902277627,0.02041912078857422
07,text,0.3,13,random,0.06622304432771664,0.2725270221323368,0.09479749202728271
07,text,0.3,13,random,0.035955711148910496,0.14249373059873105,0.05525004863739014
07,text,0.3,13,random,0.10482733970328784,0.4426891751064477,0.16882693767547607
07,text,0.3,13,random,0.08490851590507786,0.3502210756315246,0.12977486848831177
07,text,0.3,13,random,0.0023443487179941602,-0.010665947246794927,-0.0013834834098815918
07,text,0.3,13,random,0.05384331235342732,0.2248170401854258,0.0799826979637146
07,text,0.3,13,random,-0.026254694100738107,-0.17857518353158364,-0.08440351486206055
07,text,0.3,13,random,-0.044780076010375036,-0.286372834316706,-0.13778507709503174
07,text,0.3,13,random,0.025245974069270205,0.10010374566326119,0.038064539432525635
07,text,0.3,13,random,0.0018818953925090476,-0.031133947178220378,-0.022493362426757812
07,text,0.3,13,random,0.13971233314645326,0.5985026256452358,0.2148227095603943
07,text,0.3,13,random,0.05255495086134121,0.21572090348518613,0.08161032199859619
07,text,0.3,13,random,0.09895392270027359,0.43419758148744936,0.1668304204940796
07,text,0.3,13,random,0.047542635714510895,0.2027631922032681,0.07561248540878296
07,text,0.3,13,random,0.04218948783839027,0.17192826327936883,0.06336367130279541
07,text,0.3,13,random,0.07922909590955274,0.3340815058126879,0.12068510055541992
07,text,0.3,13,random,0.14723208559078693,0.6309157566270013,0.23397010564804077
07,text,0.3,13,random,-0.045768949277139925,-0.27767805807167534,-0.1312064528465271
07,text,0.3,13,random,0.03198781757921643,0.11533944274717545,0.04711592197418213
07,text,0.3,13,retain_top,0.029668572839191887,-0.021398598741586783,-0.006984233856201172
07,audio,0.1,5,top,0.0035274132093533472,0.02337228238947997,0.011527538299560547
07,audio,0.1,5,bottom,-0.02431131909894968,-0.11609853115789193,-0.041292428970336914
07,audio,0.1,5,random,-0.012047903869193188,-0.05314325965206024,-0.017634928226470947
07,audio,0.1,5,random,-0.009417917692221778,-0.041438984545007385,-0.011997342109680176
07,audio,0.1,5,random,-0.016464785964258932,-0.07685935116882048,-0.02576625347137451
07,audio,0.1,5,random,-0.01325759499333612,-0.06294516574036857,-0.02290356159210205
07,audio,0.1,5,random,-0.008395425400053336,-0.03725548334876705,-0.011871039867401123
07,audio,0.1,5,random,-0.014851940287325172,-0.06927154475966768,-0.026450753211975098
07,audio,0.1,5,random,-0.010223562128761077,-0.045726339940356464,-0.01325976848602295
07,audio,0.1,5,random,-0.01554855667725219,-0.07363537259299213,-0.02537524700164795
07,audio,0.1,5,random,-0.012413580031144789,-0.057671210759308034,-0.01807236671447754
07,audio,0.1,5,random,-0.013499187896950926,-0.06343466764012207,-0.019661784172058105
07,audio,0.1,5,random,-0.00916256745031474,-0.0399383204142878,-0.011587977409362793
07,audio,0.1,5,random,-0.008458399120993665,-0.03722164650517068,-0.010821640491485596
07,audio,0.1,5,random,-0.006263259267248578,-0.026854442963400782,-0.008546829223632812
07,audio,0.1,5,random,-0.01115481644477112,-0.049449343570020954,-0.014070749282836914
07,audio,0.1,5,random,-0.003947810912961702,-0.013246656053333528,-0.002594590187072754
07,audio,0.1,5,random,-0.012834150110411557,-0.05689675484473056,-0.016890406608581543
07,audio,0.1,5,random,-0.009938521751597262,-0.04490524102337079,-0.01516115665435791
07,audio,0.1,5,random,-0.012348616730265993,-0.05706505214771762,-0.018887221813201904
07,audio,0.1,5,random,-0.010300793451200274,-0.045464317290487166,-0.014552950859069824
07,audio,0.1,5,random,-0.0112698125634636,-0.051313254936383945,-0.01615011692047119
07,audio,0.1,5,retain_top,-0.09238186484596667,-0.49537451289266254,-0.1767902374267578
07,audio,0.2,10,top,5.184550422776546e-05,0.011308064484202962,0.009252309799194336
07,audio,0.2,10,bottom,-0.03995035069924524,-0.19500051097778415,-0.06894427537918091
07,audio,0.2,10,random,-0.018866821395562616,-0.08089279693756035,-0.02368873357772827
07,audio,0.2,10,random,-0.02001550544851627,-0.08994855818587544,-0.02291738986968994
07,audio,0.2,10,random,-0.02308474450875997,-0.10471765355029916,-0.032241225242614746
07,audio,0.2,10,random,-0.021842379288019576,-0.09821227697221757,-0.0311887264251709
07,audio,0.2,10,random,-0.021889188354314082,-0.09722461035262508,-0.028988897800445557
07,audio,0.2,10,random,-0.023223473226653413,-0.10727216518452876,-0.03535372018814087
07,audio,0.2,10,random,-0.025900529742800105,-0.12119174124448895,-0.04110318422317505
07,audio,0.2,10,random,-0.021737126004286567,-0.0988101728487969,-0.028849899768829346
07,audio,0.2,10,random,-0.0243732487970455,-0.11474245507763325,-0.03995656967163086
07,audio,0.2,10,random,-0.020178286583469984,-0.09145568160017392,-0.029535114765167236
07,audio,0.2,10,random,-0.02068350486612991,-0.09370004268906085,-0.02963167428970337
07,audio,0.2,10,random,-0.009571029968271305,-0.038304267864987196,-0.00989532470703125
07,audio,0.2,10,random,-0.019391520404874463,-0.09168924065369932,-0.02998405694961548
07,audio,0.2,10,random,-0.023235248922550356,-0.10894079875948792,-0.036573171615600586
07,audio,0.2,10,random,-0.02204775876252052,-0.10039012289711557,-0.03370201587677002
07,audio,0.2,10,random,-0.0229543474973658,-0.10682946005306526,-0.033902645111083984
07,audio,0.2,10,random,-0.021032877551829143,-0.09696737671540379,-0.03146767616271973
07,audio,0.2,10,random,-0.02072937804777608,-0.09392579446218696,-0.030623316764831543
07,audio,0.2,10,random,-0.028899108405313068,-0.13518903544247074,-0.04516124725341797
07,audio,0.2,10,random,-0.02682590077977587,-0.12367869297120504,-0.041895270347595215
07,audio,0.2,10,retain_top,-0.08953522011543191,-0.4732392555495275,-0.16889774799346924
07,audio,0.3,15,top,-0.008734165296379603,-0.02897912099165012,-0.003311455249786377
07,audio,0.3,15,bottom,-0.05315590133289605,-0.26391558732050013,-0.09331023693084717
07,audio,0.3,15,random,-0.04044082845005892,-0.19310630504072668,-0.06552457809448242
07,audio,0.3,15,random,-0.028310315565151067,-0.12809883203672467,-0.038793325424194336
07,audio,0.3,15,random,-0.019579229474284587,-0.08483197607786908,-0.02277374267578125
07,audio,0.3,15,random,-0.0332564026785892,-0.1558413333644313,-0.05111122131347656
07,audio,0.3,15,random,-0.029349257119680505,-0.1344438940020003,-0.03979837894439697
07,audio,0.3,15,random,-0.02434410035236445,-0.10863144541541514,-0.029968440532684326
07,audio,0.3,15,random,-0.02367840125518106,-0.10511401446183588,-0.028218746185302734
07,audio,0.3,15,random,-0.037384047248466,-0.1773052731150131,-0.057315051555633545
07,audio,0.3,15,random,-0.03059144675295189,-0.14128656637052295,-0.04423081874847412
07,audio,0.3,15,random,-0.03271685991794582,-0.15359658568300172,-0.048047006130218506
07,audio,0.3,15,random,-0.03493348434816368,-0.16111109549587588,-0.05094146728515625
07,audio,0.3,15,random,-0.029671386614964046,-0.13742605956916232,-0.044972240924835205
07,audio,0.3,15,random,-0.030543028526250016,-0.14109775607855535,-0.045700907707214355
07,audio,0.3,15,random,-0.033750401872627234,-0.15817201594557417,-0.04863083362579346
07,audio,0.3,15,random,-0.03549244465096213,-0.1685406668684073,-0.053713321685791016
07,audio,0.3,15,random,-0.035248027012011574,-0.16795452144418666,-0.054385483264923096
07,audio,0.3,15,random,-0.032941441218130474,-0.15559714146041803,-0.049842238426208496
07,audio,0.3,15,random,-0.02602913302260823,-0.1184305956507894,-0.03607851266860962
07,audio,0.3,15,random,-0.032664034303379164,-0.1501174905300593,-0.04991626739501953
07,audio,0.3,15,random,-0.040854260772258955,-0.19529192418802488,-0.06426095962524414
07,audio,0.3,15,retain_top,-0.08420991415211543,-0.4379183958212578,-0.15394806861877441
07,vision,0.1,5,top,0.013444578728940226,0.07284022787083755,0.024864912033081055
07,vision,0.1,5,bottom,-0.014612109562752051,-0.06531075718906365,-0.02162957191467285
07,vision,0.1,5,random,-0.007965417216922566,-0.03233086742421376,-0.01185762882232666
07,vision,0.1,5,random,0.003976376251814462,0.02777457949485118,0.00989377498626709
07,vision,0.1,5,random,-0.002081076963654338,-0.0034803627906905277,-0.0023041367530822754
07,vision,0.1,5,random,-0.0030032438581468757,-0.006836908879066073,-0.0020418167114257812
07,vision,0.1,5,random,0.0033283461497276567,0.022600589803357662,0.0060280561447143555
07,vision,0.1,5,random,-0.006309621085465289,-0.021642315920565203,-0.007069826126098633
07,vision,0.1,5,random,-0.0023372516368603824,-0.005558317055657458,-0.004055976867675781
07,vision,0.1,5,random,-0.00687720655037849,-0.02846089811098418,-0.010457754135131836
07,vision,0.1,5,random,-0.004154149218790981,-0.014739220835797706,-0.00610661506652832
07,vision,0.1,5,random,-0.007479262707854595,-0.03120522698499273,-0.011593103408813477
07,vision,0.1,5,random,-0.004794104733755189,-0.01576046842865164,-0.006331801414489746
07,vision,0.1,5,random,-0.0006679534209036442,0.002514273033304981,0.0007512569427490234
07,vision,0.1,5,random,-0.0015163976912500043,-0.0027626753027965023,-0.0033420324325561523
07,vision,0.1,5,random,7.038640147882802e-05,0.006235387423537908,0.00037103891372680664
07,vision,0.1,5,random,-0.0060616763863658996,-0.024774167279237203,-0.009518563747406006
07,vision,0.1,5,random,-0.0009722069833273395,0.0019644252164514597,-0.0017178058624267578
07,vision,0.1,5,random,-0.002971956049038993,-0.007155825548455397,-0.003247857093811035
07,vision,0.1,5,random,-0.0032400971396211453,-0.008139135774749784,-0.0029137730598449707
07,vision,0.1,5,random,-0.007613904685091155,-0.030745330943912075,-0.011066198348999023
07,vision,0.1,5,random,3.768399859083171e-05,0.005844388834982839,0.0010228753089904785
07,vision,0.1,5,retain_top,-0.04139618527103728,-0.16835309661608466,-0.0636516809463501
07,vision,0.2,10,top,0.023662270427327714,0.12650071573517319,0.04257023334503174
07,vision,0.2,10,bottom,-0.027167219630244377,-0.12321300410488867,-0.04176408052444458
07,vision,0.2,10,random,0.0032899625191322723,0.02725589946578766,0.0075876712799072266
07,vision,0.2,10,random,-0.0034776200711525984,-0.003271687886815533,-0.00020551681518554688
07,vision,0.2,10,random,-0.007969770917337304,-0.02505182574853948,-0.008060097694396973
07,vision,0.2,10,random,-0.00776882311883309,-0.02693032018540409,-0.010265111923217773
07,vision,0.2,10,random,-0.003005426885846485,-0.00039384212025606047,-0.0003508329391479492
07,vision,0.2,10,random,0.003467678605629132,0.030514079283165074,0.010525822639465332
07,vision,0.2,10,random,-0.010474732842448264,-0.03978318807844117,-0.017266154289245605
07,vision,0.2,10,random,-0.011645125382210297,-0.042814317679334524,-0.013267219066619873
07,vision,0.2,10,random,0.005622064167821961,0.040127204886940104,0.012299537658691406
07,vision,0.2,10,random,-0.003316182285950875,-0.0035724021488665603,-0.0019620656967163086
07,vision,0.2,10,random,-0.010811139626230148,-0.04109249352099087,-0.014504432678222656
07,vision,0.2,10,random,-0.004973424957808947,-0.008896130407550107,-0.0028668642044067383
07,vision,0.2,10,random,0.001734167028906719,0.02110347848910199,0.007896244525909424
07,vision,0.2,10,random,-0.007594832243226324,-0.02524965834107107,-0.00840836763381958
07,vision,0.2,10,random,-0.006532826230299715,-0.01926182731372128,-0.008566498756408691
07,vision,0.2,10,random,-0.004633855136972009,-0.00904308207489768,-0.004367351531982422
07,vision,0.2,10,random,0.0025352876811468583,0.026254115591314964,0.00908130407333374
07,vision,0.2,10,random,0.0005068114392765555,0.015034172131274559,0.004685461521148682
07,vision,0.2,10,random,-0.0011495751350714123,0.009170828054690272,0.0028914213180541992
07,vision,0.2,10,random,0.0032943445220888767,0.028630676518125675,0.00929570198059082
07,vision,0.2,10,retain_top,-0.048984993970378254,-0.21064210913207004,-0.07694101333618164
07,vision,0.3,15,top,0.03258726036085424,0.17410524221487234,0.057360172271728516
07,vision,0.3,15,bottom,-0.037643119348533705,-0.17213643200650308,-0.06165719032287598
07,vision,0.3,15,random,-0.009275552694354872,-0.025304836059831803,-0.0063294172286987305
07,vision,0.3,15,random,-0.00942441330002064,-0.025873943793731646,-0.008189916610717773
07,vision,0.3,15,random,-0.008978746580077801,-0.025073602412709395,-0.00828540325164795
07,vision,0.3,15,random,0.0087109766683372,0.06142634903270583,0.019124090671539307
07,vision,0.3,15,random,-0.013238704400524437,-0.04784347338210604,-0.01684468984603882
07,vision,0.3,15,random,-0.008263690286243075,-0.0221650942367555,-0.008005976676940918
07,vision,0.3,15,random,-0.0057082702680854025,-0.007331762417134291,-0.0030969977378845215
07,vision,0.3,15,random,-0.00797092080240891,-0.02087784846615781,-0.007482409477233887
07,vision,0.3,15,random,-0.01321320526614822,-0.044193380766752055,-0.01426243782043457
07,vision,0.3,15,random,0.002318512739302059,0.029368659861507496,0.009230256080627441
07,vision,0.3,15,random,0.005658114933173586,0.0464245741096978,0.015268862247467041
07,vision,0.3,15,random,-0.0034211735196163495,0.001629290613654799,0.002135634422302246
07,vision,0.3,15,random,-0.009880150313786973,-0.028217597445546527,-0.00801241397857666
07,vision,0.3,15,random,-0.011250282630636321,-0.036776337644294,-0.013594627380371094
07,vision,0.3,15,random,-0.008282094958135144,-0.022370541713643943,-0.009199976921081543
07,vision,0.3,15,random,-0.005511744648763139,-0.009752573927924058,-0.00298309326171875
07,vision,0.3,15,random,-0.006070719263501112,-0.010726235819463303,-0.0025289058685302734
07,vision,0.3,15,random,-0.010009611444820599,-0.030049121795134193,-0.011709928512573242
07,vision,0.3,15,random,-0.013830206444971016,-0.04990138532299215,-0.014629244804382324
07,vision,0.3,15,random,-0.01425808530143624,-0.0504725790303473,-0.018613159656524658
07,vision,0.3,15,retain_top,-0.05350727367425645,-0.23829344208147818,-0.08734273910522461
08,text,0.1,2,top,0.25211151703000595,1.0839522933908352,0.315859854221344
08,text,0.1,2,bottom,0.06872877754771733,0.29029205874558606,0.09439003467559814
08,text,0.1,2,random,0.07453368976610764,0.31391064905733623,0.10711467266082764
08,text,0.1,2,random,0.17898062877486925,0.7533966496288563,0.24188336730003357
08,text,0.1,2,random,0.034715723131321985,0.13808376087725804,0.05530202388763428
08,text,0.1,2,random,0.10615077471930745,0.44686270851625964,0.14659875631332397
08,text,0.1,2,random,0.10456227123033879,0.4457520300389354,0.14095187187194824
08,text,0.1,2,random,-0.0011395808272453012,-0.03188525465431269,-0.022914409637451172
08,text,0.1,2,random,0.2456721071162261,1.0531245562368983,0.3128461241722107
08,text,0.1,2,random,0.1421660733202581,0.6149601965656567,0.19616466760635376
08,text,0.1,2,random,0.07020038149213559,0.3008053946641982,0.10749530792236328
08,text,0.1,2,random,0.25211151703000595,1.0839522933908352,0.315859854221344
08,text,0.1,2,random,0.25018612149042735,1.0751913859395645,0.3169544041156769
08,text,0.1,2,random,0.10868166736022278,0.467947040799087,0.1624143123626709
08,text,0.1,2,random,0.09657292853381261,0.4141362107539225,0.14483308792114258
08,text,0.1,2,random,0.03730392030655094,0.15588883562069322,0.05514168739318848
08,text,0.1,2,random,0.1851734614938212,0.7862971326914356,0.24648821353912354
08,text,0.1,2,random,0.08570748058605204,0.36271427385605937,0.12875550985336304
08,text,0.1,2,random,0.07453368976610764,0.31391064905733623,0.10711467266082764
08,text,0.1,2,random,0.06872877754771733,0.29029205874558606,0.09439003467559814
08,text,0.1,2,random,0.12542147021932537,0.5437190454359394,0.1836247444152832
08,text,0.1,2,random,0.07020038149213559,0.3008053946641982,0.10749530792236328
08,text,0.1,2,retain_top,0.2999991046784325,1.170834473413995,0.398765504360199
08,text,0.2,3,top,0.2784792358431364,1.1864331533856998,0.3407355844974518
08,text,0.2,3,bottom,0.10009505340693337,0.4048239147729632,0.1352015733718872
08,text,0.2,3,random,0.21323599270660182,0.9147534193706358,0.2725776433944702
08,text,0.2,3,random,0.21323599270660182,0.9147534193706358,0.2725776433944702
08,text,0.2,3,random,0.15893827653145975,0.6656957303696821,0.22097891569137573
08,text,0.2,3,random,0.21663709199447279,0.9220572797901431,0.2705400288105011
08,text,0.2,3,random,0.08959918681907597,0.36027275631004885,0.1265190839767456
08,text,0.2,3,random,0.20940632606463094,0.8824856594578396,0.2713962197303772
08,text,0.2,3,random,0.17657185609388792,0.7565101581674102,0.22490471601486206
08,text,0.2,3,random,0.2751830124833194,1.1749667585534742,0.34258830547332764
08,text,0.2,3,random,0.11023805105344575,0.45893978447987194,0.1557406187057495
08,text,0.2,3,random,0.2581498115953494,1.0991426063655316,0.32278284430503845
08,text,0.2,3,random,0.08343912229963402,0.3353215548071512,0.11846870183944702
08,text,0.2,3,random,0.10440644161552726,0.423283223405615,0.14129948616027832
08,text,0.2,3,random,0.06151115016773656,0.2393566486360782,0.08330661058425903
08,text,0.2,3,random,0.08816592446462901,0.3624213988909093,0.11996662616729736
08,text,0.2,3,random,0.22909078670965982,0.9761659671784844,0.2947181463241577
08,text,0.2,3,random,0.06151115016773656,0.2393566486360782,0.08330661058425903
08,text,0.2,3,random,0.11807101924611596,0.49319407793126435,0.16027355194091797
08,text,0.2,3,random,0.23371108950094555,0.9926238490799806,0.2950672209262848
08,text,0.2,3,random,0.10440644161552726,0.423283223405615,0.14129948616027832
08,text,0.2,3,random,0.16824754574297834,0.70763982074803,0.21267300844192505
08,text,0.2,3,retain_top,0.28443705426656196,1.138010656664691,0.36997202038764954
08,text,0.3,4,top,0.3227205928457538,1.3787864254490623,0.38913285732269287
08,text,0.3,4,bottom,0.23002396246649326,0.9485522207419703,0.29171279072761536
08,text,0.3,4,random,0.18235781199226947,0.750995574972118,0.23900073766708374
08,text,0.3,4,random,0.14867770074119951,0.6065211095431415,0.1978185772895813
08,text,0.3,4,random,0.28989232100741774,1.2233033511931812,0.3469099998474121
08,text,0.3,4,random,0.15711011602609254,0.6521348587230876,0.21619343757629395
08,text,0.3,4,random,0.13887758367841846,0.5642681541201288,0.18586289882659912
08,text,0.3,4,random,0.1332540947697226,0.5344703541494232,0.16546255350112915
08,text,0.3,4,random,0.16469514376828992,0.6795815506473126,0.2193385660648346
08,text,0.3,4,random,0.26666889852848674,1.123151739385575,0.33647722005844116
08,text,0.3,4,random,0.12792427131953193,0.5195128409412075,0.17985504865646362
08,text,0.3,4,random,0.12127050334263423,0.5041273393501041,0.15587127208709717
08,text,0.3,4,random,0.2991753948403606,1.2890458168579655,0.3676961064338684
08,text,0.3,4,random,0.23216229279212675,0.9679490988145253,0.29965242743492126
08,text,0.3,4,random,0.24652464216394665,1.0429251441560496,0.3033618927001953
08,text,0.3,4,random,0.2936420188785988,1.246517385653113,0.3573957085609436
08,text,0.3,4,random,0.27572730888303115,1.1708161693640853,0.34273242950439453
08,text,0.3,4,random,0.30401793465692795,1.2797235326940029,0.35930323600769043
08,text,0.3,4,random,0.27945140926707834,1.172070614026391,0.34618204832077026
08,text,0.3,4,random,0.22976014839247283,0.9577718284055508,0.29922449588775635
08,text,0.3,4,random,0.251153347580344,1.0570038435962816,0.3141579031944275
08,text,0.3,4,random,0.1869865820677291,0.7580227094521953,0.2480577826499939
08,text,0.3,4,retain_top,0.25332591568005874,1.0152126463219098,0.33182603120803833
08,audio,0.1,2,top,-0.01199154384350909,-0.054989775249223216,-0.021134495735168457
08,audio,0.1,2,bottom,-0.04753450825214167,-0.22618623275815541,-0.08728247880935669
08,audio,0.1,2,random,-0.034873152481600056,-0.1618200281547364,-0.06324517726898193
08,audio,0.1,2,random,-0.0321712611011592,-0.1526199210109458,-0.05774533748626709
08,audio,0.1,2,random,-0.028316959356201155,-0.13269268163546633,-0.048908352851867676
08,audio,0.1,2,random,-0.03324836967737255,-0.15262159213974846,-0.0556340217590332
08,audio,0.1,2,random,-0.030374521078435412,-0.14520345311241734,-0.05930912494659424
08,audio,0.1,2,random,-0.03731926666483476,-0.17615328241660633,-0.06843316555023193
08,audio,0.1,2,random,-0.021200875698517696,-0.09613002384385483,-0.036371707916259766
08,audio,0.1,2,random,-0.03008094836196007,-0.13904800617635993,-0.05344796180725098
08,audio,0.1,2,random,-0.020486257372753558,-0.09494912100360686,-0.03642040491104126
08,audio,0.1,2,random,-0.03286861784211215,-0.15216062531775487,-0.05758744478225708
08,audio,0.1,2,random,-0.016295970115828617,-0.07763097929718543,-0.03115999698638916
08,audio,0.1,2,random,-0.030374521078435412,-0.14520345311241734,-0.05930912494659424
08,audio,0.1,2,random,-0.036972887835966195,-0.17639556150854618,-0.06816637516021729
08,audio,0.1,2,random,-0.02739744672210931,-0.12938227679554537,-0.054605960845947266
08,audio,0.1,2,random,-0.03753704731771357,-0.17553335802801118,-0.06572163105010986
08,audio,0.1,2,random,-0.03817179381854141,-0.17977902767117504,-0.06916868686676025
08,audio,0.1,2,random,-0.03444832393377284,-0.16247709629408957,-0.0641026496887207
08,audio,0.1,2,random,-0.03444832393377284,-0.16247709629408957,-0.0641026496887207
08,audio,0.1,2,random,-0.03324836967737255,-0.15262159213974846,-0.0556340217590332
08,audio,0.1,2,random,-0.02956008709978264,-0.13565634297415952,-0.0507357120513916
08,audio,0.1,2,retain_top,-0.1291097370013753,-0.6859538024502345,-0.2962208390235901
08,audio,0.2,3,top,-0.023299904023477702,-0.10869238197061382,-0.043064236640930176
08,audio,0.2,3,bottom,-0.06203724762062346,-0.29614720652823046,-0.11422234773635864
08,audio,0.2,3,random,-0.0320640873287833,-0.1550435949054716,-0.06436812877655029
08,audio,0.2,3,random,-0.05259489595049793,-0.25171854464341914,-0.10270464420318604
08,audio,0.2,3,random,-0.04799789686584799,-0.2282627334714038,-0.09026879072189331
08,audio,0.2,3,random,-0.05927318996192643,-0.28729209894726226,-0.11279654502868652
08,audio,0.2,3,random,-0.04689881948598429,-0.2180276028497219,-0.08023613691329956
08,audio,0.2,3,random,-0.047665082910246626,-0.22986613257035993,-0.09254729747772217
08,audio,0.2,3,random,-0.026698983743212334,-0.12295312183615881,-0.045217156410217285
08,audio,0.2,3,random,-0.02886692829004378,-0.13827334514611223,-0.05949598550796509
08,audio,0.2,3,random,-0.05327090976579274,-0.2520493146823237,-0.09698975086212158
08,audio,0.2,3,random,-0.02886692829004378,-0.13827334514611223,-0.05949598550796509
08,audio,0.2,3,random,-0.03681048672797804,-0.17435274435369497,-0.07114958763122559
08,audio,0.2,3,random,-0.04548320307752585,-0.2163325622469392,-0.0812608003616333
08,audio,0.2,3,random,-0.0621924320632008,-0.30131876242823985,-0.12253248691558838
08,audio,0.2,3,random,-0.050901782548522845,-0.24315008025917306,-0.09580802917480469
08,audio,0.2,3,random,-0.032776520155808564,-0.157598326885924,-0.0660020112991333
08,audio,0.2,3,random,-0.052448611273184564,-0.25408909107654454,-0.10344851016998291
08,audio,0.2,3,random,-0.048451572403228726,-0.22705691895201974,-0.08779400587081909
08,audio,0.2,3,random,-0.053481073391196565,-0.25130880228166896,-0.09438008069992065
08,audio,0.2,3,random,-0.04582866262959118,-0.2194031368037539,-0.08448487520217896
08,audio,0.2,3,random,-0.049993433313380686,-0.24071474751399435,-0.094948410987854
08,audio,0.2,3,retain_top,-0.12064209803688164,-0.6298249649491243,-0.2690619230270386
08,audio,0.3,4,top,-0.03594760189480173,-0.17051804703397577,-0.07194662094116211
08,audio,0.3,4,bottom,-0.07610936117361766,-0.3709317560228522,-0.15030980110168457
08,audio,0.3,4,random,-0.050135701129672805,-0.2404974247578795,-0.09603357315063477
08,audio,0.3,4,random,-0.04304796942410927,-0.20380920727963003,-0.08081215620040894
08,audio,0.3,4,random,-0.05359854945598108,-0.25776338268125376,-0.10393428802490234
08,audio,0.3,4,random,-0.04810306130618636,-0.22507899614405447,-0.09186631441116333
08,audio,0.3,4,random,-0.05587677452774542,-0.2678793911839841,-0.1111687421798706
08,audio,0.3,4,random,-0.041230302122414075,-0.1936076054132294,-0.07311761379241943
08,audio,0.3,4,random,-0.05923914080849624,-0.28472393268205476,-0.11169010400772095
08,audio,0.3,4,random,-0.05841663018622789,-0.2815534890421669,-0.11399972438812256
08,audio,0.3,4,random,-0.06083251852446425,-0.2959598577888167,-0.11899340152740479
08,audio,0.3,4,random,-0.051106445165192915,-0.24517484779370724,-0.09986305236816406
08,audio,0.3,4,random,-0.042674425658403736,-0.2053072631778301,-0.0831458568572998
08,audio,0.3,4,random,-0.058569219598034405,-0.2810283066745547,-0.11319005489349365
08,audio,0.3,4,random,-0.06328996957780375,-0.30595283476930435,-0.12173652648925781
08,audio,0.3,4,random,-0.058452376995875466,-0.2808440771842047,-0.11541849374771118
08,audio,0.3,4,random,-0.06812203750184376,-0.32791999501792213,-0.12555450201034546
08,audio,0.3,4,random,-0.06345322780295504,-0.3092178015375402,-0.1234898567199707
08,audio,0.3,4,random,-0.058569219598034405,-0.2810283066745547,-0.11319005489349365
08,audio,0.3,4,random,-0.060669115090327796,-0.29445731387541163,-0.11717432737350464
08,audio,0.3,4,random,-0.05582320752076397,-0.2720614590253958,-0.10672509670257568
08,audio,0.3,4,random,-0.06456469702033396,-0.31325890590172456,-0.13144361972808838
08,audio,0.3,4,retain_top,-0.11002985435083856,-0.5635388049878736,-0.23429298400878906
08,vision,0.1,2,top,-0.029239993499757255,-0.12909813611249876,-0.04443204402923584
08,vision,0.1,2,bottom,-0.03929820276587226,-0.17208026155016887,-0.06062936782836914
08,vision,0.1,2,random,-0.03605940229130966,-0.157726262542213,-0.05508702993392944
08,vision,0.1,2,random,-0.03631391819030272,-0.15677377910603474,-0.05451977252960205
08,vision,0.1,2,random,-0.0346576012317541,-0.15202656878959087,-0.052404165267944336
08,vision,0.1,2,random,-0.03240018638259934,-0.14086592068870607,-0.048366010189056396
08,vision,0.1,2,random,-0.03433717896224653,-0.1504654575656199,-0.05397379398345947
08,vision,0.1,2,random,-0.03671113923154834,-0.1600179791761549,-0.05590057373046875
08,vision,0.1,2,random,-0.03352603170083146,-0.1474366729527099,-0.052023351192474365
08,vision,0.1,2,random,-0.03369047473652542,-0.14878307132908675,-0.05219113826751709
08,vision,0.1,2,random,-0.03631391819030272,-0.15677377910603474,-0.05451977252960205
08,vision,0.1,2,random,-0.036688807556694236,-0.15930540759852918,-0.05592072010040283
08,vision,0.1,2,random,-0.03352603170083146,-0.1474366729527099,-0.052023351192474365
08,vision,0.1,2,random,-0.03887381958201097,-0.17018741119074265,-0.059880852699279785
08,vision,0.1,2,random,-0.03715600022036103,-0.1629111044218554,-0.0587763786315918
08,vision,0.1,2,random,-0.034783197738151084,-0.1511514587040671,-0.05339932441711426
08,vision,0.1,2,random,-0.030555532672994712,-0.13292471428156938,-0.04594850540161133
08,vision,0.1,2,random,-0.033651294085264016,-0.14440174365220804,-0.0496821403503418
08,vision,0.1,2,random,-0.035819587255430996,-0.1545911632278545,-0.053678691387176514
08,vision,0.1,2,random,-0.03433717896224653,-0.1504654575656199,-0.05397379398345947
08,vision,0.1,2,random,-0.035280333115346174,-0.15336128754906597,-0.05426579713821411
08,vision,0.1,2,random,-0.03072120891254193,-0.13566354153539617,-0.047139883041381836
08,vision,0.1,2,retain_top,-0.14550238727139753,-0.7048766846171357,-0.28533411026000977
08,vision,0.2,3,top,-0.04475991066389651,-0.1983811932951629,-0.07006394863128662
08,vision,0.2,3,bottom,-0.058463048791873584,-0.259312957829686,-0.09296190738677979
08,vision,0.2,3,random,-0.049065527821215205,-0.21725879756334532,-0.0780191421508789
08,vision,0.2,3,random,-0.05167283408903123,-0.22898608271700605,-0.08223676681518555
08,vision,0.2,3,random,-0.0484532965967035,-0.21135683524916127,-0.07371938228607178
08,vision,0.2,3,random,-0.05314526402695374,-0.23366029888896933,-0.0839417576789856
08,vision,0.2,3,random,-0.05250996914840478,-0.2316599164709876,-0.08176600933074951
08,vision,0.2,3,random,-0.04612045362755246,-0.20453887043875252,-0.07267773151397705
08,vision,0.2,3,random,-0.04896836412222172,-0.21596916474161,-0.07589477300643921
08,vision,0.2,3,random,-0.05314526402695374,-0.23366029888896933,-0.0839417576789856
08,vision,0.2,3,random,-0.053859716721340156,-0.2378487032609562,-0.08435988426208496
08,vision,0.2,3,random,-0.050182006906484555,-0.22114625149403166,-0.08004999160766602
08,vision,0.2,3,random,-0.05330628040040897,-0.23730700199654708,-0.08502739667892456
08,vision,0.2,3,random,-0.052748824762078206,-0.23101352333142477,-0.081004798412323
08,vision,0.2,3,random,-0.05125133053583919,-0.22620501364901857,-0.07922106981277466
08,vision,0.2,3,random,-0.05116746308725939,-0.22725482074383851,-0.07952606678009033
08,vision,0.2,3,random,-0.050186970233212835,-0.22380407212741105,-0.0793800950050354
08,vision,0.2,3,random,-0.05069138485760949,-0.22282898383002903,-0.0774276852607727
08,vision,0.2,3,random,-0.05264055662068612,-0.2312769463030271,-0.08071064949035645
08,vision,0.2,3,random,-0.05205420130590532,-0.22907559280164946,-0.08008360862731934
08,vision,0.2,3,random,-0.04982194178234345,-0.21994474730215452,-0.07755184173583984
08,vision,0.2,3,random,-0.047756091215496066,-0.2096663219254462,-0.07367873191833496
08,vision,0.2,3,retain_top,-0.13601407881967664,-0.6506357993331147,-0.2570123076438904
08,vision,0.3,4,top,-0.06075288921532973,-0.27021489009167143,-0.09617573022842407
08,vision,0.3,4,bottom,-0.07591006254423827,-0.3416923528692908,-0.12640845775604248
08,vision,0.3,4,random,-0.07188236549254112,-0.3199656143176828,-0.11462420225143433
08,vision,0.3,4,random,-0.06790715371892198,-0.30474650913844314,-0.1109778881072998
08,vision,0.3,4,random,-0.06691176868591864,-0.2969271727159857,-0.1054917573928833
08,vision,0.3,4,random,-0.06585167436771133,-0.2920168306154385,-0.10390657186508179
08,vision,0.3,4,random,-0.07160714762054143,-0.32110283072252566,-0.11784064769744873
08,vision,0.3,4,random,-0.06450628370244849,-0.289293485689188,-0.10461056232452393
08,vision,0.3,4,random,-0.0680186287852087,-0.30548201327214297,-0.11135506629943848
08,vision,0.3,4,random,-0.06832995131753206,-0.3033980945985517,-0.11095410585403442
08,vision,0.3,4,random,-0.06796621401596581,-0.30088347205779264,-0.10783928632736206
08,vision,0.3,4,random,-0.07016293268676455,-0.31162879544164857,-0.11229473352432251
08,vision,0.3,4,random,-0.0687561103619938,-0.3076774665669928,-0.11074090003967285
08,vision,0.3,4,random,-0.07105122659649077,-0.3186357594441067,-0.11443090438842773
08,vision,0.3,4,random,-0.06947018002792515,-0.31026124686448076,-0.1125340461730957
08,vision,0.3,4,random,-0.06965475408443322,-0.3114122398172785,-0.11437761783599854
08,vision,0.3,4,random,-0.06269026730868921,-0.27873177251971604,-0.09953957796096802
08,vision,0.3,4,random,-0.07161199211369718,-0.3196825012849458,-0.11625397205352783
08,vision,0.3,4,random,-0.06957905228810146,-0.3102807815632209,-0.11036455631256104
08,vision,0.3,4,random,-0.06715557253011883,-0.2981192417125278,-0.10653948783874512
08,vision,0.3,4,random,-0.0656230377460052,-0.2935484470269143,-0.10511994361877441
08,vision,0.3,4,random,-0.0650199511324675,-0.2897537817550653,-0.10318732261657715
08,vision,0.3,4,retain_top,-0.12368331798803411,-0.5844684456674842,-0.2270951271057129
09,text,0.1,2,top,0.01881867414360172,0.3872350970902647,-0.38918232917785645
09,text,0.1,2,bottom,-0.0026380104015940598,-0.05816398954962265,-0.035421013832092285
09,text,0.1,2,random,0.0008989677250647032,0.03264131522456193,-0.05889308452606201
09,text,0.1,2,random,0.002338153357745676,0.074022608555115,-0.08724546432495117
09,text,0.1,2,random,0.009325393915923352,0.22055451631255485,-0.22781634330749512
09,text,0.1,2,random,0.003600098794785289,0.10032476712260285,-0.10301971435546875
09,text,0.1,2,random,0.005370225363312442,0.14063281220397572,-0.16870129108428955
09,text,0.1,2,random,0.009325393915923352,0.22055451631255485,-0.22781634330749512
09,text,0.1,2,random,0.0003743582582046434,0.029518011058156546,-0.07273852825164795
09,text,0.1,2,random,-0.0011839800541753043,-0.019979280508657826,-0.008835911750793457
09,text,0.1,2,random,-0.0014519518790911956,-0.026684427691723744,-0.02343285083770752
09,text,0.1,2,random,0.012049645752518101,0.2729538420890396,-0.2713965177536011
09,text,0.1,2,random,0.017566040035436936,0.37314122237967995,-0.3881564140319824
09,text,0.1,2,random,0.003400528767001476,0.10247553472694193,-0.14161348342895508
09,text,0.1,2,random,-0.0012159197806903554,-0.013549409643525134,-0.05236935615539551
09,text,0.1,2,random,0.00031762501541432453,0.017109700078868695,-0.06901431083679199
09,text,0.1,2,random,-0.0004374279695994465,0.004893403590713774,-0.05242931842803955
09,text,0.1,2,random,-0.00219158754842419,-0.062213233967415515,-0.0801769495010376
09,text,0.1,2,random,0.0012395711405297494,0.04597922147825173,-0.09142816066741943
09,text,0.1,2,random,0.004409832757902077,0.12252657830847857,-0.13844585418701172
09,text,0.1,2,random,0.022582937669965664,0.45439974210232137,-0.4499950408935547
09,text,0.1,2,random,0.000235602235102772,0.023818434360134866,-0.053122639656066895
09,text,0.1,2,retain_top,0.5888621152082221,3.203708922495315,-1.9659847915172577
09,text,0.2,4,top,0.6247138266286347,3.7982837454081366,-2.6814539432525635
09,text,0.2,4,bottom,0.005145901698681343,0.0651601364206944,-0.3024042844772339
09,text,0.2,4,random,0.006766192988554631,0.17615495928048563,-0.24508178234100342
09,text,0.2,4,random,0.005054413917550793,0.14020692522174238,-0.21244275569915771
09,text,0.2,4,random,0.01463962947315156,0.33075034495828737,-0.37338554859161377
09,text,0.2,4,random,0.0067960917663695275,0.1727849523944096,-0.2516963481903076
09,text,0.2,4,random,0.0002293678966404089,0.01604069908290784,-0.1260589361190796
09,text,0.2,4,random,0.004173656193288466,0.12363710466147948,-0.19295835494995117
09,text,0.2,4,random,0.010641859841562296,0.25188729660659437,-0.27166759967803955
09,text,0.2,4,random,0.0002293678966404089,0.01604069908290784,-0.1260589361190796
09,text,0.2,4,random,0.007723189569986966,0.19420069320475397,-0.24892234802246094
09,text,0.2,4,random,0.004371692976987807,0.11910890321907264,-0.12198102474212646
09,text,0.2,4,random,0.007261438064277481,0.18616310051765206,-0.21645426750183105
09,text,0.2,4,random,0.005626394231751153,0.14521534285578097,-0.1654902696609497
09,text,0.2,4,random,0.008146690244600907,0.17989423053951992,-0.3081244230270386
09,text,0.2,4,random,0.0043046802999106015,0.12506335674113522,-0.15274536609649658
09,text,0.2,4,random,0.004185202195719828,0.11778621478161178,-0.19288504123687744
09,text,0.2,4,random,0.006512352709815872,0.15879574262430474,-0.2836965322494507
09,text,0.2,4,random,0.006271158071272764,0.1602322687852329,-0.22856402397155762
09,text,0.2,4,random,0.0016921915194610948,0.06134388464668428,-0.16020238399505615
09,text,0.2,4,random,0.0024231156913504526,0.06253631344546662,-0.20697438716888428
09,text,0.2,4,random,0.0006896588288595185,0.02342931836999229,-0.15343081951141357
09,text,0.2,4,retain_top,0.33951591750801724,2.202006678176758,-1.6659827679395676
09,text,0.3,6,top,0.6786789813719922,4.028580633287815,-2.594875693321228
09,text,0.3,6,bottom,0.010598756264551423,0.15742342178620605,-0.40583860874176025
09,text,0.3,6,random,0.006191253028370203,0.1569096004132966,-0.29234886169433594
09,text,0.3,6,random,0.008211581404831136,0.2046661417739548,-0.30207598209381104
09,text,0.3,6,random,0.14954395596486136,1.6317690483799745,-1.4196538031101227
09,text,0.3,6,random,0.13826303423703235,1.392163614196341,-1.2842960357666016
09,text,0.3,6,random,0.021406216430662317,0.40276112083526394,-0.5166546106338501
09,text,0.3,6,random,0.19983509886376627,1.9024484531408499,-1.6122473776340485
09,text,0.3,6,random,0.01656440025488959,0.3537271396196582,-0.402471661567688
09,text,0.3,6,random,0.016329803743641014,0.2842429937171036,-0.4979895353317261
09,text,0.3,6,random,0.006575472453700049,0.16728413852899626,-0.2755662202835083
09,text,0.3,6,random,0.7786494441916072,4.6897841881408695,-2.9071879386901855
09,text,0.3,6,random,0.009326589333154,0.19857425994560574,-0.35395944118499756
09,text,0.3,6,random,0.02891646373552026,0.5348276894419968,-0.5605823993682861
09,text,0.3,6,random,0.04968986696223243,0.770965104429115,-0.8226743936538696
09,text,0.3,6,random,0.023412261618293018,0.45635804812294634,-0.48067963123321533
09,text,0.3,6,random,0.01028991497162035,0.24138494401989652,-0.2952636480331421
09,text,0.3,6,random,0.008919966152585057,0.22565183366333086,-0.32183587551116943
09,text,0.3,6,random,0.014752897808046894,0.3168724644222394,-0.4442099332809448
09,text,0.3,6,random,0.010201952503677725,0.23840469657667196,-0.3483835458755493
09,text,0.3,6,random,0.01262446142117235,0.2473549133572357,-0.3756605386734009
09,text,0.3,6,random,0.028653720209327882,0.5105203560394718,-0.6064935922622681
09,text,0.3,6,retain_top,0.23469193838790914,1.7473218165151572,-1.4968940019607544
09,audio,0.1,2,top,-0.0003961343092075964,-0.015984438085720587,0.031188607215881348
09,audio,0.1,2,bottom,-0.0012681499806622698,-0.038215499019802035,0.050466179847717285
09,audio,0.1,2,random,-0.0006439424516699876,-0.023805226372169308,0.0360637903213501
09,audio,0.1,2,random,-0.0008307179231875628,-0.027880013351648802,0.04172015190124512
09,audio,0.1,2,random,-0.0007983632597398094,-0.026223325358546656,0.03378474712371826
09,audio,0.1,2,random,-0.0005586994323742989,-0.021621768998472568,0.03654778003692627
09,audio,0.1,2,random,-0.00106619499954419,-0.033302631772548,0.045305728912353516
09,audio,0.1,2,random,-0.0006022439793099688,-0.02135826982323863,0.03153789043426514
09,audio,0.1,2,random,-0.000869114020374262,-0.029046823321755788,0.0415724515914917
09,audio,0.1,2,random,-0.0008430251710227488,-0.02768716310376096,0.03969681262969971
09,audio,0.1,2,random,-0.0009116918786185035,-0.02788267227352481,0.03375673294067383
09,audio,0.1,2,random,-0.0009533011230076216,-0.030852598336054804,0.04048454761505127
09,audio,0.1,2,random,-0.0010951951999973453,-0.03214531130553189,0.043134093284606934
09,audio,0.1,2,random,-0.0005907569794634249,-0.02267492477240074,0.035654306411743164
09,audio,0.1,2,random,-0.0005468798040598744,-0.020669549366913564,0.037783026695251465
09,audio,0.1,2,random,-0.0006819609395064541,-0.02356635080121139,0.037572264671325684
09,audio,0.1,2,random,-0.0004031249802014525,-0.017932736363337476,0.03346705436706543
09,audio,0.1,2,random,-0.0006683434356501428,-0.022489162411957864,0.036187171936035156
09,audio,0.1,2,random,-0.000987139993541497,-0.02966746406130527,0.04414379596710205
09,audio,0.1,2,random,-0.0009637673361606591,-0.030358424740892342,0.04363882541656494
09,audio,0.1,2,random,-0.00117293122331108,-0.03635964705343353,0.04597663879394531
09,audio,0.1,2,random,-0.0010922610954268164,-0.03529603443327689,0.04912090301513672
09,audio,0.1,2,retain_top,0.005026262955947436,-0.03563249227303844,0.16881263256072998
09,audio,0.2,4,top,-0.0004589229241395154,-0.030316000975791013,0.06010711193084717
09,audio,0.2,4,bottom,-0.0017662328723064835,-0.06382979574758352,0.08808791637420654
09,audio,0.2,4,random,-0.0013380761288170895,-0.05285410323482731,0.07941782474517822
09,audio,0.2,4,random,-0.0011393353292981079,-0.04767335998951383,0.07560288906097412
09,audio,0.2,4,random,-0.0009207388609198119,-0.04312186373397742,0.07026588916778564
09,audio,0.2,4,random,-0.0012648108211361642,-0.05059180123611329,0.07967841625213623
09,audio,0.2,4,random,-0.0013295380241062915,-0.0515130609160801,0.07127845287322998
09,audio,0.2,4,random,-0.0011712647062958048,-0.04716230002432242,0.06828892230987549
09,audio,0.2,4,random,-0.0013090386922507413,-0.05402258651884351,0.08106076717376709
09,audio,0.2,4,random,-0.0014893265545731227,-0.05761584211678317,0.08270204067230225
09,audio,0.2,4,random,-0.00130761586949657,-0.051528068880469124,0.08000504970550537
09,audio,0.2,4,random,-0.001114322865104267,-0.04592357819959103,0.07223701477050781
09,audio,0.2,4,random,-0.001300680724466985,-0.052270469134605424,0.07582724094390869
09,audio,0.2,4,random,-0.0010809640181825841,-0.044999417370461536,0.07271468639373779
09,audio,0.2,4,random,-0.001169849029449943,-0.04855996502405935,0.07366585731506348
09,audio,0.2,4,random,-0.0011939341068846199,-0.047567643796893044,0.06707918643951416
09,audio,0.2,4,random,-0.0009136822313595694,-0.04131462129854446,0.07332730293273926
09,audio,0.2,4,random,-0.0010195441225371304,-0.04672938189356923,0.07620739936828613
09,audio,0.2,4,random,-0.0010174540333791615,-0.043336192936295426,0.06795191764831543
09,audio,0.2,4,random,-0.0011375407071110288,-0.04648074835180527,0.07168924808502197
09,audio,0.2,4,random,-0.0008555116592525724,-0.03916985701169162,0.06840550899505615
09,audio,0.2,4,random,-0.0008552199236582236,-0.0405426405337983,0.07184207439422607
09,audio,0.2,4,retain_top,0.0031228620311360977,-0.05320390470441483,0.16525089740753174
09,audio,0.3,6,top,-0.00012921110179509032,-0.03787946046064672,0.08491230010986328
09,audio,0.3,6,bottom,-0.0015230150454327296,-0.07583295654998068,0.11840689182281494
09,audio,0.3,6,random,-0.0010686046371111146,-0.061347342445305486,0.10049474239349365
09,audio,0.3,6,random,-0.0007992210981433434,-0.05576907598757552,0.0988318920135498
09,audio,0.3,6,random,-0.0012639649641743578,-0.06539314430463561,0.10219919681549072
09,audio,0.3,6,random,-0.0004113589072646251,-0.04444015208739849,0.08744633197784424
09,audio,0.3,6,random,-0.00042537918431562183,-0.04437215269379591,0.0883328914642334
09,audio,0.3,6,random,-0.0011891850612398835,-0.06398681319025767,0.1028827428817749
09,audio,0.3,6,random,-0.0012170582606334523,-0.06561860171225975,0.10103178024291992
09,audio,0.3,6,random,-0.0004452258154785671,-0.047100641541972355,0.09496176242828369
09,audio,0.3,6,random,-0.0007791392626156357,-0.056306850809836106,0.10434591770172119
09,audio,0.3,6,random,-0.0008527663681393571,-0.05565977517509468,0.08857166767120361
09,audio,0.3,6,random,-0.0009330597507455352,-0.06014493642180918,0.10588014125823975
09,audio,0.3,6,random,-0.0009586820809057706,-0.059708417083692567,0.09756529331207275
09,audio,0.3,6,random,-0.0008554784641703339,-0.055306959496214336,0.09706735610961914
09,audio,0.3,6,random,-0.001355029635743188,-0.07056819839721751,0.11105704307556152
09,audio,0.3,6,random,-0.0008414525237189219,-0.05314477866130485,0.09553706645965576
09,audio,0.3,6,random,-0.0006480021621873,-0.050356910360279006,0.0875241756439209
09,audio,0.3,6,random,-0.0011080007619433951,-0.06375941017424669,0.09913599491119385
09,audio,0.3,6,random,-0.0005932452640413644,-0.04961709364218736,0.09166467189788818
09,audio,0.3,6,random,-0.0010336973859538245,-0.06117498089915063,0.09885191917419434
09,audio,0.3,6,random,-0.00037914645650705125,-0.04470092605135134,0.09140896797180176
09,audio,0.3,6,retain_top,0.0013755569447302385,-0.06927280929101265,0.1587982177734375
09,vision,0.1,2,top,0.0007949771540072259,0.013488232923158705,-0.015454649925231934
09,vision,0.1,2,bottom,0.000366246679747273,0.0012763732287637275,0.007926702499389648
09,vision,0.1,2,random,0.0007317630733346681,0.012612105313065225,-0.013389229774475098
09,vision,0.1,2,random,0.0007024908997512735,0.011980083393555052,-0.010181069374084473
09,vision,0.1,2,random,0.0005886568176843854,0.008412265811928332,0.00551605224609375
09,vision,0.1,2,random,0.0004964300455848614,0.005002821248767386,0.0013271570205688477
09,vision,0.1,2,random,0.0006175586812429135,0.009242027190599078,-0.0008767843246459961
09,vision,0.1,2,random,0.0005947661702533358,0.007543071258570233,0.004675149917602539
09,vision,0.1,2,random,0.000578367726264406,0.008403241645894344,-0.0001844167709350586
09,vision,0.1,2,random,0.0006145944967268502,0.009597001275225558,-0.0010133981704711914
09,vision,0.1,2,random,0.000366246679747273,0.0012763732287637275,0.007926702499389648
09,vision,0.1,2,random,0.0006520576537649703,0.010589944426463216,-0.005082964897155762
09,vision,0.1,2,random,0.0005485901391898418,0.0065350078806774015,0.0021561384201049805
09,vision,0.1,2,random,0.0007532736740311075,0.012818113880817883,-0.013985991477966309
09,vision,0.1,2,random,0.0005886568176843854,0.008412265811928332,0.00551605224609375
09,vision,0.1,2,random,0.0006004535398973498,0.009306132120277422,-0.0025790929794311523
09,vision,0.1,2,random,0.0006187785963059911,0.010231149675760332,-0.0037921667098999023
09,vision,0.1,2,random,0.000544056746726751,0.006237685732282561,0.004385113716125488
09,vision,0.1,2,random,0.0006117583864784226,0.008623852212981564,-0.0024069547653198242
09,vision,0.1,2,random,0.0005958605514891913,0.009019617631997878,-0.0003325939178466797
09,vision,0.1,2,random,0.0007532736740311075,0.012818113880817883,-0.013985991477966309
09,vision,0.1,2,random,0.0006162113116764401,0.008088995809523603,-0.0009092092514038086
09,vision,0.1,2,retain_top,0.01754047804336245,0.22412470637576787,-0.10238945484161377
09,vision,0.2,4,top,0.0018496272149159942,0.030622487063906245,-0.032621026039123535
09,vision,0.2,4,bottom,0.0010941371770126773,0.009272711460758032,0.007221817970275879
09,vision,0.2,4,random,0.0014919465868400428,0.02117796524192217,-0.012377142906188965
09,vision,0.2,4,random,0.001218006016210249,0.01470776938509566,-0.0002359151840209961
09,vision,0.2,4,random,0.0015447027513767475,0.023986684103307176,-0.010609984397888184
09,vision,0.2,4,random,0.0015880019691754121,0.02282054195981198,-0.013278484344482422
09,vision,0.2,4,random,0.0013427917386139576,0.016680598749652553,-0.006554365158081055
09,vision,0.2,4,random,0.0014436156392798605,0.02069480986080441,-0.0051174163818359375
09,vision,0.2,4,random,0.0013415611006338812,0.01749149166139974,-0.004371166229248047
09,vision,0.2,4,random,0.0014847278349606752,0.023568064755258078,-0.008466124534606934
09,vision,0.2,4,random,0.0013665724939176949,0.017779492466313496,-0.010361075401306152
09,vision,0.2,4,random,0.0014139542595767995,0.019321690558551374,-0.0012551546096801758
09,vision,0.2,4,random,0.0013839748784862937,0.01915590914793386,-0.0008015632629394531
09,vision,0.2,4,random,0.0015498106963884872,0.023516132679062274,-0.015419602394104004
09,vision,0.2,4,random,0.0015947492118046913,0.022587703444891805,-0.007755756378173828
09,vision,0.2,4,random,0.001437910167310208,0.021882411881701813,-0.005843997001647949
09,vision,0.2,4,random,0.001640894860587827,0.023791936766385913,-0.014060258865356445
09,vision,0.2,4,random,0.0013846158519418283,0.01873715665522635,0.003632664680480957
09,vision,0.2,4,random,0.0014750707589581413,0.02146615451003475,-0.0033341646194458008
09,vision,0.2,4,random,0.0014511308413432955,0.021671136623615084,-0.00932168960571289
09,vision,0.2,4,random,0.0016127470981910363,0.024555577387470162,-0.019051551818847656
09,vision,0.2,4,random,0.001546202616914072,0.023846447898551393,-0.007522225379943848
09,vision,0.2,4,retain_top,0.011750205731355101,0.14951452503659945,-0.04785645008087158
09,vision,0.3,6,top,0.003149131558498719,0.04965918724735996,-0.04529130458831787
09,vision,0.3,6,bottom,0.0021158192950013754,0.02198756909208921,0.00867462158203125
09,vision,0.3,6,random,0.0026001002088653635,0.03428216802193074,-0.009218335151672363
09,vision,0.3,6,random,0.0027548312816915166,0.03867264754290556,-0.014897704124450684
09,vision,0.3,6,random,0.002544036747038847,0.036948350807831876,-0.007358193397521973
09,vision,0.3,6,random,0.002982479918282377,0.045706686610376135,-0.03451502323150635
09,vision,0.3,6,random,0.0026080613617854853,0.03498748756150771,-0.00951230525970459
09,vision,0.3,6,random,0.0027549499720175286,0.04122437882704677,-0.01808154582977295
09,vision,0.3,6,random,0.0027775439449549966,0.03830119478073035,-0.02667820453643799
09,vision,0.3,6,random,0.002698239099116928,0.03966826892863162,-0.020051240921020508
09,vision,0.3,6,random,0.002520465207168754,0.03456248276040075,-0.016680479049682617
09,vision,0.3,6,random,0.0023822328118626723,0.03153835738423494,0.00044798851013183594
09,vision,0.3,6,random,0.002464042136875344,0.03430619843364324,-0.002085089683532715
09,vision,0.3,6,random,0.002672818238667163,0.035673529346430755,-0.010640144348144531
09,vision,0.3,6,random,0.0026483871680473836,0.036041355961085486,-0.010706901550292969
09,vision,0.3,6,random,0.002711114459455044,0.03875068665248982,-0.020470023155212402
09,vision,0.3,6,random,0.002610799257013352,0.03465220745528397,-0.0149458646774292
09,vision,0.3,6,random,0.002465514012267467,0.030143456359325693,-0.005153059959411621
09,vision,0.3,6,random,0.0021762626039137922,0.026986098653011492,0.006093382835388184
09,vision,0.3,6,random,0.002567050750595712,0.03485241069974698,-0.006322503089904785
09,vision,0.3,6,random,0.002795998010527323,0.03792446396356208,-0.01779782772064209
09,vision,0.3,6,random,0.0027064838847640216,0.04079409758810737,-0.019951343536376953
09,vision,0.3,6,retain_top,0.008186604358321303,0.10298358270602126,-0.019913434982299805
10,text,0.1,3,top,0.6165991450265627,3.4817356381951976,-2.0046167373657227
10,text,0.1,3,bottom,-0.006937124854354937,-0.1409959872907609,0.1640850305557251
10,text,0.1,3,random,-0.0025210713885223113,-0.0436135566990794,0.05539417266845703
10,text,0.1,3,random,0.01435612871439429,0.2542843598977056,-0.19305920600891113
10,text,0.1,3,random,0.009018258393592937,0.17069148135905587,-0.1179131269454956
10,text,0.1,3,random,0.011024849921523971,0.19818298479413077,-0.18036305904388428
10,text,0.1,3,random,0.012290250362122057,0.2094647063319135,-0.19928324222564697
10,text,0.1,3,random,-0.0043983409146201025,-0.08069512514568666,0.0874028205871582
10,text,0.1,3,random,0.013332688015651573,0.22149177379396923,-0.2190033197402954
10,text,0.1,3,random,0.6032107431153487,3.493533373848715,-2.131429433822632
10,text,0.1,3,random,0.005810635363676098,0.1111523284432403,-0.08582031726837158
10,text,0.1,3,random,-0.002890873834276997,-0.04921229963937401,0.053995370864868164
10,text,0.1,3,random,0.05788146939519301,0.7745046506458717,-0.623588502407074
10,text,0.1,3,random,0.01378736928289992,0.2444331519750924,-0.19003808498382568
10,text,0.1,3,random,0.02382559176281307,0.385003736502894,-0.32792234420776367
10,text,0.1,3,random,0.0019488973005212795,0.0394827891080638,-0.02712726593017578
10,text,0.1,3,random,0.05335231764808124,0.7147546595685159,-0.6140519976615906
10,text,0.1,3,random,-0.007058520735326201,-0.1461720793902006,0.16504168510437012
10,text,0.1,3,random,0.013747192009846088,0.24598814071731034,-0.19940316677093506
10,text,0.1,3,random,0.00022711025893329406,0.005327445721619917,-0.012258410453796387
10,text,0.1,3,random,-0.0060930866090678215,-0.12133978045715121,0.14310097694396973
10,text,0.1,3,random,0.016373088376860467,0.257534900821319,-0.2680166959762573
10,text,0.1,3,retain_top,0.3558435703256342,2.441462895775058,-1.625985860824585
10,text,0.2,6,top,0.6352727006312163,3.651595139681961,-2.208618938922882
10,text,0.2,6,bottom,-0.006821942498402733,-0.13551721456322774,0.10652053356170654
10,text,0.2,6,random,0.04302748553845559,0.6019337772951507,-0.5350319743156433
10,text,0.2,6,random,0.29385637752201366,2.1191350873482584,-1.4776955395936966
10,text,0.2,6,random,0.02479527649397495,0.40974522899779053,-0.3088871240615845
10,text,0.2,6,random,0.04891375709199408,0.688460876332599,-0.5549947619438171
10,text,0.2,6,random,0.04246840580633349,0.6024602178020646,-0.527106761932373
10,text,0.2,6,random,0.005740368926082651,0.1127177867965905,-0.08992969989776611
10,text,0.2,6,random,0.007875087426048033,0.15150422083039716,-0.11904728412628174
10,text,0.2,6,random,0.011931378902085732,0.21886294251590188,-0.16642069816589355
10,text,0.2,6,random,0.008379841593991078,0.15172860227814144,-0.16713392734527588
10,text,0.2,6,random,0.0057150526263322066,0.11264945845783503,-0.10062921047210693
10,text,0.2,6,random,0.024169204377673004,0.35873670045204786,-0.35937511920928955
10,text,0.2,6,random,0.012311149626429763,0.23060363145662288,-0.14690053462982178
10,text,0.2,6,random,0.1971283322513333,1.7111756423321758,-1.2752357944846153
10,text,0.2,6,random,0.021232178305973237,0.34865134255987984,-0.32243239879608154
10,text,0.2,6,random,0.0022633184245222093,0.04988021955972455,-0.04015970230102539
10,text,0.2,6,random,0.013626917541654349,0.21532866673350615,-0.24796414375305176
10,text,0.2,6,random,0.025346948743434683,0.41831252044696887,-0.3252156972885132
10,text,0.2,6,random,0.18346606279483013,1.5536852398036363,-1.1749041229486465
10,text,0.2,6,random,0.0002760824771693704,0.016084642129957416,0.004459857940673828
10,text,0.2,6,random,-0.007463072186560948,-0.15409798537105024,0.1552053689956665
10,text,0.2,6,retain_top,0.09091767688157049,1.0322977507892144,-0.8239679932594299
10,text,0.3,9,top,0.7721660108802094,4.51689117390535,-2.6024569272994995
10,text,0.3,9,bottom,-0.006236626038059745,-0.1249514043607789,0.09097945690155029
10,text,0.3,9,random,0.03764844950166746,0.5476322893387007,-0.5028661489486694
10,text,0.3,9,random,0.011239199465501115,0.20911978780284324,-0.17201220989227295
10,text,0.3,9,random,0.074958743614286,0.9377984694496964,-0.7092204093933105
10,text,0.3,9,random,0.011859622433187278,0.22204956746018745,-0.15743029117584229
10,text,0.3,9,random,0.7430610390199126,4.304906302307941,-2.5708974599838257
10,text,0.3,9,random,0.00426574512722977,0.087378186005731,-0.05554091930389404
10,text,0.3,9,random,0.049887260462629035,0.683265524730782,-0.5882309675216675
10,text,0.3,9,random,0.5956612576706062,3.348425003128127,-1.9078490734100342
10,text,0.3,9,random,0.09840334308599952,1.0936649494161146,-0.8968634605407715
10,text,0.3,9,random,0.613749452029519,3.4734643496181894,-1.9565282464027405
10,text,0.3,9,random,0.5590737342264036,3.2084381257749968,-1.8967231512069702
10,text,0.3,9,random,0.09755126113747403,1.1143637994758575,-0.878219485282898
10,text,0.3,9,random,0.011153109752964019,0.20217888104914206,-0.17184674739837646
10,text,0.3,9,random,0.027316783529298228,0.4303485720147955,-0.3921445608139038
10,text,0.3,9,random,0.532744130233745,3.1610406593161406,-1.95598965883255
10,text,0.3,9,random,0.386446976481574,2.532484765694927,-1.6562145352363586
10,text,0.3,9,random,0.16132675627678172,1.4813999468251935,-1.1205556690692902
10,text,0.3,9,random,0.11159583808130391,1.2236354131185034,-0.953728973865509
10,text,0.3,9,random,0.009663052823211782,0.1671909015413675,-0.17898249626159668
10,text,0.3,9,random,0.07637343783871298,0.9042839065706874,-0.7655861973762512
10,text,0.3,9,retain_top,0.03690031311856279,0.5345863259941317,-0.4636309742927551
10,audio,0.1,3,top,-0.000753655201466974,-0.008522596514986436,0.011843085289001465
10,audio,0.1,3,bottom,-0.003499240367902723,-0.06436722832485353,0.05079615116119385
10,audio,0.1,3,random,-0.0023251372135010273,-0.040475797220894894,0.031023859977722168
10,audio,0.1,3,random,-0.002196089428160408,-0.03627521512328613,0.03814828395843506
10,audio,0.1,3,random,-0.002457252652520281,-0.04429529025168488,0.03636515140533447
10,audio,0.1,3,random,-0.0020087372615824606,-0.032166308536953014,0.0352780818939209
10,audio,0.1,3,random,-0.002790403034603095,-0.04911830782096871,0.051305413246154785
10,audio,0.1,3,random,-0.0026308935898625707,-0.04473211071890182,0.04479324817657471
10,audio,0.1,3,random,-0.002599632746085434,-0.04723981529142085,0.03614473342895508
10,audio,0.1,3,random,-0.0016764966379317903,-0.026220333132250584,0.026096224784851074
10,audio,0.1,3,random,-0.0027131748439198633,-0.047147524441444766,0.04565393924713135
10,audio,0.1,3,random,-0.0027562180635392064,-0.04778224243494389,0.0412830114364624
10,audio,0.1,3,random,-0.0023558476029755804,-0.03960427416103007,0.04326164722442627
10,audio,0.1,3,random,-0.002153063343662831,-0.03768738628369128,0.03426706790924072
10,audio,0.1,3,random,-0.002629875450208319,-0.04678351476531084,0.03889310359954834
10,audio,0.1,3,random,-0.0016705880310962096,-0.028975501264829617,0.019747495651245117
10,audio,0.1,3,random,-0.002090935304402297,-0.03543310716789083,0.03166210651397705
10,audio,0.1,3,random,-0.0023232955664361787,-0.037338493515939764,0.038108229637145996
10,audio,0.1,3,random,-0.002796802423699951,-0.049599858903231375,0.0443798303604126
10,audio,0.1,3,random,-0.002013419505082603,-0.033969404682963056,0.030243277549743652
10,audio,0.1,3,random,-0.002658448499383792,-0.04742083469263436,0.036890625953674316
10,audio,0.1,3,random,-0.002119902424761899,-0.035413368339121565,0.0354154109954834
10,audio,0.1,3,retain_top,-0.002162177998392578,-0.12464309046442867,0.19423747062683105
10,audio,0.2,6,top,-0.0020279943290932856,-0.030335673701684218,0.03413105010986328
10,audio,0.2,6,bottom,-0.0057446009841158885,-0.10977120387214834,0.0891185998916626
10,audio,0.2,6,random,-0.004242930633683417,-0.0749822492021468,0.07615399360656738
10,audio,0.2,6,random,-0.0038605599672369983,-0.0670626744200149,0.06406044960021973
10,audio,0.2,6,random,-0.004439765989910138,-0.08149411963790909,0.0721210241317749
10,audio,0.2,6,random,-0.004783618867368,-0.08900312803909394,0.06896626949310303
10,audio,0.2,6,random,-0.0035328702475924123,-0.06113889770579073,0.06184494495391846
10,audio,0.2,6,random,-0.0029318545532046603,-0.04870775948479622,0.05190229415893555
10,audio,0.2,6,random,-0.004011502549331136,-0.07094739621015123,0.06890702247619629
10,audio,0.2,6,random,-0.004854387512742808,-0.09007565972183196,0.07125914096832275
10,audio,0.2,6,random,-0.004566022026500582,-0.08341486213840055,0.07489347457885742
10,audio,0.2,6,random,-0.004333186777948583,-0.07918133319709275,0.06687891483306885
10,audio,0.2,6,random,-0.003912963048352869,-0.0662958336266315,0.06523334980010986
10,audio,0.2,6,random,-0.0037684133724313895,-0.06442550137371983,0.062435030937194824
10,audio,0.2,6,random,-0.004244447024282838,-0.07776023557978862,0.07100391387939453
10,audio,0.2,6,random,-0.0048637379524980595,-0.08887698895753537,0.07464003562927246
10,audio,0.2,6,random,-0.004827552337102303,-0.0889299458181898,0.07531309127807617
10,audio,0.2,6,random,-0.00464924088168972,-0.08390868450862499,0.07455754280090332
10,audio,0.2,6,random,-0.00464007633639274,-0.08571758982217625,0.08037078380584717
10,audio,0.2,6,random,-0.004239035514612799,-0.07544036886967165,0.07012546062469482
10,audio,0.2,6,random,-0.0048628809758712865,-0.08990761603254516,0.08655750751495361
10,audio,0.2,6,random,-0.0037648487055068625,-0.06794546936009604,0.05758321285247803
10,audio,0.2,6,retain_top,-0.0047469140799222265,-0.1551826410011925,0.20006752014160156
10,audio,0.3,9,top,-0.00293218820337382,-0.04935797669318731,0.058808207511901855
10,audio,0.3,9,bottom,-0.007268036179934767,-0.143346357946736,0.1217111349105835
10,audio,0.3,9,random,-0.005769613975917354,-0.10733696989899011,0.11488521099090576
10,audio,0.3,9,random,-0.005461886456260445,-0.10207965380851824,0.10149586200714111
10,audio,0.3,9,random,-0.0070708442945546235,-0.13405851078438458,0.12542200088500977
10,audio,0.3,9,random,-0.00509950468128495,-0.0975691760517643,0.09433937072753906
10,audio,0.3,9,random,-0.006286862340810884,-0.1180055030753322,0.10966980457305908
10,audio,0.3,9,random,-0.005336326306177974,-0.09921227359190521,0.0970449447631836
10,audio,0.3,9,random,-0.005393430425376988,-0.10035360837347396,0.10862910747528076
10,audio,0.3,9,random,-0.005633339816382588,-0.10691501087542177,0.09721672534942627
10,audio,0.3,9,random,-0.004563556937092761,-0.08469956858634742,0.08718609809875488
10,audio,0.3,9,random,-0.005588190780358326,-0.10638070375324427,0.0909050703048706
10,audio,0.3,9,random,-0.005323986327748775,-0.10426952541487378,0.09526145458221436
10,audio,0.3,9,random,-0.005552790168096622,-0.10450416521511219,0.09941625595092773
10,audio,0.3,9,random,-0.005396377908527206,-0.1005914318860941,0.09566271305084229
10,audio,0.3,9,random,-0.0057246028145223615,-0.10565621660345936,0.10465419292449951
10,audio,0.3,9,random,-0.006020966582566345,-0.1145661118522292,0.10569620132446289
10,audio,0.3,9,random,-0.006001323688386906,-0.11588941835132038,0.10884273052215576
10,audio,0.3,9,random,-0.005141178403429203,-0.09844837075185264,0.09539103507995605
10,audio,0.3,9,random,-0.005190951820268963,-0.0955088612901136,0.09528207778930664
10,audio,0.3,9,random,-0.004556335292759006,-0.0831010185278438,0.07850301265716553
10,audio,0.3,9,random,-0.0062036493253999625,-0.12104733739277806,0.10436379909515381
10,audio,0.3,9,retain_top,-0.007011645516335374,-0.18112992504711434,0.2029629945755005
10,vision,0.1,3,top,0.0015074728065510579,0.02672620238792156,-0.01781606674194336
10,vision,0.1,3,bottom,-0.0008674470698714076,-0.018838407900719556,0.028422236442565918
10,vision,0.1,3,random,-0.00035459784094249436,-0.009850447906079918,0.019443511962890625
10,vision,0.1,3,random,-0.0001745992642725458,-0.00617082725659257,0.015581250190734863
10,vision,0.1,3,random,0.00014347954891613668,0.0010597683926714119,0.007348179817199707
10,vision,0.1,3,random,0.0005845735632851179,0.008661798003855026,-0.0004400014877319336
10,vision,0.1,3,random,-0.00014103968046452753,-0.005831337583082963,0.01838970184326172
10,vision,0.1,3,random,0.0010603807932082487,0.0185567197877603,-0.008263230323791504
10,vision,0.1,3,random,9.080546836892633e-05,-0.002774315519840087,0.015250802040100098
10,vision,0.1,3,random,-0.00045826218217781545,-0.010681389151420806,0.02221357822418213
10,vision,0.1,3,random,3.8642660425636244e-05,-0.0015252043935909398,0.011214137077331543
10,vision,0.1,3,random,8.102005408450186e-05,0.0001537787920820044,0.009859085083007812
10,vision,0.1,3,random,0.0001413743113024557,0.00030452264176794586,0.00481259822845459
10,vision,0.1,3,random,0.0001583304014470821,0.001109556382138166,0.010949254035949707
10,vision,0.1,3,random,-0.0006676767995532629,-0.01605693437571043,0.02728402614593506
10,vision,0.1,3,random,0.00014011492485677124,0.00011609460369665925,0.012148022651672363
10,vision,0.1,3,random,-0.00010166660637378477,-0.008033334548234183,0.01918482780456543
10,vision,0.1,3,random,0.00020402425421905956,0.0021284980730604808,0.005738019943237305
10,vision,0.1,3,random,6.634310423780931e-05,6.649465567765134e-05,0.01116788387298584
10,vision,0.1,3,random,0.0001148016712279043,0.00020174169294007172,0.010712742805480957
10,vision,0.1,3,random,0.00035915172797917894,0.0051111319592545,0.005332231521606445
10,vision,0.1,3,random,6.243477280076792e-05,-0.0001545127896003251,0.01053917407989502
10,vision,0.1,3,retain_top,0.011195507352220413,0.09431326052055455,0.05844104290008545
10,vision,0.2,6,top,0.0027005564099026325,0.04523055696456524,-0.024722576141357422
10,vision,0.2,6,bottom,-0.0013270174451408545,-0.032104066623495964,0.054697394371032715
10,vision,0.2,6,random,0.00027955071254492925,-0.0020604816013300997,0.02138817310333252
10,vision,0.2,6,random,0.0004604353599041433,-0.00025841567465434423,0.02452540397644043
10,vision,0.2,6,random,-8.51210999915919e-05,-0.009315131947554178,0.02806413173675537
10,vision,0.2,6,random,0.0003468126020261808,-0.001220017590428668,0.02012932300567627
10,vision,0.2,6,random,9.187526018383796e-05,-0.0038000027397875336,0.026397347450256348
10,vision,0.2,6,random,-0.0005234829359521687,-0.015504102179290769,0.03460872173309326
10,vision,0.2,6,random,0.0001718346773745827,-0.0032942407892058156,0.02073383331298828
10,vision,0.2,6,random,-0.0002721095865747536,-0.012046616502247254,0.03274941444396973
10,vision,0.2,6,random,0.0006755600280516916,0.007155843707969289,0.016788601875305176
10,vision,0.2,6,random,0.00021090341758644993,-0.0014744616742579097,0.018459677696228027
10,vision,0.2,6,random,-2.6479197084317008e-05,-0.008991729305348972,0.02986276149749756
10,vision,0.2,6,random,0.0004670470006519212,0.0023586623757165803,0.01796281337738037
10,vision,0.2,6,random,-0.0004628475045015401,-0.015835535145279245,0.0348438024520874
10,vision,0.2,6,random,0.0005967689457727632,0.0039707963065285234,0.01729297637939453
10,vision,0.2,6,random,0.00031081224918516615,-0.004162855612729555,0.028763651847839355
10,vision,0.2,6,random,0.0009808310582948288,0.010581975038101099,0.013438105583190918
10,vision,0.2,6,random,0.0015145700680175844,0.021078106125520968,-0.002070307731628418
10,vision,0.2,6,random,0.0009175302995737544,0.010694870865654238,0.012540459632873535
10,vision,0.2,6,random,-0.0006548168667290799,-0.02087029341690716,0.04458820819854736
10,vision,0.2,6,random,0.0004262006124223783,0.00013708868986528344,0.020584702491760254
10,vision,0.2,6,retain_top,0.006122677298458168,0.03328935261608157,0.08835756778717041
10,vision,0.3,9,top,0.0036118556690275527,0.05617392915067576,-0.026573538780212402
10,vision,0.3,9,bottom,-0.0014201462107000795,-0.04039799749152451,0.07684326171875
10,vision,0.3,9,random,0.0014187723011537257,0.014667475050107459,0.014105677604675293
10,vision,0.3,9,random,0.001431653670496802,0.017538928168649104,0.013286471366882324
10,vision,0.3,9,random,0.002118676493136684,0.02786519458075931,0.003939032554626465
10,vision,0.3,9,random,-6.34722158157075e-05,-0.014070090745108565,0.044371604919433594
10,vision,0.3,9,random,0.0012009076101393568,0.009506763804920215,0.025542497634887695
10,vision,0.3,9,random,0.0015851995054175783,0.01633355851850604,0.014206290245056152
10,vision,0.3,9,random,0.0023030633760089403,0.031082426168651534,0.004439592361450195
10,vision,0.3,9,random,0.000433460759171278,-0.0016324335846360505,0.03638136386871338
10,vision,0.3,9,random,0.0019152953438370535,0.024802621444260264,0.003048419952392578
10,vision,0.3,9,random,0.00021743678420704793,-0.006062581957493762,0.03771615028381348
10,vision,0.3,9,random,0.0006570695135605931,0.0022566285019123278,0.02931034564971924
10,vision,0.3,9,random,0.00025686033747684966,-0.007230428482043916,0.04385578632354736
10,vision,0.3,9,random,0.0007585618923227067,0.0011802886930563083,0.032245755195617676
10,vision,0.3,9,random,0.00029936689261811367,-0.005149885218263872,0.03990757465362549
10,vision,0.3,9,random,0.0016704143321216725,0.019783687362545876,0.008266806602478027
10,vision,0.3,9,random,0.0002276079963562383,-0.007519238149736207,0.04212045669555664
10,vision,0.3,9,random,0.0005145779732625977,-0.0023539028557828523,0.03086709976196289
10,vision,0.3,9,random,0.000823183259720861,0.003733929245054668,0.02835261821746826
10,vision,0.3,9,random,0.00029922871956267194,-0.005572222146781325,0.04058873653411865
10,vision,0.3,9,random,0.0005340754327312069,-0.003104009770995564,0.03807425498962402
10,vision,0.3,9,retain_top,0.0031868536784008805,0.0002019116416920319,0.1000140905380249
11,text,0.1,2,top,0.766602211897207,4.118712271654001,-1.7538446187973022
11,text,0.1,2,bottom,-0.00572464394669292,-0.10249943852796006,0.1314382553100586
11,text,0.1,2,random,0.006435855685937075,0.12174631884986908,-0.09832870960235596
11,text,0.1,2,random,-0.0027704559138177487,-0.08627105816224878,0.06382286548614502
11,text,0.1,2,random,0.7692026949790258,4.05699537219944,-1.69242525100708
11,text,0.1,2,random,-0.006659853284664008,-0.12499621351793433,0.13404858112335205
11,text,0.1,2,random,0.04647091616162757,0.5618497509914215,-0.5167374610900879
11,text,0.1,2,random,0.015357613160197015,0.1372175543598182,-0.1801586151123047
11,text,0.1,2,random,0.05811975180392037,0.6428189638922497,-0.5642922520637512
11,text,0.1,2,random,0.031235742963197533,0.3781896624875811,-0.3385559320449829
11,text,0.1,2,random,-0.006278458480150073,-0.120196311517621,0.13453662395477295
11,text,0.1,2,random,0.003667079789281269,0.041151591289791956,-0.06776237487792969
11,text,0.1,2,random,0.07151770400491264,0.7244088918931335,-0.6006174683570862
11,text,0.1,2,random,-0.0003334436695102694,0.016657910105097873,0.007024168968200684
11,text,0.1,2,random,0.006256240131707558,0.08788915521708462,-0.09150636196136475
11,text,0.1,2,random,0.18590311243508295,1.5056025453115136,-1.0358724296092987
11,text,0.1,2,random,-0.0044746230943367715,-0.07009265865091452,0.08662915229797363
11,text,0.1,2,random,-0.008120862605339507,-0.1133732909553804,0.20143473148345947
11,text,0.1,2,random,0.03304814524862054,0.4126561470904839,-0.37631213665008545
11,text,0.1,2,random,0.01910990927129863,0.31383777990836315,-0.26890480518341064
11,text,0.1,2,random,-0.0017856731754549715,-0.051176962160888184,0.0425257682800293
11,text,0.1,2,random,0.020993256165993346,0.2404825982699501,-0.24446642398834229
11,text,0.1,2,retain_top,0.07380496163033023,0.7850146829274571,-0.4620732069015503
11,text,0.2,3,top,0.7424339893248253,3.8190692614977495,-1.653012216091156
11,text,0.2,3,bottom,-0.009781064337719858,-0.17966430817847323,0.22908806800842285
11,text,0.2,3,random,0.42363669030551665,2.358338300986402,-1.3415965512394905
11,text,0.2,3,random,0.030322473058971844,0.2768209184194168,-0.29616010189056396
11,text,0.2,3,random,0.004263133097763605,0.10818820793631012,-0.02879798412322998
11,text,0.2,3,random,0.06256345841325484,0.7242767537929917,-0.5625666379928589
11,text,0.2,3,random,0.04143193196928907,0.43762753175383606,-0.40475720167160034
11,text,0.2,3,random,0.12448742621430176,1.0578161071612109,-0.8003686666488647
11,text,0.2,3,random,0.030856138053154125,0.3381010180371389,-0.2912665605545044
11,text,0.2,3,random,0.010400619043913095,0.15262796703992043,-0.15479838848114014
11,text,0.2,3,random,0.01844286471952572,0.18757065090792757,-0.19546270370483398
11,text,0.2,3,random,0.7633321712755998,3.9526536345189225,-1.6525897681713104
11,text,0.2,3,random,0.07393760479061662,0.7372036171593472,-0.599122941493988
11,text,0.2,3,random,0.022611976761853225,0.24135376149484733,-0.24144518375396729
11,text,0.2,3,random,0.005511618482565317,0.11169937430501564,-0.08009827136993408
11,text,0.2,3,random,0.20175580791257963,1.4430487193985315,-1.0215948820114136
11,text,0.2,3,random,-0.005135317056383926,-0.13022568988999872,0.11984264850616455
11,text,0.2,3,random,-0.010812991509991488,-0.1780421453657901,0.2769569158554077
11,text,0.2,3,random,0.0363068381540419,0.34041710613662524,-0.35032594203948975
11,text,0.2,3,random,0.019706853639373856,0.2303895631715287,-0.2242950201034546
11,text,0.2,3,random,0.7512732870804557,3.875474333338171,-1.650914341211319
11,text,0.2,3,random,0.003190603942866188,0.06462321692644268,-0.041637539863586426
11,text,0.2,3,retain_top,0.06123312879098797,0.7192949370474864,-0.4415518045425415
11,text,0.3,5,top,0.7360742422722425,3.568051417634812,-1.540791928768158
11,text,0.3,5,bottom,-0.01128388884781606,-0.1986698536889846,0.2825815677642822
11,text,0.3,5,random,0.007671010450034266,0.09192194882858296,-0.024892210960388184
11,text,0.3,5,random,0.05367888644304586,0.5431432773474469,-0.4429076910018921
11,text,0.3,5,random,0.7446930300777608,3.560591953552209,-1.5246237814426422
11,text,0.3,5,random,0.007460479320626212,0.11885505456049561,-0.09692943096160889
11,text,0.3,5,random,0.7597976136568063,3.801617094586745,-1.5849588215351105
11,text,0.3,5,random,0.009548502414043591,0.08487127257942495,-0.09495782852172852
11,text,0.3,5,random,0.015075494147429924,0.18605613690116618,-0.14477741718292236
11,text,0.3,5,random,0.1267248825934686,1.083057005478692,-0.7742022275924683
11,text,0.3,5,random,0.05598939802504266,0.5576241470659604,-0.46702587604522705
11,text,0.3,5,random,0.2542369233748508,1.5070712301051667,-1.0420394539833069
11,text,0.3,5,random,0.6149881971490208,2.996808329436459,-1.4635043144226074
11,text,0.3,5,random,0.1359416704046834,1.0836136025310084,-0.8091540932655334
11,text,0.3,5,random,0.7461317705893576,3.650241403219905,-1.559587001800537
11,text,0.3,5,random,0.01983700247776199,0.2959191681791822,-0.20644903182983398
11,text,0.3,5,random,0.01865125250562316,0.22434282252798798,-0.2119690179824829
11,text,0.3,5,random,0.732023903115171,3.2780393346666203,-1.4638075083494186
11,text,0.3,5,random,-0.013457379913680456,-0.22997167368581328,0.39735662937164307
11,text,0.3,5,random,0.7303927917987639,3.6280369303913735,-1.5859853327274323
11,text,0.3,5,random,0.7532986471983428,3.6664207333272065,-1.5448430478572845
11,text,0.3,5,random,0.7463387337331002,3.6359694426184688,-1.5495575070381165
11,text,0.3,5,retain_top,0.005113123312055712,0.03814216831067174,0.049292922019958496
11,audio,0.1,2,top,-0.001856638406403821,-0.022075815261394016,0.024824857711791992
11,audio,0.1,2,bottom,-0.004375856976444159,-0.05848352906053522,0.07236182689666748
11,audio,0.1,2,random,-0.0038691046206110746,-0.05047360339947904,0.06784558296203613
11,audio,0.1,2,random,-0.002926233217619867,-0.03574415220202587,0.053006529808044434
11,audio,0.1,2,random,-0.002926233217619867,-0.03574415220202587,0.053006529808044434
11,audio,0.1,2,random,-0.0025668238365361695,-0.034156578342264154,0.03336930274963379
11,audio,0.1,2,random,-0.00309516146652844,-0.03706121234223403,0.05007588863372803
11,audio,0.1,2,random,-0.0036054094470769904,-0.04724687917741788,0.056242942810058594
11,audio,0.1,2,random,-0.0036210872643790415,-0.04304462716247626,0.07053089141845703
11,audio,0.1,2,random,-0.003974837612752191,-0.053928795115816275,0.06544816493988037
11,audio,0.1,2,random,-0.0022789462539009042,-0.029383517294521155,0.03018820285797119
11,audio,0.1,2,random,-0.0028250878638143018,-0.029818447770224132,0.04844367504119873
11,audio,0.1,2,random,-0.003090687881138754,-0.03192663516529404,0.05961883068084717
11,audio,0.1,2,random,-0.0022874406809937353,-0.026582445781051067,0.03555405139923096
11,audio,0.1,2,random,-0.001967314217693694,-0.024169900712176062,0.02481698989868164
11,audio,0.1,2,random,-0.0027944192339189877,-0.032906499880001494,0.03958296775817871
11,audio,0.1,2,random,-0.002593088562600987,-0.032201969165443156,0.03824663162231445
11,audio,0.1,2,random,-0.0028168054777584217,-0.029138088754757874,0.05063629150390625
11,audio,0.1,2,random,-0.0024231218659434006,-0.032583929445391124,0.03291046619415283
11,audio,0.1,2,random,-0.0035531717842401944,-0.048638565463273054,0.049623727798461914
11,audio,0.1,2,random,-0.003049144145917615,-0.0346368973340172,0.049457550048828125
11,audio,0.1,2,random,-0.0021870415354754424,-0.027430750231520307,0.028483271598815918
11,audio,0.1,2,retain_top,-0.0008697209373588199,-0.018554181766780253,0.18279790878295898
11,audio,0.2,3,top,-0.0026760827246440355,-0.033234017167901087,0.03613173961639404
11,audio,0.2,3,bottom,-0.005680370556337855,-0.08018914780219477,0.09711349010467529
11,audio,0.2,3,random,-0.0038104817447499606,-0.043043637347879304,0.06583702564239502
11,audio,0.2,3,random,-0.0038482716051616572,-0.051004522750282444,0.06161510944366455
11,audio,0.2,3,random,-0.0035707885022345787,-0.048241100686785554,0.05251491069793701
11,audio,0.2,3,random,-0.00366657445142593,-0.04483462388517623,0.0554424524307251
11,audio,0.2,3,random,-0.004328861333938616,-0.055432303198245325,0.06519937515258789
11,audio,0.2,3,random,-0.004707340864482101,-0.05685418126043462,0.0917893648147583
11,audio,0.2,3,random,-0.004849213596603397,-0.06684667571711422,0.08091461658477783
11,audio,0.2,3,random,-0.003600547471571458,-0.04585836103725294,0.06246542930603027
11,audio,0.2,3,random,-0.0038297044172331818,-0.04226190836239985,0.07967078685760498
11,audio,0.2,3,random,-0.0031662164915066127,-0.03372832869112097,0.05719578266143799
11,audio,0.2,3,random,-0.004461652256336879,-0.05847501909075792,0.0798945426940918
11,audio,0.2,3,random,-0.004462238650903783,-0.05907192457501553,0.07780849933624268
11,audio,0.2,3,random,-0.0045001910413416946,-0.06347503610878613,0.06746256351470947
11,audio,0.2,3,random,-0.004581683104263101,-0.06072542633677669,0.07644593715667725
11,audio,0.2,3,random,-0.004156664943433586,-0.04656962797621844,0.08137476444244385
11,audio,0.2,3,random,-0.005680370556337855,-0.08018914780219477,0.09711349010467529
11,audio,0.2,3,random,-0.0045001910413416946,-0.06347503610878613,0.06746256351470947
11,audio,0.2,3,random,-0.004453156418896431,-0.05701326897897241,0.07396471500396729
11,audio,0.2,3,random,-0.004703487238516324,-0.06241934564875784,0.0801459550857544
11,audio,0.2,3,random,-0.004249704816966182,-0.0558750248217299,0.06484591960906982
11,audio,0.2,3,retain_top,-0.0020555181391774813,-0.03331258751496691,0.1843045949935913
11,audio,0.3,5,top,-0.0038885628782252546,-0.04431983131836459,0.07689821720123291
11,audio,0.3,5,bottom,-0.006828143654636243,-0.09959283031344368,0.1399003267288208
11,audio,0.3,5,random,-0.004835376059948326,-0.061885959975095606,0.08259165287017822
11,audio,0.3,5,random,-0.004647338375566967,-0.05762117937586009,0.10707950592041016
11,audio,0.3,5,random,-0.004888289758883779,-0.06105299939344988,0.11176431179046631
11,audio,0.3,5,random,-0.0056462493898084,-0.07733788035038325,0.12133896350860596
11,audio,0.3,5,random,-0.005422569021759527,-0.06935887396376961,0.1314147710800171
11,audio,0.3,5,random,-0.005143215187207062,-0.06198647049565009,0.11784398555755615
11,audio,0.3,5,random,-0.00483136325568323,-0.05914520197369422,0.10409104824066162
11,audio,0.3,5,random,-0.004711391284978883,-0.05671474622022421,0.09391486644744873
11,audio,0.3,5,random,-0.006419749525441665,-0.08741807658088074,0.1360095739364624
11,audio,0.3,5,random,-0.004821549453678742,-0.059674711067453146,0.09538185596466064
11,audio,0.3,5,random,-0.005562404284335076,-0.07143690703992966,0.13404309749603271
11,audio,0.3,5,random,-0.004714266591412053,-0.057745004138618494,0.1127699613571167
11,audio,0.3,5,random,-0.0048152623091264335,-0.06268491999476922,0.08147776126861572
11,audio,0.3,5,random,-0.006419749525441665,-0.08741807658088074,0.1360095739364624
11,audio,0.3,5,random,-0.005551445878546835,-0.07543935733543528,0.11538147926330566
11,audio,0.3,5,random,-0.005477262031378771,-0.07322183151591677,0.11429989337921143
11,audio,0.3,5,random,-0.0049797173768811875,-0.06256756156564336,0.09426307678222656
11,audio,0.3,5,random,-0.004689344387069694,-0.05728173966320638,0.09166061878204346
11,audio,0.3,5,random,-0.005114758678401166,-0.06495733453032893,0.11078870296478271
11,audio,0.3,5,random,-0.005529003821197365,-0.07480216162690256,0.11130189895629883
11,audio,0.3,5,retain_top,-0.0049758754305225805,-0.07452502566570018,0.1814727783203125
11,vision,0.1,2,top,0.004047300829550737,0.05620359458878932,-0.06830728054046631
11,vision,0.1,2,bottom,-0.000712879731859184,-0.013399097254630732,0.013260483741760254
11,vision,0.1,2,random,0.0016672658277536723,0.021419507673835714,-0.029874682426452637
11,vision,0.1,2,random,0.001275286887074123,0.01866269352022165,-0.020536422729492188
11,vision,0.1,2,random,0.001222384317611458,0.017030227867586234,-0.018907666206359863
11,vision,0.1,2,random,0.0004874677697747076,0.00568438037897101,-0.006039261817932129
11,vision,0.1,2,random,0.0007995170139876162,0.011027863640588276,-0.015559792518615723
11,vision,0.1,2,random,0.0018079643687274327,0.023691981386762873,-0.03231549263000488
11,vision,0.1,2,random,0.003089049875172889,0.0416743801545465,-0.059033751487731934
11,vision,0.1,2,random,0.0010640644951005473,0.014557695527768644,-0.015654444694519043
11,vision,0.1,2,random,0.004047300829550737,0.05620359458878932,-0.06830728054046631
11,vision,0.1,2,random,-0.00024894795834462524,-0.0064849155438349015,0.007944464683532715
11,vision,0.1,2,random,0.0018079643687274327,0.023691981386762873,-0.03231549263000488
11,vision,0.1,2,random,0.0015963649693887527,0.02353094453838045,-0.027105212211608887
11,vision,0.1,2,random,0.0010896208492674475,0.014854230261156065,-0.016561388969421387
11,vision,0.1,2,random,0.0021267527218848947,0.029138512015510543,-0.03848707675933838
11,vision,0.1,2,random,0.0018134268810713339,0.026092914200026573,-0.03016066551208496
11,vision,0.1,2,random,0.0006768884600630853,0.007171674638911885,-0.014611601829528809
11,vision,0.1,2,random,0.0006614849271197043,0.007556714985081037,-0.007680296897888184
11,vision,0.1,2,random,0.001685549345629589,0.02330998632994774,-0.029509663581848145
11,vision,0.1,2,random,0.001222384317611458,0.017030227867586234,-0.018907666206359863
11,vision,0.1,2,random,0.00030323332647563817,0.002493942956930617,-0.004496455192565918
11,vision,0.1,2,retain_top,0.017153417702750917,0.18093114488018047,-0.17379486560821533
11,vision,0.2,3,top,0.005978838719816526,0.08222579632597382,-0.09710323810577393
11,vision,0.2,3,bottom,-0.0008151266038348703,-0.015630926991716088,0.015702128410339355
11,vision,0.2,3,random,0.00030278504914271753,0.0014908971442628705,-0.003651738166809082
11,vision,0.2,3,random,0.002680580057583759,0.03684032585235597,-0.041512370109558105
11,vision,0.2,3,random,0.0012457255611757478,0.015642679058645914,-0.016034841537475586
11,vision,0.2,3,random,0.0020505929515974852,0.026814276770610324,-0.03735089302062988
11,vision,0.2,3,random,0.0026058180688250943,0.03683400798018255,-0.0415729284286499
11,vision,0.2,3,random,0.0005049019633535101,0.004286287542486722,-0.007657289505004883
11,vision,0.2,3,random,0.004172409037385361,0.059251838581598104,-0.0671004056930542
11,vision,0.2,3,random,0.0037298434964748717,0.05154697416609011,-0.06393635272979736
11,vision,0.2,3,random,0.001682415330587106,0.021367560700211286,-0.0238417387008667
11,vision,0.2,3,random,0.0012476841707877995,0.01316171010063849,-0.02033555507659912
11,vision,0.2,3,random,0.001682415330587106,0.021367560700211286,-0.0238417387008667
11,vision,0.2,3,random,0.005978838719816526,0.08222579632597382,-0.09710323810577393
11,vision,0.2,3,random,0.0018838584566081007,0.02425345623126285,-0.030702948570251465
11,vision,0.2,3,random,0.00047139772595006235,0.0011744105528812554,-0.0010709762573242188
11,vision,0.2,3,random,0.0032986817910453103,0.041144888235566945,-0.05859577655792236
11,vision,0.2,3,random,0.001518710120994915,0.01927947932215579,-0.021656155586242676
11,vision,0.2,3,random,0.0011121013158951198,0.014200723928211811,-0.015529513359069824
11,vision,0.2,3,random,0.001915871738309649,0.023133787413370133,-0.03299844264984131
11,vision,0.2,3,random,0.0012462359993290484,0.016790643445232956,-0.01973259449005127
11,vision,0.2,3,random,0.003591155315347927,0.04753831196535696,-0.058695077896118164
11,vision,0.2,3,retain_top,0.01156459095462048,0.12074525011902804,-0.12036693096160889
11,vision,0.3,5,top,0.012000911348715948,0.1552822703532981,-0.1781461238861084
11,vision,0.3,5,bottom,-0.000427051937148315,-0.015774668091597555,0.01630270481109619
11,vision,0.3,5,random,0.003240908090253125,0.039248060184157385,-0.05154430866241455
11,vision,0.3,5,random,0.005232472146214695,0.06616733748956793,-0.0854114294052124
11,vision,0.3,5,random,0.003669879032110135,0.04407038324857204,-0.059746623039245605
11,vision,0.3,5,random,0.003910752707527609,0.04581336549704629,-0.06590867042541504
11,vision,0.3,5,random,0.0034540873642781023,0.0439663626723652,-0.048132896423339844
11,vision,0.3,5,random,0.0038072623522964477,0.04812027511891959,-0.06021428108215332
11,vision,0.3,5,random,0.002346418072880052,0.025344136244864313,-0.035843729972839355
11,vision,0.3,5,random,0.0036548880865475697,0.044463549958784654,-0.05910217761993408
11,vision,0.3,5,random,0.002908868247079477,0.03490854526460607,-0.049339890480041504
11,vision,0.3,5,random,0.0023080334587354256,0.02755046320276877,-0.03425323963165283
11,vision,0.3,5,random,0.004123432824338358,0.05070945496840684,-0.06227588653564453
11,vision,0.3,5,random,0.005663698053073318,0.07264763632459248,-0.0960310697555542
11,vision,0.3,5,random,0.0064480575435706955,0.08719302841978926,-0.09569060802459717
11,vision,0.3,5,random,0.0030547877935124257,0.03622930447288075,-0.04835152626037598
11,vision,0.3,5,random,0.0007514662777285963,0.004235203443843094,-0.006900668144226074
11,vision,0.3,5,random,0.0016515410491327875,0.01679382706192767,-0.02479541301727295
11,vision,0.3,5,random,0.0021192397912607186,0.021193934565015837,-0.03127110004425049
11,vision,0.3,5,random,0.005741705771476258,0.07072042243120125,-0.0899728536605835
11,vision,0.3,5,random,0.006906287844495984,0.09120509040696323,-0.107474684715271
11,vision,0.3,5,random,0.0022347458860446645,0.026416546980845723,-0.03218650817871094
11,vision,0.3,5,retain_top,0.0035748756724711672,0.02922431797932168,-0.028370261192321777
12,text,0.1,5,top,0.5073356041272606,2.3668052070610086,-1.1596050560474396
12,text,0.1,5,bottom,-0.03265419812337478,-0.33451991223947,0.3842637538909912
12,text,0.1,5,random,0.030068267630985468,0.276561715700935,-0.211678147315979
12,text,0.1,5,random,-0.007749925609014108,-0.052433810036389694,0.07325577735900879
12,text,0.1,5,random,0.003488837562878766,0.04727211914627283,-0.01407855749130249
12,text,0.1,5,random,-0.00327444985091907,-0.030595196675009095,0.03962421417236328
12,text,0.1,5,random,0.002444123118582886,0.01828680537095151,-0.006556987762451172
12,text,0.1,5,random,0.01494517425123143,0.13411605761484857,-0.0990058183670044
12,text,0.1,5,random,0.017889748251160187,0.147014758807543,-0.13472789525985718
12,text,0.1,5,random,0.03709402778126858,0.36960829489197033,-0.2527419924736023
12,text,0.1,5,random,0.00509182069379388,0.09408538929320942,-0.04208451509475708
12,text,0.1,5,random,0.01962661693086276,0.13794889314857617,-0.1374238133430481
12,text,0.1,5,random,0.026485892308819925,0.23574105769986042,-0.19318807125091553
12,text,0.1,5,random,0.0540985023769841,0.4563407216242443,-0.333001971244812
12,text,0.1,5,random,0.004631550461856593,0.12301602410507062,-0.025939345359802246
12,text,0.1,5,random,-0.004066330597842671,-0.005460421167503338,0.03328299522399902
12,text,0.1,5,random,0.0323864433397395,0.2941657417072885,-0.22183096408843994
12,text,0.1,5,random,0.016800483709202174,0.16195913214643198,-0.12046045064926147
12,text,0.1,5,random,-0.005325473236737488,-0.061911857385303914,0.055068254470825195
12,text,0.1,5,random,0.05389974177407941,0.41552209375141036,-0.33611273765563965
12,text,0.1,5,random,0.02206987367276214,0.1880769032573415,-0.15641295909881592
12,text,0.1,5,random,0.03759143894648498,0.28114690483223725,-0.2526262402534485
12,text,0.1,5,retain_top,0.15231406838470118,1.1270096730146846,-0.5821147859096527
12,text,0.2,9,top,0.57094392348798,2.6955049993573823,-1.228882610797882
12,text,0.2,9,bottom,-0.028997426534280613,-0.30065536856888153,0.3479323387145996
12,text,0.2,9,random,-0.015098809444579753,-0.13213429338592997,0.17780566215515137
12,text,0.2,9,random,-0.005215109367549653,-0.003288347745660225,0.05925869941711426
12,text,0.2,9,random,0.2542858109278926,1.413233821073724,-0.8389243185520172
12,text,0.2,9,random,0.004186949504010662,0.14639751240348486,-0.02994382381439209
12,text,0.2,9,random,0.04738248949734547,0.4394161544325117,-0.3058863878250122
12,text,0.2,9,random,0.08400475939462393,0.6341436564318559,-0.46035557985305786
12,text,0.2,9,random,0.0920308645567599,0.6439187694055675,-0.4685770273208618
12,text,0.2,9,random,-0.015993364692106438,-0.15435890255066775,0.17647218704223633
12,text,0.2,9,random,0.06596955754984923,0.501358273402809,-0.3669013977050781
12,text,0.2,9,random,0.1523932529501396,1.0223320688101198,-0.65260249376297
12,text,0.2,9,random,0.23925640269369575,1.3446294504783864,-0.8226779997348785
12,text,0.2,9,random,-0.006007246547220735,-0.03551957484496393,0.069527268409729
12,text,0.2,9,random,-0.006279775851235292,0.02583202749308766,0.06384098529815674
12,text,0.2,9,random,0.08424175765678432,0.6004517225622192,-0.4386007785797119
12,text,0.2,9,random,0.09033711621121976,0.7369222051076356,-0.4698014259338379
12,text,0.2,9,random,0.02290128281907966,0.23872513109550164,-0.15537399053573608
12,text,0.2,9,random,0.00875651115619358,0.14420692097231935,-0.06341385841369629
12,text,0.2,9,random,0.5992536497129755,2.918512869204572,-1.2711641192436218
12,text,0.2,9,random,0.05393330408443353,0.5138049915791325,-0.3566243648529053
12,text,0.2,9,random,-0.004311353860960487,-0.022400169511377133,0.05280780792236328
12,text,0.2,9,retain_top,0.11387425112968863,0.9113133491386267,-0.48040837049484253
12,text,0.3,13,top,0.6483103436451608,3.018881866228936,-1.2702396214008331
12,text,0.3,13,bottom,-0.030595330483829897,-0.247682169097017,0.4065279960632324
12,text,0.3,13,random,-0.0036128031364807134,0.014822431608456643,0.07149183750152588
12,text,0.3,13,random,0.5658342023629486,2.560001637245497,-1.1760417222976685
12,text,0.3,13,random,0.0024037970076055126,0.08602921412773412,0.006078481674194336
12,text,0.3,13,random,0.14028556232446565,0.9077041809015589,-0.6023160219192505
12,text,0.3,13,random,0.20579276788770284,1.1894630747797148,-0.7441236972808838
12,text,0.3,13,random,0.02089406127685023,0.3206990758851247,-0.14789897203445435
12,text,0.3,13,random,0.37182614382865165,2.138896152871332,-1.0932705402374268
12,text,0.3,13,random,0.0413096910419809,0.3278962254014597,-0.2383861541748047
12,text,0.3,13,random,-0.019267467391835047,-0.14365924418833353,0.227128267288208
12,text,0.3,13,random,0.14013253602015419,1.0588410865887985,-0.6311247944831848
12,text,0.3,13,random,0.0008309927837685249,0.04711523559010544,0.0354154109954834
12,text,0.3,13,random,0.011089874708531844,0.20430572506123124,-0.05361837148666382
12,text,0.3,13,random,0.05381263239183509,0.5446980536892241,-0.31928956508636475
12,text,0.3,13,random,0.09602660669304997,0.7778089486059974,-0.48163145780563354
12,text,0.3,13,random,0.014322484916163503,0.19035830521783081,-0.06814748048782349
12,text,0.3,13,random,0.04713662197932267,0.44953915607982253,-0.28860992193222046
12,text,0.3,13,random,0.007776801463071803,0.13991309161877252,-0.033374130725860596
12,text,0.3,13,random,-0.012196122185029412,-0.08262883810314348,0.15861964225769043
12,text,0.3,13,random,0.007474524373918379,0.1665899117400662,-0.04687231779098511
12,text,0.3,13,random,-0.016579140850482177,-0.05191025046939535,0.20823144912719727
12,text,0.3,13,retain_top,0.004543589415257565,0.19609823869819065,0.05148148536682129
12,audio,0.1,5,top,-0.003078586388483129,-0.033240930485831655,0.016782522201538086
12,audio,0.1,5,bottom,-0.010527801860436892,-0.10190445173142804,0.08832883834838867
12,audio,0.1,5,random,-0.00616672335759294,-0.06370156855517406,0.04205918312072754
12,audio,0.1,5,random,-0.006501398573398487,-0.06647608118027604,0.048805952072143555
12,audio,0.1,5,random,-0.0058309196095226445,-0.06043918319948771,0.04235374927520752
12,audio,0.1,5,random,-0.006843344313565591,-0.06920413983554852,0.04973900318145752
12,audio,0.1,5,random,-0.0066431962328528105,-0.06758763657754363,0.053415656089782715
12,audio,0.1,5,random,-0.004748894975269979,-0.052526016401950315,0.03166079521179199
12,audio,0.1,5,random,-0.005958588748209315,-0.059954961667582296,0.04358839988708496
12,audio,0.1,5,random,-0.006440555330930686,-0.06499103233469938,0.050806641578674316
12,audio,0.1,5,random,-0.0042751422633422465,-0.043961785898096295,0.029479503631591797
12,audio,0.1,5,random,-0.0071727061039282836,-0.0728863408901308,0.054477691650390625
12,audio,0.1,5,random,-0.004804737390950331,-0.05202063974415916,0.03099370002746582
12,audio,0.1,5,random,-0.007499714605368024,-0.0740154471971719,0.058002471923828125
12,audio,0.1,5,random,-0.006857068362650209,-0.06866775240013823,0.053435325622558594
12,audio,0.1,5,random,-0.0059982469450522435,-0.0609586958645969,0.04317808151245117
12,audio,0.1,5,random,-0.005440904414993564,-0.056978043996549044,0.04007887840270996
12,audio,0.1,5,random,-0.009255119918334165,-0.08858879761073446,0.07604122161865234
12,audio,0.1,5,random,-0.007417178854531525,-0.07402054367859146,0.06154060363769531
12,audio,0.1,5,random,-0.006264695042601964,-0.06341536862478359,0.04469585418701172
12,audio,0.1,5,random,-0.006675167874802379,-0.06574592386679612,0.049543023109436035
12,audio,0.1,5,random,-0.004850667940308417,-0.05017717799528043,0.03297734260559082
12,audio,0.1,5,retain_top,-0.026333430194419694,-0.307300476903444,0.304246187210083
12,audio,0.2,9,top,-0.006410701214394687,-0.06921506107745534,0.038638949394226074
12,audio,0.2,9,bottom,-0.01582835854125164,-0.1618207315929876,0.13524377346038818
12,audio,0.2,9,random,-0.011119366362121297,-0.11249167544999494,0.08636128902435303
12,audio,0.2,9,random,-0.012064919499150117,-0.12593920235010225,0.09828400611877441
12,audio,0.2,9,random,-0.010741294366061749,-0.11417159859080561,0.08891069889068604
12,audio,0.2,9,random,-0.012343294377583747,-0.1254933943718255,0.10175907611846924
12,audio,0.2,9,random,-0.010061634041723444,-0.10558243068440909,0.07745754718780518
12,audio,0.2,9,random,-0.010930742899810886,-0.1131313762355437,0.08862471580505371
12,audio,0.2,9,random,-0.01102732767470993,-0.11579860993766333,0.09147024154663086
12,audio,0.2,9,random,-0.010890284055406374,-0.11159276117754491,0.08723139762878418
12,audio,0.2,9,random,-0.011758952055003213,-0.12023506699257913,0.08974182605743408
12,audio,0.2,9,random,-0.009410234257444028,-0.09876776942317189,0.06954646110534668
12,audio,0.2,9,random,-0.009852697652160458,-0.10302792736494348,0.0721735954284668
12,audio,0.2,9,random,-0.009886275071997352,-0.10342018284503363,0.08050179481506348
12,audio,0.2,9,random,-0.010797496987346777,-0.10960994834162063,0.08572816848754883
12,audio,0.2,9,random,-0.011611221617302991,-0.12021088296447324,0.09239232540130615
12,audio,0.2,9,random,-0.011295714037897087,-0.1174708561803639,0.08578598499298096
12,audio,0.2,9,random,-0.00977129062151505,-0.10318366394624867,0.07860493659973145
12,audio,0.2,9,random,-0.009140816045884792,-0.09716820337035825,0.07073330879211426
12,audio,0.2,9,random,-0.010536884730411922,-0.11012174865249635,0.08488142490386963
12,audio,0.2,9,random,-0.011435763580503577,-0.11541657521891757,0.08961081504821777
12,audio,0.2,9,random,-0.009327654834991095,-0.09784202042956025,0.07042336463928223
12,audio,0.2,9,retain_top,-0.026768140412023578,-0.3093436471248552,0.29725587368011475
12,audio,0.3,13,top,-0.009573582110185885,-0.1050069489338683,0.06263530254364014
12,audio,0.3,13,bottom,-0.019685145997193287,-0.20654495894860236,0.17776131629943848
12,audio,0.3,13,random,-0.014791887392702208,-0.15874063016206108,0.11971092224121094
12,audio,0.3,13,random,-0.015641251619959995,-0.1685960119870038,0.12797820568084717
12,audio,0.3,13,random,-0.014252138678072068,-0.15624772735449177,0.11647772789001465
12,audio,0.3,13,random,-0.015879322101249205,-0.16662784818658816,0.13536953926086426
12,audio,0.3,13,random,-0.01529133027494689,-0.1636824682631759,0.13228213787078857
12,audio,0.3,13,random,-0.01498983282562727,-0.16181636172053615,0.1251659393310547
12,audio,0.3,13,random,-0.0125590769724222,-0.13443403346251648,0.09970736503601074
12,audio,0.3,13,random,-0.01590630061863829,-0.17062286178310027,0.13322687149047852
12,audio,0.3,13,random,-0.014591889177276385,-0.15787135901345195,0.11861610412597656
12,audio,0.3,13,random,-0.014834356971423768,-0.1609331060413579,0.11973822116851807
12,audio,0.3,13,random,-0.013386292615122364,-0.14123324394692371,0.10998761653900146
12,audio,0.3,13,random,-0.014749381458143862,-0.15904268433203805,0.11756813526153564
12,audio,0.3,13,random,-0.013818871290559698,-0.14606791807382846,0.11147630214691162
12,audio,0.3,13,random,-0.014785180618410831,-0.1578274732278664,0.12217330932617188
12,audio,0.3,13,random,-0.01631902222708248,-0.1712979892695765,0.13711178302764893
12,audio,0.3,13,random,-0.01457467596831219,-0.15726925461714059,0.11545825004577637
12,audio,0.3,13,random,-0.015045768951829963,-0.15979657377995515,0.1193842887878418
12,audio,0.3,13,random,-0.016178311292206926,-0.16744030048791192,0.13471662998199463
12,audio,0.3,13,random,-0.014475543374132704,-0.14863380318477049,0.11643397808074951
12,audio,0.3,13,random,-0.013520867961983596,-0.14694095771336713,0.11097455024719238
12,audio,0.3,13,retain_top,-0.02659449608424036,-0.3034125704046544,0.2857329845428467
12,vision,0.1,5,top,0.0066618883742770585,0.05927009379480941,-0.0470927357673645
12,vision,0.1,5,bottom,-0.0008901354541537287,-0.017991584697182983,0.015990138053894043
12,vision,0.1,5,random,0.0017151315148000723,0.01174705873947035,-0.008686184883117676
12,vision,0.1,5,random,0.0025014826885171315,0.01786532733591617,-0.01254582405090332
12,vision,0.1,5,random,0.0018168759364042275,0.013274588147312638,-0.0070868730545043945
12,vision,0.1,5,random,0.0004581955302098706,-0.0007942183533624636,-0.0003845691680908203
12,vision,0.1,5,random,0.001609919996458431,0.010129996123711571,-0.006003975868225098
12,vision,0.1,5,random,0.0025272213175348,0.01838857473493416,-0.017393171787261963
12,vision,0.1,5,random,0.0013648225567214345,0.00830931739117613,-0.00672149658203125
12,vision,0.1,5,random,0.00213276350886904,0.015612004329522478,-0.010419845581054688
12,vision,0.1,5,random,0.0027607393893601673,0.020950787018054307,-0.014159083366394043
12,vision,0.1,5,random,0.0019291136740200443,0.014423300554259999,-0.010869264602661133
12,vision,0.1,5,random,0.00025223653883765795,-0.006421952018307309,0.007024526596069336
12,vision,0.1,5,random,0.0005126224332591134,0.00046339462149891375,-0.0005519390106201172
12,vision,0.1,5,random,0.0017007615326221082,0.010020196334741271,-0.006062507629394531
12,vision,0.1,5,random,0.0009274060458037692,0.004572771196954317,-0.005306243896484375
12,vision,0.1,5,random,0.0016180692833756005,0.010707632323524674,-0.010339856147766113
12,vision,0.1,5,random,0.0009392338695994873,0.0046965508302601044,-0.004844069480895996
12,vision,0.1,5,random,0.0030354064028221828,0.02386820380608423,-0.019153952598571777
12,vision,0.1,5,random,0.0025522556433862364,0.017917738054013643,-0.012776970863342285
12,vision,0.1,5,random,0.00278333765785721,0.022189742242952448,-0.020014464855194092
12,vision,0.1,5,random,0.0029823171009941696,0.02364554081889514,-0.01875936985015869
12,vision,0.1,5,retain_top,0.023017014488384557,0.12740392247466348,-0.06016194820404053
12,vision,0.2,9,top,0.011015113908061314,0.094394325535343,-0.07702577114105225
12,vision,0.2,9,bottom,-0.0014328985274447703,-0.02727631893652882,0.02569746971130371
12,vision,0.2,9,random,-3.963163734543862e-05,-0.011679905872018281,0.01020503044128418
12,vision,0.2,9,random,0.001675795105064104,0.002108782203279258,0.0010967254638671875
12,vision,0.2,9,random,0.0024334609311003064,0.01219432490149197,-0.010218322277069092
12,vision,0.2,9,random,0.0020243626027082184,0.00946038832473084,-0.0071942806243896484
12,vision,0.2,9,random,0.004391725909524968,0.03454273947297182,-0.02262824773788452
12,vision,0.2,9,random,0.0026924274035518003,0.015571924603981824,-0.008610725402832031
12,vision,0.2,9,random,0.0047526247822395895,0.03577655919168832,-0.032491207122802734
12,vision,0.2,9,random,0.004108069755996535,0.02834712436860798,-0.021816134452819824
12,vision,0.2,9,random,0.003006296932845154,0.0180963971164676,-0.01359647512435913
12,vision,0.2,9,random,0.0038424763685126484,0.02714609057863404,-0.018471956253051758
12,vision,0.2,9,random,0.001987679913784901,0.0093030415031512,-0.007285118103027344
12,vision,0.2,9,random,0.0017830864113749234,0.004265871070748162,0.001728653907775879
12,vision,0.2,9,random,0.0028459480881808386,0.016008305927487143,-0.00662076473236084
12,vision,0.2,9,random,0.0027641643824461992,0.01620404870170633,-0.011380553245544434
12,vision,0.2,9,random,0.0007440181130625723,-0.0031694124693442127,0.004748702049255371
12,vision,0.2,9,random,0.003880041296180692,0.028779243887641748,-0.02013087272644043
12,vision,0.2,9,random,0.0038402335740920224,0.027990026225761078,-0.022824227809906006
12,vision,0.2,9,random,0.002546871795674699,0.014498086753738093,-0.007393240928649902
12,vision,0.2,9,random,0.0019250196882738546,0.008470472473913748,-0.0046885013580322266
12,vision,0.2,9,random,0.00032077361928783965,-0.008367411735072494,0.008426785469055176
12,vision,0.2,9,retain_top,0.013793317283163908,0.06309055173043898,-0.01921868324279785
12,vision,0.3,13,top,0.015125445386835024,0.12480420472977416,-0.10294348001480103
12,vision,0.3,13,bottom,-0.001331200281229239,-0.031858139632008786,0.03151559829711914
12,vision,0.3,13,random,0.003963133660186191,0.02062723881466466,-0.016449809074401855
12,vision,0.3,13,random,0.003317685309613405,0.01577728832703107,-0.009344696998596191
12,vision,0.3,13,random,0.003700274166899331,0.018042266591875578,-0.0077800750732421875
12,vision,0.3,13,random,0.005313963939563626,0.03582230198548819,-0.03008735179901123
12,vision,0.3,13,random,0.003596231281269402,0.016220106643924037,-0.008131623268127441
12,vision,0.3,13,random,0.005935086726416294,0.040916751833412146,-0.02903568744659424
12,vision,0.3,13,random,0.00583401125585703,0.03959336652872558,-0.031688153743743896
12,vision,0.3,13,random,0.004473021664956778,0.02511730782695709,-0.022285819053649902
12,vision,0.3,13,random,0.004693107722987144,0.030391487471818746,-0.02263176441192627
12,vision,0.3,13,random,0.0046735870985678,0.03049124654378721,-0.0222739577293396
12,vision,0.3,13,random,0.003208486024543711,0.012053650585069686,-0.002658367156982422
12,vision,0.3,13,random,0.0031552259803819815,0.011340735387491918,-0.005425810813903809
12,vision,0.3,13,random,0.0031176626190023704,0.01136899926356616,-0.0011943578720092773
12,vision,0.3,13,random,0.004191285777305986,0.024457777029451844,-0.013404488563537598
12,vision,0.3,13,random,0.004674475041016701,0.02641521030353111,-0.01881861686706543
12,vision,0.3,13,random,0.0022331841682105003,0.005995169734718697,-0.0007725954055786133
12,vision,0.3,13,random,0.003839991858176184,0.019520176048978044,-0.012555539608001709
12,vision,0.3,13,random,0.0035776907217072162,0.017855030297925456,-0.013416707515716553
12,vision,0.3,13,random,0.00646329052909711,0.04610147145365184,-0.03580951690673828
12,vision,0.3,13,random,0.002509423396476862,0.005191433224954967,0.0006575584411621094
12,vision,0.3,13,retain_top,0.0073941282927786345,0.01805106671921486,0.011622309684753418
13,text,0.1,3,top,0.018198548362391542,0.12939502528482483,-0.01829405128955841
13,text,0.1,3,bottom,-0.017832463977803914,-0.09793128329045231,0.011385992169380188
13,text,0.1,3,random,0.0025122930198646642,0.041338130944646445,-0.012501329183578491
13,text,0.1,3,random,0.0001692914798210321,0.02171429267621927,-0.0031437724828720093
13,text,0.1,3,random,0.007464910589946583,0.0761085198576622,-0.008281871676445007
13,text,0.1,3,random,-0.016908462697872828,-0.07266813382395654,0.01538868248462677
13,text,0.1,3,random,-0.013790367186087948,-0.06579788190621016,0.011701121926307678
13,text,0.1,3,random,-0.006877657980112417,-0.027237342148087262,0.006539866328239441
13,text,0.1,3,random,-0.011282761332130131,-0.048150710941095576,0.01074005663394928
13,text,0.1,3,random,-0.00018131912751839785,0.01407130260139755,-0.006213769316673279
13,text,0.1,3,random,-0.016064621864491757,-0.07911748277355524,0.012231051921844482
13,text,0.1,3,random,-0.009151874928180481,-0.03479410314669107,0.004673987627029419
13,text,0.1,3,random,-0.009044435081049906,-0.017005866690406823,0.010134384036064148
13,text,0.1,3,random,-0.00339685416955271,0.0006095504194272294,0.005020454525947571
13,text,0.1,3,random,-0.009422648975295322,-0.037262192790813886,0.01058553159236908
13,text,0.1,3,random,-0.006913773734427253,-0.03236012257260723,0.007903963327407837
13,text,0.1,3,random,0.0062251356844575945,0.055189468256244156,-0.0049615949392318726
13,text,0.1,3,random,-0.002715811293738102,0.016590306128077326,-0.000578567385673523
13,text,0.1,3,random,-0.014626347162934539,-0.06832176300512471,0.011467114090919495
13,text,0.1,3,random,-0.003535422730234661,-0.004006053297375023,-0.0033891648054122925
13,text,0.1,3,random,-0.008335108013856063,-0.02686129426762296,0.006124168634414673
13,text,0.1,3,random,0.021795238623887547,0.15610055186064375,-0.02102254331111908
13,text,0.1,3,retain_top,0.029145300564419552,0.057087489106144695,0.0015305131673812866
13,text,0.2,6,top,0.03175213985284453,0.2069773630664381,-0.028674468398094177
13,text,0.2,6,bottom,-0.027618178183205,-0.18615487558127464,0.025279447436332703
13,text,0.2,6,random,0.01445901570046182,0.10144733622224222,-0.01572953164577484
13,text,0.2,6,random,0.008405982409494639,0.0671916425643565,-0.006814703345298767
13,text,0.2,6,random,0.00044874759333313197,0.02869681209629016,-0.01294715702533722
13,text,0.2,6,random,-0.005775940727909545,-0.011364587302731044,0.0008502453565597534
13,text,0.2,6,random,-0.008160952884100792,-0.02895086775893929,0.0019395053386688232
13,text,0.2,6,random,-0.005893286005140941,-0.01603246224609467,0.000817909836769104
13,text,0.2,6,random,-0.021711567437409207,-0.10517169085064337,0.020431682467460632
13,text,0.2,6,random,0.0002679825493734356,0.0051895676016096015,-0.0069452375173568726
13,text,0.2,6,random,0.008936723634147103,0.06723221920752365,-0.009060949087142944
13,text,0.2,6,random,-0.0058951339418163995,-0.004100957920675885,0.0029145926237106323
13,text,0.2,6,random,-0.010142070974407336,-0.03537846551959234,0.00922761857509613
13,text,0.2,6,random,-0.011685051992845308,-0.05326561259441498,0.0068183839321136475
13,text,0.2,6,random,-0.017137212067422802,-0.07404580412608042,0.017485573887825012
13,text,0.2,6,random,-0.018532831752066214,-0.1095780749972668,0.01746806502342224
13,text,0.2,6,random,-0.00722463172192056,-0.032829301233522235,0.008136674761772156
13,text,0.2,6,random,-0.01495339241045024,-0.06049134412033874,0.006870567798614502
13,text,0.2,6,random,-0.018701452941953356,-0.08700017438114982,0.013165578246116638
13,text,0.2,6,random,-0.02162368256911562,-0.11774683375252104,0.02000163495540619
13,text,0.2,6,random,-0.012878309945050015,-0.04242813357059494,0.010145500302314758
13,text,0.2,6,random,0.040312742916235544,0.2560798138570005,-0.04732947051525116
13,text,0.2,6,retain_top,0.0036890224408306915,-0.049380267416691326,0.011673972010612488
13,text,0.3,9,top,0.023778120017976634,0.15978366782303577,-0.030039772391319275
13,text,0.3,9,bottom,-0.029150280256270533,-0.2066025078954179,0.034356534481048584
13,text,0.3,9,random,-0.018013102308502504,-0.08053808570022503,0.011671245098114014
13,text,0.3,9,random,-0.01619937672477567,-0.0919683936292921,0.007184118032455444
13,text,0.3,9,random,-0.01904285788042903,-0.09277088864448446,0.013596192002296448
13,text,0.3,9,random,-0.012275520871841472,-0.07362135455397611,0.011316537857055664
13,text,0.3,9,random,-0.007967313419018907,-0.031471462502812075,0.0014427751302719116
13,text,0.3,9,random,-0.016988443149987043,-0.06993266178666802,0.003562062978744507
13,text,0.3,9,random,-0.018885337302223748,-0.1043971418917996,0.018059000372886658
13,text,0.3,9,random,-0.011365678010855085,-0.03580695557035207,-0.006712287664413452
13,text,0.3,9,random,0.06609680640536442,0.38896255174944394,-0.07461751997470856
13,text,0.3,9,random,-0.008156434169238835,-0.042214470723232145,0.0037713050842285156
13,text,0.3,9,random,-0.023644773564721944,-0.12319006921525588,0.018531084060668945
13,text,0.3,9,random,-0.013395410766441795,-0.06651721045240744,0.010571107268333435
13,text,0.3,9,random,-0.013745308303461878,-0.0590742762581099,0.007794991135597229
13,text,0.3,9,random,0.01452119258550455,0.10510193841320192,-0.018730580806732178
13,text,0.3,9,random,-0.011299183221393672,-0.03923574349812742,-0.0018942654132843018
13,text,0.3,9,random,-0.012287533309869092,-0.044395166036302,0.011140093207359314
13,text,0.3,9,random,0.0032320311151878833,0.04926777989820441,-0.00977104902267456
13,text,0.3,9,random,-0.018415661567604102,-0.09724759540953798,0.014629334211349487
13,text,0.3,9,random,-0.020462232390327184,-0.09514201182209359,0.009000137448310852
13,text,0.3,9,random,-0.016352242515138227,-0.08254023519266318,0.00925678014755249
13,text,0.3,9,retain_top,-0.009584283680190264,-0.10615352289893731,0.025258079171180725
13,audio,0.1,3,top,0.008227521776489222,0.047783561786657436,-0.012206405401229858
13,audio,0.1,3,bottom,-0.0033714974228694627,-0.016041297002281074,0.0002603381872177124
13,audio,0.1,3,random,0.0005706539411322042,0.0066172021060880715,-0.003968849778175354
13,audio,0.1,3,random,0.0030911875178417647,0.02143886453004562,-0.005016908049583435
13,audio,0.1,3,random,0.0007707050435648011,0.0072523305475603594,-0.0038944631814956665
13,audio,0.1,3,random,0.002563146645547798,0.018400489354628013,-0.005693942308425903
13,audio,0.1,3,random,0.0010171254564569354,0.006930086646035005,-0.005045399069786072
13,audio,0.1,3,random,-0.0012641535983823893,-0.0047389734189623445,-0.002029791474342346
13,audio,0.1,3,random,0.0007673740288628439,0.00523806699707885,-0.003989920020103455
13,audio,0.1,3,random,-0.0004495452273584055,-0.0012634999876512953,-0.0034320056438446045
13,audio,0.1,3,random,0.0006475530933629514,0.007875629664661044,-0.004552558064460754
13,audio,0.1,3,random,0.005348739672148772,0.03296935249737154,-0.00870831310749054
13,audio,0.1,3,random,-0.0009346301218315922,-0.00245475043463117,-0.0035830438137054443
13,audio,0.1,3,random,7.323124159464012e-05,0.0031074970006512714,-0.003811284899711609
13,audio,0.1,3,random,0.002452660877520718,0.017202163235976453,-0.005510076880455017
13,audio,0.1,3,random,0.0038305078510124657,0.02590275954826271,-0.007835999131202698
13,audio,0.1,3,random,-0.0010172903848950643,-0.0010315307626774795,-0.0011719614267349243
13,audio,0.1,3,random,0.0026284557890396965,0.0180408912051222,-0.005531594157218933
13,audio,0.1,3,random,-0.0008360470078129234,-0.0008889189247750506,-0.0032750964164733887
13,audio,0.1,3,random,0.002388550545005974,0.01585200528102837,-0.0063438862562179565
13,audio,0.1,3,random,-0.0001223480799419363,0.002855700615918444,-0.003006651997566223
13,audio,0.1,3,random,0.003664964226937295,0.023318758436652876,-0.007306993007659912
13,audio,0.1,3,retain_top,0.038384323212817706,0.23394382169899086,-0.058998242020606995
13,audio,0.2,6,top,0.013358909149929876,0.07750636578865344,-0.019826069474220276
13,audio,0.2,6,bottom,-0.005225442137384073,-0.0252717333444743,-0.0014796704053878784
13,audio,0.2,6,random,0.009665370236166315,0.058717289517638216,-0.016950562596321106
13,audio,0.2,6,random,0.0008108332057827905,0.01064257032127014,-0.007669165730476379
13,audio,0.2,6,random,0.004181775869944837,0.033103731544143256,-0.010021135210990906
13,audio,0.2,6,random,0.003877329414975539,0.027239473258241387,-0.009790226817131042
13,audio,0.2,6,random,0.005103480242749425,0.03114457986767527,-0.011556997895240784
13,audio,0.2,6,random,0.004590774265639808,0.030861398222488345,-0.013221219182014465
13,audio,0.2,6,random,0.005500124441012333,0.03443412639077181,-0.01217682659626007
13,audio,0.2,6,random,0.0022581570466460033,0.019952660318495186,-0.00899776816368103
13,audio,0.2,6,random,0.0044061020619149405,0.02882140687895729,-0.009446606040000916
13,audio,0.2,6,random,0.0043407945683821,0.03406108591730206,-0.00971822440624237
13,audio,0.2,6,random,0.0038289855748688817,0.02449237622021916,-0.010142460465431213
13,audio,0.2,6,random,0.002055995844048919,0.017038438655895383,-0.008774027228355408
13,audio,0.2,6,random,0.0005707139419379725,0.010374294516571125,-0.005972549319267273
13,audio,0.2,6,random,0.0035815911071201967,0.029839874393767785,-0.007138267159461975
13,audio,0.2,6,random,0.002342554527472007,0.020940111293295205,-0.008874118328094482
13,audio,0.2,6,random,0.0048451309530099795,0.033646308814013315,-0.012748345732688904
13,audio,0.2,6,random,0.001072514684370529,0.011056091697574488,-0.006639569997787476
13,audio,0.2,6,random,0.0010255024877307006,0.014140537174942014,-0.006778880953788757
13,audio,0.2,6,random,0.005595095053560928,0.03737139348171703,-0.010905459523200989
13,audio,0.2,6,random,0.0058267704605140525,0.04150211848309948,-0.008448585867881775
13,audio,0.2,6,retain_top,0.019534749404229612,0.13307993483909886,-0.039005085825920105
13,audio,0.3,9,top,0.017473177377616222,0.10551440427845304,-0.025261297821998596
13,audio,0.3,9,bottom,-0.006474866290068881,-0.030696041269553276,-0.003986045718193054
13,audio,0.3,9,random,0.005966997614552438,0.04517954281047665,-0.013313531875610352
13,audio,0.3,9,random,0.010312940818757332,0.06686226146795915,-0.02078254520893097
13,audio,0.3,9,random,0.006907562038067083,0.04955876931937475,-0.013228684663772583
13,audio,0.3,9,random,0.004930384446772407,0.034829844964517354,-0.013944342732429504
13,audio,0.3,9,random,0.008872712081517076,0.061390815189798165,-0.013924732804298401
13,audio,0.3,9,random,0.007171308941531174,0.04536075223885161,-0.017477691173553467
13,audio,0.3,9,random,0.0013492590129632331,0.015969768579008226,-0.008568480610847473
13,audio,0.3,9,random,0.007901534170919655,0.050852575807398104,-0.014253586530685425
13,audio,0.3,9,random,0.007667934256968212,0.052088166766638966,-0.01735346019268036
13,audio,0.3,9,random,0.00800228726879526,0.050530753723870725,-0.01775527000427246
13,audio,0.3,9,random,0.004508955991563979,0.03396909603445952,-0.014626845717430115
13,audio,0.3,9,random,0.002535554350940883,0.02302415224476828,-0.013204172253608704
13,audio,0.3,9,random,0.0032592459779947625,0.030344156921899845,-0.01070500910282135
13,audio,0.3,9,random,0.008955006786443453,0.059786434698545166,-0.016467273235321045
13,audio,0.3,9,random,0.002653990440684928,0.023305680142002405,-0.008807137608528137
13,audio,0.3,9,random,0.007838784547711586,0.05659869446461285,-0.015051618218421936
13,audio,0.3,9,random,0.009270445783372772,0.06070615724144934,-0.019017323851585388
13,audio,0.3,9,random,1.2495151667457627e-05,0.009363488547504795,-0.009576588869094849
13,audio,0.3,9,random,0.0042123283424465585,0.032705230171550914,-0.010936930775642395
13,audio,0.3,9,random,0.002528007798104137,0.024527815615724147,-0.01342417299747467
13,audio,0.3,9,retain_top,0.008130673740026517,0.06590128767231018,-0.028646662831306458
14,text,0.1,4,top,0.0015108965780034067,0.0033243600864898415,-0.000616908073425293
14,text,0.1,4,bottom,-0.08993647216930334,-0.39781613445513586,-0.1433316469192505
14,text,0.1,4,random,-0.018078261120157868,-0.07297244072977416,-0.022282838821411133
14,text,0.1,4,random,-0.052164992723855,-0.22327556847405106,-0.0765761137008667
14,text,0.1,4,random,-0.021234604193548945,-0.08392603713147495,-0.03076338768005371
14,text,0.1,4,random,-0.01841019239476671,-0.07758933176466298,-0.025783956050872803
14,text,0.1,4,random,-0.0368628799060281,-0.14682602180436322,-0.04548466205596924
14,text,0.1,4,random,-0.04360644210442233,-0.19020632658496828,-0.06106799840927124
14,text,0.1,4,random,-0.06709816874541619,-0.29497936506419165,-0.10334837436676025
14,text,0.1,4,random,-0.03225111048251639,-0.1418332036538108,-0.04505282640457153
14,text,0.1,4,random,-0.028892291007010407,-0.1214063357991465,-0.03471112251281738
14,text,0.1,4,random,-0.04439630919288562,-0.18207184529117948,-0.053202033042907715
14,text,0.1,4,random,-0.03144163016499124,-0.13120272886109707,-0.04747474193572998
14,text,0.1,4,random,-0.07116989644951721,-0.3087926291250741,-0.10853594541549683
14,text,0.1,4,random,-0.04696172801664156,-0.18845904341991282,-0.056513965129852295
14,text,0.1,4,random,-0.033815505635320986,-0.1456783209131104,-0.0437319278717041
14,text,0.1,4,random,-0.05178168169113928,-0.21353453555502366,-0.06590437889099121
14,text,0.1,4,random,-0.05719626766918329,-0.24082756300114805,-0.08349990844726562
14,text,0.1,4,random,-0.03516359760855259,-0.1447546479039542,-0.04139775037765503
14,text,0.1,4,random,-0.029572001880805,-0.12620039520467852,-0.04313993453979492
14,text,0.1,4,random,-0.02497823916177333,-0.09614731603001825,-0.028052330017089844
14,text,0.1,4,random,-0.04081534698432421,-0.1574934161124789,-0.052482008934020996
14,text,0.1,4,retain_top,-0.19793021023986956,-1.0714232679075966,-0.4864368438720703
14,text,0.2,7,top,-0.00664728854891139,-0.027709348740048267,-0.015712380409240723
14,text,0.2,7,bottom,-0.13577480739589087,-0.6103461063657729,-0.22805935144424438
14,text,0.2,7,random,-0.06037077558596182,-0.2472960092652544,-0.08389902114868164
14,text,0.2,7,random,-0.04647789133104152,-0.19039610711012844,-0.06804239749908447
14,text,0.2,7,random,-0.06758131249899435,-0.2798770357885424,-0.0924149751663208
14,text,0.2,7,random,-0.06370034421652937,-0.26842580074284805,-0.08878451585769653
14,text,0.2,7,random,-0.07116075048376602,-0.3006416183189897,-0.10114246606826782
14,text,0.2,7,random,-0.048873162940268666,-0.20448210463745042,-0.06920695304870605
14,text,0.2,7,random,-0.05032692207025846,-0.20010231363028164,-0.06499302387237549
14,text,0.2,7,random,-0.08152546440254282,-0.3424566966689109,-0.11986720561981201
14,text,0.2,7,random,-0.028726113851342272,-0.12121967665475852,-0.036467134952545166
14,text,0.2,7,random,-0.06422177195528767,-0.26895468666932176,-0.09276354312896729
14,text,0.2,7,random,-0.07629425569795534,-0.3262580138728668,-0.11675745248794556
14,text,0.2,7,random,-0.04628876354518141,-0.19387731425879373,-0.06437897682189941
14,text,0.2,7,random,-0.08297867720365981,-0.3524408960354949,-0.11423200368881226
14,text,0.2,7,random,-0.05806709543727051,-0.2592728860823711,-0.09142661094665527
14,text,0.2,7,random,-0.07504423164890395,-0.33245192649360267,-0.11994540691375732
14,text,0.2,7,random,-0.0469365133510391,-0.20250828809109467,-0.06937867403030396
14,text,0.2,7,random,-0.0589565602521972,-0.24920933083593722,-0.08325320482254028
14,text,0.2,7,random,-0.05855109118411628,-0.24279438932249997,-0.07867133617401123
14,text,0.2,7,random,-0.044179391875115104,-0.19331878267655733,-0.0674399733543396
14,text,0.2,7,random,-0.05876713067180317,-0.24555304346371332,-0.08019018173217773
14,text,0.2,7,retain_top,-0.1909901336943648,-1.00108053304938,-0.44793903827667236
14,text,0.3,10,top,-0.028146001424782074,-0.11319523859770231,-0.040026068687438965
14,text,0.3,10,bottom,-0.15069350965181472,-0.6903670148577674,-0.2697889804840088
14,text,0.3,10,random,-0.0550372892404829,-0.21761342836261566,-0.07603776454925537
14,text,0.3,10,random,-0.10705246151614489,-0.4751776638204458,-0.17828810214996338
14,text,0.3,10,random,-0.10412445260464165,-0.4646430397856651,-0.16978228092193604
14,text,0.3,10,random,-0.08485480196666162,-0.37019152741232864,-0.13256371021270752
14,text,0.3,10,random,-0.09908912694055383,-0.42765910381412486,-0.15541982650756836
14,text,0.3,10,random,-0.07432942428799538,-0.32834488297457487,-0.11508834362030029
14,text,0.3,10,random,-0.091081954774061,-0.40695886628652866,-0.15200656652450562
14,text,0.3,10,random,-0.0773330357475589,-0.3538286352895812,-0.1340235471725464
14,text,0.3,10,random,-0.1333168940820264,-0.6016476681667176,-0.23311936855316162
14,text,0.3,10,random,-0.0767416815988512,-0.3289853422560144,-0.11277538537979126
14,text,0.3,10,random,-0.08676185422709415,-0.37696743604869876,-0.13776743412017822
14,text,0.3,10,random,-0.062116994571330464,-0.267242113524792,-0.09580779075622559
14,text,0.3,10,random,-0.07652352012152885,-0.3253531341979077,-0.11480998992919922
14,text,0.3,10,random,-0.11716857426137917,-0.5219476697497876,-0.189705491065979
14,text,0.3,10,random,-0.06674853634367783,-0.2932203348047343,-0.10309469699859619
14,text,0.3,10,random,-0.08772257138894335,-0.3860499684502571,-0.14598619937896729
14,text,0.3,10,random,-0.09358089516727852,-0.40355500256460797,-0.14004290103912354
14,text,0.3,10,random,-0.10876882895826168,-0.4767636124222552,-0.1721963882446289
14,text,0.3,10,random,-0.07456763930460375,-0.32161579740229507,-0.11558961868286133
14,text,0.3,10,random,-0.11617935166149918,-0.5070735566443563,-0.19261085987091064
14,text,0.3,10,retain_top,-0.18451989512603972,-0.9406343813174745,-0.40650081634521484
14,audio,0.1,4,top,0.016153600614714936,0.07316873269062507,0.022999167442321777
14,audio,0.1,4,bottom,-0.020624416699791648,-0.08474185331939088,-0.026889443397521973
14,audio,0.1,4,random,-0.006419666392563861,-0.025121921749835185,-0.008320331573486328
14,audio,0.1,4,random,-0.004983337838567969,-0.019326518731494713,-0.006987929344177246
14,audio,0.1,4,random,-0.0133369382419265,-0.05391843725275458,-0.017139554023742676
14,audio,0.1,4,random,-0.006225837755891583,-0.025174125996616836,-0.009044170379638672
14,audio,0.1,4,random,-0.007382840805590152,-0.028606119538263197,-0.007652878761291504
14,audio,0.1,4,random,-0.011846306742443247,-0.04714046992669629,-0.016545593738555908
14,audio,0.1,4,random,-0.004926189761636612,-0.0185002104765013,-0.0072422027587890625
14,audio,0.1,4,random,-0.010217688481525378,-0.039496253554248906,-0.011836051940917969
14,audio,0.1,4,random,-0.010192359374395443,-0.03960695165798145,-0.011252999305725098
14,audio,0.1,4,random,-0.013112574213546724,-0.053071081378742946,-0.018166065216064453
14,audio,0.1,4,random,-0.009180371606076876,-0.03533852169044893,-0.010298490524291992
14,audio,0.1,4,random,0.006629583154360019,0.03280416132035546,0.00928032398223877
14,audio,0.1,4,random,0.0010785653524010286,0.008676002980104625,0.003564596176147461
14,audio,0.1,4,random,-0.013929745639998603,-0.05671446977298078,-0.019872009754180908
14,audio,0.1,4,random,0.0070154394866087655,0.032493834422885004,0.009706974029541016
14,audio,0.1,4,random,-0.010543959842350903,-0.04269156176918121,-0.014097094535827637
14,audio,0.1,4,random,-0.009199499509022102,-0.036709437929326905,-0.012003183364868164
14,audio,0.1,4,random,-0.00757513127254239,-0.028539273714660918,-0.009893238544464111
14,audio,0.1,4,random,-0.004540357261970218,-0.017364454670050433,-0.004649162292480469
14,audio,0.1,4,random,-0.005906753694505107,-0.02250264758407272,-0.007206976413726807
14,audio,0.1,4,retain_top,-0.0701706980340655,-0.29795963718906926,-0.0797269344329834
14,audio,0.2,7,top,0.025542453443891056,0.11576859165163489,0.037490129470825195
14,audio,0.2,7,bottom,-0.03275757482203334,-0.13447728047786744,-0.04316055774688721
14,audio,0.2,7,random,-0.003757918173391217,-0.010740946286411202,-0.002649664878845215
14,audio,0.2,7,random,-0.005563000426827669,-0.019114092285364315,-0.004752933979034424
14,audio,0.2,7,random,-0.00100010133718198,-7.813908134313152e-05,-0.0005712509155273438
14,audio,0.2,7,random,-0.01935053023775224,-0.07629182745487972,-0.023374736309051514
14,audio,0.2,7,random,-0.006992467718238138,-0.02452300621755732,-0.005990028381347656
14,audio,0.2,7,random,-0.009947607095189381,-0.03558738560328811,-0.01073765754699707
14,audio,0.2,7,random,-0.005819550134345874,-0.017447578907046735,-0.004694938659667969
14,audio,0.2,7,random,-0.007549379429870107,-0.026037052001952277,-0.007387340068817139
14,audio,0.2,7,random,-0.015673385343485724,-0.06155700533925279,-0.01964104175567627
14,audio,0.2,7,random,-0.00047848455516763533,0.002575787226068882,-0.0005075931549072266
14,audio,0.2,7,random,-0.012232526507475083,-0.0456651062001856,-0.012338876724243164
14,audio,0.2,7,random,-0.01335132704545039,-0.05476712077598955,-0.017599105834960938
14,audio,0.2,7,random,0.010478851448299187,0.05058307145929852,0.014416694641113281
14,audio,0.2,7,random,-0.012145092841444827,-0.04508961760192043,-0.01390230655670166
14,audio,0.2,7,random,-0.012698949841635443,-0.0471537705186007,-0.01476675271987915
14,audio,0.2,7,random,-0.011962552574721896,-0.04375384439717345,-0.012370705604553223
14,audio,0.2,7,random,-0.010070975763165957,-0.037391791339526526,-0.012268543243408203
14,audio,0.2,7,random,-0.002680198039743509,-0.005771712045485433,-0.0019774436950683594
14,audio,0.2,7,random,-0.01107673138146692,-0.04209617443952085,-0.01511925458908081
14,audio,0.2,7,random,0.011030893397441122,0.05056180472426608,0.01461327075958252
14,audio,0.2,7,retain_top,-0.07276862264879447,-0.30983021543757283,-0.0902700424194336
14,audio,0.3,11,top,0.035972198247227416,0.16152839853251788,0.05122828483581543
14,audio,0.3,11,bottom,-0.04910048464844585,-0.20349714379236072,-0.06781661510467529
14,audio,0.3,11,random,-0.00952809500884566,-0.02905446231761577,-0.00943756103515625
14,audio,0.3,11,random,-0.010021695207472647,-0.03213706206066702,-0.010077178478240967
14,audio,0.3,11,random,-0.009086437057894692,-0.03220701595866715,-0.009604990482330322
14,audio,0.3,11,random,-0.015346352940431296,-0.05857367024718407,-0.015091478824615479
14,audio,0.3,11,random,-0.026136011263808157,-0.10685888011172429,-0.032815396785736084
14,audio,0.3,11,random,-0.003204215125808707,-0.006578301048367097,-0.002317488193511963
14,audio,0.3,11,random,-0.026708513503469478,-0.1066954766653968,-0.03381282091140747
14,audio,0.3,11,random,-0.011127598631276547,-0.03547444985861237,-0.009876728057861328
14,audio,0.3,11,random,-0.00781854649411673,-0.024013667893180157,-0.008584856986999512
14,audio,0.3,11,random,-0.011019521321132486,-0.039418611979169405,-0.008687376976013184
14,audio,0.3,11,random,0.007816282074175951,0.04118358148408363,0.01371079683303833
14,audio,0.3,11,random,-0.013264788445876419,-0.04885931374029928,-0.013385295867919922
14,audio,0.3,11,random,-0.0017311373844957068,0.0008007726115927261,0.004865884780883789
14,audio,0.3,11,random,-0.022153107265022953,-0.0878671683425617,-0.0264589786529541
14,audio,0.3,11,random,-0.01674246858023465,-0.06515345391774019,-0.020256996154785156
14,audio,0.3,11,random,-0.007674317574460021,-0.02559675872978262,-0.00850677490234375
14,audio,0.3,11,random,-0.02490767410641237,-0.10068525987626409,-0.03156626224517822
14,audio,0.3,11,random,-0.027122051530772295,-0.10904382857286188,-0.03325915336608887
14,audio,0.3,11,random,-0.011699361891415516,-0.04200876584683211,-0.010406851768493652
14,audio,0.3,11,random,-0.012586312504649588,-0.04534796634393379,-0.013494372367858887
14,audio,0.3,11,retain_top,-0.07655210313240712,-0.3252155468775273,-0.10013008117675781
14,vision,0.1,4,top,0.03250606541796519,0.14155877011115547,0.04229128360748291
14,vision,0.1,4,bottom,0.0031117601175594256,0.018954066039348794,0.006651639938354492
14,vision,0.1,4,random,0.026580980967044088,0.11706843688461621,0.036098599433898926
14,vision,0.1,4,random,0.017237379451589208,0.07629304834198491,0.02447652816772461
14,vision,0.1,4,random,0.012498133959956137,0.05746337719821504,0.01844620704650879
14,vision,0.1,4,random,0.01281042903560936,0.05847669639960662,0.01895153522491455
14,vision,0.1,4,random,0.013031570097703726,0.059151201642608786,0.018808722496032715
14,vision,0.1,4,random,0.019112204155753987,0.0847284077627799,0.027204573154449463
14,vision,0.1,4,random,0.020078056627559238,0.08770669149531218,0.02691662311553955
14,vision,0.1,4,random,0.017577415009776276,0.07808953648442873,0.025447189807891846
14,vision,0.1,4,random,0.012293023944357384,0.05609974643762805,0.016989171504974365
14,vision,0.1,4,random,0.022685210588284654,0.09902201473462935,0.030719637870788574
14,vision,0.1,4,random,0.01715497633869356,0.07450719563843655,0.024035513401031494
14,vision,0.1,4,random,0.02432036935045656,0.10675654035822113,0.03237050771713257
14,vision,0.1,4,random,0.01666965841817769,0.07453392959276417,0.023252248764038086
14,vision,0.1,4,random,0.0212056305940983,0.09353357033365317,0.028998374938964844
14,vision,0.1,4,random,0.022826436602660927,0.10009453167197424,0.031824588775634766
14,vision,0.1,4,random,0.019600373043937913,0.08735395241200283,0.027035772800445557
14,vision,0.1,4,random,0.016186792290251772,0.07133482225809673,0.02236652374267578
14,vision,0.1,4,random,0.01009425265670727,0.046625838255841545,0.01604074239730835
14,vision,0.1,4,random,0.020962217891284718,0.09205364258540827,0.02841770648956299
14,vision,0.1,4,random,0.0186072379020904,0.08227264432577897,0.02616363763809204
14,vision,0.1,4,retain_top,0.161511487400556,0.6971261775084944,0.2154068946838379
14,vision,0.2,7,top,0.055542756412426786,0.24054037180922516,0.07088592648506165
14,vision,0.2,7,bottom,0.009527321175831105,0.04953120653175569,0.01874721050262451
14,vision,0.2,7,random,0.023478902093950982,0.10615550763543558,0.03365224599838257
14,vision,0.2,7,random,0.04268182568121759,0.18514806609689638,0.05648648738861084
14,vision,0.2,7,random,0.04416620633107804,0.19263790332900765,0.0591655969619751
14,vision,0.2,7,random,0.026927185022893485,0.12031469287200514,0.038627028465270996
14,vision,0.2,7,random,0.04358236155830819,0.18948638015662345,0.057785987854003906
14,vision,0.2,7,random,0.027504937227967097,0.12160354443111432,0.039325177669525146
14,vision,0.2,7,random,0.03921890312312448,0.17033805943703673,0.05201238393783569
14,vision,0.2,7,random,0.03488842412625037,0.15250570321793,0.0476229190826416
14,vision,0.2,7,random,0.03687482587509283,0.16075270516625806,0.049558043479919434
14,vision,0.2,7,random,0.03756069064154477,0.1644783208207543,0.05139470100402832
14,vision,0.2,7,random,0.029061567310469272,0.12901769685864029,0.03954613208770752
14,vision,0.2,7,random,0.026748452605420026,0.11986973370582343,0.03716886043548584
14,vision,0.2,7,random,0.0397693632129299,0.17356723056312517,0.05409640073776245
14,vision,0.2,7,random,0.03371806932100674,0.14762795097999382,0.046056270599365234
14,vision,0.2,7,random,0.0370247506358341,0.1603408974940569,0.04928535223007202
14,vision,0.2,7,random,0.03044936604112758,0.13365621845823117,0.04158425331115723
14,vision,0.2,7,random,0.028810605339431694,0.129254336062407,0.04110485315322876
14,vision,0.2,7,random,0.03441711603566178,0.1503960363177601,0.048080503940582275
14,vision,0.2,7,random,0.03128721040105775,0.13781106063384507,0.04354828596115112
14,vision,0.2,7,random,0.025362274896141623,0.11302758205643126,0.03776055574417114
14,vision,0.2,7,retain_top,0.13384054743422036,0.577689500491336,0.18443381786346436
14,vision,0.3,11,top,0.08353763010460152,0.36082602357798355,0.10466253757476807
14,vision,0.3,11,bottom,0.02241194191364959,0.10711156977309755,0.038593292236328125
14,vision,0.3,11,random,0.050587042951477645,0.2209536672262319,0.06979537010192871
14,vision,0.3,11,random,0.04526852164923778,0.19995809234225792,0.0636076033115387
14,vision,0.3,11,random,0.057044636483407796,0.2501719873144729,0.07702505588531494
14,vision,0.3,11,random,0.047755870443504655,0.21108355691769665,0.06616365909576416
14,vision,0.3,11,random,0.048327113215082707,0.21361538669414537,0.0667073130607605
14,vision,0.3,11,random,0.05061637863220425,0.2235073935226346,0.07095745205879211
14,vision,0.3,11,random,0.0617557313076077,0.2672117344592879,0.08071461319923401
14,vision,0.3,11,random,0.05583991091494833,0.2431212287434923,0.07603541016578674
14,vision,0.3,11,random,0.055570726617911625,0.24238811987432118,0.07509338855743408
14,vision,0.3,11,random,0.05050913179968858,0.22323652443334285,0.06991657614707947
14,vision,0.3,11,random,0.04521681380348652,0.19925248849308141,0.06355351209640503
14,vision,0.3,11,random,0.05623188908818294,0.24570726409260213,0.07595416903495789
14,vision,0.3,11,random,0.045355052877423474,0.20050683298597693,0.06399673223495483
14,vision,0.3,11,random,0.056567228765276534,0.24675370652553108,0.07611262798309326
14,vision,0.3,11,random,0.0586320707331181,0.2556564373872454,0.07972529530525208
14,vision,0.3,11,random,0.04976936248783165,0.21772880675305295,0.06969469785690308
14,vision,0.3,11,random,0.04156773268360525,0.1861324155448587,0.0603981614112854
14,vision,0.3,11,random,0.05640739311979037,0.24768168455292872,0.0778416097164154
14,vision,0.3,11,random,0.05635746620402177,0.24689681236983596,0.07617872953414917
14,vision,0.3,11,random,0.05129937198784956,0.2227717831000824,0.07121396064758301
14,vision,0.3,11,retain_top,0.10041977847982775,0.43573016159891664,0.14335402846336365
15,text,0.1,2,top,0.08653627425752042,0.49430927476453235,0.26085007190704346
15,text,0.1,2,bottom,-0.047265070084328786,-0.293350929683422,-0.16436922550201416
15,text,0.1,2,random,-0.008429692484059448,-0.058380489764616295,-0.02430868148803711
15,text,0.1,2,random,0.019728965453654768,0.11207458205909293,0.060353994369506836
15,text,0.1,2,random,0.06999055063995718,0.3651750522520709,0.18361270427703857
15,text,0.1,2,random,0.03409404408831862,0.1879073183833242,0.09917020797729492
15,text,0.1,2,random,0.11352018938822084,0.4895415070211129,0.2585827708244324
15,text,0.1,2,random,0.02124575055552358,0.10473580882689904,0.05836665630340576
15,text,0.1,2,random,0.06533155337235086,0.35188438735259964,0.17813634872436523
15,text,0.1,2,random,-0.02950830460274423,-0.19177832791317018,-0.1029435396194458
15,text,0.1,2,random,-0.0014465906292502329,-0.016256662781754416,-0.0009549856185913086
15,text,0.1,2,random,-0.03207769631035573,-0.2025422945506712,-0.11048698425292969
15,text,0.1,2,random,-0.02766861059108283,-0.16965941393522077,-0.07938539981842041
15,text,0.1,2,random,-0.02657264664575565,-0.15956467549595232,-0.08378612995147705
15,text,0.1,2,random,0.06285347505319427,0.2504211388294426,0.13620811700820923
15,text,0.1,2,random,0.10503275632298448,0.4215947683901071,0.24003243446350098
15,text,0.1,2,random,-0.0014669958330666422,0.027952844391389897,0.037491440773010254
15,text,0.1,2,random,-0.01846523246206544,-0.0936662884763837,-0.04102432727813721
15,text,0.1,2,random,0.03288068147687795,0.19821625132020504,0.11041557788848877
15,text,0.1,2,random,-0.009438022328024598,-0.050191041044088225,-0.01885700225830078
15,text,0.1,2,random,-0.009493638935550663,-0.0668574703017002,-0.03163111209869385
15,text,0.1,2,random,-0.023626552825617653,-0.128744825813065,-0.061800599098205566
15,text,0.1,2,retain_top,0.1221678823977227,0.5412641658519177,0.2904462218284607
15,text,0.2,4,top,0.18615852250669407,0.9471763948991805,0.44561904668807983
15,text,0.2,4,bottom,-0.04208890253594211,-0.26138390583457616,-0.1489773988723755
15,text,0.2,4,random,0.2405893520991106,0.9377295133981578,0.4990606904029846
15,text,0.2,4,random,0.09598498924551402,0.46616945797053533,0.24470406770706177
15,text,0.2,4,random,-0.0377041205255737,-0.26312590763781385,-0.13222801685333252
15,text,0.2,4,random,0.14356941201460394,0.7333170551286452,0.34571975469589233
15,text,0.2,4,random,-0.05581359502492966,-0.40679733657318473,-0.22967910766601562
15,text,0.2,4,random,0.021471306685832747,0.08719786256275097,0.05313372611999512
15,text,0.2,4,random,0.012337805860524909,0.03790072814660106,0.02410125732421875
15,text,0.2,4,random,0.263493072337505,0.8912355560239719,0.5325424075126648
15,text,0.2,4,random,-0.020316361086045287,-0.1039016979223013,-0.043309569358825684
15,text,0.2,4,random,0.09627622508078049,0.4934124866450038,0.24830639362335205
15,text,0.2,4,random,0.24746421139580488,1.1974409246543356,0.5190056562423706
15,text,0.2,4,random,0.039631130230753375,0.2510408965525672,0.15173578262329102
15,text,0.2,4,random,0.016325444067099237,0.08360426393286091,0.03365886211395264
15,text,0.2,4,random,0.020153285648911168,0.06831744855752508,0.040738821029663086
15,text,0.2,4,random,0.015795883495944074,0.10217598061133004,0.052633464336395264
15,text,0.2,4,random,0.016586255755354884,0.07208785517314875,0.045113325119018555
15,text,0.2,4,random,-0.028828015751665492,-0.2310622267360929,-0.12199068069458008
15,text,0.2,4,random,-0.022928544511672144,-0.14803716141247691,-0.0688326358795166
15,text,0.2,4,random,0.14919122307687027,0.7682742917399926,0.3637202978134155
15,text,0.2,4,random,-0.0206605937875719,-0.16924401181639825,-0.08514606952667236
15,text,0.2,4,retain_top,0.08175586816441205,0.354193487827714,0.1961955428123474
15,text,0.3,6,top,0.2432680524395312,1.1766356679041445,0.521744430065155
15,text,0.3,6,bottom,-0.04816671126104621,-0.3311639421177959,-0.1935056447982788
15,text,0.3,6,random,0.02297977578839472,0.07017015297335294,0.06884253025054932
15,text,0.3,6,random,-0.0230227862356851,-0.14335494714094588,-0.06479907035827637
15,text,0.3,6,random,0.010374557815720942,0.038914410490853424,0.027326226234436035
15,text,0.3,6,random,0.06456527955943259,0.26318679235567366,0.16051942110061646
15,text,0.3,6,random,0.07149398528931084,0.38130786765492375,0.19656604528427124
15,text,0.3,6,random,0.0914868478320221,0.33761150747482316,0.21195387840270996
15,text,0.3,6,random,0.17481605172618808,0.8890272551436582,0.4167823791503906
15,text,0.3,6,random,0.027236851434431553,0.16173662132268518,0.09562534093856812
15,text,0.3,6,random,-0.0024444017924009076,-0.0349199708221295,-0.011405348777770996
15,text,0.3,6,random,-0.03349499948228185,-0.2907135878620315,-0.1581040620803833
15,text,0.3,6,random,-0.006401150301312941,-0.07700322264612924,-0.038677215576171875
15,text,0.3,6,random,0.03346240503339859,0.1348071561152615,0.08945828676223755
15,text,0.3,6,random,0.07564380317873942,0.38541059588321747,0.2155880331993103
15,text,0.3,6,random,0.07758838478458951,0.43956649609516996,0.23415005207061768
15,text,0.3,6,random,-0.01637266770301926,-0.10153860853279295,-0.04897177219390869
15,text,0.3,6,random,0.13895025266366112,0.47792003339224176,0.3037242293357849
15,text,0.3,6,random,0.002261230061279429,0.010578973626000687,0.02135336399078369
15,text,0.3,6,random,-0.01733058376570873,-0.10362047927904183,-0.05130589008331299
15,text,0.3,6,random,0.06381326810660282,0.3393010576048716,0.17607945203781128
15,text,0.3,6,random,0.0820767126075388,0.35065453523839873,0.1886974573135376
15,text,0.3,6,retain_top,0.0159871783297153,0.035713818807363795,0.030490994453430176
15,audio,0.1,3,top,0.0040422054628478366,0.03918169150985129,0.022704005241394043
15,audio,0.1,3,bottom,-0.01458480788038119,-0.07681317178121794,-0.03210806846618652
15,audio,0.1,3,random,-0.008043601876637219,-0.03868185193373064,-0.016128063201904297
15,audio,0.1,3,random,-0.004546427271534537,-0.014829883250480957,-0.00486600399017334
15,audio,0.1,3,random,-0.0016185504708506881,0.0016965826312860255,0.005467414855957031
15,audio,0.1,3,random,-0.008225427243180317,-0.040886632129532474,-0.01723456382751465
15,audio,0.1,3,random,0.0023093914386339565,0.030315449948842055,0.01835048198699951
15,audio,0.1,3,random,-0.008558037086879189,-0.04377090554213048,-0.01754164695739746
15,audio,0.1,3,random,-0.007157014904162873,-0.029868149281554013,-0.010058879852294922
15,audio,0.1,3,random,-0.008614524973406867,-0.03912189643484765,-0.014958024024963379
15,audio,0.1,3,random,-0.002084375980873854,0.0009062030221718143,0.006596565246582031
15,audio,0.1,3,random,-0.0073505009662752085,-0.03290070191105543,-0.012810230255126953
15,audio,0.1,3,random,0.0024566663443942316,0.03031946070840319,0.01984584331512451
15,audio,0.1,3,random,-0.005144026073025554,-0.019168302795518732,-0.005043387413024902
15,audio,0.1,3,random,-0.010237735253262104,-0.048805540555977744,-0.01933121681213379
15,audio,0.1,3,random,-0.010111467922172657,-0.04905079827167924,-0.019452452659606934
15,audio,0.1,3,random,-0.004913677529069016,-0.014876329050539372,-0.0012177228927612305
15,audio,0.1,3,random,-0.009075567709959542,-0.045786156729262784,-0.01697826385498047
15,audio,0.1,3,random,-0.008523605937009293,-0.04032631098541084,-0.014292359352111816
15,audio,0.1,3,random,-0.004012499175716444,-0.009755381683025144,-0.0002568960189819336
15,audio,0.1,3,random,-0.004278361754276538,-0.010005370931013724,-0.001954793930053711
15,audio,0.1,3,random,-0.0014458215361405902,0.005094513860371297,0.004381775856018066
15,audio,0.1,3,retain_top,-0.02930357338860201,-0.13522407492152944,-0.03684735298156738
15,audio,0.2,5,top,0.005115997768095126,0.05379631949095498,0.0338137149810791
15,audio,0.2,5,bottom,-0.020215890664437075,-0.10517243972138357,-0.04186117649078369
15,audio,0.2,5,random,-0.0018690288309639591,0.007799852253783657,0.01076042652130127
15,audio,0.2,5,random,-0.01091854579531737,-0.04761120719005962,-0.016896843910217285
15,audio,0.2,5,random,-0.0142731834069324,-0.06459179300603357,-0.02305448055267334
15,audio,0.2,5,random,-0.009150250298042284,-0.033487117286898016,-0.008841276168823242
15,audio,0.2,5,random,-0.007321588827553627,-0.020827550085083413,-0.0014673471450805664
15,audio,0.2,5,random,-0.0026193387306260307,0.005907006764089173,0.011491179466247559
15,audio,0.2,5,random,-0.008116648206780597,-0.03453481721055396,-0.012125015258789062
15,audio,0.2,5,random,-0.0064269998452923804,-0.01903439751975311,-0.0008356571197509766
15,audio,0.2,5,random,-0.004260139419248077,-0.006495386450215301,0.0021593570709228516
15,audio,0.2,5,random,-0.009529449039302196,-0.03475187967461291,-0.010152697563171387
15,audio,0.2,5,random,-0.011023388917397514,-0.050153398822017525,-0.017262578010559082
15,audio,0.2,5,random,-0.0071847423206719,-0.024460851032535702,-0.006019234657287598
15,audio,0.2,5,random,-0.007848002981668434,-0.024070242649219198,-0.003045201301574707
15,audio,0.2,5,random,-0.0069197280314416965,-0.0241693169033661,-0.006263613700866699
15,audio,0.2,5,random,-0.005815588477853351,-0.015844547190147162,-0.0035457611083984375
15,audio,0.2,5,random,-0.005462598090259063,-0.014850857571701681,0.0015221834182739258
15,audio,0.2,5,random,-0.009884122687530139,-0.04288072306479607,-0.01549839973449707
15,audio,0.2,5,random,-0.009345800441442953,-0.03783930299632354,-0.010993480682373047
15,audio,0.2,5,random,-0.013866437434128076,-0.06405288440236157,-0.02303898334503174
15,audio,0.2,5,random,-0.004961449522423722,-0.011540208275803598,0.001073002815246582
15,audio,0.2,5,retain_top,-0.03208938873851508,-0.15769070071744395,-0.05249059200286865
15,audio,0.3,7,top,0.004582656315957667,0.05743108036029265,0.03766953945159912
15,audio,0.3,7,bottom,-0.024786108479492253,-0.12859708149336835,-0.0520099401473999
15,audio,0.3,7,random,-0.00821980277107559,-0.021326662695635212,0.000889897346496582
15,audio,0.3,7,random,-0.009367745647182124,-0.031749115738706424,-0.0033425092697143555
15,audio,0.3,7,random,-0.011971868969509858,-0.04766485948466603,-0.015336871147155762
15,audio,0.3,7,random,-0.013268627438954406,-0.056127423384019215,-0.017946720123291016
15,audio,0.3,7,random,-0.01627923658432673,-0.07615652376976079,-0.026082158088684082
15,audio,0.3,7,random,-0.015487477694700158,-0.07109589085804813,-0.02532172203063965
15,audio,0.3,7,random,-0.006085250006859111,-0.011420088522564376,0.004162430763244629
15,audio,0.3,7,random,-0.012737852422820328,-0.05561677662350939,-0.013882040977478027
15,audio,0.3,7,random,-0.010572028939971778,-0.040546579919887415,-0.007762432098388672
15,audio,0.3,7,random,-0.022967119211515286,-0.1180294973243412,-0.04704606533050537
15,audio,0.3,7,random,-0.011952757461651031,-0.045262520178774635,-0.010417938232421875
15,audio,0.3,7,random,-0.01837305991882654,-0.08748316107839504,-0.03130805492401123
15,audio,0.3,7,random,-0.009720288045424574,-0.031298195927134786,-0.0012198686599731445
15,audio,0.3,7,random,-0.008842097105097979,-0.0262772101841231,0.0006157159805297852
15,audio,0.3,7,random,-0.014058693382487997,-0.05861794503726414,-0.016712665557861328
15,audio,0.3,7,random,-0.013302874812193388,-0.05232830752222184,-0.016023755073547363
15,audio,0.3,7,random,-0.01129815847261173,-0.03995311160365689,-0.008895277976989746
15,audio,0.3,7,random,-0.016494433509819717,-0.07646949216213739,-0.028611302375793457
15,audio,0.3,7,random,-0.01352719948748371,-0.05450931617040511,-0.0188065767288208
15,audio,0.3,7,random,-0.017285747266179152,-0.08218334241982439,-0.029723405838012695
15,audio,0.3,7,retain_top,-0.03264422340086104,-0.16537398810164894,-0.059253573417663574
15,vision,0.1,3,top,-0.006665115625647089,-0.03909847887158091,-0.01935112476348877
15,vision,0.1,3,bottom,-0.022227475561983567,-0.13555190818470808,-0.07354450225830078
15,vision,0.1,3,random,-0.01656335999879588,-0.1037085106769251,-0.05488741397857666
15,vision,0.1,3,random,-0.012255671614282537,-0.07531078533594471,-0.039897799491882324
15,vision,0.1,3,random,-0.01759994453780056,-0.10461423527684421,-0.057089924812316895
15,vision,0.1,3,random,-0.021018251396177634,-0.12553202507727046,-0.06778252124786377
15,vision,0.1,3,random,-0.018866914031414828,-0.11389476428341028,-0.06180620193481445
15,vision,0.1,3,random,-0.013113647557810859,-0.07750705748174558,-0.041709184646606445
15,vision,0.1,3,random,-0.020402344251228444,-0.12497674148778404,-0.06777000427246094
15,vision,0.1,3,random,-0.019330914108447117,-0.12179558826789472,-0.06422972679138184
15,vision,0.1,3,random,-0.017425412708991783,-0.1073538319818137,-0.05721843242645264
15,vision,0.1,3,random,-0.01769955082688568,-0.11154829504431318,-0.060396790504455566
15,vision,0.1,3,random,-0.01711405964597912,-0.10602364728957858,-0.05842292308807373
15,vision,0.1,3,random,-0.021641877677700427,-0.13086815267881247,-0.07212769985198975
15,vision,0.1,3,random,-0.017354345093172796,-0.10692254301216741,-0.056795477867126465
15,vision,0.1,3,random,-0.019023287967964375,-0.11604822395090908,-0.06354308128356934
15,vision,0.1,3,random,-0.016876756438232277,-0.10445469993690515,-0.057500481605529785
15,vision,0.1,3,random,-0.0183825943510727,-0.11462110036596873,-0.061255455017089844
15,vision,0.1,3,random,-0.011995739809748995,-0.07456582603421569,-0.04071676731109619
15,vision,0.1,3,random,-0.01745703418070088,-0.10341136927059846,-0.056313395500183105
15,vision,0.1,3,random,-0.022344619483555817,-0.1323210663421126,-0.0728527307510376
15,vision,0.1,3,random,-0.01733117172486265,-0.1097780147273113,-0.057260990142822266
15,vision,0.1,3,retain_top,-0.08332766138955228,-0.5858673056794579,-0.3690279722213745
15,vision,0.2,5,top,-0.015680135258192007,-0.09567069937664807,-0.04970276355743408
15,vision,0.2,5,bottom,-0.03591477660611142,-0.21903777217702158,-0.12137889862060547
15,vision,0.2,5,random,-0.030478657000689857,-0.1858867184427455,-0.10336577892303467
15,vision,0.2,5,random,-0.02370210155890895,-0.14873381103628858,-0.07985424995422363
15,vision,0.2,5,random,-0.03137186845377682,-0.198673010956246,-0.1082543134689331
15,vision,0.2,5,random,-0.030146595152304223,-0.188239014840208,-0.10272955894470215
15,vision,0.2,5,random,-0.030708732968114494,-0.189739056211224,-0.10527372360229492
15,vision,0.2,5,random,-0.030894937370270825,-0.19209183160986187,-0.10535645484924316
15,vision,0.2,5,random,-0.03333911730940087,-0.20317716927767515,-0.11376559734344482
15,vision,0.2,5,random,-0.03012048662282807,-0.1882598431293061,-0.10298097133636475
15,vision,0.2,5,random,-0.028219416266784036,-0.17680847166298985,-0.09631824493408203
15,vision,0.2,5,random,-0.020076697407350297,-0.12373178828274445,-0.0688638687133789
15,vision,0.2,5,random,-0.0240034799642449,-0.149434973556394,-0.08084416389465332
15,vision,0.2,5,random,-0.0290022783341658,-0.17755729596181058,-0.09811711311340332
15,vision,0.2,5,random,-0.025779377375738655,-0.15763075658975478,-0.08742940425872803
15,vision,0.2,5,random,-0.02217955416029238,-0.13933528879395762,-0.0761791467666626
15,vision,0.2,5,random,-0.03236401289195878,-0.20051498680074498,-0.11063206195831299
15,vision,0.2,5,random,-0.027417637620921642,-0.17067206535716473,-0.09407663345336914
15,vision,0.2,5,random,-0.023284796308392197,-0.14461774669607363,-0.07729458808898926
15,vision,0.2,5,random,-0.02880614969546713,-0.17505292146611962,-0.09302079677581787
15,vision,0.2,5,random,-0.026849955427459604,-0.1668898476901728,-0.09051620960235596
15,vision,0.2,5,random,-0.033019806064208845,-0.20163500408476698,-0.10860395431518555
15,vision,0.2,5,retain_top,-0.07976153279619624,-0.5496977205361835,-0.3381558656692505
15,vision,0.3,7,top,-0.025014503359259255,-0.1553246207829777,-0.08230090141296387
15,vision,0.3,7,bottom,-0.047718131510023354,-0.29744652789740345,-0.1671816110610962
15,vision,0.3,7,random,-0.035367858769874805,-0.21833582795364603,-0.12328517436981201
15,vision,0.3,7,random,-0.04089885628590384,-0.25831644960910616,-0.14193236827850342
15,vision,0.3,7,random,-0.04108648076531973,-0.2645157166308183,-0.1470353603363037
15,vision,0.3,7,random,-0.03738220586849694,-0.24053911224492253,-0.1351841688156128
15,vision,0.3,7,random,-0.03381037247131258,-0.21086274907858282,-0.11550605297088623
15,vision,0.3,7,random,-0.03580884516451743,-0.22488592136175511,-0.1219477653503418
15,vision,0.3,7,random,-0.03948421685820125,-0.2461566395515391,-0.13560307025909424
15,vision,0.3,7,random,-0.03227344592763226,-0.20198478984259616,-0.10771620273590088
15,vision,0.3,7,random,-0.04190884719296639,-0.26224957307164165,-0.1475813388824463
15,vision,0.3,7,random,-0.03812816681261055,-0.23721048009511647,-0.13081228733062744
15,vision,0.3,7,random,-0.03829445991138203,-0.24382254142188442,-0.13233733177185059
15,vision,0.3,7,random,-0.03697374482677718,-0.2367210170828753,-0.12948095798492432
15,vision,0.3,7,random,-0.03456634929564706,-0.21937103404081637,-0.1209794282913208
15,vision,0.3,7,random,-0.03833927728264852,-0.23871304925132275,-0.13157951831817627
15,vision,0.3,7,random,-0.034738392518733674,-0.21729272857487203,-0.12069404125213623
15,vision,0.3,7,random,-0.029082981650668138,-0.18125353188746307,-0.0988926887512207
15,vision,0.3,7,random,-0.03948890611500522,-0.24932382192612756,-0.13842785358428955
15,vision,0.3,7,random,-0.0388977223838074,-0.24406698941372773,-0.1323690414428711
15,vision,0.3,7,random,-0.04380704812838421,-0.2768205208879544,-0.1543329954147339
15,vision,0.3,7,random,-0.038671389007085666,-0.24378288044685603,-0.13493430614471436
15,vision,0.3,7,retain_top,-0.0748683643288246,-0.5067837484357278,-0.3059680461883545
16,text,0.1,2,top,0.007165798136541723,0.22495187730134436,-0.1963719129562378
16,text,0.1,2,bottom,-0.0016678852484498519,-0.0267103633082999,-0.028256893157958984
16,text,0.1,2,random,-0.000541144653983916,0.017600748261466848,-0.06563234329223633
16,text,0.1,2,random,-0.0006817784667416671,0.01110890146377752,-0.04040825366973877
16,text,0.1,2,random,-0.00039879431451550484,0.0226904928967544,-0.055153846740722656
16,text,0.1,2,random,0.007165798136541723,0.22495187730134436,-0.1963719129562378
16,text,0.1,2,random,-0.0015125171526084724,-0.006169105931804086,-0.04770708084106445
16,text,0.1,2,random,-0.0013790889341916968,-0.010371667889061964,-0.054369449615478516
16,text,0.1,2,random,-0.0006817784667416671,0.01110890146377752,-0.04040825366973877
16,text,0.1,2,random,0.0012208623529396112,0.09877792229965987,-0.1254432201385498
16,text,0.1,2,random,-0.00021980452390069072,0.025296020047392176,-0.0582737922668457
16,text,0.1,2,random,0.0007537734973422916,0.07878357051337614,-0.09361672401428223
16,text,0.1,2,random,-0.0018708982137023433,-0.030211484742554973,-0.02298760414123535
16,text,0.1,2,random,-0.0008253272859818361,0.011314318241801402,-0.05735456943511963
16,text,0.1,2,random,-0.000541144653983916,0.017600748261466848,-0.06563234329223633
16,text,0.1,2,random,-0.0015029347533161985,-0.012954954447209843,-0.048453569412231445
16,text,0.1,2,random,-0.0015861790168602008,-0.019437533787768135,-0.027768969535827637
16,text,0.1,2,random,-0.0012611919211391598,0.0013649574101446404,-0.045386314392089844
16,text,0.1,2,random,-0.0019088735210994745,-0.025585657449160415,-0.033548831939697266
16,text,0.1,2,random,-0.0015861790168602008,-0.019437533787768135,-0.027768969535827637
16,text,0.1,2,random,0.0005281863537598408,0.05637720566069859,-0.19452238082885742
16,text,0.1,2,random,-0.0014588052538282437,-0.006183767697448772,-0.05484437942504883
16,text,0.1,2,retain_top,0.7341343858105861,3.741307253095736,-2.1879367232322693
16,text,0.2,3,top,0.011810925903395053,0.3502242504950672,-0.37722325325012207
16,text,0.2,3,bottom,-0.0017516227874199153,-0.018280738507435057,-0.04837346076965332
16,text,0.2,3,random,0.0012793150259720054,0.10557865282648349,-0.14806079864501953
16,text,0.2,3,random,-0.0010584160827056266,0.01513648464679651,-0.13535308837890625
16,text,0.2,3,random,0.0019233763464139297,0.12676208159097957,-0.15107417106628418
16,text,0.2,3,random,-0.0010695275888928935,0.002853815324730835,-0.04562532901763916
16,text,0.2,3,random,-0.0010584160827056266,0.01513648464679651,-0.13535308837890625
16,text,0.2,3,random,-0.0014710813139143797,0.002428487368165033,-0.0813746452331543
16,text,0.2,3,random,-0.00022361779537394266,0.04266898092719851,-0.08598852157592773
16,text,0.2,3,random,-0.0020105293391795565,-0.01744584412737593,-0.07516121864318848
16,text,0.2,3,random,-0.0012250443146409884,0.011654377695639706,-0.07298445701599121
16,text,0.2,3,random,0.0002884466246816375,0.07799548296752734,-0.11605620384216309
16,text,0.2,3,random,-0.0010433087581769307,0.007915216643417544,-0.10962128639221191
16,text,0.2,3,random,-0.00048170379763834426,0.029448721154108348,-0.08908987045288086
16,text,0.2,3,random,-0.0010217529278624404,0.007510190653396975,-0.062334299087524414
16,text,0.2,3,random,0.0019707839569287344,0.11824273503406912,-0.12597692012786865
16,text,0.2,3,random,-0.0009208506336716438,0.02412217152264784,-0.16078722476959229
16,text,0.2,3,random,0.0043254287929545,0.18501332135398707,-0.20788323879241943
16,text,0.2,3,random,0.003954177058210329,0.16974328496822544,-0.17837262153625488
16,text,0.2,3,random,0.0007745515018166005,0.09289462399903048,-0.1280972957611084
16,text,0.2,3,random,-0.0011657342654824987,0.014550434362071485,-0.07323682308197021
16,text,0.2,3,random,-0.0014710813139143797,0.002428487368165033,-0.0813746452331543
16,text,0.2,3,retain_top,0.027391438622161757,0.5331154582645166,-0.6030995845794678
16,text,0.3,4,top,0.003425239891417853,0.16802572623561307,-0.2232189178466797
16,text,0.3,4,bottom,-0.0009159958316657946,0.011310587753481371,-0.12205123901367188
16,text,0.3,4,random,-7.240552062404149e-05,0.05379027747335563,-0.11865973472595215
16,text,0.3,4,random,-0.0006520693549224577,0.03665237050212511,-0.12277889251708984
16,text,0.3,4,random,-4.0784478118172096e-05,0.04671672768847879,-0.10295736789703369
16,text,0.3,4,random,0.000720175486997765,0.0799009493469951,-0.15516090393066406
16,text,0.3,4,random,-7.240552062404149e-05,0.05379027747335563,-0.11865973472595215
16,text,0.3,4,random,-0.0005480653919397449,0.03771044550113478,-0.12810921669006348
16,text,0.3,4,random,-0.0009214022316933468,0.03185057310517747,-0.1103743314743042
16,text,0.3,4,random,-0.0003436925265135615,0.04416423067818753,-0.1829211711883545
16,text,0.3,4,random,0.004851199875801404,0.20574381454952517,-0.26315391063690186
16,text,0.3,4,random,0.000720175486997765,0.0799009493469951,-0.15516090393066406
16,text,0.3,4,random,0.003256606369821946,0.17168927887760388,-0.2277660369873047
16,text,0.3,4,random,0.0019549148355204604,0.1244586937026897,-0.1775355339050293
16,text,0.3,4,random,-0.001057893796624243,0.020370510967300692,-0.1249014139175415
16,text,0.3,4,random,-0.000385632603217001,0.036724110185417214,-0.14575183391571045
16,text,0.3,4,random,0.005725809424263706,0.2277080556334692,-0.27545690536499023
16,text,0.3,4,random,0.0030263806560061335,0.1616689982673991,-0.22784459590911865
16,text,0.3,4,random,-0.000978339407029405,0.026518295777359757,-0.1265805959701538
16,text,0.3,4,random,0.003234503437402725,0.16423078270593638,-0.20866060256958008
16,text,0.3,4,random,-0.0012481217767459363,0.021635995872494984,-0.12514114379882812
16,text,0.3,4,random,-6.836083106254165e-07,0.05503887609136493,-0.15832602977752686
16,text,0.3,4,retain_top,0.020569082323268373,0.43967750832016606,-0.5560802221298218
16,audio,0.1,2,top,0.0013912800724776853,0.009977590588166052,0.028462886810302734
16,audio,0.1,2,bottom,0.0011563766017758104,-0.0074798428764202285,0.03515625
16,audio,0.1,2,random,0.001729710477729074,0.004591888342651007,0.03701210021972656
16,audio,0.1,2,random,0.0012624905604171621,0.0035838823587788227,0.02816605567932129
16,audio,0.1,2,random,0.0014046477934612778,0.0014558230132601935,0.03343701362609863
16,audio,0.1,2,random,0.0015277753394126181,0.007705680204278753,0.03031301498413086
16,audio,0.1,2,random,0.0013110349045624137,0.006514265169727196,0.029618024826049805
16,audio,0.1,2,random,0.0011563766017758104,-0.0074798428764202285,0.03515625
16,audio,0.1,2,random,0.0014170404877905662,-0.004958801624951548,0.0406343936920166
16,audio,0.1,2,random,0.0014170404877905662,-0.004958801624951548,0.0406343936920166
16,audio,0.1,2,random,0.0012400065784493597,0.007407887780335187,0.026823759078979492
16,audio,0.1,2,random,0.0012327822409009537,-0.004035419829769182,0.035425424575805664
16,audio,0.1,2,random,0.001317429609205889,-0.003059260634767913,0.036478281021118164
16,audio,0.1,2,random,0.0015243690882218441,0.006867423975346121,0.0354306697845459
16,audio,0.1,2,random,0.0014032345369557886,0.005206001603564214,0.030823707580566406
16,audio,0.1,2,random,0.0013939104915656753,0.004422702375101117,0.03389906883239746
16,audio,0.1,2,random,0.0015277753394126181,0.007705680204278753,0.03031301498413086
16,audio,0.1,2,random,0.0015565010909498467,0.0057232782869771626,0.03344154357910156
16,audio,0.1,2,random,0.0011928259730242807,0.004525825613971968,0.028506755828857422
16,audio,0.1,2,random,0.0016140472337123901,0.0063933639110724805,0.03156089782714844
16,audio,0.1,2,random,0.0015551639779797233,0.006944885857413041,0.03077077865600586
16,audio,0.1,2,random,0.0017291094797893258,0.005432984312352396,0.035635948181152344
16,audio,0.1,2,retain_top,0.013805462210239483,0.1237639590701991,0.04761838912963867
16,audio,0.2,3,top,0.002285391692355865,0.018030190105057464,0.03743553161621094
16,audio,0.2,3,bottom,0.0025031026659738664,0.0034194225781853937,0.04631233215332031
16,audio,0.2,3,random,0.0025739233601851375,0.01591836019275661,0.040422916412353516
16,audio,0.2,3,random,0.0025131064422604377,0.01697575229720183,0.04034256935119629
16,audio,0.2,3,random,0.0025129850185285907,0.014777877377803339,0.03768014907836914
16,audio,0.2,3,random,0.0028746749824455353,0.013783974600506621,0.042087554931640625
16,audio,0.2,3,random,0.002365827924797115,0.007603849628537773,0.04260683059692383
16,audio,0.2,3,random,0.0024799378796508398,0.013067976024565553,0.04231595993041992
16,audio,0.2,3,random,0.0027154158353236424,0.008762663870719223,0.04678773880004883
16,audio,0.2,3,random,0.0023527242171043072,0.01682947944644031,0.039277076721191406
16,audio,0.2,3,random,0.002609818483130022,0.012422510858029145,0.04599738121032715
16,audio,0.2,3,random,0.002675346395035416,0.008145481032616253,0.04441118240356445
16,audio,0.2,3,random,0.0023268492749242142,0.006977491939061942,0.04382514953613281
16,audio,0.2,3,random,0.0023770755392489296,0.005444917719752862,0.046587467193603516
16,audio,0.2,3,random,0.0025131064422604377,0.01697575229720183,0.04034256935119629
16,audio,0.2,3,random,0.0027217096782302663,0.017466581513199575,0.03961610794067383
16,audio,0.2,3,random,0.002458237335914104,0.015583516394220176,0.04046154022216797
16,audio,0.2,3,random,0.002210163639590701,0.014127545252669904,0.037992000579833984
16,audio,0.2,3,random,0.002289503187738018,0.0036482984238905836,0.04679441452026367
16,audio,0.2,3,random,0.0021062959205451204,0.005002964919432973,0.04224848747253418
16,audio,0.2,3,random,0.0023124667904339535,0.012978112585782409,0.039118289947509766
16,audio,0.2,3,random,0.0030474427806784776,0.017584647081200888,0.04568958282470703
16,audio,0.2,3,retain_top,0.011765926617895106,0.10149115090149552,0.0504002571105957
16,audio,0.3,4,top,0.0033070397721353118,0.027423080879375394,0.044251441955566406
16,audio,0.3,4,bottom,0.0041701423629413314,0.018140064846531967,0.05440068244934082
16,audio,0.3,4,random,0.003737853339019548,0.018750193375239643,0.050900936126708984
16,audio,0.3,4,random,0.004611243306039792,0.03439918405112996,0.04809069633483887
16,audio,0.3,4,random,0.004131114358848165,0.027093662750103498,0.04658031463623047
16,audio,0.3,4,random,0.0038517745157955474,0.03250305172743184,0.04420638084411621
16,audio,0.3,4,random,0.00375271832669688,0.02527573733893984,0.04895210266113281
16,audio,0.3,4,random,0.004167230119647813,0.03067355003650407,0.045337677001953125
16,audio,0.3,4,random,0.0041154680900378215,0.02181293319740707,0.0550539493560791
16,audio,0.3,4,random,0.0036744472504035564,0.020430137155374783,0.05292105674743652
16,audio,0.3,4,random,0.003941107432693491,0.019088044975301255,0.052570343017578125
16,audio,0.3,4,random,0.00435955297202939,0.03179760663970477,0.04364824295043945
16,audio,0.3,4,random,0.004068398369810211,0.03182096461789197,0.04445695877075195
16,audio,0.3,4,random,0.004063367249645733,0.02373047340512846,0.05071115493774414
16,audio,0.3,4,random,0.004266590827950889,0.022288755760981438,0.05391979217529297
16,audio,0.3,4,random,0.0036537619354342077,0.02741645958465755,0.04882955551147461
16,audio,0.3,4,random,0.004063160355081807,0.021216140880508938,0.05226707458496094
16,audio,0.3,4,random,0.003757285411107758,0.030776086422545923,0.044380903244018555
16,audio,0.3,4,random,0.0038144526013771385,0.030575563961813046,0.0457613468170166
16,audio,0.3,4,random,0.004315771733524487,0.035550107942811326,0.04601478576660156
16,audio,0.3,4,random,0.003737853339019548,0.018750193375239643,0.050900936126708984
16,audio,0.3,4,random,0.0036891743657407883,0.024931213042801215,0.04602813720703125
16,audio,0.3,4,retain_top,0.010128154178113302,0.08391947245600795,0.05158805847167969
16,vision,0.1,2,top,0.0009392013314877268,0.01783800215936271,-0.004738807678222656
16,vision,0.1,2,bottom,0.0006520897676306481,0.008828903061468107,-0.006494045257568359
16,vision,0.1,2,random,0.0006520897676306481,0.008828903061468107,-0.006494045257568359
16,vision,0.1,2,random,0.0006538845954188188,0.009813320040321205,-0.006255388259887695
16,vision,0.1,2,random,0.0007798589257898003,0.01597452930064014,-0.004596710205078125
16,vision,0.1,2,random,0.0008084194823906321,0.013164317063259379,-0.007626533508300781
16,vision,0.1,2,random,0.0009241835458766445,0.01703579180767134,-0.0053462982177734375
16,vision,0.1,2,random,0.0008219541375454886,0.01161144490242183,-0.004851579666137695
16,vision,0.1,2,random,0.000823130881149492,0.011928782459538212,-0.004334449768066406
16,vision,0.1,2,random,0.0008027212103639547,0.015054971020185715,-0.005776882171630859
16,vision,0.1,2,random,0.000822575697508432,0.013659264868652432,-0.007474422454833984
16,vision,0.1,2,random,0.0007519811709454371,0.014149917628989872,-0.007094860076904297
16,vision,0.1,2,random,0.0008324495584548508,0.013072534491991306,-0.004198312759399414
16,vision,0.1,2,random,0.0008519999238575382,0.015558743120380747,-0.0049860477447509766
16,vision,0.1,2,random,0.000763880207145684,0.013236466360941002,-0.007427215576171875
16,vision,0.1,2,random,0.0008454909315865899,0.013566983670967758,-0.004075288772583008
16,vision,0.1,2,random,0.0008454909315865899,0.013566983670967758,-0.004075288772583008
16,vision,0.1,2,random,0.0010154043401185975,0.016491309369173646,-0.005670070648193359
16,vision,0.1,2,random,0.0007798589257898003,0.01597452930064014,-0.004596710205078125
16,vision,0.1,2,random,0.0006663996461276911,0.013878295668699359,-0.005608558654785156
16,vision,0.1,2,random,0.0008084194823906321,0.013164317063259379,-0.007626533508300781
16,vision,0.1,2,random,0.000822575697508432,0.013659264868652432,-0.007474422454833984
16,vision,0.1,2,retain_top,0.012397483449729907,0.18019189803780566,-0.13631439208984375
16,vision,0.2,3,top,0.0017191781488200553,0.030393139552933324,-0.01132059097290039
16,vision,0.2,3,bottom,0.001204832103836706,0.016580566932252072,-0.010969161987304688
16,vision,0.2,3,random,0.0018772682565458831,0.030470533440502656,-0.012663841247558594
16,vision,0.2,3,random,0.001612109395132344,0.027801734174597748,-0.011196374893188477
16,vision,0.2,3,random,0.0013387383331109337,0.022226537956281156,-0.01629781723022461
16,vision,0.2,3,random,0.0016128556484829026,0.025362972525254435,-0.015044212341308594
16,vision,0.2,3,random,0.0012702891935643112,0.02329323883083756,-0.013525009155273438
16,vision,0.2,3,random,0.0013529040681962146,0.02138181407888684,-0.012406349182128906
16,vision,0.2,3,random,0.0014411324933386593,0.0259370907435601,-0.013225555419921875
16,vision,0.2,3,random,0.001548618025501436,0.025634779247252215,-0.014100074768066406
16,vision,0.2,3,random,0.0018772682565458831,0.030470533440502656,-0.012663841247558594
16,vision,0.2,3,random,0.0012025871152359091,0.018534672769229044,-0.012042760848999023
16,vision,0.2,3,random,0.001462600478006837,0.027964274076949014,-0.010894060134887695
16,vision,0.2,3,random,0.0013862666654301803,0.022942787354449656,-0.013994216918945312
16,vision,0.2,3,random,0.0012371518862952513,0.02212625357776732,-0.011209487915039062
16,vision,0.2,3,random,0.0015092232601183753,0.025734147955381204,-0.013678550720214844
16,vision,0.2,3,random,0.0013513938480257393,0.024523978717932327,-0.011017799377441406
16,vision,0.2,3,random,0.001294720163600216,0.024087164591353627,-0.013527154922485352
16,vision,0.2,3,random,0.0016295366277505607,0.024604011618008848,-0.011288881301879883
16,vision,0.2,3,random,0.0013303790633153456,0.02257442958701361,-0.009911537170410156
16,vision,0.2,3,random,0.0013163287426999348,0.02109666060340709,-0.01249384880065918
16,vision,0.2,3,random,0.0016466350784464234,0.026286597757618768,-0.014666318893432617
16,vision,0.2,3,retain_top,0.008599048762931494,0.12779902984869773,-0.09706676006317139
16,vision,0.3,4,top,0.0028213923401998464,0.047185233804912574,-0.021709680557250977
16,vision,0.3,4,bottom,0.0018863708851106775,0.027682340535116978,-0.021673202514648438
16,vision,0.3,4,random,0.0026639779206230063,0.042309531373827536,-0.025147199630737305
16,vision,0.3,4,random,0.0018733071606729101,0.035890856066497445,-0.020275354385375977
16,vision,0.3,4,random,0.002324241094651347,0.03705502581559328,-0.018409371376037598
16,vision,0.3,4,random,0.0019436871996184601,0.03353353585285612,-0.019735217094421387
16,vision,0.3,4,random,0.0019563994402365115,0.031342016809446704,-0.01822495460510254
16,vision,0.3,4,random,0.002052513438981718,0.03447503259637541,-0.025397062301635742
16,vision,0.3,4,random,0.001991246467605068,0.035318548011066486,-0.021916985511779785
16,vision,0.3,4,random,0.002492747445671739,0.037200921022875644,-0.023737788200378418
16,vision,0.3,4,random,0.0023268943137219056,0.03719280206086495,-0.02169632911682129
16,vision,0.3,4,random,0.002461736624636446,0.04222649191926253,-0.019325613975524902
16,vision,0.3,4,random,0.002051759585793844,0.03556687972066852,-0.017182111740112305
16,vision,0.3,4,random,0.002562851915120956,0.04288172854274741,-0.023687362670898438
16,vision,0.3,4,random,0.0019157359164860832,0.03490158491586559,-0.016208648681640625
16,vision,0.3,4,random,0.0024097137622461906,0.04195754251488193,-0.019913792610168457
16,vision,0.3,4,random,0.0021386777365246523,0.032910363723226865,-0.020856142044067383
16,vision,0.3,4,random,0.0021051555578032177,0.03472333567486574,-0.02479839324951172
16,vision,0.3,4,random,0.002237750947415851,0.03715460983640817,-0.02101290225982666
16,vision,0.3,4,random,0.0021221873683280323,0.035938026944968726,-0.024767637252807617
16,vision,0.3,4,random,0.002155090154367767,0.03917983169068151,-0.019016027450561523
16,vision,0.3,4,random,0.0021916533985598674,0.03967699258451862,-0.021158695220947266
16,vision,0.3,4,retain_top,0.005838246591022278,0.08882404832388024,-0.06768655776977539
17,text,0.1,3,top,0.13920146558138302,0.8911350250025278,0.4873974919319153
17,text,0.1,3,bottom,-0.005443464955005806,-0.057333358442368976,-0.04407966136932373
17,text,0.1,3,random,0.030719284304372763,0.2493593832207215,0.1534968614578247
17,text,0.1,3,random,0.01737105010068707,0.14444305127347934,0.09111309051513672
17,text,0.1,3,random,0.019605767293346843,0.16311499135760932,0.10898292064666748
17,text,0.1,3,random,0.06408544543892158,0.43139759814688206,0.25466203689575195
17,text,0.1,3,random,0.017358779693086634,0.13847515312480652,0.08234512805938721
17,text,0.1,3,random,0.021999665027003013,0.18008614598485972,0.1191704273223877
17,text,0.1,3,random,0.007773332023903179,0.05322832851043713,0.03254902362823486
17,text,0.1,3,random,0.03167345033937019,0.2410666319509105,0.1557474136352539
17,text,0.1,3,random,0.13920146558138302,0.8911350250025278,0.4873974919319153
17,text,0.1,3,random,-0.0004272220577418162,-0.012659486230704786,-0.012011408805847168
17,text,0.1,3,random,0.0071550987704100955,0.048091926337999746,0.030785560607910156
17,text,0.1,3,random,0.02505804633190356,0.1893963889354897,0.11852645874023438
17,text,0.1,3,random,0.05316944939967816,0.39475126711962716,0.23966872692108154
17,text,0.1,3,random,0.025439844761609876,0.20205652555749753,0.1258697509765625
17,text,0.1,3,random,0.015074229770031256,0.1252649619934636,0.08023393154144287
17,text,0.1,3,random,0.03935731151877209,0.31004830760753044,0.18877947330474854
17,text,0.1,3,random,0.016503923434906365,0.12157132020790762,0.08748877048492432
17,text,0.1,3,random,0.0076175655445701596,0.06086008715967606,0.03498709201812744
17,text,0.1,3,random,0.015434820221080336,0.13391489371425425,0.0874333381652832
17,text,0.1,3,random,0.08923912905284648,0.6114786118907483,0.3518331050872803
17,text,0.1,3,retain_top,0.3625354209034609,1.8336732441234724,0.8500508069992065
17,text,0.2,5,top,0.26051032802865737,1.4218013419770703,0.6803802847862244
17,text,0.2,5,bottom,-0.004186528648986387,-0.06066860112063521,-0.05027592182159424
17,text,0.2,5,random,0.0912905170717907,0.634255563939969,0.3665196895599365
17,text,0.2,5,random,0.023126571808051,0.1902940858390325,0.12626898288726807
17,text,0.2,5,random,0.12388175012206626,0.813182694186035,0.4678713083267212
17,text,0.2,5,random,0.0655204591344597,0.4591951430033445,0.27020835876464844
17,text,0.2,5,random,0.049661772635266166,0.3804698883219424,0.23803114891052246
17,text,0.2,5,random,0.041559435926801336,0.3140764889373113,0.19525110721588135
17,text,0.2,5,random,0.06346085246150812,0.4584604056181454,0.2753438949584961
17,text,0.2,5,random,0.040978880092829795,0.30863267245161974,0.19162023067474365
17,text,0.2,5,random,0.05233359517516778,0.38169594872165824,0.23477256298065186
17,text,0.2,5,random,0.02811733710768871,0.22036729054548787,0.14276444911956787
17,text,0.2,5,random,0.11404901360252861,0.7660298807037806,0.4488109350204468
17,text,0.2,5,random,0.02207223147551929,0.1617885179171965,0.09548211097717285
17,text,0.2,5,random,0.021599865396416562,0.16194057487112512,0.09969055652618408
17,text,0.2,5,random,0.032175471315002535,0.23736333044359448,0.13870084285736084
17,text,0.2,5,random,0.0562083879374391,0.41891184346383303,0.24926459789276123
17,text,0.2,5,random,0.004684582375288349,0.030945052927932704,0.011691808700561523
17,text,0.2,5,random,0.007195030606779618,0.04476367950535454,0.029526829719543457
17,text,0.2,5,random,0.05657012204529466,0.42589762631121264,0.25972920656204224
17,text,0.2,5,random,0.035172861141113954,0.26584072193122377,0.17095935344696045
17,text,0.2,5,random,0.012361460650772593,0.08858593408483051,0.059537291526794434
17,text,0.2,5,retain_top,0.27348543769512434,1.4587986936494983,0.7209484577178955
17,text,0.3,8,top,0.2212184341608957,1.2688308747690118,0.6464811563491821
17,text,0.3,8,bottom,0.006136475315089096,0.01860035290677997,0.007289528846740723
17,text,0.3,8,random,0.05459574531543465,0.3759367431317351,0.22941553592681885
17,text,0.3,8,random,0.09757881732622387,0.6553877897332518,0.39265990257263184
17,text,0.3,8,random,0.03988745192557319,0.2981069583052727,0.18594181537628174
17,text,0.3,8,random,0.055502736822100496,0.39441080834131137,0.2342853546142578
17,text,0.3,8,random,0.08063079616865143,0.5574838027403461,0.32621800899505615
17,text,0.3,8,random,0.005787418568719005,0.009478466424978738,-0.0006445646286010742
17,text,0.3,8,random,0.07293963527221892,0.5031160193901993,0.30198317766189575
17,text,0.3,8,random,0.07267264876012536,0.5275292644670917,0.32616811990737915
17,text,0.3,8,random,0.02106692548438127,0.13946914874642413,0.08088743686676025
17,text,0.3,8,random,0.08589945294097368,0.5955221833842057,0.351285457611084
17,text,0.3,8,random,0.18275999778006713,1.106748821153181,0.5810996294021606
17,text,0.3,8,random,0.09649908331499712,0.6586743983212218,0.3891946077346802
17,text,0.3,8,random,0.05908706531192354,0.43639195874231285,0.2688831090927124
17,text,0.3,8,random,0.11336213057132838,0.7499088784670611,0.42341381311416626
17,text,0.3,8,random,0.05418212644028442,0.3968435226321727,0.24936306476593018
17,text,0.3,8,random,0.05076752401477502,0.3652079362348084,0.22448599338531494
17,text,0.3,8,random,0.08007352030680348,0.5404380395133168,0.320229172706604
17,text,0.3,8,random,0.039567274905367156,0.28226974185268583,0.16868090629577637
17,text,0.3,8,random,0.051045388394831304,0.36641174011622746,0.22487270832061768
17,text,0.3,8,random,0.0571922529992257,0.4022691352546348,0.2365349531173706
17,text,0.3,8,retain_top,0.2118108172764276,1.201643404630849,0.6162490248680115
17,audio,0.1,3,top,-0.0036021410820632482,-0.03152279724171292,-0.020494699478149414
17,audio,0.1,3,bottom,-0.010386809012523868,-0.0985658641692746,-0.06395220756530762
17,audio,0.1,3,random,-0.0047099511490569235,-0.039525539159346756,-0.025785326957702637
17,audio,0.1,3,random,-0.007271948690893204,-0.06795863124605317,-0.044702887535095215
17,audio,0.1,3,random,-0.008347270088253533,-0.07723098268557704,-0.04798448085784912
17,audio,0.1,3,random,-0.008748449027567329,-0.08355559264565082,-0.05526888370513916
17,audio,0.1,3,random,-0.006203536381042429,-0.05461219897503122,-0.030840039253234863
17,audio,0.1,3,random,-0.009266391382319994,-0.08902717704909646,-0.05726492404937744
17,audio,0.1,3,random,-0.0073919131330594245,-0.0672679343303968,-0.0427243709564209
17,audio,0.1,3,random,-0.007092159675940124,-0.06513042773032396,-0.04372978210449219
17,audio,0.1,3,random,-0.006884268295796581,-0.06290419306846529,-0.04120612144470215
17,audio,0.1,3,random,-0.00659184334777041,-0.06165286783311563,-0.037870049476623535
17,audio,0.1,3,random,-0.007549379275461399,-0.0716369814446507,-0.044727206230163574
17,audio,0.1,3,random,-0.007830603016418247,-0.0720788502441585,-0.046321988105773926
17,audio,0.1,3,random,-0.006839792136375311,-0.0632162615690306,-0.038939595222473145
17,audio,0.1,3,random,-0.005151738220771973,-0.049377135284701446,-0.031010031700134277
17,audio,0.1,3,random,-0.008649940788841959,-0.08123126649196832,-0.05421328544616699
17,audio,0.1,3,random,-0.006406724770457561,-0.06128242872604561,-0.03965353965759277
17,audio,0.1,3,random,-0.006028718961059054,-0.052783057623839724,-0.032831788063049316
17,audio,0.1,3,random,-0.008018752722551259,-0.07746644299250649,-0.05077981948852539
17,audio,0.1,3,random,-0.00641362002426038,-0.060229116731471244,-0.03416764736175537
17,audio,0.1,3,random,-0.004284237032893157,-0.03845378478669659,-0.025097370147705078
17,audio,0.1,3,retain_top,-0.017330982723176014,-0.2794874861248431,-0.19209742546081543
17,audio,0.2,5,top,-0.006278228429928423,-0.055206569416847096,-0.03605961799621582
17,audio,0.2,5,bottom,-0.014997780154942686,-0.1480432579640909,-0.09727728366851807
17,audio,0.2,5,random,-0.01068173667690775,-0.10367689909771594,-0.062033772468566895
17,audio,0.2,5,random,-0.009156921139323204,-0.08728327903291389,-0.05809950828552246
17,audio,0.2,5,random,-0.010416631235383056,-0.100887957454741,-0.06656777858734131
17,audio,0.2,5,random,-0.013712289449824722,-0.13411371991436694,-0.08851945400238037
17,audio,0.2,5,random,-0.012361341886153232,-0.11975263196575447,-0.07780277729034424
17,audio,0.2,5,random,-0.01076816973772421,-0.10120918036801285,-0.06721854209899902
17,audio,0.2,5,random,-0.01208679654735867,-0.11569432974031502,-0.07495689392089844
17,audio,0.2,5,random,-0.01117952620158913,-0.11050630512363213,-0.07140803337097168
17,audio,0.2,5,random,-0.00963700543411683,-0.09142517944439144,-0.057401418685913086
17,audio,0.2,5,random,-0.011762550279758588,-0.11403602966850368,-0.07212388515472412
17,audio,0.2,5,random,-0.009099809306197804,-0.08610789348566295,-0.053990960121154785
17,audio,0.2,5,random,-0.011076390698501082,-0.1085040146100611,-0.07158935070037842
17,audio,0.2,5,random,-0.008860767187956253,-0.08738262041834988,-0.0545121431350708
17,audio,0.2,5,random,-0.010453289332551186,-0.09679298287154481,-0.057073235511779785
17,audio,0.2,5,random,-0.011858034093197078,-0.11598036542786305,-0.07541525363922119
17,audio,0.2,5,random,-0.010173915290950242,-0.09951140731478292,-0.06488287448883057
17,audio,0.2,5,random,-0.009092950643317166,-0.08689658728482863,-0.05802309513092041
17,audio,0.2,5,random,-0.010584419011170798,-0.10315422657747231,-0.06816065311431885
17,audio,0.2,5,random,-0.010543039967595091,-0.0973374423663218,-0.0597996711730957
17,audio,0.2,5,random,-0.012475029892669576,-0.12195342511897378,-0.08050239086151123
17,audio,0.2,5,retain_top,-0.019188609699599568,-0.28434835635961875,-0.19318687915802002
17,audio,0.3,8,top,-0.009501598632670083,-0.09250577969130491,-0.059940457344055176
17,audio,0.3,8,bottom,-0.019470242367713775,-0.2075320217095693,-0.13869023323059082
17,audio,0.3,8,random,-0.014376712265251168,-0.14415088885097882,-0.09438216686248779
17,audio,0.3,8,random,-0.016281419905052275,-0.1704074907060149,-0.11096072196960449
17,audio,0.3,8,random,-0.012868482041463403,-0.1287610174974212,-0.08531498908996582
17,audio,0.3,8,random,-0.014217143418911227,-0.14502270156945807,-0.09061050415039062
17,audio,0.3,8,random,-0.016123142813821545,-0.16631323275673537,-0.11404025554656982
17,audio,0.3,8,random,-0.014226573881519156,-0.14161488583955473,-0.0981975793838501
17,audio,0.3,8,random,-0.01521626921795416,-0.15685740982638663,-0.10365211963653564
17,audio,0.3,8,random,-0.01656911028696273,-0.17135555202245945,-0.1122814416885376
17,audio,0.3,8,random,-0.013879257023019842,-0.1393493248741695,-0.08747267723083496
17,audio,0.3,8,random,-0.015526743137723065,-0.1588955813053996,-0.10795819759368896
17,audio,0.3,8,random,-0.015551612598258546,-0.1572104575552471,-0.10223591327667236
17,audio,0.3,8,random,-0.015120631912867832,-0.15450557711468305,-0.10234284400939941
17,audio,0.3,8,random,-0.016707075276028216,-0.1739098966110353,-0.11333882808685303
17,audio,0.3,8,random,-0.013527059350361581,-0.13527365580977468,-0.08577382564544678
17,audio,0.3,8,random,-0.014601676325794122,-0.14766921890201523,-0.09705650806427002
17,audio,0.3,8,random,-0.015547009101767206,-0.16371411721295548,-0.10856187343597412
17,audio,0.3,8,random,-0.014549959348924668,-0.1487634149136965,-0.09856617450714111
17,audio,0.3,8,random,-0.013862815012904428,-0.13837982136058447,-0.09028041362762451
17,audio,0.3,8,random,-0.014737914321219847,-0.1488751712066705,-0.09632861614227295
17,audio,0.3,8,random,-0.016258888154388473,-0.16981616551790468,-0.11100280284881592
17,audio,0.3,8,retain_top,-0.02166979336799968,-0.2807275565527503,-0.19070792198181152
17,vision,0.1,3,top,-0.002121535037192923,-0.010149754076988149,-0.005470752716064453
17,vision,0.1,3,bottom,-0.0064941170776422474,-0.0508561175458877,-0.03413116931915283
17,vision,0.1,3,random,-0.004029967061377149,-0.02497885742546524,-0.01345360279083252
17,vision,0.1,3,random,-0.004409329311400367,-0.029731858347891826,-0.01791667938232422
17,vision,0.1,3,random,-0.00460183460636443,-0.03389920799948687,-0.022887587547302246
17,vision,0.1,3,random,-0.005643197760358376,-0.04138564290273017,-0.02506840229034424
17,vision,0.1,3,random,-0.0035003648710516533,-0.02226988347979475,-0.013589978218078613
17,vision,0.1,3,random,-0.005171814222360127,-0.035490304540894524,-0.019656777381896973
17,vision,0.1,3,random,-0.0040530426896802085,-0.02819428043675698,-0.016427040100097656
17,vision,0.1,3,random,-0.004862315976805531,-0.03604556746719689,-0.02176487445831299
17,vision,0.1,3,random,-0.005160466382110762,-0.039131964263099395,-0.026059985160827637
17,vision,0.1,3,random,-0.004955046626763382,-0.03316137402635011,-0.019646286964416504
17,vision,0.1,3,random,-0.00491971127361468,-0.036456327916215336,-0.02226996421813965
17,vision,0.1,3,random,-0.0032174040777097623,-0.018354937242189173,-0.010231614112854004
17,vision,0.1,3,random,-0.005296880317307462,-0.03994396769060815,-0.025034785270690918
17,vision,0.1,3,random,-0.004356015743125385,-0.029592788792886626,-0.018392205238342285
17,vision,0.1,3,random,-0.003958939493987734,-0.026983057999132587,-0.01706874370574951
17,vision,0.1,3,random,-0.00319597996713028,-0.01835143976712672,-0.008177042007446289
17,vision,0.1,3,random,-0.005638570769754048,-0.040516621916690365,-0.02437114715576172
17,vision,0.1,3,random,-0.004153766498086853,-0.02841703725434641,-0.016271591186523438
17,vision,0.1,3,random,-0.004901752850713703,-0.034518649814608615,-0.020363688468933105
17,vision,0.1,3,random,-0.004881464393917012,-0.03575474428121561,-0.022652626037597656
17,vision,0.1,3,retain_top,-0.019519295823110627,-0.150504331664294,-0.11139321327209473
17,vision,0.2,5,top,-0.003924441120613964,-0.021030214184328155,-0.011124014854431152
17,vision,0.2,5,bottom,-0.010281711180367914,-0.08154327106701231,-0.05537378787994385
17,vision,0.2,5,random,-0.007754853098162484,-0.05489652726222927,-0.034603118896484375
17,vision,0.2,5,random,-0.009118245547005799,-0.06746315027955152,-0.04163563251495361
17,vision,0.2,5,random,-0.008069640561837454,-0.05923338483276863,-0.03679859638214111
17,vision,0.2,5,random,-0.007005360245191494,-0.04878843462013549,-0.029593586921691895
17,vision,0.2,5,random,-0.00787306475213645,-0.05793011128735914,-0.03606724739074707
17,vision,0.2,5,random,-0.007480799386044956,-0.053370151527531995,-0.03244340419769287
17,vision,0.2,5,random,-0.007140263655090462,-0.050206017811210035,-0.03161287307739258
17,vision,0.2,5,random,-0.007403215174730082,-0.05266380324554776,-0.030236005783081055
17,vision,0.2,5,random,-0.00829295063486335,-0.05944585825008675,-0.03586769104003906
17,vision,0.2,5,random,-0.008263744058057632,-0.060581059828467954,-0.03829300403594971
17,vision,0.2,5,random,-0.006414189856038255,-0.043232439975035675,-0.02488565444946289
17,vision,0.2,5,random,-0.009000226438096837,-0.06758140491609854,-0.042578816413879395
17,vision,0.2,5,random,-0.00866783266282567,-0.06505801248056065,-0.04183685779571533
17,vision,0.2,5,random,-0.007941056271018154,-0.057104968390186084,-0.03461790084838867
17,vision,0.2,5,random,-0.007172649329983849,-0.05090937560480979,-0.029428720474243164
17,vision,0.2,5,random,-0.008816301060679432,-0.06483384950294457,-0.03937113285064697
17,vision,0.2,5,random,-0.0074582140811068065,-0.0532802702256201,-0.031946420669555664
17,vision,0.2,5,random,-0.005140124296659887,-0.03254355495428607,-0.018780827522277832
17,vision,0.2,5,random,-0.007288060779535477,-0.05081064763407506,-0.029813766479492188
17,vision,0.2,5,random,-0.007673595181082127,-0.05527259619352254,-0.033882856369018555
17,vision,0.2,5,retain_top,-0.02032024579126579,-0.15810464270443525,-0.11283528804779053
17,vision,0.3,8,top,-0.007455919458890015,-0.04423334766921627,-0.02369081974029541
17,vision,0.3,8,bottom,-0.014402421222308726,-0.11344736731212857,-0.07532608509063721
17,vision,0.3,8,random,-0.012207004724615111,-0.09180795493124005,-0.058434367179870605
17,vision,0.3,8,random,-0.010446775661856589,-0.074549052531248,-0.04606795310974121
17,vision,0.3,8,random,-0.011185456088056323,-0.08020710073952975,-0.048377394676208496
17,vision,0.3,8,random,-0.010721764772926967,-0.0756024839407532,-0.04540836811065674
17,vision,0.3,8,random,-0.0119678466768246,-0.08897041242972259,-0.05610239505767822
17,vision,0.3,8,random,-0.01190803728225398,-0.08556001709108374,-0.053208112716674805
17,vision,0.3,8,random,-0.01020899671770148,-0.07301934498769969,-0.04326474666595459
17,vision,0.3,8,random,-0.011533594336365582,-0.08288152481553057,-0.0523982048034668
17,vision,0.3,8,random,-0.011070333837830182,-0.0782829512369152,-0.04819834232330322
17,vision,0.3,8,random,-0.01232938559943575,-0.09097400112579734,-0.0571974515914917
17,vision,0.3,8,random,-0.01038786347965237,-0.07394458033430995,-0.04437971115112305
17,vision,0.3,8,random,-0.012114570018106341,-0.0882183175931921,-0.055988192558288574
17,vision,0.3,8,random,-0.010528188538093453,-0.07528172802221622,-0.04654526710510254
17,vision,0.3,8,random,-0.011288453459872505,-0.08041069743302787,-0.050394654273986816
17,vision,0.3,8,random,-0.01295137680156877,-0.09974676138811533,-0.0638730525970459
17,vision,0.3,8,random,-0.01193792930624571,-0.0869262975677132,-0.05358731746673584
17,vision,0.3,8,random,-0.012072780700241093,-0.0887160871852708,-0.05640757083892822
17,vision,0.3,8,random,-0.01170426140499381,-0.08424550210940529,-0.053838491439819336
17,vision,0.3,8,random,-0.012376082113437326,-0.09178241385847707,-0.05731606483459473
17,vision,0.3,8,random,-0.012239329126163434,-0.09120894682151137,-0.055912137031555176
17,vision,0.3,8,retain_top,-0.020330830061897398,-0.159340599896594,-0.11021113395690918
18,text,0.1,5,top,0.3532760981810766,1.6043119442810934,-0.32504141330718994
18,text,0.1,5,bottom,-0.1844827762987652,-1.001249928514428,0.29714125394821167
18,text,0.1,5,random,0.02320170629183793,0.09323813444715634,-0.021881721913814545
18,text,0.1,5,random,-0.06551315687375125,-0.3754427478315455,0.0821603536605835
18,text,0.1,5,random,0.08020421924717125,0.3498283681998493,-0.076719731092453
18,text,0.1,5,random,0.08949717016667641,0.40279877107007367,-0.08675827831029892
18,text,0.1,5,random,-0.06715916906005026,-0.3585786047555014,0.08358275890350342
18,text,0.1,5,random,0.1860302287967871,0.8195716158338316,-0.1761225461959839
18,text,0.1,5,random,-0.04706728760755241,-0.27625466715744207,0.054376304149627686
18,text,0.1,5,random,-0.09231207488060522,-0.48284347445113085,0.121680349111557
18,text,0.1,5,random,0.0014609671043238626,-0.01184459432375562,0.0035970062017440796
18,text,0.1,5,random,-0.005261090351960429,-0.053933964662285616,0.00965040922164917
18,text,0.1,5,random,0.14897822087252705,0.6619066916677775,-0.1449367254972458
18,text,0.1,5,random,0.02982503844509865,0.09994247242911247,-0.0381818562746048
18,text,0.1,5,random,-0.044001300348226025,-0.2666707731060497,0.04621781408786774
18,text,0.1,5,random,0.10732583488784586,0.4579807703752119,-0.10760647058486938
18,text,0.1,5,random,0.1019103970944415,0.44790356458601976,-0.09877049177885056
18,text,0.1,5,random,0.06509742741100216,0.2830580533003799,-0.05768816918134689
18,text,0.1,5,random,0.15044145227545463,0.6513473726629296,-0.143102765083313
18,text,0.1,5,random,-0.003580008567722226,-0.048637506746368464,0.00476662814617157
18,text,0.1,5,random,0.06453092938564386,0.2538047788657739,-0.06483137607574463
18,text,0.1,5,random,0.029339375294436087,0.09128175937498195,-0.028156310319900513
18,text,0.1,5,retain_top,0.010837545039186991,-0.3522817415630982,-0.04647783190011978
18,text,0.2,9,top,0.35024784513592183,1.5679808400632935,-0.3278401494026184
18,text,0.2,9,bottom,-0.2639819831090666,-1.5640573499903065,0.5719935297966003
18,text,0.2,9,random,-0.024398902610307305,-0.1825173928403513,0.029103785753250122
18,text,0.2,9,random,0.048241743960943384,0.18821531849399742,-0.04791893810033798
18,text,0.2,9,random,0.055027741706580646,0.1927705716176774,-0.0582154244184494
18,text,0.2,9,random,-0.021439028793544535,-0.17665089373702003,0.024800434708595276
18,text,0.2,9,random,0.1890289378943959,0.8213668891860967,-0.17247971892356873
18,text,0.2,9,random,0.09439445215245212,0.3318609908020287,-0.10441432148218155
18,text,0.2,9,random,0.21909502190052021,0.960696925075803,-0.1997024416923523
18,text,0.2,9,random,0.07891935584717358,0.32497439535640105,-0.07590797543525696
18,text,0.2,9,random,0.2590213115631159,1.154162506809715,-0.2349148392677307
18,text,0.2,9,random,0.26271655287600254,1.1410971891073434,-0.245393306016922
18,text,0.2,9,random,0.034748393698357694,0.11492322568190572,-0.03169643133878708
18,text,0.2,9,random,0.1853420491554374,0.7778592381793864,-0.18329158425331116
18,text,0.2,9,random,0.13825268974227028,0.5883490702075381,-0.12717455625534058
18,text,0.2,9,random,0.24845046491621914,1.1090009434844095,-0.21712753176689148
18,text,0.2,9,random,0.14890472498616453,0.6343311512613543,-0.14028775691986084
18,text,0.2,9,random,-0.01508589165707419,-0.16011817802986517,0.008283987641334534
18,text,0.2,9,random,0.023414495433054516,-0.01310468174527446,-0.03354480117559433
18,text,0.2,9,random,-0.02081527408993289,-0.1652518778003348,0.021909117698669434
18,text,0.2,9,random,0.25690725977947904,1.1356286419122792,-0.23893123865127563
18,text,0.2,9,random,0.15819929379321634,0.6491533543645889,-0.16397298872470856
18,text,0.2,9,retain_top,-0.18952253568065625,-1.383333658045367,0.338365375995636
18,text,0.3,13,top,0.3422663000705212,1.5411811670312547,-0.31169795989990234
18,text,0.3,13,bottom,-0.3251938876727213,-2.1316626569538197,0.9533552527427673
18,text,0.3,13,random,0.15315746260090962,0.6131937961770727,-0.14886574447155
18,text,0.3,13,random,0.12477115481436402,0.4688829677920866,-0.12697763741016388
18,text,0.3,13,random,0.05792673690744621,0.17425834423931896,-0.06055420637130737
18,text,0.3,13,random,0.0846516799831093,0.22799300704397574,-0.11125881224870682
18,text,0.3,13,random,0.3246367129898492,1.3211083036797855,-0.3435770571231842
18,text,0.3,13,random,0.12546924266076853,0.489730832119348,-0.12588849663734436
18,text,0.3,13,random,0.017202343448212032,-0.057310286246449293,-0.01768653094768524
18,text,0.3,13,random,0.23923749149646883,1.058714910718639,-0.21011827886104584
18,text,0.3,13,random,0.26839610351045534,1.1705415737563825,-0.24359700083732605
18,text,0.3,13,random,0.07481986813882913,0.2439312868911776,-0.07022464275360107
18,text,0.3,13,random,0.16879488433763556,0.6784675077864882,-0.1675834357738495
18,text,0.3,13,random,-0.162764498273251,-0.9628476671498413,0.2540070712566376
18,text,0.3,13,random,0.22852090713866507,1.0126835406941537,-0.2031862884759903
18,text,0.3,13,random,0.29781693937260906,1.3393622167557542,-0.2563008666038513
18,text,0.3,13,random,0.2094236034701762,0.8895939222000618,-0.18781329691410065
18,text,0.3,13,random,0.03903652229418164,0.0767334334644234,-0.042879246175289154
18,text,0.3,13,random,0.3482998234483369,1.472364382355862,-0.3599468767642975
18,text,0.3,13,random,0.05445690879787801,0.17823851819494607,-0.04941869154572487
18,text,0.3,13,random,0.22720106220899916,0.9225066908382723,-0.2248622328042984
18,text,0.3,13,random,0.242912862482913,1.0111926953438064,-0.23478244245052338
18,text,0.3,13,retain_top,-0.22857462360397474,-1.5693240201647987,0.460399329662323
18,audio,0.1,5,top,0.01971353974632395,0.10566059187678112,-0.017859414219856262
18,audio,0.1,5,bottom,-0.022558874993791722,-0.09211996183957982,0.03230781853199005
18,audio,0.1,5,random,0.003993626372304604,0.047176714911960516,0.002245888113975525
18,audio,0.1,5,random,-0.00019855362611487237,0.02173717548543519,0.009409584105014801
18,audio,0.1,5,random,0.0008690238512658599,0.027837391334662565,0.005858272314071655
18,audio,0.1,5,random,0.009732248475620708,0.05462684099697568,-0.009488143026828766
18,audio,0.1,5,random,-0.0008970679132181969,0.006412979245078332,0.0019563138484954834
18,audio,0.1,5,random,0.00959167255952087,0.06390137915091898,-0.0076642706990242004
18,audio,0.1,5,random,0.009267552994030148,0.05257061638226934,-0.009768366813659668
18,audio,0.1,5,random,0.0050271823441617736,0.043237176129252264,-0.0006292462348937988
18,audio,0.1,5,random,-0.010579933047368484,-0.03434739735370662,0.018570952117443085
18,audio,0.1,5,random,-0.010586085810779688,-0.035151561153647926,0.014299966394901276
18,audio,0.1,5,random,0.0018139266893262285,0.03015484525298362,0.007810711860656738
18,audio,0.1,5,random,-0.0058067288315638566,-0.009691554803787361,0.008856609463691711
18,audio,0.1,5,random,0.0018780840825213252,0.031369937957993366,0.0015317872166633606
18,audio,0.1,5,random,0.005612790008850177,0.04575378415000941,0.00011257827281951904
18,audio,0.1,5,random,0.0025391222725875684,0.02158257842815836,0.0008779764175415039
18,audio,0.1,5,random,0.00405681215907816,0.044249665195309595,0.001977674663066864
18,audio,0.1,5,random,0.0030242506628495036,0.03016589068238562,-0.002415962517261505
18,audio,0.1,5,random,0.0007722695910181709,0.01746122957737173,0.002981998026371002
18,audio,0.1,5,random,0.00834801214541403,0.04828552558905308,-0.00894339382648468
18,audio,0.1,5,random,0.0025990978592544955,0.037916686286714296,0.006843701004981995
18,audio,0.1,5,retain_top,0.08678843869938974,0.5193497478738581,-0.02784058451652527
18,audio,0.2,10,top,0.035208915139105734,0.20105591639672893,-0.029596872627735138
18,audio,0.2,10,bottom,-0.028064814445690645,-0.10250556649549514,0.047485530376434326
18,audio,0.2,10,random,0.014966033877980456,0.11060113452379605,-0.007435113191604614
18,audio,0.2,10,random,0.004806392859403097,0.06363735582873131,0.004248045384883881
18,audio,0.2,10,random,0.014881954529982644,0.10142672157840582,-0.014442265033721924
18,audio,0.2,10,random,0.020650861612410587,0.12125011643392358,-0.015550687909126282
18,audio,0.2,10,random,0.01313400893239558,0.09722605749326496,-0.006203606724739075
18,audio,0.2,10,random,0.008670196794498986,0.07093330317312907,-0.0036336779594421387
18,audio,0.2,10,random,0.014502485916250252,0.10705274155987088,-0.007995590567588806
18,audio,0.2,10,random,0.011266953707928518,0.08900345621734473,-0.006166085600852966
18,audio,0.2,10,random,0.011607956001822073,0.07954248521070106,-0.004903629422187805
18,audio,0.2,10,random,0.00020044210802028228,0.03402113448751831,0.007957935333251953
18,audio,0.2,10,random,0.015441667378745527,0.09734684756120693,-0.013529174029827118
18,audio,0.2,10,random,0.012832818678728097,0.09629676152653333,-0.005861803889274597
18,audio,0.2,10,random,0.008567493417466987,0.07028361187716026,-0.0052924007177352905
18,audio,0.2,10,random,0.005015576625060247,0.04859888493324127,-0.0019709616899490356
18,audio,0.2,10,random,0.0054684212866515924,0.06322227834002514,0.004400752484798431
18,audio,0.2,10,random,0.014602973153719279,0.09197589748626556,-0.016352474689483643
18,audio,0.2,10,random,0.005687188845809321,0.06854594697512084,0.0006313025951385498
18,audio,0.2,10,random,0.01064761713391671,0.08064179931610582,-0.0048867687582969666
18,audio,0.2,10,random,0.007484657015049301,0.06213239130943626,-0.004134848713874817
18,audio,0.2,10,random,0.008959209433797466,0.07492865105000368,-0.0032413750886917114
18,audio,0.2,10,retain_top,0.05204917303349099,0.347812930055291,-0.0033626630902290344
18,audio,0.3,15,top,0.05029577445999833,0.29343647751006363,-0.039682455360889435
18,audio,0.3,15,bottom,-0.029713946138880787,-0.09748397834591083,0.05434700846672058
18,audio,0.3,15,random,0.000981603725596969,0.07117029323225865,0.02080501616001129
18,audio,0.3,15,random,0.013037303861825444,0.10953380426123882,-0.005191206932067871
18,audio,0.3,15,random,0.01654454948069506,0.1184276048274916,-0.006367944180965424
18,audio,0.3,15,random,0.009408778985814492,0.09422303370096774,0.002751760184764862
18,audio,0.3,15,random,0.012333931686150379,0.10379198704591042,-0.004834406077861786
18,audio,0.3,15,random,0.014604495075437485,0.11466609050378773,-0.0013064742088317871
18,audio,0.3,15,random,0.012610126934804677,0.1081530390883797,-0.0021971166133880615
18,audio,0.3,15,random,0.008624850240606108,0.10082911829234609,0.002659231424331665
18,audio,0.3,15,random,0.005266228889299174,0.07175582764096744,0.004320934414863586
18,audio,0.3,15,random,0.00030744606294941246,0.056608192455653183,0.01730392873287201
18,audio,0.3,15,random,-0.006559255577916923,0.023527894655560933,0.02001430094242096
18,audio,0.3,15,random,0.010507152332664194,0.09897239965530247,0.0020437240600585938
18,audio,0.3,15,random,0.011834416426343974,0.11327221082203054,0.0016161203384399414
18,audio,0.3,15,random,0.007108502487943258,0.09304589730877222,0.010499358177185059
18,audio,0.3,15,random,0.0077173546911070146,0.08413579050033804,0.0008373409509658813
18,audio,0.3,15,random,0.025245449065921077,0.16519940662585542,-0.017633996903896332
18,audio,0.3,15,random,0.005269554412334343,0.07128556764714045,0.009055718779563904
18,audio,0.3,15,random,0.020571059441853334,0.14707115051427166,-0.013133063912391663
18,audio,0.3,15,random,0.020249959963737463,0.14289050759982003,-0.012119650840759277
18,audio,0.3,15,random,0.008146112031080732,0.08236279287194848,0.005318194627761841
18,audio,0.3,15,retain_top,0.024009027864095644,0.2028597610869356,0.016001805663108826
18,vision,0.1,5,top,0.05312498438665858,0.24422275001294202,-0.06256569921970367
18,vision,0.1,5,bottom,-0.0005279186513695855,0.0020045346869336234,-0.000581100583076477
18,vision,0.1,5,random,0.00345921156014084,0.01827678356988205,-0.004560686647891998
18,vision,0.1,5,random,0.005542333224353491,0.031156029946491026,-0.007643498480319977
18,vision,0.1,5,random,0.0076649690807687465,0.04713507170074749,-0.006479963660240173
18,vision,0.1,5,random,0.011494514095166553,0.05820073221681621,-0.01483502984046936
18,vision,0.1,5,random,0.010789859196761231,0.06221246561778215,-0.01135137677192688
18,vision,0.1,5,random,0.02435624661343272,0.11857787224929195,-0.02997298538684845
18,vision,0.1,5,random,0.011916820063246125,0.05839675567940472,-0.0169769749045372
18,vision,0.1,5,random,0.029859504937209902,0.14212099596314964,-0.035046517848968506
18,vision,0.1,5,random,0.013447696906800144,0.07058574432024656,-0.01602846384048462
18,vision,0.1,5,random,0.0031826529755214494,0.018536300355714075,-0.004950731992721558
18,vision,0.1,5,random,0.013374342117158267,0.06926972239910878,-0.014931350946426392
18,vision,0.1,5,random,0.043464603835425275,0.20496723479188017,-0.051079850643873215
18,vision,0.1,5,random,0.002581973108951474,0.01919846163432304,-0.0029920190572738647
18,vision,0.1,5,random,0.0065328489987247496,0.04145523302424092,-0.0064355432987213135
18,vision,0.1,5,random,0.003965241073561776,0.023005191400303326,-0.005191132426261902
18,vision,0.1,5,random,0.003992009607439839,0.025181666088268773,-0.005867518484592438
18,vision,0.1,5,random,0.0060579591438568725,0.03524053163139529,-0.005536258220672607
18,vision,0.1,5,random,0.01997330966472577,0.09847246623520112,-0.025430895388126373
18,vision,0.1,5,random,0.004884412464265964,0.029631609071107956,-0.005333147943019867
18,vision,0.1,5,random,0.023439931545048864,0.1134146292871524,-0.027459904551506042
18,vision,0.1,5,retain_top,0.09511716761683897,0.48263420511633803,-0.10809742659330368
18,vision,0.2,10,top,0.07079764690796414,0.3364751385928877,-0.08135715126991272
18,vision,0.2,10,bottom,0.0016501116422040774,0.01879166572929447,-0.004473298788070679
18,vision,0.2,10,random,0.01896606883432861,0.09912587606793988,-0.025740593671798706
18,vision,0.2,10,random,0.01510700877798421,0.08518374377781956,-0.01582525670528412
18,vision,0.2,10,random,0.007937692729622303,0.049763460693513895,-0.009994857013225555
18,vision,0.2,10,random,0.025107753744507688,0.12801413915892224,-0.029500044882297516
18,vision,0.2,10,random,0.010339895447795122,0.06257180121589734,-0.01310722529888153
18,vision,0.2,10,random,0.011404513761547386,0.068287246060588,-0.01352614164352417
18,vision,0.2,10,random,0.010477556057093107,0.060776332644471576,-0.014006063342094421
18,vision,0.2,10,random,0.013974303600613469,0.07570311666745444,-0.019927792251110077
18,vision,0.2,10,random,0.016158056397530762,0.0873349209943659,-0.01986035704612732
18,vision,0.2,10,random,0.02022581861294237,0.10495483708729125,-0.02525933086872101
18,vision,0.2,10,random,0.028689752896234877,0.14305795955996614,-0.03601892292499542
18,vision,0.2,10,random,0.016062343145396007,0.09224431189582072,-0.01746007800102234
18,vision,0.2,10,random,0.017494662391186355,0.09760058619850509,-0.020788557827472687
18,vision,0.2,10,random,0.018247680542447742,0.09957917787774406,-0.020830407738685608
18,vision,0.2,10,random,0.01573582608479218,0.09351423770417944,-0.016112953424453735
18,vision,0.2,10,random,0.014674094270264115,0.07537892988924544,-0.018435001373291016
18,vision,0.2,10,random,0.017188775935336964,0.08845394460679945,-0.023503482341766357
18,vision,0.2,10,random,0.010750745885583446,0.06366117457762122,-0.012362807989120483
18,vision,0.2,10,random,0.01582002685751871,0.08413764900552112,-0.019495293498039246
18,vision,0.2,10,random,0.02498729437238789,0.13108022734061642,-0.02915331721305847
18,vision,0.2,10,retain_top,0.06719087012592473,0.3503497942845829,-0.07824423164129257
18,vision,0.3,15,top,0.08187619426709036,0.398474349025827,-0.09122604131698608
18,vision,0.3,15,bottom,0.006108575211881462,0.044456213982655535,-0.010278820991516113
18,vision,0.3,15,random,0.04903245728997063,0.24613146958822152,-0.059227075427770615
18,vision,0.3,15,random,0.026957850098845215,0.14472285270498042,-0.03303129971027374
18,vision,0.3,15,random,0.05105970922555425,0.2512992899705049,-0.06060658395290375
18,vision,0.3,15,random,0.016842484402997182,0.09236991449096965,-0.02334773540496826
18,vision,0.3,15,random,0.041813305012290636,0.20630615549727116,-0.048887044191360474
18,vision,0.3,15,random,0.03412290756298919,0.1779232747439955,-0.03858615458011627
18,vision,0.3,15,random,0.023900980264371263,0.12894377370037524,-0.030251100659370422
18,vision,0.3,15,random,0.04866235408476216,0.24066697197417075,-0.058337852358818054
18,vision,0.3,15,random,0.04299217110059572,0.21898606425834777,-0.05049335956573486
18,vision,0.3,15,random,0.022669279996547886,0.1217986883165818,-0.027638234198093414
18,vision,0.3,15,random,0.024528290198621017,0.1293075197132696,-0.027828827500343323
18,vision,0.3,15,random,0.057663683562877543,0.27858754523135565,-0.07032087445259094
18,vision,0.3,15,random,0.017197576135703163,0.09776886055035816,-0.02037835121154785
18,vision,0.3,15,random,0.04329805131250564,0.21962680095156395,-0.05260077491402626
18,vision,0.3,15,random,0.06082529511096957,0.29812162980984347,-0.06986919045448303
18,vision,0.3,15,random,0.05590086167540298,0.2722601536666098,-0.06814048439264297
18,vision,0.3,15,random,0.01794250023741306,0.10382648159375274,-0.021932393312454224
18,vision,0.3,15,random,0.030020289790630317,0.15781107972727781,-0.0356442928314209
18,vision,0.3,15,random,0.020719781833758777,0.11470803684959752,-0.030312292277812958
18,vision,0.3,15,random,0.03590833762558354,0.1792504313253539,-0.04664146155118942
18,vision,0.3,15,retain_top,0.04726328395873869,0.2503164499511181,-0.05962473899126053
19,text,0.1,4,top,0.43288474891089784,2.2157441815780445,1.0602711737155914
19,text,0.1,4,bottom,-0.17112230061508138,-1.2465862196124495,-0.4022536277770996
19,text,0.1,4,random,-0.11403815397905193,-0.7914548759398892,-0.2398984432220459
19,text,0.1,4,random,-0.030204721000178902,-0.1450093486421966,-0.06722122430801392
19,text,0.1,4,random,0.11723192623888423,0.549375704898866,0.29589003324508667
19,text,0.1,4,random,-0.03630136765265535,-0.2404726399820365,-0.0617823600769043
19,text,0.1,4,random,-0.05073918752635509,-0.24706344294169047,-0.12217509746551514
19,text,0.1,4,random,-0.030780351103635417,-0.10188517928045515,-0.09116309881210327
19,text,0.1,4,random,0.006223456707330488,0.027743232016841923,0.05237424373626709
19,text,0.1,4,random,-0.0365850954773842,-0.13937428017386377,-0.10287606716156006
19,text,0.1,4,random,0.18262996973700368,0.9013285425391682,0.40118902921676636
19,text,0.1,4,random,-0.08412491029283442,-0.5639265876024269,-0.16244924068450928
19,text,0.1,4,random,-0.03717283684287431,-0.21012594706758003,-0.07697516679763794
19,text,0.1,4,random,-0.05590452011295066,-0.2440697975232078,-0.14764761924743652
19,text,0.1,4,random,-0.09346096950945193,-0.539189607822048,-0.21814560890197754
19,text,0.1,4,random,-0.046380695656471294,-0.21693792840067605,-0.10969072580337524
19,text,0.1,4,random,0.12105495753856488,0.5873238669784511,0.30126655101776123
19,text,0.1,4,random,-0.11287867296209897,-0.6990741021015232,-0.26544666290283203
19,text,0.1,4,random,0.037087171229055915,0.21109906694151737,0.08146536350250244
19,text,0.1,4,random,0.15061005796076837,0.7950965571370826,0.313135027885437
19,text,0.1,4,random,0.08897953515605417,0.5050069875183185,0.17338693141937256
19,text,0.1,4,random,0.011510560994989039,0.11118243081348567,0.012702107429504395
19,text,0.1,4,retain_top,-0.058988483076010234,-0.746291417581274,-0.033445894718170166
19,text,0.2,8,top,0.41198604396843586,2.084969897755577,1.0221704244613647
19,text,0.2,8,bottom,-0.1936029445366162,-1.4111667569296824,-0.49436092376708984
19,text,0.2,8,random,0.1854110737305057,0.875193178568683,0.44782084226608276
19,text,0.2,8,random,0.29394389012202643,1.4417460838076361,0.6534251570701599
19,text,0.2,8,random,-0.002442186245845579,0.07003963790445611,-0.02623617649078369
19,text,0.2,8,random,-0.09320933636696005,-0.523618605330644,-0.2175823450088501
19,text,0.2,8,random,0.2322550845508694,1.152019986648254,0.5057871639728546
19,text,0.2,8,random,0.42168507076225825,2.1514985799054083,1.0335828959941864
19,text,0.2,8,random,-0.09562560752400395,-0.4802759038807227,-0.25290489196777344
19,text,0.2,8,random,-0.07699214561951917,-0.48001119214680044,-0.1424880027770996
19,text,0.2,8,random,0.004645747193324223,0.034735783740294846,0.048156023025512695
19,text,0.2,8,random,-0.14553944708991706,-0.848101449331401,-0.4084814786911011
19,text,0.2,8,random,-0.08141588323136928,-0.6923030877826608,-0.07892918586730957
19,text,0.2,8,random,-0.08578449564026047,-0.7041819719781037,-0.12400037050247192
19,text,0.2,8,random,-0.01117871027409012,-0.09935664809873512,-0.004348278045654297
19,text,0.2,8,random,0.13787260595295497,0.6884545659407033,0.33253014087677
19,text,0.2,8,random,-0.11675124772652057,-0.6783265097241993,-0.2881934642791748
19,text,0.2,8,random,0.06817109133717358,0.16720589534522556,0.21957147121429443
19,text,0.2,8,random,-0.13523715706221728,-0.9598336809198849,-0.3062710762023926
19,text,0.2,8,random,-0.07934321043456105,-0.5651045637865435,-0.12268257141113281
19,text,0.2,8,random,-0.08868835784388018,-0.662808278712828,-0.1414015293121338
19,text,0.2,8,random,-0.07028298974966973,-0.40888210641476097,-0.13561558723449707
19,text,0.2,8,retain_top,-0.13314473194272614,-1.0051211031925413,-0.2692441940307617
19,text,0.3,11,top,0.42521633678334675,2.1736936630800274,1.0870932936668396
19,text,0.3,11,bottom,-0.1918295643975959,-1.4062810943920951,-0.4807748794555664
19,text,0.3,11,random,-0.08766813482257196,-0.6232899086459647,-0.1439530849456787
19,text,0.3,11,random,-0.12169657604436157,-0.8312380597553537,-0.2704581022262573
19,text,0.3,11,random,-0.10306346275190925,-0.5755197226653557,-0.2497156858444214
19,text,0.3,11,random,-0.12539834729031785,-0.6767541579605516,-0.35416746139526367
19,text,0.3,11,random,-0.030278682423836578,-0.14997931844833734,-0.018352508544921875
19,text,0.3,11,random,0.10995106414956168,0.6647205147234513,0.1780531406402588
19,text,0.3,11,random,-0.03190642557883161,-0.08796557772501745,-0.12469851970672607
19,text,0.3,11,random,-0.12762853240299565,-1.1025462853231798,-0.19393658638000488
19,text,0.3,11,random,-0.06715336476485179,-0.33122313438493456,-0.14382708072662354
19,text,0.3,11,random,-0.16006831222672302,-0.9996708636339149,-0.4196735620498657
19,text,0.3,11,random,-0.12696502704497492,-0.9130962872612887,-0.2536449432373047
19,text,0.3,11,random,0.19048766354156088,1.0078224033707432,0.3948827087879181
19,text,0.3,11,random,-0.0496328846444799,-0.4135771083676969,-0.06218767166137695
19,text,0.3,11,random,-0.14290077112200805,-1.0855255592603839,-0.2810187339782715
19,text,0.3,11,random,0.011785809684702664,0.052831421590661565,0.052112579345703125
19,text,0.3,11,random,0.052200957732822295,0.34345468359356346,0.08983677625656128
19,text,0.3,11,random,-0.18700516933926692,-1.2589494056377937,-0.5023959875106812
19,text,0.3,11,random,-0.1538388628752867,-1.21977149708431,-0.31009185314178467
19,text,0.3,11,random,-0.12005706940609595,-0.7590577474763676,-0.26663005352020264
19,text,0.3,11,random,-0.1665179024203195,-1.1210224897404661,-0.4300999641418457
19,text,0.3,11,retain_top,-0.13847856149693238,-1.1043366592805566,-0.2532830238342285
19,audio,0.1,4,top,0.01199293250063127,0.07375138827794192,0.027967453002929688
19,audio,0.1,4,bottom,-0.02743731309343367,-0.1299792366959105,-0.06781476736068726
19,audio,0.1,4,random,-0.000503916082739142,0.004383346166300539,0.005395174026489258
19,audio,0.1,4,random,-0.012878167484214997,-0.06450438106027401,-0.022864937782287598
19,audio,0.1,4,random,-0.009222258166400987,-0.0445525974488854,-0.01556849479675293
19,audio,0.1,4,random,-0.0006381931454690903,0.0026341707932695524,0.004486799240112305
19,audio,0.1,4,random,-0.004090799130807898,-0.02065329664493054,0.0015317797660827637
19,audio,0.1,4,random,-0.0019360781343642497,0.004652496186691613,-0.007678806781768799
19,audio,0.1,4,random,-0.0035888762132522123,-0.009392156055081147,-0.003942131996154785
19,audio,0.1,4,random,-0.005448529564837878,-0.026764763955397175,-0.007148385047912598
19,audio,0.1,4,random,-0.013902925608527794,-0.06323743374778301,-0.03176760673522949
19,audio,0.1,4,random,0.00012167814549479683,0.006823197117575841,0.007272660732269287
19,audio,0.1,4,random,-0.00846011249328904,-0.038567668561872104,-0.013301730155944824
19,audio,0.1,4,random,-0.011854520277204128,-0.050858068837035586,-0.02460002899169922
19,audio,0.1,4,random,0.002317411298877081,0.025406010558104875,0.0029907822608947754
19,audio,0.1,4,random,-0.008548493833300586,-0.033319637673550506,-0.02133345603942871
19,audio,0.1,4,random,-0.00014681277235017998,0.00846238940463806,0.0008978843688964844
19,audio,0.1,4,random,-0.009433029428804307,-0.03803500682055261,-0.020912230014801025
19,audio,0.1,4,random,-0.0064060097576522645,-0.018656962496093055,-0.014857470989227295
19,audio,0.1,4,random,-0.0013854716838711534,-0.0045733196412119925,0.0005563497543334961
19,audio,0.1,4,random,0.0009543311418153122,0.00869166834678936,0.007787108421325684
19,audio,0.1,4,random,-0.004606427126494839,-0.012817849939666282,-0.01011127233505249
19,audio,0.1,4,retain_top,-0.06178638694096261,-0.30550517889586826,-0.09749037027359009
19,audio,0.2,8,top,0.017305240766945618,0.10801258982864348,0.04059398174285889
19,audio,0.2,8,bottom,-0.03941685519947902,-0.18770154704694142,-0.09039074182510376
19,audio,0.2,8,random,-0.026063311032581415,-0.11815459820942364,-0.05787062644958496
19,audio,0.2,8,random,-0.011514914237931495,-0.03884993484981636,-0.02304232120513916
19,audio,0.2,8,random,-0.01709733175082051,-0.07335720366087006,-0.026450514793395996
19,audio,0.2,8,random,-0.012351021175095012,-0.05465299044433314,-0.011075317859649658
19,audio,0.2,8,random,-0.009093385599146298,-0.03227174901900076,-0.015407919883728027
19,audio,0.2,8,random,-0.015270190329215616,-0.059020517170625064,-0.022698283195495605
19,audio,0.2,8,random,-0.017721115179707203,-0.07957818580282816,-0.036876559257507324
19,audio,0.2,8,random,-0.012196399620775455,-0.05207353410061244,-0.02209991216659546
19,audio,0.2,8,random,-0.016915246501816084,-0.0750755259713709,-0.029706120491027832
19,audio,0.2,8,random,0.002813979978366299,0.027794253804734992,0.010825753211975098
19,audio,0.2,8,random,-0.018430254264104495,-0.0758411498033742,-0.03574186563491821
19,audio,0.2,8,random,-0.0054080195976338175,-0.012476290577461802,-0.005290210247039795
19,audio,0.2,8,random,0.002015296596829197,0.025216270669698115,0.017293095588684082
19,audio,0.2,8,random,-0.011630529154167957,-0.043499413485051375,-0.02475714683532715
19,audio,0.2,8,random,0.00025872291058059993,0.01286447411666436,0.010668337345123291
19,audio,0.2,8,random,-0.0020722553429622925,-0.0040550027903230035,0.006550252437591553
19,audio,0.2,8,random,-0.011157713482590315,-0.037865543861303586,-0.023798882961273193
19,audio,0.2,8,random,-0.011425777538035309,-0.04955681682270319,-0.010961353778839111
19,audio,0.2,8,random,-0.013995604296507147,-0.05654507339905024,-0.029328763484954834
19,audio,0.2,8,random,-0.013806245445342036,-0.053168621759345225,-0.03154820203781128
19,audio,0.2,8,retain_top,-0.06186376076886624,-0.3079677966581782,-0.1017807126045227
19,audio,0.3,12,top,0.020186241863970444,0.12324751002842449,0.04968464374542236
19,audio,0.3,12,bottom,-0.046790717191699915,-0.22114171096083224,-0.10616481304168701
19,audio,0.3,12,random,-0.009717765272198808,-0.032169934197967764,-0.002766132354736328
19,audio,0.3,12,random,-0.009672536810291787,-0.04339760097045142,-0.00518798828125
19,audio,0.3,12,random,-0.008491897391599612,-0.02128994795095296,-0.006361603736877441
19,audio,0.3,12,random,-0.02063464114427538,-0.08561961792307438,-0.029535412788391113
19,audio,0.3,12,random,-0.016250369787887742,-0.06521646450321938,-0.023722589015960693
19,audio,0.3,12,random,-0.003021038957336186,0.0037608671658007076,0.004834651947021484
19,audio,0.3,12,random,-0.014779140506507082,-0.056782023205786736,-0.02201765775680542
19,audio,0.3,12,random,0.002735040528095478,0.03104481683182514,0.02279496192932129
19,audio,0.3,12,random,-0.017193064312267525,-0.06143811819660994,-0.03833127021789551
19,audio,0.3,12,random,-0.01685876376161921,-0.06324288438727677,-0.02409917116165161
19,audio,0.3,12,random,-0.010820244667885004,-0.03012099301255078,-0.019443869590759277
19,audio,0.3,12,random,-0.023218517051365684,-0.09599065572539711,-0.04369401931762695
19,audio,0.3,12,random,-0.02304392461621607,-0.08595507539666492,-0.0459979772567749
19,audio,0.3,12,random,-0.014263558346302663,-0.06640200209079317,-0.014338374137878418
19,audio,0.3,12,random,-0.015486174615965465,-0.07302675299671935,-0.017057836055755615
19,audio,0.3,12,random,-0.010099479693051916,-0.040899625102766235,-0.007697463035583496
19,audio,0.3,12,random,-0.005815567450585313,-0.012771456693456251,0.0004731416702270508
19,audio,0.3,12,random,-0.01653974477981457,-0.07234833988946932,-0.01836758852005005
19,audio,0.3,12,random,-0.014390409160632944,-0.05026107588234918,-0.014899373054504395
19,audio,0.3,12,random,-0.014567893713040125,-0.04916295732641274,-0.02462780475616455
19,audio,0.3,12,retain_top,-0.06124895874383818,-0.2999301743362901,-0.10545766353607178
19,vision,0.1,4,top,0.0062369102598560655,0.03152931716457752,0.012753069400787354
19,vision,0.1,4,bottom,-0.017341152190531894,-0.10065953681427797,-0.04162752628326416
19,vision,0.1,4,random,-0.0031453695312017027,-0.016790147560746038,-0.010753095149993896
19,vision,0.1,4,random,4.4454021552953193e-05,0.005040244042434194,-0.005640923976898193
19,vision,0.1,4,random,-0.005700139554175365,-0.026974536080105027,-0.02032339572906494
19,vision,0.1,4,random,8.00240763965121e-05,0.0028854784535898848,-0.0052918195724487305
19,vision,0.1,4,random,-0.0005976486853911389,-0.0006084248185945773,-0.0068149566650390625
19,vision,0.1,4,random,-0.006428216876497306,-0.036366120352024245,-0.019156455993652344
19,vision,0.1,4,random,-0.0046152832086487905,-0.023050844073774224,-0.015978634357452393
19,vision,0.1,4,random,0.0030329152076804533,0.01743214850388164,0.003070235252380371
19,vision,0.1,4,random,0.0036337602583702555,0.021065160172110575,0.003882467746734619
19,vision,0.1,4,random,-0.009823096673124643,-0.05588223604726861,-0.02430349588394165
19,vision,0.1,4,random,-0.0005413091868781139,-0.003413335275948226,-0.00534212589263916
19,vision,0.1,4,random,-0.0007608049710232656,-0.0013919449944268525,-0.007714390754699707
19,vision,0.1,4,random,-0.0004567028701001341,-0.0032602528791173535,-0.003527522087097168
19,vision,0.1,4,random,0.0019118170745073826,0.013571327743459705,-0.0005830526351928711
19,vision,0.1,4,random,-0.01259720951416754,-0.06969814424276422,-0.032332420349121094
19,vision,0.1,4,random,-0.003209726151218284,-0.014796355276148754,-0.012896835803985596
19,vision,0.1,4,random,-0.0002614665891269574,0.0011488318009909015,-0.004752755165100098
19,vision,0.1,4,random,0.0016801793944933863,0.011784620621561936,-0.0015055537223815918
19,vision,0.1,4,random,3.19076370025595e-05,0.0035272396204411027,-0.005646944046020508
19,vision,0.1,4,random,0.0024689505678344714,0.01489233426829506,0.0018984675407409668
19,vision,0.1,4,retain_top,-0.026922713748488203,-0.13216723788015972,-0.08801090717315674
19,vision,0.2,8,top,0.011553925895412931,0.05975428579240705,0.022482633590698242
19,vision,0.2,8,bottom,-0.025874267902550097,-0.1436611279291653,-0.06745302677154541
19,vision,0.2,8,random,-0.0005176393712530425,-0.0025466798416609038,-0.008589088916778564
19,vision,0.2,8,random,0.0028007213276691756,0.015915116871968005,-0.000954747200012207
19,vision,0.2,8,random,0.0017956103078605734,0.011501921443158869,-0.0016610026359558105
19,vision,0.2,8,random,-0.0024772862017300445,-0.010013587821630976,-0.013868868350982666
19,vision,0.2,8,random,-0.003313050733355194,-0.017907971534085076,-0.014523923397064209
19,vision,0.2,8,random,-0.0006937400589791531,-0.0015824428662698509,-0.008552491664886475
19,vision,0.2,8,random,0.00035425501447072794,0.005785365783369523,-0.006683170795440674
19,vision,0.2,8,random,-0.0011957328439776704,-0.0005665699000345636,-0.01231527328491211
19,vision,0.2,8,random,-0.010687580723411472,-0.06344930924727443,-0.029520511627197266
19,vision,0.2,8,random,-0.0012526249262786449,-0.0010081316738626,-0.01162809133529663
19,vision,0.2,8,random,0.003116055232117665,0.016195389608137822,0.00042188167572021484
19,vision,0.2,8,random,-0.003636319205375771,-0.010838893884436818,-0.01796436309814453
19,vision,0.2,8,random,-0.000305128682436262,0.0007393173810521514,-0.009323596954345703
19,vision,0.2,8,random,-0.0019128809766498778,-0.00735151832145986,-0.012051045894622803
19,vision,0.2,8,random,-0.003939449300505049,-0.013548959459806054,-0.019436001777648926
19,vision,0.2,8,random,-0.00367414561338697,-0.015111271670293913,-0.015849709510803223
19,vision,0.2,8,random,0.004741687228974056,0.028032841119400187,0.0012879371643066406
19,vision,0.2,8,random,-0.006702569366523248,-0.030823028026531807,-0.02608853578567505
19,vision,0.2,8,random,-0.005433526889380702,-0.029789602281855232,-0.020057320594787598
19,vision,0.2,8,random,-0.0016368746402032341,-0.006484882596965114,-0.011901617050170898
19,vision,0.2,8,retain_top,-0.03398748448169542,-0.1720435802892506,-0.10481297969818115
19,vision,0.3,12,top,0.01393414032196938,0.07752600804324095,0.023756027221679688
19,vision,0.3,12,bottom,-0.030827989785618515,-0.1716515263421996,-0.0811917781829834
19,vision,0.3,12,random,-0.013142331668618112,-0.06621758061222516,-0.04412740468978882
19,vision,0.3,12,random,0.0028827163847980897,0.021323139919926404,-0.00437849760055542
19,vision,0.3,12,random,-0.010044598329710608,-0.050931918633482676,-0.03437650203704834
19,vision,0.3,12,random,-0.010825052018533787,-0.05309927583790108,-0.03920018672943115
19,vision,0.3,12,random,-0.018173661281064457,-0.09736123019330845,-0.052910685539245605
19,vision,0.3,12,random,-0.011026166894042455,-0.05519475878796554,-0.03629022836685181
19,vision,0.3,12,random,-0.0017560817995282418,-0.005695829366330507,-0.016875743865966797
19,vision,0.3,12,random,0.0016891918832661057,0.016560049056370874,-0.009065985679626465
19,vision,0.3,12,random,0.00315323355236119,0.02436713688627279,-0.00488889217376709
19,vision,0.3,12,random,-0.011557822145331298,-0.05572133350620079,-0.040194809436798096
19,vision,0.3,12,random,-0.006870628260065015,-0.031756199521572714,-0.026996731758117676
19,vision,0.3,12,random,0.0010363842444631732,0.010401837018765958,-0.007997334003448486
19,vision,0.3,12,random,-0.0013094358871451606,-0.0003747782124201571,-0.014322280883789062
19,vision,0.3,12,random,-0.0016751594753195986,-0.010792124923320046,-0.01047658920288086
19,vision,0.3,12,random,-0.011435719896411789,-0.06607831123400909,-0.033150434494018555
19,vision,0.3,12,random,-0.004139356215847156,-0.020599678164588076,-0.019619107246398926
19,vision,0.3,12,random,-0.007253802092591299,-0.03620413484515583,-0.03056621551513672
19,vision,0.3,12,random,-0.008524264360138423,-0.040528892057430044,-0.031421959400177
19,vision,0.3,12,random,-0.01127712982574336,-0.05869503217876182,-0.03875678777694702
19,vision,0.3,12,random,-0.013153275053004232,-0.07167161507607045,-0.04021167755126953
19,vision,0.3,12,retain_top,-0.03512855570844142,-0.18424258281708972,-0.10523778200149536
20,text,0.1,5,top,0.07141215913529075,0.4575235590010691,0.243730366230011
20,text,0.1,5,bottom,-0.030224188996189283,-0.30666547619410345,-0.2198495864868164
20,text,0.1,5,random,0.02088377247193418,0.13959541016158483,0.07369959354400635
20,text,0.1,5,random,0.024276541488096215,0.16855358778603646,0.09577596187591553
20,text,0.1,5,random,0.002681847909861479,0.005868420933564655,-0.006377696990966797
20,text,0.1,5,random,-0.004997056405752098,-0.05396125535958074,-0.03760552406311035
20,text,0.1,5,random,0.028956329869687103,0.19226368234746083,0.10029351711273193
20,text,0.1,5,random,0.010576289774122727,0.05735797269807352,0.024058938026428223
20,text,0.1,5,random,-0.0018124771713263765,-0.026843706237571485,-0.020437955856323242
20,text,0.1,5,random,-0.005434708636664509,-0.0629001851769746,-0.04756808280944824
20,text,0.1,5,random,0.003371850376269747,0.0192059224080805,0.010849595069885254
20,text,0.1,5,random,0.018323562138658267,0.1143338149627886,0.057942748069763184
20,text,0.1,5,random,0.03185980275881617,0.20920782608645272,0.10875225067138672
20,text,0.1,5,random,0.013397185277634893,0.0836395552950362,0.045926570892333984
20,text,0.1,5,random,-0.008177039836983035,-0.09863334098135601,-0.07429611682891846
20,text,0.1,5,random,-0.012823598573808548,-0.12373425894444323,-0.08694684505462646
20,text,0.1,5,random,0.017460507418934013,0.1158669694287866,0.059581756591796875
20,text,0.1,5,random,0.009307268169483351,0.06150711710585677,0.03106212615966797
20,text,0.1,5,random,0.012788451260244416,0.08095354436957658,0.041671156883239746
20,text,0.1,5,random,0.031845620588699664,0.21153982142797711,0.11458230018615723
20,text,0.1,5,random,0.00027997565395199153,-0.014466462031481608,-0.01620495319366455
20,text,0.1,5,random,0.0072831474374176475,0.03968068046986217,0.0076863765716552734
20,text,0.1,5,retain_top,0.0882521333701981,0.09847174881067278,0.03607761859893799
20,text,0.2,9,top,0.11189621695482277,0.6611291749435058,0.3193483352661133
20,text,0.2,9,bottom,-0.031698571188180424,-0.34142217073460923,-0.2543323040008545
20,text,0.2,9,random,0.03270364117429714,0.21163295602260979,0.11112397909164429
20,text,0.2,9,random,0.007315731954650406,0.02387166575348232,0.0010391473770141602
20,text,0.2,9,random,0.05290051175221777,0.33930060881292534,0.17596513032913208
20,text,0.2,9,random,0.06055253464733634,0.3821448610334677,0.19446009397506714
20,text,0.2,9,random,0.029155733460703548,0.18535598835565215,0.09759104251861572
20,text,0.2,9,random,-0.004939451322652166,-0.09275178605178858,-0.0737990140914917
20,text,0.2,9,random,0.04706726288046137,0.28627273005558695,0.14368373155593872
20,text,0.2,9,random,0.0437677887068072,0.2745376539102993,0.14521241188049316
20,text,0.2,9,random,-0.0023264132654661207,-0.07083912893255429,-0.06732833385467529
20,text,0.2,9,random,0.04014090482630506,0.22101258689335235,0.09449374675750732
20,text,0.2,9,random,0.003038008444623319,-0.013505753529823084,-0.02834761142730713
20,text,0.2,9,random,0.0032601957085361954,-0.006484189241502847,-0.015827298164367676
20,text,0.2,9,random,0.0007715747051889599,-0.04311836008587622,-0.04789721965789795
20,text,0.2,9,random,0.04457823567606556,0.2831587352386553,0.14172983169555664
20,text,0.2,9,random,0.018125113703552298,0.1078482116202315,0.04841458797454834
20,text,0.2,9,random,0.020085175827293633,0.09895394257291401,0.03907883167266846
20,text,0.2,9,random,0.03482261111971918,0.23150206895420444,0.1175692081451416
20,text,0.2,9,random,0.008508916171876435,0.04748463654112656,0.015915751457214355
20,text,0.2,9,random,0.014210618387756835,0.07469835642245126,0.027537226676940918
20,text,0.2,9,random,-0.0030810004540569036,-0.05844637195981761,-0.05015707015991211
20,text,0.2,9,retain_top,0.03494489127992295,-0.1175513805862316,-0.1161123514175415
20,text,0.3,13,top,0.13230907888591592,0.7462607977658211,0.34046757221221924
20,text,0.3,13,bottom,-0.028906786868149403,-0.33902025219412124,-0.2553936243057251
20,text,0.3,13,random,0.05335628062937947,0.32022586341993753,0.15183788537979126
20,text,0.3,13,random,0.015877878674054102,0.07126480916642142,0.025595784187316895
20,text,0.3,13,random,-0.002054038290116633,-0.0731374718289226,-0.06672108173370361
20,text,0.3,13,random,-0.010639253587553799,-0.16616626198459805,-0.1289815902709961
20,text,0.3,13,random,0.1063277479148973,0.6031653433249831,0.28025782108306885
20,text,0.3,13,random,0.02742062076353491,0.15486928441360392,0.06719982624053955
20,text,0.3,13,random,0.016057608416837676,0.07185799450928343,0.024558186531066895
20,text,0.3,13,random,0.00960174370262612,0.009457945856289784,-0.025267958641052246
20,text,0.3,13,random,0.003647806491927086,-0.02114730842806911,-0.03571617603302002
20,text,0.3,13,random,0.019450286714713827,0.10262310264554109,0.04560387134552002
20,text,0.3,13,random,0.07827708475286577,0.46658420208039963,0.22187775373458862
20,text,0.3,13,random,0.020187351363164963,0.09771222892585696,0.03460681438446045
20,text,0.3,13,random,0.02663922319169676,0.13433768608273655,0.049362778663635254
20,text,0.3,13,random,0.003921514759720801,-0.02740811248756403,-0.047213196754455566
20,text,0.3,13,random,0.029358588531720797,0.1702401453843574,0.08223950862884521
20,text,0.3,13,random,0.014944236216345996,0.0675533883154964,0.01808321475982666
20,text,0.3,13,random,0.001751217121498172,-0.054560355275746986,-0.06058824062347412
20,text,0.3,13,random,0.0255006439907145,0.14228493803143794,0.06443440914154053
20,text,0.3,13,random,0.02963918421173861,0.1680748559201879,0.07458627223968506
20,text,0.3,13,random,0.017570630341332327,0.08054538816196222,0.026939034461975098
20,text,0.3,13,retain_top,0.017315907954444598,-0.1567852189100325,-0.1457052230834961
20,audio,0.1,5,top,0.001555798381532525,0.016024899009127624,0.019046902656555176
20,audio,0.1,5,bottom,-0.008739536791188662,-0.06640780072240937,-0.03240549564361572
20,audio,0.1,5,random,-0.0027952270009958813,-0.014368250783574954,0.0004885196685791016
20,audio,0.1,5,random,-0.0023131098824862306,-0.014282007760881399,0.0005766153335571289
20,audio,0.1,5,random,-0.0028403923673249176,-0.018764658709365722,-0.00246584415435791
20,audio,0.1,5,random,-0.003999303017431899,-0.026268591176417777,-0.005577683448791504
20,audio,0.1,5,random,-0.003480330184432834,-0.020299471587621687,-0.004255890846252441
20,audio,0.1,5,random,-0.006787710816550829,-0.05057068703910339,-0.02370607852935791
20,audio,0.1,5,random,-0.0029851147117202492,-0.019530916980998292,-0.003883957862854004
20,audio,0.1,5,random,-0.006171817498872634,-0.044690712757724294,-0.017741680145263672
20,audio,0.1,5,random,-0.0026180123792577392,-0.016217208927068905,-0.0018516778945922852
20,audio,0.1,5,random,-0.001632234399356225,-0.008250216595691917,0.00513613224029541
20,audio,0.1,5,random,-0.003094279203859185,-0.01976501791275198,-0.002783656120300293
20,audio,0.1,5,random,-0.0033158077393935503,-0.021829461478189538,-0.004540562629699707
20,audio,0.1,5,random,-0.003977727444412493,-0.02776109967364193,-0.008846879005432129
20,audio,0.1,5,random,-0.003049424801397027,-0.018180002701975617,-0.001526951789855957
20,audio,0.1,5,random,-0.0021277944009039373,-0.013360361355637007,0.000821232795715332
20,audio,0.1,5,random,-0.003979134658555039,-0.026145380505333327,-0.006987452507019043
20,audio,0.1,5,random,-0.006260353612429159,-0.045196153871858824,-0.019251227378845215
20,audio,0.1,5,random,-0.0017417207876038177,-0.00933035478911215,0.003974437713623047
20,audio,0.1,5,random,-0.0023547431493684545,-0.011548321244501336,0.0008099079132080078
20,audio,0.1,5,random,-0.0024870143107142972,-0.015456038467491773,-0.0004595518112182617
20,audio,0.1,5,retain_top,-0.01436691610662899,-0.14572439352335742,-0.05425107479095459
20,audio,0.2,9,top,0.001582147165485659,0.018268309728587173,0.02710402011871338
20,audio,0.2,9,bottom,-0.014043298115490654,-0.10907498762117562,-0.051917195320129395
20,audio,0.2,9,random,-0.0036266537995156556,-0.023323107472703386,-0.0005096197128295898
20,audio,0.2,9,random,-0.007299986348057286,-0.04756963547782056,-0.014003753662109375
20,audio,0.2,9,random,-0.004741535365341609,-0.02847612780252029,-0.004032611846923828
20,audio,0.2,9,random,-0.007517912916464864,-0.052822717706086264,-0.016803860664367676
20,audio,0.2,9,random,-0.005680334479066018,-0.037579074580892824,-0.008179545402526855
20,audio,0.2,9,random,-0.006555453450935,-0.04638980936077619,-0.011501431465148926
20,audio,0.2,9,random,-0.007077460782839773,-0.051848810951387936,-0.0184173583984375
20,audio,0.2,9,random,-0.007276935716756472,-0.05138084004783616,-0.015404939651489258
20,audio,0.2,9,random,-0.0057342525984150905,-0.03746980476123718,-0.009383201599121094
20,audio,0.2,9,random,-0.006271217107739702,-0.04331414926492916,-0.011928439140319824
20,audio,0.2,9,random,-0.008073026349878498,-0.05514097694241271,-0.017550110816955566
20,audio,0.2,9,random,-0.008527468040312125,-0.06184305760393527,-0.0216599702835083
20,audio,0.2,9,random,-0.010495940979848517,-0.07690220598548092,-0.032180190086364746
20,audio,0.2,9,random,-0.006782620389412575,-0.046115374324257274,-0.012305617332458496
20,audio,0.2,9,random,-0.0035056756265431366,-0.020284723969265617,0.0037385225296020508
20,audio,0.2,9,random,-0.00754279449853934,-0.05518199507679977,-0.018900513648986816
20,audio,0.2,9,random,-0.0061013630560857735,-0.04152070118109186,-0.010431647300720215
20,audio,0.2,9,random,-0.0061314961423794,-0.0422158525965024,-0.010950922966003418
20,audio,0.2,9,random,-0.004005016508223047,-0.025862238752765165,-0.0019205808639526367
20,audio,0.2,9,random,-0.005853413312429612,-0.04012144195148504,-0.0086289644241333
20,audio,0.2,9,retain_top,-0.017674402136007128,-0.1623668974445227,-0.0644221305847168
20,audio,0.3,13,top,0.000998009414177492,0.015526776887150096,0.031237006187438965
20,audio,0.3,13,bottom,-0.017860513153096003,-0.1400370906436934,-0.06671500205993652
20,audio,0.3,13,random,-0.006736480855093485,-0.046093883643666844,-0.006057858467102051
20,audio,0.3,13,random,-0.008910053599251344,-0.06009036533531731,-0.01394343376159668
20,audio,0.3,13,random,-0.009459836331805804,-0.06990107686503633,-0.021286606788635254
20,audio,0.3,13,random,-0.010532837293815822,-0.0747534478941172,-0.02384483814239502
20,audio,0.3,13,random,-0.007389622880798696,-0.04973996846346407,-0.009538054466247559
20,audio,0.3,13,random,-0.009097964167987027,-0.06681423853042956,-0.021620631217956543
20,audio,0.3,13,random,-0.007831712728887719,-0.0524235762482228,-0.011371016502380371
20,audio,0.3,13,random,-0.00582158011814482,-0.037006918758550666,-0.00043487548828125
20,audio,0.3,13,random,-0.00929697247508765,-0.06863335004677773,-0.020908117294311523
20,audio,0.3,13,random,-0.012909314609204414,-0.09344301408419331,-0.0366748571395874
20,audio,0.3,13,random,-0.007486723231377557,-0.05105980422268952,-0.013483405113220215
20,audio,0.3,13,random,-0.008115038048452816,-0.05912618043695539,-0.01591169834136963
20,audio,0.3,13,random,-0.008135168128193704,-0.05290632131508355,-0.009084939956665039
20,audio,0.3,13,random,-0.013185747588568386,-0.09965369789127787,-0.03926420211791992
20,audio,0.3,13,random,-0.005124901389718106,-0.03151958627080709,0.001521468162536621
20,audio,0.3,13,random,-0.008948173129225134,-0.06071804944483339,-0.01564478874206543
20,audio,0.3,13,random,-0.007192463640873559,-0.04668941726579168,-0.006131172180175781
20,audio,0.3,13,random,-0.006281725329898791,-0.03739205393761669,7.903575897216797e-05
20,audio,0.3,13,random,-0.00886435210776293,-0.06439984854696257,-0.0170515775680542
20,audio,0.3,13,random,-0.00939083935431595,-0.06906058584045227,-0.02162492275238037
20,audio,0.3,13,retain_top,-0.019951573150555624,-0.1734105868869813,-0.0722430944442749
20,vision,0.1,5,top,0.0066139586423105134,0.05965947402742722,0.037434935569763184
20,vision,0.1,5,bottom,-0.0061507963103929475,-0.03215019785260287,-0.01791369915008545
20,vision,0.1,5,random,-0.004052297919166503,-0.014023337134005276,-0.005420804023742676
20,vision,0.1,5,random,-0.0027368421947934207,-0.008407419063780397,-0.005231022834777832
20,vision,0.1,5,random,-0.0011852205895818146,0.005745938591442901,0.005724549293518066
20,vision,0.1,5,random,-0.0004886248691935435,0.010050568213073152,0.00759577751159668
20,vision,0.1,5,random,0.00046426804087529305,0.01582824563317775,0.010595202445983887
20,vision,0.1,5,random,-0.0013051927225311566,0.004328728202061427,0.0038499832153320312
20,vision,0.1,5,random,-0.0021559202220341467,-0.0026513391090796645,0.0008989572525024414
20,vision,0.1,5,random,-0.00010578198641153502,0.012099630642536052,0.00884401798248291
20,vision,0.1,5,random,-0.0014347772840471729,0.0006712061139801939,0.0016187429428100586
20,vision,0.1,5,random,-0.0034563763931646507,-0.01175588942388428,-0.004822731018066406
20,vision,0.1,5,random,0.0014769280899690207,0.02133264992918038,0.013490915298461914
20,vision,0.1,5,random,0.0025135560934297363,0.02943436535446331,0.01936948299407959
20,vision,0.1,5,random,-0.001340968635831108,0.0013561183162913437,0.0010939836502075195
20,vision,0.1,5,random,0.0032390171253134925,0.03330731837974388,0.020206093788146973
20,vision,0.1,5,random,-0.0017200581949585736,0.0017277498238656985,0.003705263137817383
20,vision,0.1,5,random,7.593009085760105e-05,0.014160316509761683,0.00986778736114502
20,vision,0.1,5,random,-0.0033770963654453645,-0.008846440614026507,-0.0035665035247802734
20,vision,0.1,5,random,-0.001528374557193235,0.0014067252388672014,0.003049015998840332
20,vision,0.1,5,random,-0.0002478266916486893,0.010242817526594727,0.0076634883880615234
20,vision,0.1,5,random,-0.0005840573846177533,0.007139772220813967,0.0038067102432250977
20,vision,0.1,5,retain_top,-0.0014430396436241333,0.06663640505691948,0.07034075260162354
20,vision,0.2,9,top,0.01215695556876073,0.105664714098759,0.06561064720153809
20,vision,0.2,9,bottom,-0.010060110271097877,-0.05010378663180881,-0.026696443557739258
20,vision,0.2,9,random,0.0024869991529958835,0.041153224046928116,0.02923727035522461
20,vision,0.2,9,random,-0.004472806949546881,-0.008254045310299496,2.1338462829589844e-05
20,vision,0.2,9,random,-0.0021715870104480617,0.00708167969422191,0.0060558319091796875
20,vision,0.2,9,random,0.003881638220202377,0.04733121783959504,0.029868602752685547
20,vision,0.2,9,random,-0.002162429446615488,0.008157664273142906,0.008640527725219727
20,vision,0.2,9,random,0.0010392391590415828,0.03202658216801524,0.02375316619873047
20,vision,0.2,9,random,0.0015352359185230036,0.03418898804938508,0.02499866485595703
20,vision,0.2,9,random,0.00016118801759568147,0.0219207345321617,0.016521811485290527
20,vision,0.2,9,random,0.00483592678580036,0.056265555559163793,0.03679859638214111
20,vision,0.2,9,random,-0.0013118451519548158,0.012871876037742425,0.010397076606750488
20,vision,0.2,9,random,-0.0009147019287127911,0.016504857910954795,0.014497041702270508
20,vision,0.2,9,random,0.00013333694728778767,0.02310661562708538,0.017387032508850098
20,vision,0.2,9,random,-0.0013729571998863932,0.011151686298034313,0.00917208194732666
20,vision,0.2,9,random,0.0006020616239743593,0.02702841328752492,0.019315123558044434
20,vision,0.2,9,random,0.0013127461432251852,0.031730638094523256,0.02193582057952881
20,vision,0.2,9,random,-0.000458466475950825,0.020575595358646614,0.016036629676818848
20,vision,0.2,9,random,0.0007104469553166348,0.025191399640849932,0.017789602279663086
20,vision,0.2,9,random,-0.0018116033437385326,0.010735483316204997,0.011067509651184082
20,vision,0.2,9,random,0.00019087126069339266,0.02239653995987645,0.01569497585296631
20,vision,0.2,9,random,-0.003629702632774068,-0.002467920356756581,0.0003769397735595703
20,vision,0.2,9,retain_top,-0.008561348895675502,0.012603461170114905,0.03207695484161377
20,vision,0.3,13,top,0.01733204552047718,0.1483187814805662,0.09322071075439453
20,vision,0.3,13,bottom,-0.013375681323356758,-0.0631779324274202,-0.031339287757873535
20,vision,0.3,13,random,-0.0010615397592271814,0.023976811751127203,0.022074580192565918
20,vision,0.3,13,random,0.0010833802951695226,0.04226781365223098,0.03485727310180664
20,vision,0.3,13,random,-0.001503233397845194,0.02211086743323354,0.02124202251434326
20,vision,0.3,13,random,0.00529240493888361,0.0670988185988648,0.0478975772857666
20,vision,0.3,13,random,0.004691868914707631,0.06309507585193064,0.04343521595001221
20,vision,0.3,13,random,2.8781622646634197e-05,0.03148692954400767,0.027153730392456055
20,vision,0.3,13,random,0.0012676982503374568,0.03985213706291724,0.031375765800476074
20,vision,0.3,13,random,-0.000601119004381645,0.02947759542917483,0.02385270595550537
20,vision,0.3,13,random,-0.0019285057273720208,0.01923677544605429,0.016543030738830566
20,vision,0.3,13,random,0.0017906193903389767,0.043494633141484496,0.03259682655334473
20,vision,0.3,13,random,-0.001534486555976211,0.020377500215773336,0.019286513328552246
20,vision,0.3,13,random,-0.004297302197789565,0.0017562028765496507,0.004387855529785156
20,vision,0.3,13,random,-0.0010451974130641917,0.02447285595699844,0.019362449645996094
20,vision,0.3,13,random,-0.008047387605957024,-0.022958349771361686,-0.007451057434082031
20,vision,0.3,13,random,0.001443264268762845,0.04115590235975075,0.02991330623626709
20,vision,0.3,13,random,0.0007329802667389584,0.037264630302866086,0.030484676361083984
20,vision,0.3,13,random,0.0040018708801580205,0.06012592263272687,0.04202675819396973
20,vision,0.3,13,random,-0.008006948191789043,-0.022855451140486815,-0.008117437362670898
20,vision,0.3,13,random,-4.2156264527304366e-05,0.03331022534294048,0.028442740440368652
20,vision,0.3,13,random,-0.0010879841230285736,0.024031647675230916,0.019495606422424316
20,vision,0.3,13,retain_top,-0.013687387825914166,-0.03040306877922161,-0.0006860494613647461
