sample_id,coalition_bitmask,class_margin,intensity,target_probability,target_class,contrast_class
-UacrmKiTn4$_$7,0,1.089895473409628,0.16583210229873657,0.4721710527798015,Positive,Neutral
-UacrmKiTn4$_$7,1,1.7355147982965586,0.9985265731811523,0.7924172229846348,Positive,Neutral
-UacrmKiTn4$_$7,2,0.341991254214964,0.27887827157974243,0.48139405094817633,Positive,Neutral
-UacrmKiTn4$_$7,3,1.0803377592720416,0.6147891283035278,0.6769075732197409,Positive,Neutral
-UacrmKiTn4$_$7,4,-0.0920736013673713,0.28911060094833374,0.4020141356115326,Positive,Neutral
-UacrmKiTn4$_$7,5,0.9540727370938622,0.6009424924850464,0.6477330248268119,Positive,Neutral
-UacrmKiTn4$_$7,6,-0.10216373684392432,0.22277313470840454,0.38532826378337537,Positive,Neutral
-UacrmKiTn4$_$7,7,0.40581486257442956,0.424035906791687,0.5198279149317143,Positive,Neutral
-qDkUB0GgYY$_$5,0,1.089895473409628,0.16583210229873657,0.4721710527798015,Positive,Neutral
-qDkUB0GgYY$_$5,1,0.171631414610122,0.3140086233615875,0.47091950034227076,Positive,Neutral
-qDkUB0GgYY$_$5,2,1.8605086705227403,1.0459558963775635,0.7613312554427081,Positive,Neutral
-qDkUB0GgYY$_$5,3,0.7145729693543565,0.45600634813308716,0.5918593666099986,Positive,Neutral
-qDkUB0GgYY$_$5,4,1.9033957003103934,1.0665373802185059,0.7284874829484884,Positive,Neutral
-qDkUB0GgYY$_$5,5,1.0367999987017362,0.581696093082428,0.6585743023453856,Positive,Neutral
-qDkUB0GgYY$_$5,6,1.8324379747361155,1.045135259628296,0.7266230659132038,Positive,Neutral
-qDkUB0GgYY$_$5,7,1.1019953233924764,0.6394205093383789,0.6650277252526966,Positive,Neutral
0utROiKxejc$_$1,0,1.089895473409628,0.16583210229873657,0.4721710527798015,Positive,Neutral
0utROiKxejc$_$1,1,2.1479237292479803,1.3354337215423584,0.8383279331832194,Positive,Neutral
0utROiKxejc$_$1,2,0.3177179689795895,0.3436506390571594,0.4798584235503243,Positive,Neutral
0utROiKxejc$_$1,3,1.6798702455244607,0.961534857749939,0.7823898226748317,Positive,Neutral
0utROiKxejc$_$1,4,-0.19672015447842828,0.10422924160957336,0.27987528836888326,Positive,Neutral
0utROiKxejc$_$1,5,1.5100527072142576,0.8647248148918152,0.7301743474422769,Positive,Neutral
0utROiKxejc$_$1,6,-0.24949304810310502,0.13794009387493134,0.3106050058558143,Positive,Neutral
0utROiKxejc$_$1,7,0.8606270665747384,0.6033512353897095,0.6089625262182372,Positive,Neutral
0utROiKxejc$_$4,0,-0.2463803078319281,0.16583210229873657,0.3690606567840039,Negative,Positive
0utROiKxejc$_$4,1,2.910249081429765,-1.8140337467193604,0.9044331833177732,Negative,Positive
0utROiKxejc$_$4,2,-1.4755348197712348,0.500778079032898,0.14024418978483122,Negative,Positive
0utROiKxejc$_$4,3,2.6302275465860117,-1.278220534324646,0.895025076263528,Negative,Positive
0utROiKxejc$_$4,4,0.016636438067590964,0.19410473108291626,0.3245729092270571,Negative,Positive
0utROiKxejc$_$4,5,3.0424773134011964,-1.6335091590881348,0.9223709332015294,Negative,Positive
0utROiKxejc$_$4,6,-0.5654111105090249,0.2937692403793335,0.23649940220512525,Negative,Positive
0utROiKxejc$_$4,7,2.93172622453245,-1.426990270614624,0.9205255091073148,Negative,Positive
0y022OlZ3W0$_$3,0,1.089895473409628,0.16583210229873657,0.4721710527798015,Positive,Neutral
0y022OlZ3W0$_$3,1,2.2612638625851447,1.3605139255523682,0.8365828517590665,Positive,Neutral
0y022OlZ3W0$_$3,2,1.535703905919546,0.8534673452377319,0.7198551170811586,Positive,Neutral
0y022OlZ3W0$_$3,3,2.172976614576426,1.256779670715332,0.8376349294181942,Positive,Neutral
0y022OlZ3W0$_$3,4,0.6591835988137608,0.29946625232696533,0.49106139440307683,Positive,Neutral
0y022OlZ3W0$_$3,5,1.9487231097090698,0.9823653697967529,0.7890366580140239,Positive,Neutral
0y022OlZ3W0$_$3,6,0.8679280362835544,0.4250725507736206,0.5549628540313999,Positive,Neutral
0y022OlZ3W0$_$3,7,1.6659628786933438,0.8998286724090576,0.7531713806085543,Positive,Neutral
0y022OlZ3W0$_$5,0,-0.2463803078319281,0.16583210229873657,0.3690606567840039,Negative,Positive
0y022OlZ3W0$_$5,1,3.0525577622275732,-1.767277717590332,0.9120668257788688,Negative,Positive
0y022OlZ3W0$_$5,2,-1.8940360247257981,0.8266248106956482,0.11062246761486369,Negative,Positive
0y022OlZ3W0$_$5,3,2.0481722781607323,-0.6347357034683228,0.8250738315411282,Negative,Positive
0y022OlZ3W0$_$5,4,-0.4555917756636412,0.27245861291885376,0.2785440632726561,Negative,Positive
0y022OlZ3W0$_$5,5,2.901301387515903,-1.3719055652618408,0.9114316341684978,Negative,Positive
0y022OlZ3W0$_$5,6,-0.9365463086731693,0.4035228490829468,0.2101043195319482,Negative,Positive
0y022OlZ3W0$_$5,7,2.321219916560822,-0.8034102916717529,0.8636129707381367,Negative,Positive
0y022OlZ3W0$_$8,0,-1.089895473409628,0.16583210229873657,0.15876829043619456,Neutral,Positive
0y022OlZ3W0$_$8,1,-0.09934688122371749,0.30633997917175293,0.4145005359785591,Neutral,Positive
0y022OlZ3W0$_$8,2,-0.8189356037222988,0.508496105670929,0.259028594940803,Neutral,Positive
0y022OlZ3W0$_$8,3,-0.0811311453186665,0.28056323528289795,0.4159859643464403,Neutral,Positive
0y022OlZ3W0$_$8,4,-1.1591820687338639,0.37432432174682617,0.16189711108738478,Neutral,Positive
0y022OlZ3W0$_$8,5,-0.03875612193431344,0.3164421617984772,0.4030614339532085,Neutral,Positive
0y022OlZ3W0$_$8,6,-0.7161660950399409,0.3817681670188904,0.24644877869637377,Neutral,Positive
0y022OlZ3W0$_$8,7,0.09503396180595347,0.2739391326904297,0.42733549993706105,Neutral,Positive
101787$_$11,0,-0.8435151655776999,0.16583210229873657,0.15876829043619456,Neutral,Negative
101787$_$11,1,0.8771283486564219,0.0449538379907608,0.558579610440454,Neutral,Negative
101787$_$11,2,0.8306192150462147,0.1534450650215149,0.4209610239508206,Neutral,Negative
101787$_$11,3,0.9640591714170281,0.04863619804382324,0.5607600539967368,Neutral,Negative
101787$_$11,4,-1.0518048406284093,-0.050891514867544174,0.17994826005093906,Neutral,Negative
101787$_$11,5,0.11241277667204663,-0.0012813210487365723,0.4070893615233211,Neutral,Negative
101787$_$11,6,-0.0023242479284959483,0.0969192385673523,0.3314560030276974,Neutral,Negative
101787$_$11,7,0.33959697491406504,0.046372294425964355,0.4523684659585951,Neutral,Negative
101787$_$13,0,-0.2463803078319281,0.16583210229873657,0.3690606567840039,Negative,Positive
101787$_$13,1,-0.3933710353663086,0.40113258361816406,0.3458379372187186,Negative,Positive
101787$_$13,2,-0.9351033230968154,0.20587584376335144,0.159146171523633,Negative,Positive
101787$_$13,3,-0.7650710120869237,0.3650529682636261,0.20752709215316845,Negative,Positive
101787$_$13,4,0.4630699022850988,-0.046663619577884674,0.5023381622501655,Negative,Positive
101787$_$13,5,0.8678017130928608,-0.1425527185201645,0.6247918049400111,Negative,Positive
101787$_$13,6,-0.1263019637185565,0.109015554189682,0.29833914581718013,Negative,Positive
101787$_$13,7,0.4532519370195942,0.059670329093933105,0.4705954375773978,Negative,Positive
101787$_$1,0,-1.089895473409628,0.16583210229873657,0.15876829043619456,Neutral,Positive
101787$_$1,1,1.2634894235661915,0.029784470796585083,0.6469623031939352,Neutral,Positive
101787$_$1,2,0.37526677705868616,0.18641096353530884,0.49234541133508375,Neutral,Positive
101787$_$1,3,1.0643824800153183,0.05919700860977173,0.6221271017085276,Neutral,Positive
101787$_$1,4,-1.1264958742519275,0.03403955698013306,0.12064265551261404,Neutral,Positive
101787$_$1,5,1.0482734835791612,0.03639623522758484,0.5699854363379447,Neutral,Positive
101787$_$1,6,-0.018620255406098574,0.13181325793266296,0.35711608379592436,Neutral,Positive
101787$_$1,7,1.0158589150955806,0.07130859792232513,0.5866677757107437,Neutral,Positive
101787$_$5,0,-0.2463803078319281,0.16583210229873657,0.3690606567840039,Negative,Positive
101787$_$5,1,2.7836888729953193,-1.751393437385559,0.8968703336623037,Negative,Positive
101787$_$5,2,-0.6653995173461149,0.10631060600280762,0.17803568033439338,Negative,Positive
101787$_$5,3,2.865394472421699,-1.4892761707305908,0.9097949994542162,Negative,Positive
101787$_$5,4,0.19065364486387393,0.0036289095878601074,0.43050388065222517,Negative,Positive
101787$_$5,5,2.9427707801073453,-1.7702038288116455,0.9158230039079257,Negative,Positive
101787$_$5,6,-0.39816231931271084,0.12315477430820465,0.21607279160530377,Negative,Positive
101787$_$5,7,3.0856113573925037,-1.648944616317749,0.9289532139020302,Negative,Positive
101787$_$7,0,1.089895473409628,0.16583210229873657,0.4721710527798015,Positive,Neutral
101787$_$7,1,1.9583520890279844,1.3030067682266235,0.8073546273048112,Positive,Neutral
101787$_$7,2,0.07177292427231563,0.22041195631027222,0.4292154396076497,Positive,Neutral
101787$_$7,3,1.7319901358380325,0.9892705678939819,0.7906145559943745,Positive,Neutral
101787$_$7,4,0.43415399951095757,-0.11820349097251892,0.305745989372206,Positive,Neutral
101787$_$7,5,1.680930747053472,0.934760332107544,0.7616733896088452,Positive,Neutral
101787$_$7,6,-0.2093261067597364,0.059082046151161194,0.31567411883754026,Positive,Neutral
101787$_$7,7,0.9649660321619247,0.6185664534568787,0.6468770466632199,Positive,Neutral
101787$_$9,0,-0.8435151655776999,0.16583210229873657,0.15876829043619456,Neutral,Negative
101787$_$9,1,0.7279777563008176,-0.03259645402431488,0.5757876751522332,Neutral,Negative
101787$_$9,2,0.9438754567776045,0.2196178436279297,0.3955138239929087,Neutral,Negative
101787$_$9,3,1.0528305877266682,0.04596039652824402,0.5848811915894718,Neutral,Negative
101787$_$9,4,-0.27829486313172824,0.037030383944511414,0.2852976491794423,Neutral,Negative
101787$_$9,5,0.1238632292068037,-0.09391867369413376,0.4407078831186246,Neutral,Negative
101787$_$9,6,0.5486890326914708,0.11213165521621704,0.4163074787157918,Neutral,Negative
101787$_$9,7,0.5850706719262613,0.027476444840431213,0.5133261815929001,Neutral,Negative
102408$_$2,0,-1.089895473409628,0.16583210229873657,0.15876829043619456,Neutral,Positive
102408$_$2,1,1.2503099770716912,-0.038985028862953186,0.5544744546544648,Neutral,Positive
102408$_$2,2,-1.1839981147158563,0.7533538341522217,0.18566894236901496,Neutral,Positive
102408$_$2,3,0.9168209627806976,0.1291646957397461,0.5379040984661903,Neutral,Positive
102408$_$2,4,-1.942687141915585,0.9307131767272949,0.10734685381937747,Neutral,Positive
102408$_$2,5,0.22925913062834546,0.17533665895462036,0.39891939845735674,Neutral,Positive
102408$_$2,6,-1.377162011806916,0.7756230235099792,0.16932829085773418,Neutral,Positive
102408$_$2,7,0.4583304544261222,0.17896610498428345,0.4424568522233134,Neutral,Positive
102408$_$5,0,0.2463803078319281,0.16583210229873657,0.4721710527798015,Positive,Negative
102408$_$5,1,1.4715295735312026,1.0482393503189087,0.7501224193122477,Positive,Negative
102408$_$5,2,1.9585480725550133,0.8849323987960815,0.7455752623694908,Positive,Negative
102408$_$5,3,2.102619839000654,1.2112183570861816,0.8112699879150368,Positive,Negative
102408$_$5,4,1.1152071125418344,0.6249915361404419,0.5648980552494641,Positive,Negative
102408$_$5,5,1.628248182378188,0.9917151927947998,0.7519087060688968,Positive,Negative
102408$_$5,6,1.2101863672785735,0.6038464903831482,0.574158440842801,Positive,Negative
102408$_$5,7,1.458950676209946,0.8557453751564026,0.6934591828116258,Positive,Negative
102408$_$9,0,-0.2463803078319281,0.16583210229873657,0.3690606567840039,Negative,Positive
102408$_$9,1,2.9202656920505725,-1.5479910373687744,0.8899273716457736,Negative,Positive
102408$_$9,2,-0.994325465124241,0.5366419553756714,0.18652258851604053,Negative,Positive
102408$_$9,3,2.139415084876575,-0.7703976035118103,0.79910601128843,Negative,Positive
102408$_$9,4,-1.7647457438712282,1.1991162300109863,0.1334893833496502,Negative,Positive
102408$_$9,5,2.239819581573669,-0.7391475439071655,0.865131874839182,Negative,Positive
102408$_$9,6,-1.61830433378581,1.014643907546997,0.1448774560757416,Negative,Positive
102408$_$9,7,2.052206564296646,-0.6210876703262329,0.8373012063404902,Negative,Positive
102858$_$20,0,0.2463803078319281,0.16583210229873657,0.4721710527798015,Positive,Negative
102858$_$20,1,1.1597705718559013,0.7370102405548096,0.693275735767757,Positive,Negative
102858$_$20,2,1.1920455087699513,0.37049829959869385,0.4968399568695162,Positive,Negative
102858$_$20,3,1.3166146832575545,0.4668155908584595,0.5617727180747359,Positive,Negative
102858$_$20,4,-1.0954679069619544,-0.5639423727989197,0.23055876353212088,Positive,Negative
102858$_$20,5,-0.9107794353450478,-0.3693184554576874,0.26809133406081914,Positive,Negative
102858$_$20,6,0.38923531969038827,0.1842288076877594,0.4301550455294852,Positive,Negative
102858$_$20,7,0.13714522742192858,0.17395591735839844,0.4077286097480664,Positive,Negative
102858$_$21,0,0.8435151655776999,0.16583210229873657,0.3690606567840039,Negative,Neutral
102858$_$21,1,2.2411160605775917,-1.435612678527832,0.8481925472050575,Negative,Neutral
102858$_$21,2,-0.4952141475171252,0.3711509108543396,0.17597224831331748,Negative,Neutral
102858$_$21,3,0.6094987841103553,-0.15107068419456482,0.5361541988504579,Negative,Neutral
102858$_$21,4,0.056054363342163294,0.078396275639534,0.3903110364186232,Negative,Neutral
102858$_$21,5,1.9083976682967383,-0.6816281080245972,0.791796827428708,Negative,Neutral
102858$_$21,6,-0.11303255040405014,0.1485072672367096,0.3281824659543175,Negative,Neutral
102858$_$21,7,1.1990371241139288,-0.2565901279449463,0.6576945890531068,Negative,Neutral
102858$_$1,0,-1.089895473409628,0.16583210229873657,0.15876829043619456,Neutral,Positive
102858$_$1,1,-1.2185498081692565,0.6764440536499023,0.2098555243890521,Neutral,Positive
102858$_$1,2,-0.03172698366416371,0.235670268535614,0.3971185253503987,Neutral,Positive
102858$_$1,3,-0.25380049977208696,0.31013721227645874,0.38552204585210714,Neutral,Positive
102858$_$1,4,-0.7708852764275691,0.11319310963153839,0.19646941224491318,Neutral,Positive
102858$_$1,5,-0.5959610198873033,0.4382168650627136,0.3132637096082685,Neutral,Positive
102858$_$1,6,-0.08570273680468421,0.18889576196670532,0.3403722493207329,Neutral,Positive
102858$_$1,7,0.20318379678779186,0.265654981136322,0.46148576656683976,Neutral,Positive
102858$_$0,0,1.089895473409628,0.16583210229873657,0.4721710527798015,Positive,Neutral
102858$_$0,1,1.9926267661894432,1.2845606803894043,0.8112631390170124,Positive,Neutral
102858$_$0,2,0.70478713167919,0.37947171926498413,0.5626767957861035,Positive,Neutral
102858$_$0,3,1.8909931282166055,0.9997581243515015,0.8119961320958664,Positive,Neutral
102858$_$0,4,0.08904655654537474,0.15938323736190796,0.3838074401583343,Positive,Neutral
102858$_$0,5,1.700885207300783,0.9373692274093628,0.7744467422570274,Positive,Neutral
102858$_$0,6,0.03687498793328914,0.20707231760025024,0.39735733248687105,Positive,Neutral
102858$_$0,7,1.0531370880422604,0.6193344593048096,0.664234010979926,Positive,Neutral
102858$_$4,0,1.089895473409628,0.16583210229873657,0.4721710527798015,Positive,Neutral
102858$_$4,1,1.7360470106413937,0.9618635177612305,0.7815432666348848,Positive,Neutral
102858$_$4,2,0.5273158528183514,0.3490005433559418,0.5187720825521408,Positive,Neutral
102858$_$4,3,1.0444099936992524,0.5673598051071167,0.6604243061172428,Positive,Neutral
102858$_$4,4,0.3982002530324975,-0.01829993724822998,0.3065420923183889,Positive,Neutral
102858$_$4,5,1.1319222514164862,0.5958311557769775,0.6695482841973014,Positive,Neutral
102858$_$4,6,0.2520536868669718,0.22500813007354736,0.3923940036116508,Positive,Neutral
102858$_$4,7,0.6013225496942333,0.4584012031555176,0.5476201244982568,Positive,Neutral
102858$_$6,0,-1.089895473409628,0.16583210229873657,0.15876829043619456,Neutral,Positive
102858$_$6,1,0.3461373000987833,0.16892385482788086,0.4990002083440608,Neutral,Positive
102858$_$6,2,-0.3078236979834774,0.29015210270881653,0.3481550951301608,Neutral,Positive
102858$_$6,3,0.41391428784013173,0.1485365629196167,0.5033139358206675,Neutral,Positive
102858$_$6,4,0.23355107681127873,0.14549103379249573,0.3641164477445188,Neutral,Positive
102858$_$6,5,0.6623010795577681,0.16588878631591797,0.5158899759839486,Neutral,Positive
102858$_$6,6,0.16384981179351388,0.16541987657546997,0.3814239166019069,Neutral,Positive
102858$_$6,7,0.6385237538395092,0.1574421525001526,0.5093369264170488,Neutral,Positive
102858$_$10,0,1.089895473409628,0.16583210229873657,0.4721710527798015,Positive,Neutral
102858$_$10,1,2.256997620619434,1.3761610984802246,0.8075528882813916,Positive,Neutral
102858$_$10,2,-0.5197197922658744,0.14147163927555084,0.28764468150392236,Positive,Neutral
102858$_$10,3,2.20412017822005,1.2998653650283813,0.8373393011539398,Positive,Neutral
102858$_$10,4,-0.012293009644748887,-0.30221620202064514,0.23540657824380015,Positive,Neutral
102858$_$10,5,2.0508998059297725,0.971764087677002,0.7614508580532574,Positive,Neutral
102858$_$10,6,-0.4482979410270723,-0.023526154458522797,0.24891648608383918,Positive,Neutral
102858$_$10,7,1.578407291807011,0.8957700729370117,0.7322822438876543,Positive,Neutral
102858$_$17,0,-0.8435151655776999,0.16583210229873657,0.15876829043619456,Neutral,Negative
102858$_$17,1,1.1719675752499656,0.01870216429233551,0.6145272616282543,Neutral,Negative
102858$_$17,2,0.6046348249512615,0.2934420704841614,0.36788302475226764,Neutral,Negative
102858$_$17,3,1.0809301673016563,0.07982102036476135,0.5712012419818343,Neutral,Negative
102858$_$17,4,-0.6635356751311214,-0.29109933972358704,0.26111528243461585,Neutral,Negative
102858$_$17,5,0.6190236219496974,-0.028158798813819885,0.5331911404141899,Neutral,Negative
102858$_$17,6,0.12899208637233162,0.0351632684469223,0.3817728589423886,Neutral,Negative
102858$_$17,7,0.7194445080157323,0.031900063157081604,0.5403812651325207,Neutral,Negative
102858$_$19,0,-1.089895473409628,0.16583210229873657,0.15876829043619456,Neutral,Positive
102858$_$19,1,0.13232488087712158,0.2719174325466156,0.461456449949843,Neutral,Positive
102858$_$19,2,0.2160731253653968,0.20030143857002258,0.4399167334249494,Neutral,Positive
102858$_$19,3,0.5447482092769231,0.17360550165176392,0.541467245333139,Neutral,Positive
102858$_$19,4,-0.3565588014622232,0.06954030692577362,0.2817753932404975,Neutral,Positive
102858$_$19,5,0.5314057809250404,0.1822829246520996,0.522618330915068,Neutral,Positive
102858$_$19,6,0.13619678570406157,0.09813100099563599,0.38461482714576417,Neutral,Positive
102858$_$19,7,0.7465453275191758,0.14474445581436157,0.5525535393725634,Neutral,Positive
112433$_$10,0,-1.089895473409628,0.16583210229873657,0.15876829043619456,Neutral,Positive
112433$_$10,1,0.9009130645377558,0.13716934621334076,0.6096314505517195,Neutral,Positive
112433$_$10,2,0.3932800915091885,0.10763293504714966,0.48041665644763265,Neutral,Positive
112433$_$10,3,0.8839867289034937,0.13938814401626587,0.6073365501901549,Neutral,Positive
112433$_$10,4,0.663211924463767,0.07282137870788574,0.4806807499216107,Neutral,Positive
112433$_$10,5,1.2094892370193322,0.09787601232528687,0.6357237973466255,Neutral,Positive
112433$_$10,6,0.75205984331809,0.08212772011756897,0.5233638943307062,Neutral,Positive
112433$_$10,7,1.172353034896794,0.11147899925708771,0.632100388005883,Neutral,Positive
112433$_$3,0,0.8435151655776999,0.16583210229873657,0.3690606567840039,Negative,Neutral
112433$_$3,1,2.0569272912536998,-0.9960736632347107,0.8206740726799179,Negative,Neutral
112433$_$3,2,-0.8098770652202814,0.36944010853767395,0.13062378439686223,Negative,Neutral
112433$_$3,3,0.4049907165661817,-0.08179955929517746,0.47596521097923783,Negative,Neutral
112433$_$3,4,-0.4973992019488318,0.11452785134315491,0.2547237560395064,Negative,Neutral
112433$_$3,5,2.136658863858088,-0.763546347618103,0.8113739405734134,Negative,Neutral
112433$_$3,6,-0.7974892498592524,0.23137295246124268,0.18578684327065462,Negative,Neutral
112433$_$3,7,1.3889657678905698,-0.30988597869873047,0.6777428695206134,Negative,Neutral
112433$_$7,0,0.2463803078319281,0.16583210229873657,0.4721710527798015,Positive,Negative
112433$_$7,1,1.3329415139659462,1.170295000076294,0.7315425476954062,Positive,Negative
112433$_$7,2,0.47752611843364634,0.09436731040477753,0.2768872770744014,Positive,Negative
112433$_$7,3,1.646044988332951,0.817499041557312,0.7039000322575824,Positive,Negative
112433$_$7,4,0.4752415649436651,0.24398940801620483,0.38789882982448487,Positive,Negative
112433$_$7,5,0.45946332769428266,0.59693843126297,0.5491690408733297,Positive,Negative
112433$_$7,6,0.3843046134286223,0.12985345721244812,0.2918726633056449,Positive,Negative
112433$_$7,7,0.5316737984989435,0.4035062789916992,0.4772498993723113,Positive,Negative
112433$_$6,0,-0.2463803078319281,0.16583210229873657,0.3690606567840039,Negative,Positive
112433$_$6,1,2.3969796704479274,-1.4667799472808838,0.8686489093117522,Negative,Positive
112433$_$6,2,-1.1486436312313004,0.2647090554237366,0.14820484473977827,Negative,Positive
112433$_$6,3,1.9178545185603642,-0.7552126049995422,0.8315453581617152,Negative,Positive
112433$_$6,4,-0.3929251870522156,0.19193685054779053,0.2511413090105819,Negative,Positive
112433$_$6,5,2.6360479096310026,-1.45652174949646,0.90074728835811,Negative,Positive
112433$_$6,6,-0.6397128312545487,0.21235418319702148,0.19915631550684393,Negative,Positive
112433$_$6,7,2.5374694181454163,-1.189866065979004,0.8969285766809443,Negative,Positive
117tQqLjza4$_$6,0,1.089895473409628,0.16583210229873657,0.4721710527798015,Positive,Neutral
117tQqLjza4$_$6,1,1.3116444524902828,0.7296228408813477,0.7252546784061329,Positive,Neutral
117tQqLjza4$_$6,2,0.6083231592054343,0.4307115077972412,0.5538886080754173,Positive,Neutral
117tQqLjza4$_$6,3,0.8633016399151361,0.5278444290161133,0.6356651063488646,Positive,Neutral
117tQqLjza4$_$6,4,1.2300038054572884,0.46397292613983154,0.5326856198671464,Positive,Neutral
117tQqLjza4$_$6,5,0.979574792041622,0.6205165386199951,0.6462042732388037,Positive,Neutral
117tQqLjza4$_$6,6,0.48646582685576245,0.35032516717910767,0.4763455476830242,Positive,Neutral
117tQqLjza4$_$6,7,0.3295234692569232,0.41700589656829834,0.5003349346827736,Positive,Neutral
11j7EfglCAs$_$2,0,1.089895473409628,0.16583210229873657,0.4721710527798015,Positive,Neutral
11j7EfglCAs$_$2,1,1.5839352683485344,0.8482452034950256,0.7714621737786547,Positive,Neutral
11j7EfglCAs$_$2,2,0.2513447617807283,0.31909143924713135,0.4679530433223494,Positive,Neutral
11j7EfglCAs$_$2,3,0.9257929013967439,0.5490862131118774,0.6455500872279248,Positive,Neutral
11j7EfglCAs$_$2,4,0.9151793415427825,0.3452906608581543,0.5211737008212333,Positive,Neutral
11j7EfglCAs$_$2,5,1.3385770634329093,0.7242662906646729,0.7175541716349643,Positive,Neutral
11j7EfglCAs$_$2,6,0.22627193850889604,0.2953657805919647,0.43876802752020094,Positive,Neutral
11j7EfglCAs$_$2,7,0.6233749372739673,0.47997426986694336,0.567508568892335,Positive,Neutral
121128$_$10,0,0.2463803078319281,0.16583210229873657,0.4721710527798015,Positive,Negative
121128$_$10,1,1.7342760286078382,1.4281071424484253,0.7825354212430484,Positive,Negative
121128$_$10,2,0.8121698785239834,0.19032487273216248,0.3968366968461694,Positive,Negative
121128$_$10,3,2.292945769726031,1.4739500284194946,0.8385489128400301,Positive,Negative
121128$_$10,4,0.19705988726059176,0.14919191598892212,0.3637202209544684,Positive,Negative
121128$_$10,5,1.611572558328152,1.1905183792114258,0.766949725453162,Positive,Negative
121128$_$10,6,0.2712849451225323,0.1118922233581543,0.3380595261426274,Positive,Negative
121128$_$10,7,1.6648718748222673,1.0894089937210083,0.7482237712708875,Positive,Negative
121128$_$1,0,-1.089895473409628,0.16583210229873657,0.15876829043619456,Neutral,Positive
121128$_$1,1,1.034242796707874,0.12116089463233948,0.6149380384336178,Neutral,Positive
121128$_$1,2,-0.9802357409978275,0.5638458728790283,0.23342349644208182,Neutral,Positive
121128$_$1,3,0.5873211420561075,0.14286701381206512,0.5363383907709717,Neutral,Positive
121128$_$1,4,-0.3503863308319427,0.2803340256214142,0.3147891556719557,Neutral,Positive
121128$_$1,5,0.6819182830075029,0.1535961627960205,0.5439727535017852,Neutral,Positive
121128$_$1,6,-0.5145830973885208,0.3437441289424896,0.2930726607107529,Neutral,Positive
121128$_$1,7,0.5003014390349584,0.17690229415893555,0.504839668061352,Neutral,Positive
121128$_$0,0,-1.089895473409628,0.16583210229873657,0.15876829043619456,Neutral,Positive
121128$_$0,1,1.1762036151457356,0.0719309151172638,0.6427408551690877,Neutral,Positive
121128$_$0,2,-1.3930099122193618,0.7359521389007568,0.17411730608710077,Neutral,Positive
121128$_$0,3,0.3644358846339706,0.17072510719299316,0.5029871778688502,Neutral,Positive
121128$_$0,4,-0.036611648041635414,0.13571566343307495,0.354733040049554,Neutral,Positive
121128$_$0,5,1.041601540996314,0.08052271604537964,0.5957527281990225,Neutral,Positive
121128$_$0,6,-0.24006672685703456,0.25452813506126404,0.34711055583352896,Neutral,Positive
121128$_$0,7,0.7235844994548902,0.133844256401062,0.5510242115950498,Neutral,Positive
121128$_$5,0,1.089895473409628,0.16583210229873657,0.4721710527798015,Positive,Neutral
121128$_$5,1,2.1583309654919596,1.4328453540802002,0.8089911353460142,Positive,Neutral
121128$_$5,2,0.26197060924202853,0.3872603178024292,0.490121057949853,Positive,Neutral
121128$_$5,3,1.9468569446713222,1.2247552871704102,0.8151030151029416,Positive,Neutral
121128$_$5,4,0.4531748823971342,0.009335614740848541,0.3407925048032781,Positive,Neutral
121128$_$5,5,2.2787688204430645,1.3232340812683105,0.8124188076188613,Positive,Neutral
121128$_$5,6,-0.20215386999336404,0.1820111870765686,0.36447070426507416,Positive,Neutral
121128$_$5,7,1.7072857142750055,1.0394184589385986,0.7799010815580066,Positive,Neutral
125344$_$0,0,0.8435151655776999,0.16583210229873657,0.3690606567840039,Negative,Neutral
125344$_$0,1,1.1388244498472946,-0.4686076045036316,0.6530169628017226,Negative,Neutral
125344$_$0,2,-0.31425821570503687,0.542319655418396,0.18415357381223238,Negative,Neutral
125344$_$0,3,0.6566897014030059,-0.09960399568080902,0.5307863179627916,Negative,Neutral
125344$_$0,4,0.4062280913375136,0.9009575843811035,0.1552802273357122,Negative,Neutral
125344$_$0,5,1.2111999337842931,-0.3147661089897156,0.6316590603264018,Negative,Neutral
125344$_$0,6,-0.23815441398943227,0.6968069076538086,0.15808615909530904,Negative,Neutral
125344$_$0,7,0.9547218052310773,-0.08945313096046448,0.5747801305605249,Negative,Neutral
125676$_$0,0,1.089895473409628,0.16583210229873657,0.4721710527798015,Positive,Neutral
125676$_$0,1,1.8055318470275528,1.0002907514572144,0.802569112826043,Positive,Neutral
125676$_$0,2,0.9638341814748207,0.5826470851898193,0.5857062170419775,Positive,Neutral
125676$_$0,3,1.4794476728086405,0.7877089977264404,0.7530817705755212,Positive,Neutral
125676$_$0,4,1.331866048274822,0.7595061659812927,0.6528990519884074,Positive,Neutral
125676$_$0,5,1.5954531066907465,0.8731163740158081,0.7641565811669109,Positive,Neutral
125676$_$0,6,0.8720749956314165,0.5401681661605835,0.5595990481539682,Positive,Neutral
125676$_$0,7,0.9990467304321589,0.6325012445449829,0.6503238901321287,Positive,Neutral
125676$_$4,0,1.089895473409628,0.16583210229873657,0.4721710527798015,Positive,Neutral
125676$_$4,1,2.0218450760393396,1.2532421350479126,0.8249227522870342,Positive,Neutral
125676$_$4,2,1.319520084316421,0.788577139377594,0.6878180059359652,Positive,Neutral
125676$_$4,3,2.039582937323904,1.1947333812713623,0.833540161367715,Positive,Neutral
125676$_$4,4,1.2183716960653588,0.6356828212738037,0.6142523117434928,Positive,Neutral
125676$_$4,5,2.037148112460268,1.1396801471710205,0.8258901182959902,Positive,Neutral
125676$_$4,6,1.0206004417284125,0.5986907482147217,0.5935693741302621,Positive,Neutral
125676$_$4,7,1.79390296966144,1.0329197645187378,0.7950208580653596,Positive,Neutral
128059$_$11,0,-0.2463803078319281,0.16583210229873657,0.3690606567840039,Negative,Positive
128059$_$11,1,2.5256412840483917,-1.454169511795044,0.8787849907610363,Negative,Positive
128059$_$11,2,-1.6155368506029233,0.9587171077728271,0.14225317083823222,Negative,Positive
128059$_$11,3,2.055332035297078,-0.7761321067810059,0.848294513663963,Negative,Positive
128059$_$11,4,0.3337928605989423,0.09456229209899902,0.44705440033609833,Negative,Positive
128059$_$11,5,2.607499681711845,-1.2127875089645386,0.8987608039110094,Negative,Positive
128059$_$11,6,-0.4491030844302253,0.3852565288543701,0.3039260993545326,Negative,Positive
128059$_$11,7,2.4164074516689777,-0.969363808631897,0.8868298969730823,Negative,Positive
128059$_$12,0,-1.089895473409628,0.16583210229873657,0.15876829043619456,Neutral,Positive
128059$_$12,1,0.4826173815201238,0.16877996921539307,0.5006092688751619,Neutral,Positive
128059$_$12,2,-1.7688009684029795,0.974474310874939,0.12829022659804548,Neutral,Positive
128059$_$12,3,-0.3213731844171701,0.39891213178634644,0.3520124264665326,Neutral,Positive
128059$_$12,4,-0.11054537543386678,0.09169931709766388,0.28638749608085273,Neutral,Positive
128059$_$12,5,0.6671125574832079,0.05755922198295593,0.4751580248427214,Neutral,Positive
128059$_$12,6,-0.8444377436966438,0.44718295335769653,0.23000860462164385,Neutral,Positive
128059$_$12,7,0.31726991677979555,0.17957943677902222,0.4215607491198054,Neutral,Positive
128059$_$2,0,-0.2463803078319281,0.16583210229873657,0.3690606567840039,Negative,Positive
128059$_$2,1,1.0509781169376464,-0.30556923151016235,0.6883199186829656,Negative,Positive
128059$_$2,2,-1.7512339862737902,0.7825057506561279,0.12220815109409433,Negative,Positive
128059$_$2,3,-0.3639318910475404,0.49608707427978516,0.3509184418927619,Negative,Positive
128059$_$2,4,0.33550535044034535,0.012087978422641754,0.41384101739414303,Negative,Positive
128059$_$2,5,1.8594935180468757,-0.6994810104370117,0.8167501328343247,Negative,Positive
128059$_$2,6,-0.5521733076349744,0.277759313583374,0.25105723552727455,Negative,Positive
128059$_$2,7,1.181880071290137,-0.23110242187976837,0.6886497094446737,Negative,Positive
128059$_$7,0,-1.089895473409628,0.16583210229873657,0.15876829043619456,Neutral,Positive
128059$_$7,1,0.8739289457942389,0.11398060619831085,0.5687151411571333,Neutral,Positive
128059$_$7,2,-1.6647272018016088,0.9447901248931885,0.1349905074652247,Neutral,Positive
128059$_$7,3,0.3817788733484756,0.17795026302337646,0.47030190748457407,Neutral,Positive
128059$_$7,4,-0.1669922639277306,0.06173822283744812,0.24618865691265987,Neutral,Positive
128059$_$7,5,0.6730516301127206,0.13131016492843628,0.4999782780162601,Neutral,Positive
128059$_$7,6,-0.8142257473105781,0.3957112431526184,0.20785209947552452,Neutral,Positive
128059$_$7,7,0.3209303907573726,0.177889883518219,0.42646614834402385,Neutral,Positive
128059$_$6,0,0.2463803078319281,0.16583210229873657,0.4721710527798015,Positive,Negative
128059$_$6,1,1.7410580454182067,1.030606985092163,0.7599324789685682,Positive,Negative
128059$_$6,2,1.3828917791138484,0.7675832509994507,0.6549323112761871,Positive,Negative
128059$_$6,3,1.8569619734849336,1.0612025260925293,0.7606025994932515,Positive,Negative
128059$_$6,4,0.07924237852590355,0.12742656469345093,0.32884206951497136,Positive,Negative
128059$_$6,5,1.3565578556092353,0.66105055809021,0.6606772143274375,Positive,Negative
128059$_$6,6,0.4474946424077044,0.3074987232685089,0.4414488015156281,Positive,Negative
128059$_$6,7,1.2469738926452172,0.7260841131210327,0.6467082817448762,Positive,Negative
128059$_$9,0,-0.2463803078319281,0.16583210229873657,0.3690606567840039,Negative,Positive
128059$_$9,1,0.7163142497458106,-0.2397981882095337,0.5973261776349168,Negative,Positive
128059$_$9,2,-1.6087619923443048,0.9437618255615234,0.14326476380477957,Negative,Positive
128059$_$9,3,-0.469236862730132,0.5955660343170166,0.328992285703707,Negative,Positive
128059$_$9,4,0.3723592335785755,0.10654334723949432,0.49125196388209486,Negative,Positive
128059$_$9,5,1.5300779824602735,-0.4258720874786377,0.7711348846277468,Negative,Positive
128059$_$9,6,-0.49893694217763485,0.4198729991912842,0.3050465015331145,Negative,Positive
128059$_$9,7,0.9874282470335269,-0.052835553884506226,0.6622794170038391,Negative,Positive
128763$_$12,0,-0.2463803078319281,0.16583210229873657,0.3690606567840039,Negative,Positive
128763$_$12,1,-0.22257221058928844,0.2710188627243042,0.33689563623515556,Negative,Positive
128763$_$12,2,-0.5716308112078698,0.11601561307907104,0.20179767857754463,Negative,Positive
128763$_$12,3,0.1329732047608887,0.13413690030574799,0.34901518729613806,Negative,Positive
128763$_$12,4,-0.5738619788946773,0.4881556034088135,0.31472244680972833,Negative,Positive
128763$_$12,5,0.7190635711226593,-0.06800809502601624,0.600186329643479,Negative,Positive
128763$_$12,6,-0.6958239223652617,0.21749454736709595,0.22061471373785552,Negative,Positive
128763$_$12,7,1.0636699744181048,-0.17006811499595642,0.6306577309519721,Negative,Positive
128763$_$3,0,-0.2463803078319281,0.16583210229873657,0.3690606567840039,Negative,Positive
128763$_$3,1,3.0847416326803643,-2.0426149368286133,0.9017115368277564,Negative,Positive
128763$_$3,2,-1.0871153916492733,0.3334689736366272,0.16881081712611365,Negative,Positive
128763$_$3,3,3.0235691681774104,-1.62571382522583,0.9056518649809453,Negative,Positive
128763$_$3,4,1.3280420220367146,-0.4575941562652588,0.7053441245334621,Negative,Positive
128763$_$3,5,3.23960958195448,-1.9796239137649536,0.923729977905607,Negative,Positive
128763$_$3,6,0.04148477270368778,0.10053986310958862,0.36078463369003905,Negative,Positive
128763$_$3,7,3.2919700121232607,-1.830450177192688,0.9316234860455956,Negative,Positive
128763$_$2,0,-0.8435151655776999,0.16583210229873657,0.15876829043619456,Neutral,Negative
128763$_$2,1,1.4244731122912664,0.020339936017990112,0.6765050083104623,Neutral,Negative
128763$_$2,2,0.7249520544602199,0.2017422914505005,0.4190623623308427,Neutral,Negative
128763$_$2,3,1.378275639193183,0.05161106586456299,0.643224785448667,Neutral,Negative
128763$_$2,4,-2.799392030054855,-1.0993354320526123,0.05102069973080335,Neutral,Negative
128763$_$2,5,0.4012656074750417,-0.17913007736206055,0.5097418486700147,Neutral,Negative
128763$_$2,6,-0.8954311373307637,-0.13163752853870392,0.2115767895157429,Neutral,Negative
128763$_$2,7,0.7863233114239758,0.017134368419647217,0.5698189801956113,Neutral,Negative
128763$_$5,0,-1.089895473409628,0.16583210229873657,0.15876829043619456,Neutral,Positive
128763$_$5,1,0.7706487999908159,0.12250444293022156,0.5874825531355721,Neutral,Positive
128763$_$5,2,-0.13995981999447227,0.3063088357448578,0.3868398597719509,Neutral,Positive
128763$_$5,3,0.6051273795672135,0.17835316061973572,0.551033924860357,Neutral,Positive
128763$_$5,4,-0.9054327695108002,-0.4288385510444641,0.08174138767951655,Neutral,Positive
128763$_$5,5,0.9785056052653813,0.08202135562896729,0.5798349517304991,Neutral,Positive
128763$_$5,6,-0.10060516051409585,0.1543099582195282,0.3204032933294523,Neutral,Positive
128763$_$5,7,0.8925794742710148,0.14371471107006073,0.5722830942913393,Neutral,Positive
128763$_$7,0,-0.2463803078319281,0.16583210229873657,0.3690606567840039,Negative,Positive
128763$_$7,1,2.629943873340633,-1.2244887351989746,0.861647437375464,Negative,Positive
128763$_$7,2,-0.7098581187678563,0.19322249293327332,0.18962562831316737,Negative,Positive
128763$_$7,3,1.51477939754585,-0.3573112189769745,0.6541833736513458,Negative,Positive
128763$_$7,4,-0.03251847161945565,-0.09165970236063004,0.38166512185324386,Negative,Positive
128763$_$7,5,2.8586827034688516,-1.4594345092773438,0.9031616731022769,Negative,Positive
128763$_$7,6,-0.35426592685633773,0.09123796224594116,0.2393015225910995,Negative,Positive
128763$_$7,7,2.4022966170310087,-0.9076998233795166,0.8501194236422287,Negative,Positive
128763$_$8,0,0.8435151655776999,0.16583210229873657,0.3690606567840039,Negative,Neutral
128763$_$8,1,1.0754936664978394,-0.2353844791650772,0.5944875865895758,Negative,Neutral
128763$_$8,2,-0.7258588610932634,0.2494601011276245,0.18965696335298987,Negative,Neutral
128763$_$8,3,0.039826107620779205,0.08389535546302795,0.373640069346044,Negative,Neutral
128763$_$8,4,1.7144349546533104,-0.5282374620437622,0.6874836887060535,Negative,Neutral
128763$_$8,5,2.1141015568161543,-0.7519532442092896,0.7922144363409309,Negative,Neutral
128763$_$8,6,0.017916640904361403,0.0034511610865592957,0.360790298302684,Negative,Neutral
128763$_$8,7,1.142613032584197,-0.26436781883239746,0.6282290824593114,Negative,Neutral
130456$_$11,0,-0.2463803078319281,0.16583210229873657,0.3690606567840039,Negative,Positive
130456$_$11,1,1.1472113124247019,-0.5325995683670044,0.7070178800729904,Negative,Positive
130456$_$11,2,-1.5297302637001002,0.42104339599609375,0.13203677753175028,Negative,Positive
130456$_$11,3,-0.5559786100118413,0.4245433807373047,0.29544515030024704,Negative,Positive
130456$_$11,4,-0.677547858521814,0.49419105052948,0.24449096813448648,Negative,Positive
130456$_$11,5,0.6161437505173076,0.09012079238891602,0.5914020533328349,Negative,Positive
130456$_$11,6,-0.9266876969968897,0.42482268810272217,0.1967731437625024,Negative,Positive
130456$_$11,7,0.40238187985909546,0.20650044083595276,0.5162948168728346,Negative,Positive
130456$_$3,0,0.2463803078319281,0.16583210229873657,0.4721710527798015,Positive,Negative
130456$_$3,1,-0.3926794448536939,0.1364823281764984,0.37091358503018274,Positive,Negative
130456$_$3,2,1.5985336535978003,0.4652745723724365,0.6188956242757817,Positive,Negative
130456$_$3,3,1.1469004575459545,0.7887182235717773,0.6539785416049926,Positive,Negative
130456$_$3,4,0.7461998228647153,0.45335882902145386,0.5022932192520979,Positive,Negative
130456$_$3,5,-0.5138306866251403,0.2635738253593445,0.3496283861720104,Positive,Negative
130456$_$3,6,1.1714055150524176,0.44401752948760986,0.5348794159863394,Positive,Negative
130456$_$3,7,0.16980602126869304,0.4445122480392456,0.4584930761379585,Positive,Negative
130456$_$5,0,-0.2463803078319281,0.16583210229873657,0.3690606567840039,Negative,Positive
130456$_$5,1,2.9113915662159977,-1.8568060398101807,0.8961454702988242,Negative,Positive
130456$_$5,2,-0.4677633615009207,0.13312377035617828,0.1875727350254233,Negative,Positive
130456$_$5,3,2.588221614022915,-1.2037051916122437,0.8666045526977629,Negative,Positive
130456$_$5,4,-0.033028131968502406,0.1654389500617981,0.29574319385531617,Negative,Positive
130456$_$5,5,2.9569757881570324,-1.455627679824829,0.9081884886464806,Negative,Positive
130456$_$5,6,-0.11546613519552196,0.12089154124259949,0.24970252646752594,Negative,Positive
130456$_$5,7,2.6597008503905206,-1.0758237838745117,0.8789673640709478,Negative,Positive
130456$_$4,0,-1.089895473409628,0.16583210229873657,0.15876829043619456,Neutral,Positive
130456$_$4,1,1.1033255725936355,0.07503765821456909,0.6265426861365834,Neutral,Positive
130456$_$4,2,0.019885047420338697,0.21642467379570007,0.4219891742696966,Neutral,Positive
130456$_$4,3,0.870434484553185,0.08034735918045044,0.5892720704023557,Neutral,Positive
130456$_$4,4,0.10263957587934214,0.20874392986297607,0.3782535158588463,Neutral,Positive
130456$_$4,5,1.009206145661127,0.13421469926834106,0.5892159076963926,Neutral,Positive
130456$_$4,6,0.2957641130628549,0.1901354193687439,0.4413205191675532,Neutral,Positive
130456$_$4,7,0.9231232648985888,0.13078731298446655,0.5756774288191827,Neutral,Positive
130456$_$7,0,0.8435151655776999,0.16583210229873657,0.3690606567840039,Negative,Neutral
130456$_$7,1,2.4575640050174368,-1.7862204313278198,0.8781026308057178,Negative,Neutral
130456$_$7,2,-0.9862797151647904,0.29762351512908936,0.13573401886816908,Negative,Neutral
130456$_$7,3,-0.19065002684525423,-0.057516589760780334,0.3749449539514474,Negative,Neutral
130456$_$7,4,0.2825716117616961,0.31138503551483154,0.33048285445316566,Negative,Neutral
130456$_$7,5,2.880306783529979,-1.4835357666015625,0.9013446160767,Negative,Neutral
130456$_$7,6,-0.8182143515389302,0.2759188413619995,0.18547347033452763,Negative,Neutral
130456$_$7,7,1.5721090447241903,-0.49937230348587036,0.7371862984235928,Negative,Neutral
130456$_$6,0,-0.8435151655776999,0.16583210229873657,0.15876829043619456,Neutral,Negative
130456$_$6,1,-0.7671502924604876,-0.5857585668563843,0.2823148672121134,Neutral,Negative
130456$_$6,2,0.8235659745644065,0.26504838466644287,0.3787551185792531,Neutral,Negative
130456$_$6,3,0.4428133403465051,-0.02517084777355194,0.4982864205989159,Neutral,Negative
130456$_$6,4,0.6729746705099267,0.31911373138427734,0.40980824449178316,Neutral,Negative
130456$_$6,5,-0.07949614768096869,-0.060678668320178986,0.39251726114449403,Neutral,Negative
130456$_$6,6,0.705696221824597,0.25813502073287964,0.42233280707464776,Neutral,Negative
130456$_$6,7,0.20154795899136835,0.04143747687339783,0.4378970727046833,Neutral,Negative
188343$_$13,0,1.089895473409628,0.16583210229873657,0.4721710527798015,Positive,Neutral
188343$_$13,1,0.5790844556116214,0.42690473794937134,0.5440125649593368,Positive,Neutral
188343$_$13,2,0.40586428060564184,0.3930639922618866,0.4992180308167089,Positive,Neutral
188343$_$13,3,0.11637994547766639,0.3498813807964325,0.441507886911375,Positive,Neutral
188343$_$13,4,1.1132770391216513,0.23466169834136963,0.4381683328097,Positive,Neutral
188343$_$13,5,0.8631953053413165,0.47781383991241455,0.5695899704913233,Positive,Neutral
188343$_$13,6,0.4825072864507207,0.2522583603858948,0.41614376720802876,Positive,Neutral
188343$_$13,7,0.3156307157737912,0.40414249897003174,0.45040590275563425,Positive,Neutral
188343$_$12,0,-0.2463803078319281,0.16583210229873657,0.3690606567840039,Negative,Positive
188343$_$12,1,2.988861827807846,-2.0464792251586914,0.90385095957787,Negative,Positive
188343$_$12,2,-0.8631961329190195,0.3819127082824707,0.19840693759240263,Negative,Positive
188343$_$12,3,3.066730539418582,-1.8691424131393433,0.9172788610508857,Negative,Positive
188343$_$12,4,-0.23642241777772077,0.3397630453109741,0.39614068463553515,Negative,Positive
188343$_$12,5,3.0157893304728063,-1.8813718557357788,0.9162235061819191,Negative,Positive
188343$_$12,6,-0.2527879290004972,0.2576935291290283,0.3521460514997393,Negative,Positive
188343$_$12,7,3.150204717928467,-1.8513789176940918,0.9290058015027275,Negative,Positive
188343$_$5,0,-0.8435151655776999,0.16583210229873657,0.15876829043619456,Neutral,Negative
188343$_$5,1,0.9258943508924726,0.014043793082237244,0.5746261721722441,Neutral,Negative
188343$_$5,2,1.138754330332039,0.2788699269294739,0.4267367165989801,Neutral,Negative
188343$_$5,3,1.2484689886863665,0.11727887392044067,0.5929605864075919,Neutral,Negative
188343$_$5,4,-0.6623055385184808,0.3483191132545471,0.16429533824852433,Neutral,Negative
188343$_$5,5,0.04925958410693365,0.046815723180770874,0.380109102436602,Neutral,Negative
188343$_$5,6,0.5271219767009943,0.2882276475429535,0.3547974703223141,Neutral,Negative
188343$_$5,7,0.6016086938724706,0.1272931694984436,0.48683659915095967,Neutral,Negative
188343$_$9,0,1.089895473409628,0.16583210229873657,0.4721710527798015,Positive,Neutral
188343$_$9,1,1.6316997787850234,0.9369807243347168,0.7668609833314617,Positive,Neutral
188343$_$9,2,0.2616782922598835,0.3660014271736145,0.4806652506772212,Positive,Neutral
188343$_$9,3,1.0052288359651933,0.6274110078811646,0.6632393746597446,Positive,Neutral
188343$_$9,4,0.6910998913120358,0.2512785792350769,0.41811420246615627,Positive,Neutral
188343$_$9,5,1.214204004591814,0.6836937665939331,0.6801438477882191,Positive,Neutral
188343$_$9,6,0.1736259900194287,0.2441609501838684,0.39192417910071875,Positive,Neutral
188343$_$9,7,0.5788723601083878,0.5255775451660156,0.5503860555264379,Positive,Neutral
188343$_$8,0,-0.2463803078319281,0.16583210229873657,0.3690606567840039,Negative,Positive
188343$_$8,1,3.037067047446516,-1.8805568218231201,0.9003227385001003,Negative,Positive
188343$_$8,2,-1.192659510880426,0.3844220042228699,0.14859340708663782,Negative,Positive
188343$_$8,3,2.6523177813528616,-1.1865352392196655,0.8684618356265071,Negative,Positive
188343$_$8,4,0.23719444652264898,0.05538561940193176,0.45890481377801495,Negative,Positive
188343$_$8,5,3.138012279363358,-1.7221903800964355,0.922768083013255,Negative,Positive
188343$_$8,6,-0.2229637726939453,0.17368268966674805,0.29667292383181465,Negative,Positive
188343$_$8,7,2.921242269756401,-1.3427462577819824,0.9085529995729863,Negative,Positive
1HK7Nea0PFo$_$1,0,-0.2463803078319281,0.16583210229873657,0.3690606567840039,Negative,Positive
1HK7Nea0PFo$_$1,1,-0.11948422685486648,0.3167150914669037,0.42594831807389677,Negative,Positive
1HK7Nea0PFo$_$1,2,-0.6013682565842782,0.23363766074180603,0.2227035599143847,Negative,Positive
1HK7Nea0PFo$_$1,3,-0.29522267334732266,0.37331435084342957,0.356062125269898,Negative,Positive
1HK7Nea0PFo$_$1,4,-0.898416794454521,0.4543949365615845,0.22708990255368217,Negative,Positive
1HK7Nea0PFo$_$1,5,0.10615658367295211,0.21421197056770325,0.4748001818681197,Negative,Positive
1HK7Nea0PFo$_$1,6,-0.5296809390627601,0.26449498534202576,0.25454057251453804,Negative,Positive
1HK7Nea0PFo$_$1,7,0.21960319292078412,0.1501345932483673,0.47628177299424357,Negative,Positive
216097$_$1,0,0.8435151655776999,0.16583210229873657,0.3690606567840039,Negative,Neutral
216097$_$1,1,1.165538915769833,-1.0298198461532593,0.6997179154260191,Negative,Neutral
216097$_$1,2,-0.8027472114486125,0.23869740962982178,0.16922589365557253,Negative,Neutral
216097$_$1,3,-0.09038125682008058,-0.1938866674900055,0.40566204522539034,Negative,Neutral
216097$_$1,4,0.21304489977118668,0.2867943048477173,0.3072140508925256,Negative,Neutral
216097$_$1,5,1.7078575483909628,-1.0198475122451782,0.7853470387341627,Negative,Neutral
216097$_$1,6,-0.7324404008473072,0.21868696808815002,0.18998542971793236,Negative,Neutral
216097$_$1,7,0.5131365092048396,-0.26955536007881165,0.5408574551955154,Negative,Neutral
216097$_$2,0,-1.089895473409628,0.16583210229873657,0.15876829043619456,Neutral,Positive
216097$_$2,1,0.891058466734575,0.11814373731613159,0.6012805787613369,Neutral,Positive
216097$_$2,2,0.36638890364953025,0.13342852890491486,0.4834113131820259,Neutral,Positive
216097$_$2,3,0.8664598488985799,0.07138541340827942,0.5925949849531847,Neutral,Positive
216097$_$2,4,-0.8721476625889896,0.4209809899330139,0.22324316539566852,Neutral,Positive
216097$_$2,5,0.5883694965637518,0.1732707917690277,0.534925362498086,Neutral,Positive
216097$_$2,6,-0.0868555438362304,0.22656118869781494,0.3737163645532278,Neutral,Positive
216097$_$2,7,0.7535729624294953,0.12799932062625885,0.5600268432649477,Neutral,Positive
216097$_$5,0,1.089895473409628,0.16583210229873657,0.4721710527798015,Positive,Neutral
216097$_$5,1,0.1601464034989154,0.31397369503974915,0.46748059591133484,Positive,Neutral
216097$_$5,2,0.4408637670160941,0.32521694898605347,0.5035695387221452,Positive,Neutral
216097$_$5,3,-0.04519499389230208,0.23077356815338135,0.41487693620253085,Positive,Neutral
216097$_$5,4,0.8169105624535967,0.5325136184692383,0.5554018066681725,Positive,Neutral
216097$_$5,5,0.3052021800452268,0.3478778898715973,0.49738174956172315,Positive,Neutral
216097$_$5,6,0.5082787709748711,0.39297163486480713,0.5098345444994966,Positive,Neutral
216097$_$5,7,0.014425742021288768,0.2751866579055786,0.42540458093775146,Positive,Neutral
216097$_$4,0,-0.2463803078319281,0.16583210229873657,0.3690606567840039,Negative,Positive
216097$_$4,1,2.7536822185066443,-1.5236451625823975,0.8841240256829539,Negative,Positive
216097$_$4,2,-0.6179715849605008,0.08857403695583344,0.21151638388168964,Negative,Positive
216097$_$4,3,2.512110504792431,-1.139090895652771,0.8558638784799594,Negative,Positive
216097$_$4,4,-0.687323059541115,0.5177459120750427,0.2758215916163506,Negative,Positive
216097$_$4,5,2.5164659426619385,-1.0773192644119263,0.8838250236943866,Negative,Positive
216097$_$4,6,-0.6945450409600754,0.318452388048172,0.23756944568906324,Negative,Positive
216097$_$4,7,2.706170359854436,-1.1661940813064575,0.8985795554463796,Negative,Positive
216097$_$7,0,1.089895473409628,0.16583210229873657,0.4721710527798015,Positive,Neutral
216097$_$7,1,1.9112903879336098,1.1071101427078247,0.7952491990776798,Positive,Neutral
216097$_$7,2,0.43590992053915767,0.2937249541282654,0.4957092427628446,Positive,Neutral
216097$_$7,3,1.3154370919513307,0.6997750401496887,0.7069557665530509,Positive,Neutral
216097$_$7,4,1.4185983444380532,0.7211799621582031,0.6361509014466087,Positive,Neutral
216097$_$7,5,1.8773133890512301,0.9695534706115723,0.7809383271252464,Positive,Neutral
216097$_$7,6,0.878611098565126,0.4990283250808716,0.5737204618581495,Positive,Neutral
216097$_$7,7,1.4205310101529947,0.7739365100860596,0.7184881363238195,Positive,Neutral
216097$_$8,0,-0.2463803078319281,0.16583210229873657,0.3690606567840039,Negative,Positive
216097$_$8,1,2.9646465813150695,-1.9397478103637695,0.9022775264811195,Negative,Positive
216097$_$8,2,-0.960677627252741,0.20177075266838074,0.15575845207977412,Negative,Positive
216097$_$8,3,2.7939474921854717,-1.433534860610962,0.8993272388066961,Negative,Positive
216097$_$8,4,-0.35545881656351275,0.23847609758377075,0.31603142457779176,Negative,Positive
216097$_$8,5,3.0088169829284097,-1.9516775608062744,0.907474266222574,Negative,Positive
216097$_$8,6,-0.9263456911111614,0.20034551620483398,0.15905015190430002,Negative,Positive
216097$_$8,7,2.8687961553306613,-1.4833288192749023,0.9069369190075829,Negative,Positive
223431$_$11,0,-0.2463803078319281,0.16583210229873657,0.3690606567840039,Negative,Positive
223431$_$11,1,2.864531152448736,-1.575299620628357,0.8846932899300589,Negative,Positive
223431$_$11,2,-0.7702061327304445,0.17137715220451355,0.17294051342700462,Negative,Positive
223431$_$11,3,2.2077968866602182,-0.7796809673309326,0.8000895489330379,Negative,Positive
223431$_$11,4,1.1562724763153551,-0.3795686364173889,0.6281901691180084,Negative,Positive
223431$_$11,5,3.0215187126719703,-1.556166410446167,0.9092353114127708,Negative,Positive
223431$_$11,6,0.09305097190878397,0.05519033968448639,0.32378030973857475,Negative,Positive
223431$_$11,7,2.7059385820966804,-1.1116113662719727,0.8829483571278881,Negative,Positive
223431$_$10,0,1.089895473409628,0.16583210229873657,0.4721710527798015,Positive,Neutral
223431$_$10,1,2.106215797773283,1.3249670267105103,0.8246129804126662,Positive,Neutral
223431$_$10,2,-0.6815129239280734,0.0357418954372406,0.27126966642354366,Positive,Neutral
223431$_$10,3,1.372485860021415,0.7531323432922363,0.7370357128483767,Positive,Neutral
223431$_$10,4,0.5602240590809153,-0.17193350195884705,0.27937913760027167,Positive,Neutral
223431$_$10,5,1.9318926255069764,1.062612771987915,0.7824794618394072,Positive,Neutral
223431$_$10,6,-0.30964614948055325,-0.0008621662855148315,0.27496352207931063,Positive,Neutral
223431$_$10,7,0.7834281252720436,0.5917071104049683,0.5984619474103847,Positive,Neutral
223431$_$13,0,-0.2463803078319281,0.16583210229873657,0.3690606567840039,Negative,Positive
223431$_$13,1,3.0672085604850077,-1.9778379201889038,0.904212851963564,Negative,Positive
223431$_$13,2,-0.2159941078968579,0.11071750521659851,0.23679715787691985,Negative,Positive
223431$_$13,3,2.9345321283823997,-1.5262246131896973,0.9000816405403395,Negative,Positive
223431$_$13,4,0.5170917463106197,-0.0780414566397667,0.3932697966574532,Negative,Positive
223431$_$13,5,3.200038976160743,-1.8821715116500854,0.9214615643088873,Negative,Positive
223431$_$13,6,0.2970382285039699,0.010905414819717407,0.34605776183327636,Negative,Positive
223431$_$13,7,3.1026838885599526,-1.6209309101104736,0.9195786538918702,Negative,Positive
223431$_$0,0,-1.089895473409628,0.16583210229873657,0.15876829043619456,Neutral,Positive
223431$_$0,1,-1.581348502525676,0.9700759649276733,0.1575529181076625,Neutral,Positive
223431$_$0,2,0.692540707621118,0.16664478182792664,0.5599245987230105,Neutral,Positive
223431$_$0,3,-0.6601126983781346,0.5254284143447876,0.3108198867462877,Neutral,Positive
223431$_$0,4,-0.2202581774984047,-0.4281129837036133,0.16208167796897807,Neutral,Positive
223431$_$0,5,-0.6492119770572792,0.5174418091773987,0.29958611145026626,Neutral,Positive
223431$_$0,6,0.6711973293242931,0.07872384786605835,0.4816267040002456,Neutral,Positive
223431$_$0,7,0.2130361148929042,0.31498104333877563,0.4802769644694127,Neutral,Positive
223431$_$5,0,0.8435151655776999,0.16583210229873657,0.3690606567840039,Negative,Neutral
223431$_$5,1,0.06679389212795406,-0.26270753145217896,0.43817619486123005,Negative,Neutral
223431$_$5,2,-0.9290016250575592,0.13340982794761658,0.19903356275459747,Negative,Neutral
223431$_$5,3,-0.5729147581189077,0.043407708406448364,0.2868050666245941,Negative,Neutral
223431$_$5,4,1.0308608715154737,-0.3756258189678192,0.5820758653551669,Negative,Neutral
223431$_$5,5,1.5721911163736668,-0.657784104347229,0.7446936385604448,Negative,Neutral
223431$_$5,6,-0.20016475975964942,0.017297744750976562,0.33202182038698,Negative,Neutral
223431$_$5,7,0.621662507445573,-0.16776646673679352,0.5456384713753807,Negative,Neutral
225770$_$3,0,-1.089895473409628,0.16583210229873657,0.15876829043619456,Neutral,Positive
225770$_$3,1,1.1704675447575135,0.06697706878185272,0.5860316210746758,Neutral,Positive
225770$_$3,2,-1.9945188647062482,1.1855852603912354,0.10317627643732973,Neutral,Positive
225770$_$3,3,0.2804067041049896,0.2279236912727356,0.4370673075778026,Neutral,Positive
225770$_$3,4,-0.2771173522139494,0.36620962619781494,0.34320928678504725,Neutral,Positive
225770$_$3,5,0.8058877679264168,0.11626529693603516,0.5363488367786069,Neutral,Positive
225770$_$3,6,-1.3099744085795308,0.7428069114685059,0.1673628624602137,Neutral,Positive
225770$_$3,7,0.16864364024137468,0.19963803887367249,0.3934909468456003,Neutral,Positive
225770$_$5,0,-1.089895473409628,0.16583210229873657,0.15876829043619456,Neutral,Positive
225770$_$5,1,0.4333335298015526,0.200508713722229,0.5305657868455209,Neutral,Positive
225770$_$5,2,-1.993007789029517,1.1843408346176147,0.10524572572643322,Neutral,Positive
225770$_$5,3,-0.6111914415272394,0.5273387432098389,0.31386067833519604,Neutral,Positive
225770$_$5,4,0.6474855373352861,0.09713418781757355,0.5085845615914789,Neutral,Positive
225770$_$5,5,1.0467017412213164,0.1025218814611435,0.6204004090507556,Neutral,Positive
225770$_$5,6,-0.23852213899344898,0.3177029490470886,0.3531454521446868,Neutral,Positive
225770$_$5,7,0.5926523628756107,0.1947929859161377,0.5382389386088369,Neutral,Positive
225770$_$4,0,-1.089895473409628,0.16583210229873657,0.15876829043619456,Neutral,Positive
225770$_$4,1,1.1336884158713314,0.0721479207277298,0.6206601124651182,Neutral,Positive
225770$_$4,2,-1.3462212229196249,0.7771260738372803,0.18162678447959138,Neutral,Positive
225770$_$4,3,0.6061163585843717,0.14621928334236145,0.5324569861694379,Neutral,Positive
225770$_$4,4,0.22647870686677174,0.09278520941734314,0.3959439209606767,Neutral,Positive
225770$_$4,5,1.0115003743873499,0.09483814239501953,0.5825654763496138,Neutral,Positive
225770$_$4,6,-0.249373173846142,0.25271645188331604,0.32953730917377455,Neutral,Positive
225770$_$4,7,0.7324751294799778,0.12936252355575562,0.5305735761119118,Neutral,Positive
225770$_$6,0,-1.089895473409628,0.16583210229873657,0.15876829043619456,Neutral,Positive
225770$_$6,1,0.8313994166127174,0.09104958176612854,0.5681055750712329,Neutral,Positive
225770$_$6,2,-1.664488007545276,0.9169132709503174,0.1390111650195162,Neutral,Positive
225770$_$6,3,0.24979248867250503,0.20511212944984436,0.4564114252688022,Neutral,Positive
225770$_$6,4,0.19502418883712613,0.1713390350341797,0.41702284245636567,Neutral,Positive
225770$_$6,5,0.7834438767016498,0.09601607918739319,0.5373533550806467,Neutral,Positive
225770$_$6,6,-0.5069692763992073,0.35975730419158936,0.28815657151148943,Neutral,Positive
225770$_$6,7,0.45406614237184795,0.142560675740242,0.4620906182944776,Neutral,Positive
236021$_$12,0,1.089895473409628,0.16583210229873657,0.4721710527798015,Positive,Neutral
236021$_$12,1,0.768785256850703,0.49513912200927734,0.6109798686511314,Positive,Neutral
236021$_$12,2,0.4944759284622888,0.3913121819496155,0.5249399475294829,Positive,Neutral
236021$_$12,3,0.29189656131968467,0.35022714734077454,0.5026552895126573,Positive,Neutral
236021$_$12,4,2.2710338480153593,1.182413101196289,0.7572262920920866,Positive,Neutral
236021$_$12,5,1.8530693679704926,0.9967745542526245,0.7898956925126428,Positive,Neutral
236021$_$12,6,1.878734436546882,1.0246498584747314,0.7696988743134561,Positive,Neutral
236021$_$12,7,1.022850599543659,0.6519457101821899,0.6613393850628748,Positive,Neutral
236021$_$1,0,-1.089895473409628,0.16583210229873657,0.15876829043619456,Neutral,Positive
236021$_$1,1,1.0422865529716587,0.09575311839580536,0.6212692549896233,Neutral,Positive
236021$_$1,2,-1.3913985746073068,0.7371250987052917,0.17516662158529164,Neutral,Positive
236021$_$1,3,0.5821789944467486,0.1338835060596466,0.5369570884907668,Neutral,Positive
236021$_$1,4,-1.288102457424288,0.6202167868614197,0.15775895028289236,Neutral,Positive
236021$_$1,5,0.6780224212222423,0.1820208728313446,0.5493622362606359,Neutral,Positive
236021$_$1,6,-1.0662196262288886,0.5815244317054749,0.20639543824516923,Neutral,Positive
236021$_$1,7,0.5575405129437965,0.19854339957237244,0.5186887099116123,Neutral,Positive
236021$_$3,0,-0.2463803078319281,0.16583210229873657,0.3690606567840039,Negative,Positive
236021$_$3,1,2.92826484543649,-2.010310649871826,0.8873127124062214,Negative,Positive
236021$_$3,2,-1.0174622129407682,0.37952369451522827,0.17718035874403495,Negative,Positive
236021$_$3,3,2.730064734768519,-1.499882698059082,0.884230318229678,Negative,Positive
236021$_$3,4,-1.1635719870393881,0.6745527386665344,0.1950034373145111,Negative,Positive
236021$_$3,5,3.0028981781251987,-1.7231781482696533,0.9138519726347085,Negative,Positive
236021$_$3,6,-0.844025049283012,0.35700711607933044,0.20502038347253193,Negative,Positive
236021$_$3,7,3.018020944557549,-1.5421504974365234,0.9196966731967268,Negative,Positive
236021$_$2,0,-0.2463803078319281,0.16583210229873657,0.3690606567840039,Negative,Positive
236021$_$2,1,0.15376581365730047,0.021506458520889282,0.4471897270758949,Negative,Positive
236021$_$2,2,-1.7923280813502873,0.8128448128700256,0.11980359634187919,Negative,Positive
236021$_$2,3,0.0835621840100953,0.2682913541793823,0.41564129500065705,Negative,Positive
236021$_$2,4,-1.4548277112469417,0.9099715948104858,0.1631731747900039,Negative,Positive
236021$_$2,5,-0.6532234371529326,0.5027108788490295,0.2991142287829014,Negative,Positive
236021$_$2,6,-1.4905161077953222,0.8545801043510437,0.15414385535140412,Negative,Positive
236021$_$2,7,0.21695665144704324,0.282537579536438,0.4843508897716683,Negative,Positive
236021$_$5,0,-0.8435151655776999,0.16583210229873657,0.15876829043619456,Neutral,Negative
236021$_$5,1,0.6938722653894723,-0.07647097110748291,0.5464930300661615,Neutral,Negative
236021$_$5,2,0.27942108347814987,0.5196040868759155,0.20225279005352326,Neutral,Negative
236021$_$5,3,0.8604061192835192,0.08230184018611908,0.5333820866274837,Neutral,Negative
236021$_$5,4,-0.2741867733901595,0.6762456297874451,0.15619719787115144,Neutral,Negative
236021$_$5,5,0.3765270740697261,0.07523521780967712,0.4373619521696061,Neutral,Negative
236021$_$5,6,0.13011806590764796,0.4927574396133423,0.21764723170884678,Neutral,Negative
236021$_$5,7,0.49233903620397745,0.10624685883522034,0.47263765400698016,Neutral,Negative
236021$_$4,0,-0.2463803078319281,0.16583210229873657,0.3690606567840039,Negative,Positive
236021$_$4,1,2.5619657038789594,-1.2336680889129639,0.8473831989219263,Negative,Positive
236021$_$4,2,-1.7775580664198432,1.0171152353286743,0.12825966895364257,Negative,Positive
236021$_$4,3,1.8434116606466102,-0.6378675699234009,0.7868071206571577,Negative,Positive
236021$_$4,4,-1.448934255204058,1.0817373991012573,0.17034077755656157,Negative,Positive
236021$_$4,5,1.7020304923768446,-0.41620126366615295,0.7937385789724631,Negative,Positive
236021$_$4,6,-1.536998231780528,1.0538594722747803,0.15720920699848795,Negative,Positive
236021$_$4,7,1.709596565940981,-0.4311404824256897,0.7989042469103765,Negative,Positive
237009$_$11,0,-0.2463803078319281,0.16583210229873657,0.3690606567840039,Negative,Positive
237009$_$11,1,2.75383646759433,-1.5295436382293701,0.8679797850785087,Negative,Positive
237009$_$11,2,-0.41901479654071927,0.21414464712142944,0.24880379949735007,Negative,Positive
237009$_$11,3,2.0498191516671445,-0.6725475788116455,0.760151857830265,Negative,Positive
237009$_$11,4,1.9004826563164556,-0.8455512523651123,0.8220504277985168,Negative,Positive
237009$_$11,5,2.933924869355098,-1.5842833518981934,0.9085014272504562,Negative,Positive
237009$_$11,6,1.0855786799755744,-0.291534960269928,0.6498206084157367,Negative,Positive
237009$_$11,7,2.7153764279360773,-1.1629784107208252,0.8851716175929022,Negative,Positive
237009$_$12,0,-0.2463803078319281,0.16583210229873657,0.3690606567840039,Negative,Positive
237009$_$12,1,2.925704739858734,-1.816175103187561,0.8975214796612998,Negative,Positive
237009$_$12,2,-1.1745180324269358,0.8507398962974548,0.20832157019200212,Negative,Positive
237009$_$12,3,2.749895385816676,-1.4333082437515259,0.9017191133549715,Negative,Positive
237009$_$12,4,0.07789178914727701,0.3121638298034668,0.45633495443036837,Negative,Positive
237009$_$12,5,2.8769937809487405,-1.4313637018203735,0.9143890567892667,Negative,Positive
237009$_$12,6,-0.21801671813146561,0.474759578704834,0.3931666725096115,Negative,Positive
237009$_$12,7,2.874802344289914,-1.3943719863891602,0.9185344543516899,Negative,Positive
237009$_$4,0,1.089895473409628,0.16583210229873657,0.4721710527798015,Positive,Neutral
237009$_$4,1,2.080691047239388,1.2809760570526123,0.793656103975346,Positive,Neutral
237009$_$4,2,1.057676131351907,0.6110079288482666,0.6307788801868877,Positive,Neutral
237009$_$4,3,2.001588978363613,1.172954797744751,0.8054798400556462,Positive,Neutral
237009$_$4,4,1.7361717631147007,0.7473474740982056,0.6484061467582024,Positive,Neutral
237009$_$4,5,2.310691400366126,1.267939567565918,0.8041523189509737,Positive,Neutral
237009$_$4,6,1.268859791894974,0.6674169301986694,0.6470668241897154,Positive,Neutral
237009$_$4,7,1.9684542853300873,1.1243743896484375,0.78246874788098,Positive,Neutral
237009$_$7,0,-0.2463803078319281,0.16583210229873657,0.3690606567840039,Negative,Positive
237009$_$7,1,2.825962083534324,-1.9985394477844238,0.8921397865917712,Negative,Positive
237009$_$7,2,-1.7951586540757853,0.8630380630493164,0.1223864804010787,Negative,Positive
237009$_$7,3,2.781231258324136,-1.7143694162368774,0.9030387361301755,Negative,Positive
237009$_$7,4,0.27601891848382853,0.07584111392498016,0.5038599315057803,Negative,Positive
237009$_$7,5,3.0084600343674426,-1.9206230640411377,0.9156508823431007,Negative,Positive
237009$_$7,6,-0.5071021303615124,0.3165913224220276,0.3070764263575392,Negative,Positive
237009$_$7,7,3.129344995925769,-1.9059385061264038,0.9294046905856822,Negative,Positive
237009$_$9,0,-0.2463803078319281,0.16583210229873657,0.3690606567840039,Negative,Positive
237009$_$9,1,2.9959197079570545,-1.9686596393585205,0.8870421381137544,Negative,Positive
237009$_$9,2,-1.4006943986467593,1.0132641792297363,0.1754651506873503,Negative,Positive
237009$_$9,3,2.962251977173281,-1.5201923847198486,0.9037814436332441,Negative,Positive
237009$_$9,4,-0.9938922171143308,0.5596767663955688,0.2326566966379952,Negative,Positive
237009$_$9,5,3.1740961661842326,-1.8519539833068848,0.9210511618975016,Negative,Positive
237009$_$9,6,-1.0039148073408497,0.6329115033149719,0.2297083201305807,Negative,Positive
237009$_$9,7,3.228994167940212,-1.6553224325180054,0.932435586435688,Negative,Positive
241629$_$10,0,-0.2463803078319281,0.16583210229873657,0.3690606567840039,Negative,Positive
241629$_$10,1,2.7541458985290412,-1.8007235527038574,0.8929926988050654,Negative,Positive
241629$_$10,2,-1.1553358228072077,0.48067188262939453,0.17641813518900964,Negative,Positive
241629$_$10,3,2.6898899428612215,-1.4841556549072266,0.9007380943739651,Negative,Positive
241629$_$10,4,-0.14912271252518783,0.22827166318893433,0.40110835226886643,Negative,Positive
241629$_$10,5,2.8578093961412456,-1.7917840480804443,0.906230507017633,Negative,Positive
241629$_$10,6,-0.8482422310092568,0.4020134210586548,0.2255812561269345,Negative,Positive
241629$_$10,7,2.8886132930987456,-1.6208531856536865,0.9177823572668058,Negative,Positive
241629$_$0,0,1.089895473409628,0.16583210229873657,0.4721710527798015,Positive,Neutral
241629$_$0,1,2.0804981898094597,1.321815848350525,0.8238224548480146,Positive,Neutral
241629$_$0,2,0.6066166375495892,0.37150540947914124,0.558627303251071,Positive,Neutral
241629$_$0,3,1.8339155953751722,0.9940223693847656,0.8074129151490423,Positive,Neutral
241629$_$0,4,0.48198010723535,0.06756098568439484,0.2845000165279132,Positive,Neutral
241629$_$0,5,1.9183841910046335,1.0697993040084839,0.7908515702686507,Positive,Neutral
241629$_$0,6,0.08438565854772662,0.24527299404144287,0.3871007157959457,Positive,Neutral
241629$_$0,7,1.2977426934033665,0.769734263420105,0.711440641291862,Positive,Neutral
241629$_$3,0,0.2463803078319281,0.16583210229873657,0.4721710527798015,Positive,Negative
241629$_$3,1,2.125190480126036,1.4443116188049316,0.8164603646966736,Positive,Negative
241629$_$3,2,0.5308423526854038,0.19150292873382568,0.3700956291096135,Positive,Negative
241629$_$3,3,2.5172056574987054,1.2869164943695068,0.8404054566629461,Positive,Negative
241629$_$3,4,-0.5787314211901868,0.019569456577301025,0.31768021090889076,Positive,Negative
241629$_$3,5,1.878399781687729,1.2883970737457275,0.8054717000122489,Positive,Negative
241629$_$3,6,-0.18710354355356673,0.1077006459236145,0.34024805666520214,Positive,Negative
241629$_$3,7,2.197946212537624,1.2526957988739014,0.820038372948263,Positive,Negative
241629$_$5,0,-0.2463803078319281,0.16583210229873657,0.3690606567840039,Negative,Positive
241629$_$5,1,1.9427743258110097,-0.8027616739273071,0.7574721603158816,Negative,Positive
241629$_$5,2,-0.6738645234677064,0.15625596046447754,0.200923712984145,Negative,Positive
241629$_$5,3,0.8948253227419353,-0.10363326966762543,0.48449420110407465,Negative,Positive
241629$_$5,4,0.04786569627196757,0.1469959020614624,0.45457535127453086,Negative,Positive
241629$_$5,5,2.272210667496002,-0.9809391498565674,0.8524130927641653,Negative,Positive
241629$_$5,6,-0.32903336333989885,0.17124634981155396,0.30674120226293883,Negative,Positive
241629$_$5,7,1.7424397742246824,-0.4504902958869934,0.751976828972441,Negative,Positive
241629$_$8,0,-0.2463803078319281,0.16583210229873657,0.3690606567840039,Negative,Positive
241629$_$8,1,3.112336920743682,-1.8865690231323242,0.9097069687806124,Negative,Positive
241629$_$8,2,-0.6196746560539271,0.1698864996433258,0.21039669522207444,Negative,Positive
241629$_$8,3,2.9092379265620822,-1.4818472862243652,0.8983491946137627,Negative,Positive
241629$_$8,4,0.2670391767418008,0.14468452334403992,0.5034518230530088,Negative,Positive
241629$_$8,5,3.109910498421474,-1.6747174263000488,0.9217662886708327,Negative,Positive
241629$_$8,6,-0.20883021074759345,0.21338048577308655,0.3430142191130567,Negative,Positive
241629$_$8,7,3.075209494723227,-1.5127736330032349,0.9227405241869079,Negative,Positive
243646$_$11,0,-0.2463803078319281,0.16583210229873657,0.3690606567840039,Negative,Positive
243646$_$11,1,3.1190970320987437,-2.0399725437164307,0.9017411740420321,Negative,Positive
243646$_$11,2,-0.3078083546463459,0.15681147575378418,0.276545180338041,Negative,Positive
243646$_$11,3,3.070718355719363,-1.6466501951217651,0.9071723767193902,Negative,Positive
243646$_$11,4,-0.5011120628347612,0.3138960599899292,0.27535093293411955,Negative,Positive
243646$_$11,5,3.1955460246290834,-1.7964797019958496,0.9233484490362943,Negative,Positive
243646$_$11,6,-0.1565184205221396,0.15251284837722778,0.3180003011992172,Negative,Positive
243646$_$11,7,3.1760521859049415,-1.6009210348129272,0.9257189760809638,Negative,Positive
243646$_$12,0,-0.2463803078319281,0.16583210229873657,0.3690606567840039,Negative,Positive
243646$_$12,1,2.800404366198709,-1.6328742504119873,0.8968751168028188,Negative,Positive
243646$_$12,2,-0.5517073838537311,0.48373281955718994,0.2960727477196889,Negative,Positive
243646$_$12,3,2.5886647740262476,-1.1784271001815796,0.8888558462258024,Negative,Positive
243646$_$12,4,-1.019977637787258,0.6498388648033142,0.20943438600480335,Negative,Positive
243646$_$12,5,2.1682479472244163,-0.7641870975494385,0.8597372253281268,Negative,Positive
243646$_$12,6,-0.4997211769435299,0.4910546541213989,0.2998750717991711,Negative,Positive
243646$_$12,7,2.3557091796170284,-0.8132076263427734,0.8771136330944728,Negative,Positive
243646$_$9,0,-1.089895473409628,0.16583210229873657,0.15876829043619456,Neutral,Positive
243646$_$9,1,0.9856914761533309,0.07799504697322845,0.6242589618477438,Neutral,Positive
243646$_$9,2,0.4315368398363125,0.18433114886283875,0.4317796664742008,Neutral,Positive
243646$_$9,3,1.055495761887594,0.08649033308029175,0.6255739603983763,Neutral,Positive
243646$_$9,4,0.5200548107413298,0.1737426519393921,0.4940272116124482,Neutral,Positive
243646$_$9,5,1.1423421701754504,0.0770813375711441,0.6345192117894863,Neutral,Positive
243646$_$9,6,0.6776730944941026,0.09776653349399567,0.48736825485271723,Neutral,Positive
243646$_$9,7,1.1644923446852493,0.07959114015102386,0.6228983468329766,Neutral,Positive
243646$_$8,0,-1.089895473409628,0.16583210229873657,0.15876829043619456,Neutral,Positive
243646$_$8,1,0.3067615190473465,0.21462750434875488,0.5048745785301073,Neutral,Positive
243646$_$8,2,-0.05325161892180885,0.22060275077819824,0.37949970635553404,Neutral,Positive
243646$_$8,3,0.4785114868883753,0.17561209201812744,0.5284363614372699,Neutral,Positive
243646$_$8,4,-0.14106509789764488,0.22649317979812622,0.330671849993344,Neutral,Positive
243646$_$8,5,0.6753233376210506,0.18749603629112244,0.5551030235273196,Neutral,Positive
243646$_$8,6,0.06154014400896768,0.15997901558876038,0.37484415986398906,Neutral,Positive
243646$_$8,7,0.7511341731867903,0.1621464192867279,0.557769543874769,Neutral,Positive
247318$_$12,0,-0.2463803078319281,0.16583210229873657,0.3690606567840039,Negative,Positive
247318$_$12,1,3.0677539014096697,-2.019245147705078,0.9109547867789556,Negative,Positive
247318$_$12,2,-0.7557597136548563,0.14360260963439941,0.17791311860181938,Negative,Positive
247318$_$12,3,2.930744631463443,-1.5483977794647217,0.9089553840038508,Negative,Positive
247318$_$12,4,0.2598725417582365,-0.038269758224487305,0.39918728995268926,Negative,Positive
247318$_$12,5,3.1662805803595013,-1.956045150756836,0.9253687517143543,Negative,Positive
247318$_$12,6,-0.20725842906170788,0.08190752565860748,0.24739387301250412,Negative,Positive
247318$_$12,7,3.126877126222769,-1.7019405364990234,0.92705187879274,Negative,Positive
247318$_$1,0,-1.089895473409628,0.16583210229873657,0.15876829043619456,Neutral,Positive
247318$_$1,1,-0.9231012962175248,0.5646131038665771,0.25698345406950324,Neutral,Positive
247318$_$1,2,0.07929831808878818,0.19455879926681519,0.4344224664837883,Neutral,Positive
247318$_$1,3,-0.23905780375582697,0.30405324697494507,0.38920448443397304,Neutral,Positive
247318$_$1,4,-0.16452943954231936,-0.1318938136100769,0.23957083342665106,Neutral,Positive
247318$_$1,5,0.11397845501671222,0.2669998109340668,0.45118878237790133,Neutral,Positive
247318$_$1,6,0.31196727898323307,0.10534614324569702,0.42374347140726115,Neutral,Positive
247318$_$1,7,0.4122718259912451,0.2159232497215271,0.5091936835299161,Neutral,Positive
247318$_$3,0,-0.8435151655776999,0.16583210229873657,0.15876829043619456,Neutral,Negative
247318$_$3,1,1.198630304547836,0.23568245768547058,0.43637539095983163,Neutral,Negative
247318$_$3,2,0.7691171242332779,0.057159990072250366,0.46798688904378133,Neutral,Negative
247318$_$3,3,1.2936737098262987,0.12158328294754028,0.5582929380560219,Neutral,Negative
247318$_$3,4,-0.5976651409755949,-0.04939872398972511,0.24409715054780018,Neutral,Negative
247318$_$3,5,0.785145126453172,0.05507791042327881,0.521942422322478,Neutral,Negative
247318$_$3,6,0.17733787789599675,0.009481534361839294,0.392051674949257,Neutral,Negative
247318$_$3,7,0.8685494599166712,0.08179892599582672,0.5553755787228201,Neutral,Negative
247318$_$2,0,-1.089895473409628,0.16583210229873657,0.15876829043619456,Neutral,Positive
247318$_$2,1,-0.40536971556573287,0.37415069341659546,0.32887026479448894,Neutral,Positive
247318$_$2,2,-0.43888698803170123,0.34781908988952637,0.3299607791818883,Neutral,Positive
247318$_$2,3,-0.1300042067608418,0.3097200393676758,0.39233630619216503,Neutral,Positive
247318$_$2,4,-0.013024093608898335,-0.027667254209518433,0.30084290236338934,Neutral,Positive
247318$_$2,5,0.33242800446539866,0.0857681930065155,0.4110050721287078,Neutral,Positive
247318$_$2,6,0.05166128209533061,0.17116189002990723,0.39105351689643436,Neutral,Positive
247318$_$2,7,0.395112932719219,0.18736553192138672,0.4587617894615298,Neutral,Positive
247318$_$5,0,-1.089895473409628,0.16583210229873657,0.15876829043619456,Neutral,Positive
247318$_$5,1,-0.40555414061362505,0.42939484119415283,0.35046474113483267,Neutral,Positive
247318$_$5,2,-0.5443233541323313,0.3691968321800232,0.3152094745722243,Neutral,Positive
247318$_$5,3,-0.15987517716454824,0.3031337857246399,0.4007519790443951,Neutral,Positive
247318$_$5,4,-0.3561202694851452,0.22552424669265747,0.2967337764857671,Neutral,Positive
247318$_$5,5,0.2044142816658867,0.26730936765670776,0.4672372162880538,Neutral,Positive
247318$_$5,6,-0.1439851013698329,0.2501142919063568,0.37675783303593063,Neutral,Positive
247318$_$5,7,0.3435268786407246,0.2303672730922699,0.4916221338032423,Neutral,Positive
247318$_$7,0,0.8435151655776999,0.16583210229873657,0.3690606567840039,Negative,Neutral
247318$_$7,1,2.810274766630132,-1.970101237297058,0.9022408913834239,Negative,Neutral
247318$_$7,2,-0.8051819712835909,0.10782173275947571,0.2027637293199827,Negative,Neutral
247318$_$7,3,2.847147341956042,-1.5649080276489258,0.9020851470958906,Negative,Neutral
247318$_$7,4,0.07582733365463235,-0.17773447930812836,0.3815338514656217,Negative,Neutral
247318$_$7,5,3.0401510199455934,-1.9377226829528809,0.9151147642896762,Negative,Neutral
247318$_$7,6,-0.514366391239791,-0.003396466374397278,0.2756646408262468,Negative,Neutral
247318$_$7,7,3.1901028891551824,-1.7681820392608643,0.9244260797469623,Negative,Neutral
247318$_$6,0,-1.089895473409628,0.16583210229873657,0.15876829043619456,Neutral,Positive
247318$_$6,1,0.8238138604144102,0.1380874216556549,0.59856334804252,Neutral,Positive
247318$_$6,2,-0.5596773198068679,0.39617007970809937,0.31237555531699945,Neutral,Positive
247318$_$6,3,0.4873636952631272,0.18466496467590332,0.5355304783265435,Neutral,Positive
247318$_$6,4,0.08795588704715773,-0.061832938343286514,0.338561240231771,Neutral,Positive
247318$_$6,5,1.1474347814966377,0.07575881481170654,0.6349597395165323,Neutral,Positive
247318$_$6,6,0.1793139261431248,0.1442660689353943,0.4274147646286126,Neutral,Positive
247318$_$6,7,0.9638030238903608,0.11957664787769318,0.6076800615219152,Neutral,Positive
252998$_$1,0,-1.089895473409628,0.16583210229873657,0.15876829043619456,Neutral,Positive
252998$_$1,1,0.7909087573159089,0.14988240599632263,0.5834224651878649,Neutral,Positive
252998$_$1,2,-1.025682881850752,0.5289369821548462,0.22705473140848034,Neutral,Positive
252998$_$1,3,0.44278766540663517,0.1503303349018097,0.516884156925044,Neutral,Positive
252998$_$1,4,-1.3714302094008581,0.45706093311309814,0.1334637703924675,Neutral,Positive
252998$_$1,5,0.5468317776527561,0.19705793261528015,0.5125674144951405,Neutral,Positive
252998$_$1,6,-0.9504379181806325,0.40949761867523193,0.20986459888635975,Neutral,Positive
252998$_$1,7,0.5540108708039222,0.1710030436515808,0.5164808225370238,Neutral,Positive
252998$_$0,0,-1.089895473409628,0.16583210229873657,0.15876829043619456,Neutral,Positive
252998$_$0,1,-0.2287247340416061,0.3266773819923401,0.39144312666807246,Neutral,Positive
252998$_$0,2,0.3363326801403602,0.07657793164253235,0.4762629077765226,Neutral,Positive
252998$_$0,3,0.33313455652005375,0.1461428701877594,0.5052199597383396,Neutral,Positive
252998$_$0,4,-1.7838208676179876,0.6030335426330566,0.11617474064793848,Neutral,Positive
252998$_$0,5,-0.6848001272819632,0.4149414896965027,0.2977923465491273,Neutral,Positive
252998$_$0,6,-0.6687434387350664,0.2939022481441498,0.27600451977723983,Neutral,Positive
252998$_$0,7,0.1786781248444983,0.2064599096775055,0.46595350105044675,Neutral,Positive
252998$_$5,0,-0.2463803078319281,0.16583210229873657,0.3690606567840039,Negative,Positive
252998$_$5,1,3.114942801104865,-2.046657085418701,0.9068814490961921,Negative,Positive
252998$_$5,2,-1.0043373264553561,0.2440338432788849,0.16430266628549214,Negative,Positive
252998$_$5,3,3.0365992253367233,-1.735239863395691,0.9094840281037883,Negative,Positive
252998$_$5,4,-1.6461741472947191,0.9300699234008789,0.14355913753429084,Negative,Positive
252998$_$5,5,3.080853477922873,-1.7172943353652954,0.9203635720903294,Negative,Positive
252998$_$5,6,-1.5404374685836921,0.6303606033325195,0.14017189085244008,Negative,Positive
252998$_$5,7,3.1542311219751764,-1.682342290878296,0.9298128695367827,Negative,Positive
252998$_$4,0,-0.2463803078319281,0.16583210229873657,0.3690606567840039,Negative,Positive
252998$_$4,1,2.890227391286301,-1.5140690803527832,0.8782727286876704,Negative,Positive
252998$_$4,2,-0.7653551540615211,0.15001240372657776,0.1865518647679645,Negative,Positive
252998$_$4,3,2.0645705180020277,-0.6936686038970947,0.7502937517038752,Negative,Positive
252998$_$4,4,-1.238606863068612,0.6226788759231567,0.18423487894406554,Negative,Positive
252998$_$4,5,2.384357274615963,-0.7927263975143433,0.8642710455361291,Negative,Positive
252998$_$4,6,-0.9524707559662461,0.3722379207611084,0.19850699015371645,Negative,Positive
252998$_$4,7,2.2711716367592705,-0.6624882221221924,0.8440954856287104,Negative,Positive
252998$_$7,0,-0.2463803078319281,0.16583210229873657,0.3690606567840039,Negative,Positive
252998$_$7,1,2.4474943351763736,-1.429539442062378,0.873255018206255,Negative,Positive
252998$_$7,2,-0.841384944447899,0.2447366714477539,0.18351177866693147,Negative,Positive
252998$_$7,3,1.5493341448377824,-0.46427828073501587,0.7556894789175809,Negative,Positive
252998$_$7,4,-0.5537826409949156,0.5353186726570129,0.3257866566593194,Negative,Positive
252998$_$7,5,2.1166192631737255,-0.9427496790885925,0.8588554824123088,Negative,Positive
252998$_$7,6,-0.7607240924754884,0.4019564986228943,0.24471299047090225,Negative,Positive
252998$_$7,7,2.1064640958966927,-0.7702336311340332,0.8578157407043644,Negative,Positive
252998$_$8,0,-1.089895473409628,0.16583210229873657,0.15876829043619456,Neutral,Positive
252998$_$8,1,0.956059708326189,0.09010955691337585,0.6068607684929636,Neutral,Positive
252998$_$8,2,0.14190364566231017,0.20332062244415283,0.4582203624785464,Neutral,Positive
252998$_$8,3,0.7301664575542051,0.10587647557258606,0.5749864629355258,Neutral,Positive
252998$_$8,4,-0.9626785999613641,0.17562544345855713,0.1925719829861602,Neutral,Positive
252998$_$8,5,0.6445983222911281,0.12393218278884888,0.5213420636234356,Neutral,Positive
252998$_$8,6,0.04805715996006721,0.15209656953811646,0.41782743781275644,Neutral,Positive
252998$_$8,7,0.8117191607504207,0.11157049238681793,0.5681012683132262,Neutral,Positive
257247$_$10,0,-0.2463803078319281,0.16583210229873657,0.3690606567840039,Negative,Positive
257247$_$10,1,3.0477195255815963,-2.000638246536255,0.9053534153240874,Negative,Positive
257247$_$10,2,-0.7749723330195913,0.29283463954925537,0.19180790059381084,Negative,Positive
257247$_$10,3,2.9657838968367325,-1.618698000907898,0.9112645073990132,Negative,Positive
257247$_$10,4,0.8559414182532349,-0.2005985677242279,0.5528899460373891,Negative,Positive
257247$_$10,5,3.139807514268375,-1.9214763641357422,0.9207546537144373,Negative,Positive
257247$_$10,6,0.06970483097388613,0.09896978735923767,0.32616766952628207,Negative,Positive
257247$_$10,7,3.173112761467394,-1.7544769048690796,0.9282152997662556,Negative,Positive
257247$_$12,0,-0.2463803078319281,0.16583210229873657,0.3690606567840039,Negative,Positive
257247$_$12,1,2.9856706286990433,-1.9915896654129028,0.9074295359601636,Negative,Positive
257247$_$12,2,-1.073673321514066,0.47503674030303955,0.17834453576577022,Negative,Positive
257247$_$12,3,2.94080430154623,-1.6354758739471436,0.9163293157640106,Negative,Positive
257247$_$12,4,0.712444936326965,-0.12498195469379425,0.5115480320059096,Negative,Positive
257247$_$12,5,3.123967475645492,-1.9180103540420532,0.9241595173080814,Negative,Positive
257247$_$12,6,-0.05913739243088778,0.16190677881240845,0.31871544167111615,Negative,Positive
257247$_$12,7,3.135891942396285,-1.7482101917266846,0.9311272128939478,Negative,Positive
257247$_$2,0,-1.089895473409628,0.16583210229873657,0.15876829043619456,Neutral,Positive
257247$_$2,1,-1.1778759224372588,0.6795986294746399,0.21542058607004397,Neutral,Positive
257247$_$2,2,-0.3817310215522929,0.4145275354385376,0.33808659395430835,Neutral,Positive
257247$_$2,3,-0.5823912327238836,0.44905024766921997,0.32097751836041044,Neutral,Positive
257247$_$2,4,-0.11984499989841058,-0.3317456841468811,0.19654936666468975,Neutral,Positive
257247$_$2,5,0.2859320000745966,0.23306795954704285,0.4812630034828787,Neutral,Positive
257247$_$2,6,0.17572653546107309,0.1415027379989624,0.3881188991470135,Neutral,Positive
257247$_$2,7,0.3671603916231809,0.2341373860836029,0.49180845585772265,Neutral,Positive
258654$_$1,0,-0.2463803078319281,0.16583210229873657,0.3690606567840039,Negative,Positive
258654$_$1,1,3.0478190274500836,-1.8107174634933472,0.9000914152207432,Negative,Positive
258654$_$1,2,-1.042089429195887,0.29067811369895935,0.17393778925176087,Negative,Positive
258654$_$1,3,2.7162848336870358,-1.2272042036056519,0.8774771119176202,Negative,Positive
258654$_$1,4,-1.054859396716345,0.4098166823387146,0.1699250001456236,Negative,Positive
258654$_$1,5,2.793067300348242,-1.2160565853118896,0.895138993992805,Negative,Positive
258654$_$1,6,-0.8528342552045789,0.30705156922340393,0.18844838286746524,Negative,Positive
258654$_$1,7,2.714939779587572,-1.0407472848892212,0.8905040041543297,Negative,Positive
258654$_$3,0,-0.2463803078319281,0.16583210229873657,0.3690606567840039,Negative,Positive
258654$_$3,1,2.830691368102036,-1.7969555854797363,0.8967033198428634,Negative,Positive
258654$_$3,2,-0.8727915040907609,0.2517511248588562,0.1899048706126737,Negative,Positive
258654$_$3,3,2.8354003854510283,-1.5208027362823486,0.9066878548749322,Negative,Positive
258654$_$3,4,-0.8915394002339423,0.3842198848724365,0.19384958756611512,Negative,Positive
258654$_$3,5,2.7453598827820493,-1.4238334894180298,0.9069974917850043,Negative,Positive
258654$_$3,6,-0.6937010064150559,0.2809670567512512,0.2114446284107713,Negative,Positive
258654$_$3,7,2.9208247582916522,-1.4341015815734863,0.9205177973343293,Negative,Positive
258654$_$4,0,-1.089895473409628,0.16583210229873657,0.15876829043619456,Neutral,Positive
258654$_$4,1,0.6720347998424238,0.20012816786766052,0.5574699607940617,Neutral,Positive
258654$_$4,2,-0.006042444499718802,0.22121256589889526,0.39774078421672876,Neutral,Positive
258654$_$4,3,0.6198101148679594,0.15311312675476074,0.5401892283129476,Neutral,Positive
258654$_$4,4,-0.7752546509015821,0.44249922037124634,0.2574152267256431,Neutral,Positive
258654$_$4,5,0.5170526134319937,0.20914196968078613,0.5251375415472878,Neutral,Positive
258654$_$4,6,-0.12074338665479734,0.22931921482086182,0.37079023181972814,Neutral,Positive
258654$_$4,7,0.6089200995444232,0.1665254831314087,0.5300907762336617,Neutral,Positive
266791$_$24,0,-0.2463803078319281,0.16583210229873657,0.3690606567840039,Negative,Positive
266791$_$24,1,3.0220811691032217,-1.9527208805084229,0.911124239464497,Negative,Positive
266791$_$24,2,-0.6089377675549555,0.31718194484710693,0.23406399471270184,Negative,Positive
266791$_$24,3,2.9115785989116474,-1.5978374481201172,0.9093548816472873,Negative,Positive
266791$_$24,4,0.2507555766965902,0.07840493321418762,0.4182500963195695,Negative,Positive
266791$_$24,5,3.0622102124522983,-1.8165068626403809,0.923692042819094,Negative,Positive
266791$_$24,6,0.136344250844176,0.10522882640361786,0.36912451029520943,Negative,Positive
266791$_$24,7,3.070738851913294,-1.696743369102478,0.9263708502938829,Negative,Positive
266791$_$20,0,1.089895473409628,0.16583210229873657,0.4721710527798015,Positive,Neutral
266791$_$20,1,1.3893756813929958,0.7372545003890991,0.726924564951433,Positive,Neutral
266791$_$20,2,0.2056548650844956,0.26838648319244385,0.41325361307750785,Positive,Neutral
266791$_$20,3,0.7035710837531817,0.4628838300704956,0.5863277894748342,Positive,Neutral
266791$_$20,4,0.30650441079260404,0.1090288758277893,0.3209720633380821,Positive,Neutral
266791$_$20,5,0.7586063082451397,0.5177478790283203,0.5902172147949882,Positive,Neutral
266791$_$20,6,0.1844543048757139,0.14293117821216583,0.3321377867057769,Positive,Neutral
266791$_$20,7,0.33829845286143756,0.41418635845184326,0.4869101374849821,Positive,Neutral
266791$_$21,0,-0.2463803078319281,0.16583210229873657,0.3690606567840039,Negative,Positive
266791$_$21,1,3.0787430003116607,-1.8374196290969849,0.9106731744489223,Negative,Positive
266791$_$21,2,-0.6263586419230562,0.48745083808898926,0.2627597858952084,Negative,Positive
266791$_$21,3,2.9817957391618233,-1.595804214477539,0.9110535441816107,Negative,Positive
266791$_$21,4,0.10265379094641258,0.1806090772151947,0.38914795436780425,Negative,Positive
266791$_$21,5,2.9874060438760086,-1.5168745517730713,0.9196065310279391,Negative,Positive
266791$_$21,6,0.07738487117475823,0.20422083139419556,0.39770424235070445,Negative,Positive
266791$_$21,7,2.962704302763815,-1.484021782875061,0.9199669674357309,Negative,Positive
266791$_$23,0,1.089895473409628,0.16583210229873657,0.4721710527798015,Positive,Neutral
266791$_$23,1,1.160235387176345,0.6451826095581055,0.6967198918729304,Positive,Neutral
266791$_$23,2,0.36520880422862734,0.3647552728652954,0.4653203889570516,Positive,Neutral
266791$_$23,3,0.615077187474272,0.4221327304840088,0.5750478516982352,Positive,Neutral
266791$_$23,4,0.2164215065770272,0.18433672189712524,0.3490790276040805,Positive,Neutral
266791$_$23,5,0.42397994707478204,0.40195250511169434,0.5209477422816651,Positive,Neutral
266791$_$23,6,0.18282128474768888,0.21338802576065063,0.36422780424470363,Positive,Neutral
266791$_$23,7,0.10826045182657074,0.33167725801467896,0.4390693193580468,Positive,Neutral
266791$_$29,0,-1.089895473409628,0.16583210229873657,0.15876829043619456,Neutral,Positive
266791$_$29,1,0.6712243098960667,0.12230342626571655,0.5748645505833057,Neutral,Positive
266791$_$29,2,0.39317271871373904,0.18836727738380432,0.4670015076447273,Neutral,Positive
266791$_$29,3,0.8418967345508667,0.13346463441848755,0.6031943344220433,Neutral,Positive
266791$_$29,4,-1.0860128825257376,-0.11169686913490295,0.1076209739249904,Neutral,Positive
266791$_$29,5,0.831864482732696,0.14058402180671692,0.5575735337278322,Neutral,Positive
266791$_$29,6,-0.13536345841991615,0.03778634965419769,0.2796097561464011,Neutral,Positive
266791$_$29,7,0.977153951233247,0.11763736605644226,0.5858270457709713,Neutral,Positive
266791$_$3,0,-0.8435151655776999,0.16583210229873657,0.15876829043619456,Neutral,Negative
266791$_$3,1,1.1788344188816895,0.0872904360294342,0.6198582224788997,Neutral,Negative
266791$_$3,2,-0.07204630052104544,0.20972687005996704,0.31269569216897203,Neutral,Negative
266791$_$3,3,0.9998137895242655,0.07351697981357574,0.5834311577524559,Neutral,Negative
266791$_$3,4,-0.3172283128467708,0.22365731000900269,0.2570303695815249,Neutral,Negative
266791$_$3,5,0.7252495512371966,0.12696975469589233,0.5261965640714004,Neutral,Negative
266791$_$3,6,-0.3712445773576115,0.11473527550697327,0.27237553278101984,Neutral,Negative
266791$_$3,7,0.6151010659647207,0.10007557272911072,0.5072150904464864,Neutral,Negative
266791$_$5,0,-0.2463803078319281,0.16583210229873657,0.3690606567840039,Negative,Positive
266791$_$5,1,2.9176614058112906,-1.6860716342926025,0.8989238934361612,Negative,Positive
266791$_$5,2,-1.2204001549694645,0.5164735317230225,0.16611732883124877,Negative,Positive
266791$_$5,3,2.3800800551323125,-0.8640438318252563,0.8517174108805701,Negative,Positive
266791$_$5,4,0.1439942225186438,0.17444908618927002,0.4035571481259676,Negative,Positive
266791$_$5,5,2.8177430887025467,-1.2936888933181763,0.9066886489482361,Negative,Positive
266791$_$5,6,-0.3520147819640157,0.30049896240234375,0.2939150673805839,Negative,Positive
266791$_$5,7,2.6174218581580604,-1.041989803314209,0.8913272458069676,Negative,Positive
266791$_$4,0,0.8435151655776999,0.16583210229873657,0.3690606567840039,Negative,Neutral
266791$_$4,1,-0.7954025289274101,-0.05422605574131012,0.2647066473517661,Negative,Neutral
266791$_$4,2,-0.524442764155125,0.3291693925857544,0.19551859466772184,Negative,Neutral
266791$_$4,3,-0.814916514761696,0.026638969779014587,0.25061964451100316,Negative,Neutral
266791$_$4,4,0.6756791710424174,-0.006024174392223358,0.4623451494668691,Negative,Neutral
266791$_$4,5,0.40017990237111056,-0.17965736985206604,0.5036032524949208,Negative,Neutral
266791$_$4,6,0.03080943196352237,0.12987098097801208,0.33738510526857274,Negative,Neutral
266791$_$4,7,0.36952325382003015,-0.10749654471874237,0.4906566590812212,Negative,Neutral
266791$_$6,0,-1.089895473409628,0.16583210229873657,0.15876829043619456,Neutral,Positive
266791$_$6,1,0.9637873986016169,0.09596648812294006,0.6066601521353252,Neutral,Positive
266791$_$6,2,-0.2632063378315651,0.39789700508117676,0.3442786896872096,Neutral,Positive
266791$_$6,3,0.7941299117870566,0.10087470710277557,0.5682177071177483,Neutral,Positive
266791$_$6,4,-0.312329657316083,0.21817070245742798,0.26394630492357296,Neutral,Positive
266791$_$6,5,0.7672299978950265,0.16066989302635193,0.548409418493888,Neutral,Positive
266791$_$6,6,-0.22309780818795977,0.24771231412887573,0.2969257923810636,Neutral,Positive
266791$_$6,7,0.6969043357313038,0.15743041038513184,0.5271441256921099,Neutral,Positive
266791$_$8,0,0.8435151655776999,0.16583210229873657,0.3690606567840039,Negative,Neutral
266791$_$8,1,-0.024723045085857653,-0.3324042558670044,0.4294114422252649,Negative,Neutral
266791$_$8,2,-0.16458901968826933,0.5201166868209839,0.20460500252186542,Negative,Neutral
266791$_$8,3,-0.3322023001715366,-0.03629915416240692,0.33983828132533084,Negative,Neutral
266791$_$8,4,0.6211411696234888,0.018120817840099335,0.45558847449375334,Negative,Neutral
266791$_$8,5,1.1376513512495494,-0.4553559422492981,0.6639408014620541,Negative,Neutral
266791$_$8,6,0.198043404345964,0.1600348949432373,0.35508561945116207,Negative,Neutral
266791$_$8,7,0.7048255644210644,-0.2061142474412918,0.55893409256007,Negative,Neutral
266791$_$11,0,1.089895473409628,0.16583210229873657,0.4721710527798015,Positive,Neutral
266791$_$11,1,1.7611890822570504,1.022150993347168,0.7447393481623998,Positive,Neutral
266791$_$11,2,0.11258772785555327,0.44476914405822754,0.43406978471343666,Positive,Neutral
266791$_$11,3,0.9489364450907066,0.7467389702796936,0.628060873659805,Positive,Neutral
266791$_$11,4,0.4335003771803849,0.0299234539270401,0.3230720179900366,Positive,Neutral
266791$_$11,5,0.8849581689673377,0.31902384757995605,0.45003029668559724,Positive,Neutral
266791$_$11,6,-0.11119605051940717,0.20098644495010376,0.33515790559767733,Positive,Neutral
266791$_$11,7,0.2305463519382327,0.3095487356185913,0.39413363275755336,Positive,Neutral
266791$_$14,0,-0.2463803078319281,0.16583210229873657,0.3690606567840039,Negative,Positive
266791$_$14,1,-1.605550190494883,0.8595043420791626,0.14912756518896306,Negative,Positive
266791$_$14,2,-0.261028163281388,0.15506136417388916,0.2668451999938833,Negative,Positive
266791$_$14,3,-0.7442192456143913,0.4264634847640991,0.24121381916976645,Negative,Positive
266791$_$14,4,0.26484441583550733,0.15097704529762268,0.4584178599977647,Negative,Positive
266791$_$14,5,-0.20032547640606613,0.3545282781124115,0.3944374495007556,Negative,Positive
266791$_$14,6,0.171013402072129,0.1233648955821991,0.40299080636955054,Negative,Positive
266791$_$14,7,0.20792333322239887,0.1939452886581421,0.4515019979784229,Negative,Positive
270254$_$23,0,-0.8435151655776999,0.16583210229873657,0.15876829043619456,Neutral,Negative
270254$_$23,1,0.5208588509479961,0.33996883034706116,0.294066538003259,Neutral,Negative
270254$_$23,2,0.9572067727532838,0.3347243070602417,0.4086568567994086,Neutral,Negative
270254$_$23,3,0.8865435319081049,0.25355756282806396,0.43134653607938717,Neutral,Negative
270254$_$23,4,-0.49876969093729595,0.16599389910697937,0.2368840639440953,Neutral,Negative
270254$_$23,5,-0.5420754743864592,0.010789617896080017,0.2570680042427565,Neutral,Negative
270254$_$23,6,0.3916598464061315,0.21723484992980957,0.37713457834214054,Neutral,Negative
270254$_$23,7,0.21368177207215366,0.12495434284210205,0.3902982644938835,Neutral,Negative
270254$_$0,0,1.089895473409628,0.16583210229873657,0.4721710527798015,Positive,Neutral
270254$_$0,1,1.3004956569739647,0.7323113679885864,0.7267330904713146,Positive,Neutral
270254$_$0,2,1.3717716178876376,0.8213977813720703,0.7069002733659632,Positive,Neutral
270254$_$0,3,1.2716383641285889,0.7197344899177551,0.7210970337054228,Positive,Neutral
270254$_$0,4,0.32666018683282494,-0.09819318354129791,0.26859412691103285,Positive,Neutral
270254$_$0,5,0.44942902170042354,0.402077317237854,0.5376968367954316,Positive,Neutral
270254$_$0,6,0.3669188948662876,0.3154054582118988,0.43378147466584766,Positive,Neutral
270254$_$0,7,0.3391405880020212,0.418684184551239,0.5077166652571294,Positive,Neutral
270254$_$6,0,-1.089895473409628,0.16583210229873657,0.15876829043619456,Neutral,Positive
270254$_$6,1,0.05385577386376683,0.2914351522922516,0.41472234780183126,Neutral,Positive
270254$_$6,2,-0.7849954051075501,0.48001712560653687,0.2609608806317736,Neutral,Positive
270254$_$6,3,0.08377405459704446,0.2581203877925873,0.41602048106886125,Neutral,Positive
270254$_$6,4,-0.47357325334041955,0.11345720291137695,0.21273274526704417,Neutral,Positive
270254$_$6,5,0.1306912644258913,0.20655828714370728,0.3813906555417386,Neutral,Positive
270254$_$6,6,-0.41905029802305216,0.25755953788757324,0.27423231568840256,Neutral,Positive
270254$_$6,7,0.11540136646190069,0.21135488152503967,0.3759431887136995,Neutral,Positive
270254$_$8,0,-0.2463803078319281,0.16583210229873657,0.3690606567840039,Negative,Positive
270254$_$8,1,3.0213689924261296,-1.9748754501342773,0.9046696634903971,Negative,Positive
270254$_$8,2,-1.1636271539374912,0.4596795439720154,0.16419149356467994,Negative,Positive
270254$_$8,3,2.9836627192405896,-1.5912330150604248,0.9140088352637682,Negative,Positive
270254$_$8,4,-0.05048816905467124,0.1986953616142273,0.34734093551934114,Negative,Positive
270254$_$8,5,3.114061659133405,-1.864723563194275,0.9227423908982186,Negative,Positive
270254$_$8,6,-0.3599082448113279,0.2585054337978363,0.27472568661301877,Negative,Positive
270254$_$8,7,3.168329261535291,-1.7364293336868286,0.9317501583628687,Negative,Positive
270254$_$11,0,-1.089895473409628,0.16583210229873657,0.15876829043619456,Neutral,Positive
270254$_$11,1,-0.6579525490327538,0.4984705448150635,0.30840997111058777,Neutral,Positive
270254$_$11,2,-1.4444261377287269,0.8060847520828247,0.17105831960274318,Neutral,Positive
270254$_$11,3,-0.9073181067882783,0.5758677124977112,0.26146702155647783,Neutral,Positive
270254$_$11,4,-0.21975086863929194,-0.16461996734142303,0.2010192690096623,Neutral,Positive
270254$_$11,5,0.45923512519126186,0.18393903970718384,0.5162221628464261,Neutral,Positive
270254$_$11,6,-0.24099490935703405,0.29543158411979675,0.3388783775264084,Neutral,Positive
270254$_$11,7,0.20590149965291826,0.27139684557914734,0.46693199276445724,Neutral,Positive
270254$_$14,0,-1.089895473409628,0.16583210229873657,0.15876829043619456,Neutral,Positive
270254$_$14,1,0.7703115156721536,0.12377870082855225,0.5875128833832841,Neutral,Positive
270254$_$14,2,-0.4877072447971208,0.3489993214607239,0.31562444791964156,Neutral,Positive
270254$_$14,3,0.5856163359007559,0.1477314829826355,0.5453206724219847,Neutral,Positive
270254$_$14,4,0.09494824490480469,0.1247469037771225,0.33787210292265807,Neutral,Positive
270254$_$14,5,0.9458780355774179,0.11862599849700928,0.572681328461225,Neutral,Positive
270254$_$14,6,0.12303089518787302,0.14385978877544403,0.37763579114108603,Neutral,Positive
270254$_$14,7,0.8507227380985427,0.11971309781074524,0.5543379506485642,Neutral,Positive
270254$_$16,0,0.8435151655776999,0.16583210229873657,0.3690606567840039,Negative,Neutral
270254$_$16,1,0.31715642885078454,-0.32155242562294006,0.4980738614454695,Negative,Neutral
270254$_$16,2,-0.7311889604537034,0.17836758494377136,0.20654508122880466,Negative,Neutral
270254$_$16,3,-0.2527800270819802,-0.022924967110157013,0.3551555577998732,Negative,Neutral
270254$_$16,4,0.025237800591431325,0.1603814959526062,0.3163126887878822,Negative,Neutral
270254$_$16,5,1.1185262648786,-0.40527355670928955,0.6508088986772274,Negative,Neutral
270254$_$16,6,-0.40441214229683276,0.1334807574748993,0.26641975736286166,Negative,Neutral
270254$_$16,7,0.5919185010521963,-0.15595771372318268,0.5371855471904052,Negative,Neutral
272624$_$10,0,-0.2463803078319281,0.16583210229873657,0.3690606567840039,Negative,Positive
272624$_$10,1,3.116566926032286,-1.9658390283584595,0.9068031201333931,Negative,Positive
272624$_$10,2,-1.2199126097855268,0.5005073547363281,0.1666424584737275,Negative,Positive
272624$_$10,3,2.834422168999556,-1.341637372970581,0.8988652296560563,Negative,Positive
272624$_$10,4,0.8372106443823886,-0.13143542408943176,0.5602566756930846,Negative,Positive
272624$_$10,5,3.1725281388626447,-1.6985405683517456,0.9247507096642225,Negative,Positive
272624$_$10,6,-0.24641268930259996,0.2766190469264984,0.31595771642794673,Negative,Positive
272624$_$10,7,2.961578683849956,-1.3500760793685913,0.9168187177749066,Negative,Positive
272624$_$13,0,0.2463803078319281,0.16583210229873657,0.4721710527798015,Positive,Negative
272624$_$13,1,1.5935055191990102,1.1736996173858643,0.7645492431504459,Positive,Negative
272624$_$13,2,1.2919143593367344,0.5201486349105835,0.57837335507101,Positive,Negative
272624$_$13,3,2.0141323775093394,1.134550929069519,0.7882130316115967,Positive,Negative
272624$_$13,4,-0.7039127913429902,-0.120160773396492,0.2558338514171677,Positive,Negative
272624$_$13,5,0.9897160021934256,0.6677064895629883,0.6615681624283978,Positive,Negative
272624$_$13,6,0.37867890674977356,0.27828249335289,0.41034932365387494,Positive,Negative
272624$_$13,7,1.1232950150092695,0.7340219616889954,0.6473393281389939,Positive,Negative
272624$_$12,0,0.8435151655776999,0.16583210229873657,0.3690606567840039,Negative,Neutral
272624$_$12,1,2.010188229694854,-0.8666501641273499,0.805971559023697,Negative,Neutral
272624$_$12,2,-0.5540795177286901,0.46564269065856934,0.17281770133565874,Negative,Neutral
272624$_$12,3,0.4962587731681669,0.01515006273984909,0.4820622966848064,Negative,Neutral
272624$_$12,4,0.8206811542762082,-0.09657254815101624,0.5014860972903642,Negative,Neutral
272624$_$12,5,2.298653229421565,-0.808734655380249,0.8318800002630243,Negative,Neutral
272624$_$12,6,-0.13237194191333024,0.23700833320617676,0.2883023282013786,Negative,Neutral
272624$_$12,7,1.4678138822730964,-0.2651059925556183,0.6876364493788317,Negative,Neutral
272624$_$16,0,-0.2463803078319281,0.16583210229873657,0.3690606567840039,Negative,Positive
272624$_$16,1,1.9761071918871314,-0.9338307976722717,0.790789057751056,Negative,Positive
272624$_$16,2,-1.1746804069954013,0.5254068374633789,0.17451844613560422,Negative,Positive
272624$_$16,3,0.7382792199520981,0.03386363387107849,0.5276905451515052,Negative,Positive
272624$_$16,4,0.9224807462541774,-0.16611750423908234,0.5640111858587623,Negative,Positive
272624$_$16,5,1.9636535504511183,-0.6268426775932312,0.7996956693536426,Negative,Positive
272624$_$16,6,-0.1952200479889017,0.26034051179885864,0.31571368787220655,Negative,Positive
272624$_$16,7,1.3958710511661012,-0.21751320362091064,0.7001274730914794,Negative,Positive
272624$_$18,0,-1.089895473409628,0.16583210229873657,0.15876829043619456,Neutral,Positive
272624$_$18,1,0.8434325769159233,0.10123370587825775,0.5809589756035354,Neutral,Positive
272624$_$18,2,-0.4326417038409276,0.4111151695251465,0.32247317131282704,Neutral,Positive
272624$_$18,3,0.6025303904079842,0.12979727983474731,0.5319556968639871,Neutral,Positive
272624$_$18,4,0.029137183516463994,0.11328411102294922,0.31791631133103515,Neutral,Positive
272624$_$18,5,0.8337772186372064,0.11833374202251434,0.559734204711819,Neutral,Positive
272624$_$18,6,-0.08664956301116578,0.26866617798805237,0.3512182643015394,Neutral,Positive
272624$_$18,7,0.636370135292286,0.15402626991271973,0.5185884961534832,Neutral,Positive
272624$_$2,0,-1.089895473409628,0.16583210229873657,0.15876829043619456,Neutral,Positive
272624$_$2,1,-0.4109825046314355,0.36181432008743286,0.35287665175030614,Neutral,Positive
272624$_$2,2,-0.7146913606605058,0.48171740770339966,0.27505634390112715,Neutral,Positive
272624$_$2,3,-0.23450324492106978,0.28884246945381165,0.3852780688581599,Neutral,Positive
272624$_$2,4,-0.0410897172896052,-0.09102241694927216,0.23947613895101685,Neutral,Positive
272624$_$2,5,0.266976068086872,0.22199448943138123,0.4875059964962529,Neutral,Positive
272624$_$2,6,-0.2504658952088258,0.28771111369132996,0.31774865794091117,Neutral,Positive
272624$_$2,7,0.16331722836195472,0.25430092215538025,0.45541559480758376,Neutral,Positive
272624$_$6,0,-1.089895473409628,0.16583210229873657,0.15876829043619456,Neutral,Positive
272624$_$6,1,-0.45156510431282504,0.3700379431247711,0.3397317802658207,Neutral,Positive
272624$_$6,2,-0.6016840130175832,0.49739551544189453,0.2959665100224614,Neutral,Positive
272624$_$6,3,-0.2876705211158759,0.38216012716293335,0.36813690046528497,Neutral,Positive
272624$_$6,4,0.029901833265577604,0.0236891508102417,0.288360979151798,Neutral,Positive
272624$_$6,5,0.362208329541267,0.20800882577896118,0.4805265682563168,Neutral,Positive
272624$_$6,6,-0.13961665000595225,0.2939857840538025,0.3466875469965386,Neutral,Positive
272624$_$6,7,0.15090911417957253,0.2898761034011841,0.4298589307462686,Neutral,Positive
272624$_$9,0,0.2463803078319281,0.16583210229873657,0.4721710527798015,Positive,Negative
272624$_$9,1,1.2259768072090576,0.9912424087524414,0.7029269587616638,Positive,Negative
272624$_$9,2,1.3101145812812136,0.5169985294342041,0.5656361391170318,Positive,Negative
272624$_$9,3,1.7589504702520327,1.0192451477050781,0.7349212814850363,Positive,Negative
272624$_$9,4,-0.9050358350911337,-0.15745139122009277,0.22905321325652714,Positive,Negative
272624$_$9,5,0.607646762679316,0.555370032787323,0.5831815589585521,Positive,Negative
272624$_$9,6,0.405448086751928,0.3050652742385864,0.40386379775113485,Positive,Negative
272624$_$9,7,0.8922713230476731,0.6904937624931335,0.5994032969183152,Positive,Negative
272624$_$8,0,-0.2463803078319281,0.16583210229873657,0.3690606567840039,Negative,Positive
272624$_$8,1,2.961232426423405,-1.7574772834777832,0.9015286779234305,Negative,Positive
272624$_$8,2,-1.1723875132558066,0.46936309337615967,0.16682908943169975,Negative,Positive
272624$_$8,3,2.239695988886509,-0.7105668783187866,0.842371464536145,Negative,Positive
272624$_$8,4,0.7433194027489408,-0.06970035284757614,0.5204329590055894,Negative,Positive
272624$_$8,5,3.005750897225707,-1.4494287967681885,0.917998918999546,Negative,Positive
272624$_$8,6,-0.3199281619731439,0.28282833099365234,0.28525793848176334,Negative,Positive
272624$_$8,7,2.606962927842609,-0.9602065086364746,0.8908611472436051,Negative,Positive
273539$_$3,0,-0.2463803078319281,0.16583210229873657,0.3690606567840039,Negative,Positive
273539$_$3,1,2.5980177097688433,-1.4319350719451904,0.8795369617030636,Negative,Positive
273539$_$3,2,-1.0402444948684173,0.2637186050415039,0.1718006602281069,Negative,Positive
273539$_$3,3,1.4491698816405973,-0.2911498546600342,0.7004280410073456,Negative,Positive
273539$_$3,4,-1.278526200871831,0.8157301545143127,0.19058617020406055,Negative,Positive
273539$_$3,5,1.7251900416319905,-0.6421821117401123,0.8106923779714146,Negative,Positive
273539$_$3,6,-1.2438677547552102,0.5251187682151794,0.17113225693680478,Negative,Positive
273539$_$3,7,1.6283915818680725,-0.4019642174243927,0.7780720243671505,Negative,Positive
273539$_$2,0,-1.089895473409628,0.16583210229873657,0.15876829043619456,Neutral,Positive
273539$_$2,1,0.539180713037312,0.21569636464118958,0.5394789963454443,Neutral,Positive
273539$_$2,2,-0.31292447991510464,0.17689329385757446,0.32661091157970795,Neutral,Positive
273539$_$2,3,0.5377833986374431,0.17556101083755493,0.5388893769577116,Neutral,Positive
273539$_$2,4,-0.001953587339554641,0.14313355088233948,0.35536009542030333,Neutral,Positive
273539$_$2,5,0.8403336650855079,0.1281644105911255,0.5791010462156404,Neutral,Positive
273539$_$2,6,0.159222224895871,0.07878196239471436,0.3913605480938717,Neutral,Positive
273539$_$2,7,0.9064851686490757,0.11562390625476837,0.5908139557144257,Neutral,Positive
273539$_$9,0,-0.2463803078319281,0.16583210229873657,0.3690606567840039,Negative,Positive
273539$_$9,1,2.973997603430116,-1.7223186492919922,0.9062170755986881,Negative,Positive
273539$_$9,2,-0.9518454900173015,0.19023394584655762,0.1824368850941615,Negative,Positive
273539$_$9,3,2.652309452736837,-1.1854878664016724,0.8832569231986326,Negative,Positive
273539$_$9,4,-1.1880593276126692,0.7997689247131348,0.20071428341997133,Negative,Positive
273539$_$9,5,2.6658811733465173,-1.2156281471252441,0.9032893331426856,Negative,Positive
273539$_$9,6,-1.104298104557527,0.5239905118942261,0.19059749783445648,Negative,Positive
273539$_$9,7,2.7346858662790474,-1.1682173013687134,0.9073568594513667,Negative,Positive
290546$_$3,0,1.089895473409628,0.16583210229873657,0.4721710527798015,Positive,Neutral
290546$_$3,1,1.2594320546795998,0.7042670249938965,0.6875070256041077,Positive,Neutral
290546$_$3,2,1.9090802707826924,1.024704933166504,0.7623987191526694,Positive,Neutral
290546$_$3,3,1.2846307712622302,0.7509080767631531,0.6817884093179022,Positive,Neutral
290546$_$3,4,-0.3448968169096511,0.0899578183889389,0.2629505202666506,Positive,Neutral
290546$_$3,5,-0.03305976525014476,0.1832360029220581,0.343607074683615,Positive,Neutral
290546$_$3,6,0.47387101038261126,0.2826608419418335,0.4388831319203605,Positive,Neutral
290546$_$3,7,0.2426690569884571,0.25733834505081177,0.39088163348236415,Positive,Neutral
290546$_$5,0,-0.2463803078319281,0.16583210229873657,0.3690606567840039,Negative,Positive
290546$_$5,1,2.9552707410552017,-1.6664259433746338,0.8855599839031139,Negative,Positive
290546$_$5,2,-1.4875173371272177,0.9315389394760132,0.16137008589686588,Negative,Positive
290546$_$5,3,2.47739150620557,-1.048650860786438,0.8544585074670504,Negative,Positive
290546$_$5,4,0.022503007476812664,0.15697908401489258,0.3206966153649203,Negative,Positive
290546$_$5,5,2.951211271565974,-1.2829095125198364,0.9002403258322591,Negative,Positive
290546$_$5,6,-0.3967505844120861,0.30725908279418945,0.2994231871946764,Negative,Positive
290546$_$5,7,2.7045739754743803,-1.0779285430908203,0.8891760577240869,Negative,Positive
290546$_$7,0,0.8435151655776999,0.16583210229873657,0.3690606567840039,Negative,Neutral
290546$_$7,1,-0.2668167962940615,-0.006530076265335083,0.33575840162776294,Negative,Neutral
290546$_$7,2,0.07300452384281053,0.9350922107696533,0.14303171961086947,Negative,Neutral
290546$_$7,3,-0.15021367818210485,0.17519858479499817,0.31061864708789216,Negative,Neutral
290546$_$7,4,-0.13697210122323444,0.218211829662323,0.32340509764943987,Negative,Neutral
290546$_$7,5,0.13120162967419702,0.060619354248046875,0.40390309276439307,Negative,Neutral
290546$_$7,6,0.1215858492642532,0.38817667961120605,0.2919381754237494,Negative,Neutral
290546$_$7,7,0.43520643931430225,0.09505507349967957,0.43760706304670627,Negative,Neutral
290546$_$6,0,-0.2463803078319281,0.16583210229873657,0.3690606567840039,Negative,Positive
290546$_$6,1,2.1669207503327503,-0.9209790229797363,0.8169291460593814,Negative,Positive
290546$_$6,2,-1.4162817366183744,0.9453390836715698,0.1742821113401045,Negative,Positive
290546$_$6,3,0.6167503027880449,0.03246322274208069,0.5342106743919368,Negative,Positive
290546$_$6,4,0.2804612481058517,0.09188053011894226,0.3820986091223749,Negative,Positive
290546$_$6,5,2.148658075343398,-0.722386360168457,0.8163523852896309,Negative,Positive
290546$_$6,6,-0.18938872396476847,0.21387600898742676,0.3295425331065177,Negative,Positive
290546$_$6,7,1.416983696079988,-0.329508900642395,0.6918367100473282,Negative,Positive
2S00zYaVrtc$_$10,0,-0.2463803078319281,0.16583210229873657,0.3690606567840039,Negative,Positive
2S00zYaVrtc$_$10,1,1.3173011501718994,-0.47596606612205505,0.7434942829544979,Negative,Positive
2S00zYaVrtc$_$10,2,-1.04904470059599,0.19902303814888,0.15370558370187784,Negative,Positive
2S00zYaVrtc$_$10,3,0.5622284661789132,0.16513487696647644,0.6019993717307165,Negative,Positive
2S00zYaVrtc$_$10,4,-0.23089236901686205,0.1847415566444397,0.2503951815866638,Negative,Positive
2S00zYaVrtc$_$10,5,1.9524177651840837,-0.7988449931144714,0.8409791539698053,Negative,Positive
2S00zYaVrtc$_$10,6,-0.44002178602175634,0.15396782755851746,0.21036896016589457,Negative,Positive
2S00zYaVrtc$_$10,7,1.894509837027855,-0.6123450398445129,0.8384647579062622,Negative,Positive
2S00zYaVrtc$_$12,0,1.089895473409628,0.16583210229873657,0.4721710527798015,Positive,Neutral
2S00zYaVrtc$_$12,1,2.2590472580228997,1.4980578422546387,0.8313274457670713,Positive,Neutral
2S00zYaVrtc$_$12,2,-0.2735330936575411,0.021787568926811218,0.32521051881796714,Positive,Neutral
2S00zYaVrtc$_$12,3,2.3372936231705923,1.3904542922973633,0.8561400822977004,Positive,Neutral
2S00zYaVrtc$_$12,4,-0.2262759958176681,0.19299229979515076,0.3249410490459252,Positive,Neutral
2S00zYaVrtc$_$12,5,2.2188240134221453,1.2316220998764038,0.8208871517761924,Positive,Neutral
2S00zYaVrtc$_$12,6,-0.40349594453736437,0.09380577504634857,0.2917578493437069,Positive,Neutral
2S00zYaVrtc$_$12,7,2.0703893161755875,1.1526721715927124,0.8211554104442462,Positive,Neutral
2S00zYaVrtc$_$20,0,1.089895473409628,0.16583210229873657,0.4721710527798015,Positive,Neutral
2S00zYaVrtc$_$20,1,2.2586750419098163,1.5162307024002075,0.8194131842347618,Positive,Neutral
2S00zYaVrtc$_$20,2,0.22336931564939633,0.24008935689926147,0.4643149303294386,Positive,Neutral
2S00zYaVrtc$_$20,3,2.402343830504749,1.4992784261703491,0.8566004882457713,Positive,Neutral
2S00zYaVrtc$_$20,4,0.5121874764154549,0.336184024810791,0.45914154813030345,Positive,Neutral
2S00zYaVrtc$_$20,5,2.436277400051334,1.3988380432128906,0.826668330360391,Positive,Neutral
2S00zYaVrtc$_$20,6,0.09917991641297852,0.23549562692642212,0.4084411014289464,Positive,Neutral
2S00zYaVrtc$_$20,7,2.436016758654918,1.4198811054229736,0.8513294044554098,Positive,Neutral
2S00zYaVrtc$_$17,0,1.089895473409628,0.16583210229873657,0.4721710527798015,Positive,Neutral
2S00zYaVrtc$_$17,1,2.3233693320511666,1.46206533908844,0.8387604573999203,Positive,Neutral
2S00zYaVrtc$_$17,2,0.5541175740523795,0.3945564329624176,0.5421068619770033,Positive,Neutral
2S00zYaVrtc$_$17,3,2.2332501362235546,1.2967522144317627,0.8474171300599316,Positive,Neutral
2S00zYaVrtc$_$17,4,-0.11647888531186257,0.22540268301963806,0.35583507810467724,Positive,Neutral
2S00zYaVrtc$_$17,5,2.161515630026771,1.1458438634872437,0.8163236641886976,Positive,Neutral
2S00zYaVrtc$_$17,6,-0.03111780352575355,0.22739821672439575,0.38937537321169474,Positive,Neutral
2S00zYaVrtc$_$17,7,1.8310003710436191,1.0033864974975586,0.7885405110986292,Positive,Neutral
2S00zYaVrtc$_$5,0,1.089895473409628,0.16583210229873657,0.4721710527798015,Positive,Neutral
2S00zYaVrtc$_$5,1,2.28007515606203,1.5059863328933716,0.8222163035025961,Positive,Neutral
2S00zYaVrtc$_$5,2,0.5692351096183598,0.3471413552761078,0.5435225383392732,Positive,Neutral
2S00zYaVrtc$_$5,3,2.3799512762241184,1.4509227275848389,0.8541530274791508,Positive,Neutral
2S00zYaVrtc$_$5,4,0.06687199272752886,0.2906567454338074,0.3971655575557586,Positive,Neutral
2S00zYaVrtc$_$5,5,2.3961795205212546,1.3626420497894287,0.8305794388223641,Positive,Neutral
2S00zYaVrtc$_$5,6,0.12103005512276444,0.2644404470920563,0.42349279430401743,Positive,Neutral
2S00zYaVrtc$_$5,7,2.3504889551459525,1.3467521667480469,0.8443391573972681,Positive,Neutral
2S00zYaVrtc$_$4,0,0.2463803078319281,0.16583210229873657,0.4721710527798015,Positive,Negative
2S00zYaVrtc$_$4,1,2.069032664089013,1.448773980140686,0.8175489110861552,Positive,Negative
2S00zYaVrtc$_$4,2,1.053252051288637,0.24474269151687622,0.4433285887465024,Positive,Negative
2S00zYaVrtc$_$4,3,2.439979481733853,1.383866310119629,0.842616463871761,Positive,Negative
2S00zYaVrtc$_$4,4,0.3785483191604422,0.24162548780441284,0.36527611513924463,Positive,Negative
2S00zYaVrtc$_$4,5,1.8566036184784787,1.2087123394012451,0.798471829392003,Positive,Negative
2S00zYaVrtc$_$4,6,0.5235164720568812,0.2077115774154663,0.3465426547943325,Positive,Negative
2S00zYaVrtc$_$4,7,2.046230927063606,1.171931266784668,0.8000816247090299,Positive,Negative
2Xt31_d0XEE$_$2,0,1.089895473409628,0.16583210229873657,0.4721710527798015,Positive,Neutral
2Xt31_d0XEE$_$2,1,2.2011314308094527,1.4322139024734497,0.8348856406926162,Positive,Neutral
2Xt31_d0XEE$_$2,2,1.3725804180043242,0.8192887306213379,0.6982634888690988,Positive,Neutral
2Xt31_d0XEE$_$2,3,2.273360333443275,1.404890775680542,0.8518585967362995,Positive,Neutral
2Xt31_d0XEE$_$2,4,2.0694007698832357,1.1461378335952759,0.7762350986434865,Positive,Neutral
2Xt31_d0XEE$_$2,5,2.3093443733926122,1.3851196765899658,0.8393878494899313,Positive,Neutral
2Xt31_d0XEE$_$2,6,1.6009581402257547,0.9301149845123291,0.7325556307538122,Positive,Neutral
2Xt31_d0XEE$_$2,7,2.2929624314021577,1.3675123453140259,0.8510362904766082,Positive,Neutral
31474$_$11,0,-0.8435151655776999,0.16583210229873657,0.15876829043619456,Neutral,Negative
31474$_$11,1,1.091699372612469,0.16458940505981445,0.548011643386944,Neutral,Negative
31474$_$11,2,0.889473652909124,0.32824647426605225,0.41864112432675255,Neutral,Negative
31474$_$11,3,1.0952742983943247,0.17212724685668945,0.5434521605698943,Neutral,Negative
31474$_$11,4,-0.8319275602240093,-0.2228282392024994,0.22174568244761833,Neutral,Negative
31474$_$11,5,0.3429483673327465,0.014909744262695312,0.463686817841937,Neutral,Negative
31474$_$11,6,0.11695854803361416,0.03407682478427887,0.3665557146443499,Neutral,Negative
31474$_$11,7,0.5181791464019384,0.07218535244464874,0.48858947514952494,Neutral,Negative
31474$_$14,0,-0.2463803078319281,0.16583210229873657,0.3690606567840039,Negative,Positive
31474$_$14,1,1.7552701406706155,-0.7533476948738098,0.8042683873967866,Negative,Positive
31474$_$14,2,-0.5874550916861002,0.18400168418884277,0.22402829149883124,Negative,Positive
31474$_$14,3,1.425014293576035,-0.37465253472328186,0.743295768339992,Negative,Positive
31474$_$14,4,0.7506796382455334,-0.3188169598579407,0.603059219899921,Negative,Positive
31474$_$14,5,2.4223115507909156,-1.248831033706665,0.8856040602980308,Negative,Positive
31474$_$14,6,0.20901004314138438,-0.04006267338991165,0.4370769874226589,Negative,Positive
31474$_$14,7,2.3272397911224805,-1.0157742500305176,0.875804898645128,Negative,Positive
31474$_$0,0,1.089895473409628,0.16583210229873657,0.4721710527798015,Positive,Neutral
31474$_$0,1,1.7672425198880415,1.011419415473938,0.7952443663035926,Positive,Neutral
31474$_$0,2,1.421457591447536,0.7551002502441406,0.6957703346242559,Positive,Neutral
31474$_$0,3,1.718212093572858,0.8966158628463745,0.7911256490362861,Positive,Neutral
31474$_$0,4,0.6141535458737466,0.18574345111846924,0.383083130967151,Positive,Neutral
31474$_$0,5,1.417919107682713,0.7367838025093079,0.7313422181179252,Positive,Neutral
31474$_$0,6,0.8395838416252092,0.4003910422325134,0.5169635239170128,Positive,Neutral
31474$_$0,7,1.14422355571966,0.6473901271820068,0.6787038890460266,Positive,Neutral
31474$_$3,0,-0.8435151655776999,0.16583210229873657,0.15876829043619456,Neutral,Negative
31474$_$3,1,1.2695553660190777,0.0708654373884201,0.6243358052315754,Neutral,Negative
31474$_$3,2,0.8931881187412406,0.26315680146217346,0.39937754054861996,Neutral,Negative
31474$_$3,3,1.1984008640640225,0.08514803647994995,0.5756854474339879,Neutral,Negative
31474$_$3,4,-1.3340014182840547,-0.2062966376543045,0.15152879087365337,Neutral,Negative
31474$_$3,5,0.6948862924021938,0.0675530731678009,0.5271608276256434,Neutral,Negative
31474$_$3,6,0.07762328720674927,0.12726446986198425,0.332305197261724,Neutral,Negative
31474$_$3,7,0.825460871152978,0.09835267066955566,0.536374140985421,Neutral,Negative
31474$_$6,0,-0.2463803078319281,0.16583210229873657,0.3690606567840039,Negative,Positive
31474$_$6,1,2.972961738074061,-2.0092577934265137,0.9037145925897202,Negative,Positive
31474$_$6,2,-0.7526419913047557,0.2608170509338379,0.1883019324395922,Negative,Positive
31474$_$6,3,3.0502691411390175,-1.7874760627746582,0.9173077399534464,Negative,Positive
31474$_$6,4,0.4243608787704405,0.03432546555995941,0.4932249971518963,Negative,Positive
31474$_$6,5,3.123820355392364,-1.9546231031417847,0.9233687963160673,Negative,Positive
31474$_$6,6,-0.06006693386962314,0.1458401083946228,0.32421801619834945,Negative,Positive
31474$_$6,7,3.2398100532569845,-1.9081957340240479,0.93398680217393,Negative,Positive
31474$_$9,0,0.8435151655776999,0.16583210229873657,0.3690606567840039,Negative,Neutral
31474$_$9,1,1.4293237718300982,-1.058232307434082,0.7469291870742697,Negative,Neutral
31474$_$9,2,-0.6483747828500557,0.3206612169742584,0.17210720534387464,Negative,Neutral
31474$_$9,3,0.18471404621349685,-0.1713605374097824,0.4646238276613006,Negative,Neutral
31474$_$9,4,-0.09336508088064988,0.22167813777923584,0.249163217038013,Negative,Neutral
31474$_$9,5,2.207410189901481,-1.0872771739959717,0.8400019320639387,Negative,Neutral
31474$_$9,6,-0.5581247361342698,0.22090032696723938,0.20694659750387806,Negative,Neutral
31474$_$9,7,1.4563256066763886,-0.5002177953720093,0.7208448049875541,Negative,Neutral
31474$_$8,0,0.8435151655776999,0.16583210229873657,0.3690606567840039,Negative,Neutral
31474$_$8,1,2.630642033169618,-1.6297121047973633,0.8929349756168287,Negative,Neutral
31474$_$8,2,-0.8963119330957098,0.24698954820632935,0.17928772131698795,Negative,Neutral
31474$_$8,3,1.7800091653498433,-0.653229832649231,0.7832894491501206,Negative,Neutral
31474$_$8,4,0.4443831514884027,-0.05979913845658302,0.42916103347949475,Negative,Neutral
31474$_$8,5,2.9506831474782853,-1.5579121112823486,0.910225987784871,Negative,Neutral
31474$_$8,6,-0.4136063656946436,0.12222513556480408,0.2746089374353724,Negative,Neutral
31474$_$8,7,2.638553682966393,-1.0870468616485596,0.8807987157223157,Negative,Neutral
32681$_$1,0,-0.2463803078319281,0.16583210229873657,0.3690606567840039,Negative,Positive
32681$_$1,1,0.7031734917805659,-0.14760920405387878,0.6199078396886951,Negative,Positive
32681$_$1,2,-1.23902283711001,0.47536665201187134,0.16351081670892387,Negative,Positive
32681$_$1,3,-0.41932102067449484,0.5521732568740845,0.3591230764285039,Negative,Positive
32681$_$1,4,0.6392237637688757,-0.1206292062997818,0.519351909753811,Negative,Positive
32681$_$1,5,1.555818641177667,-0.5721027851104736,0.788136299606158,Negative,Positive
32681$_$1,6,-0.0006373847786418363,0.13211318850517273,0.35646054930582033,Negative,Positive
32681$_$1,7,1.3983425589966418,-0.297877699136734,0.7600978416327157,Negative,Positive
32681$_$3,0,-0.2463803078319281,0.16583210229873657,0.3690606567840039,Negative,Positive
32681$_$3,1,3.006836448431272,-1.9540507793426514,0.9041812751625974,Negative,Positive
32681$_$3,2,-1.1287757177477835,0.410563588142395,0.17260074598969402,Negative,Positive
32681$_$3,3,2.921601516008151,-1.5353727340698242,0.9094747063719497,Negative,Positive
32681$_$3,4,0.9969063038802266,-0.24569246172904968,0.6053433308690197,Negative,Positive
32681$_$3,5,3.147502508474387,-1.8594427108764648,0.924072579160699,Negative,Positive
32681$_$3,6,-0.13990405766460534,0.22887325286865234,0.3293333499253597,Negative,Positive
32681$_$3,7,3.1646592995142817,-1.7068588733673096,0.9311221817519147,Negative,Positive
32681$_$5,0,-0.2463803078319281,0.16583210229873657,0.3690606567840039,Negative,Positive
32681$_$5,1,3.131272826157726,-1.980583906173706,0.9098557535176766,Negative,Positive
32681$_$5,2,-1.0876211572296768,0.42723166942596436,0.17973718951514014,Negative,Positive
32681$_$5,3,3.0152809929803546,-1.6173298358917236,0.9130137185136674,Negative,Positive
32681$_$5,4,1.2691774679740604,-0.36259156465530396,0.6776839885091657,Negative,Positive
32681$_$5,5,3.2317555537455314,-1.8636456727981567,0.9270589653011306,Negative,Positive
32681$_$5,6,0.117249994311026,0.16200661659240723,0.39364418601862283,Negative,Positive
32681$_$5,7,3.2017068850200334,-1.7135565280914307,0.9312976403216399,Negative,Positive
32681$_$6,0,0.8435151655776999,0.16583210229873657,0.3690606567840039,Negative,Neutral
32681$_$6,1,2.589588014558829,-1.6233422756195068,0.8883274273428059,Negative,Neutral
32681$_$6,2,-0.6845111686637246,0.3393309712409973,0.15384994808711475,Negative,Neutral
32681$_$6,3,1.593613047052663,-0.5821963548660278,0.7462842083614549,Negative,Neutral
32681$_$6,4,1.951175355324036,-0.6324524283409119,0.7372638460111601,Negative,Neutral
32681$_$6,5,2.992695873783145,-1.6285583972930908,0.9142237766225503,Negative,Neutral
32681$_$6,6,0.12639097718129455,0.1671769618988037,0.33969550092450657,Negative,Neutral
32681$_$6,7,2.7489286468868075,-1.0953373908996582,0.8878822002641958,Negative,Neutral
33170$_$1,0,-1.089895473409628,0.16583210229873657,0.15876829043619456,Neutral,Positive
33170$_$1,1,1.1430142707350108,-0.0047607943415641785,0.5434514807932274,Neutral,Positive
33170$_$1,2,-1.1524952631015506,0.6286920309066772,0.2071375962490646,Neutral,Positive
33170$_$1,3,0.6696234894315272,0.09800493717193604,0.5205046252713343,Neutral,Positive
33170$_$1,4,-0.02247983142127219,0.15982773900032043,0.3249120510404321,Neutral,Positive
33170$_$1,5,0.7869691939447683,0.0807824432849884,0.4735174321050801,Neutral,Positive
33170$_$1,6,-0.4172431806953478,0.3423503637313843,0.30327111147321073,Neutral,Positive
33170$_$1,7,0.5621950262653026,0.1425001472234726,0.4692466420661658,Neutral,Positive
33170$_$3,0,-0.2463803078319281,0.16583210229873657,0.3690606567840039,Negative,Positive
33170$_$3,1,1.1421297930993675,-0.40979957580566406,0.7132061811604871,Negative,Positive
33170$_$3,2,-1.6918431109287555,0.9117494821548462,0.13367483810930875,Negative,Positive
33170$_$3,3,0.16439242944320798,0.4146242141723633,0.5119328570783767,Negative,Positive
33170$_$3,4,-0.0315426596079762,0.12143030762672424,0.363226174780549,Negative,Positive
33170$_$3,5,1.5325884063764985,-0.553592324256897,0.7910420252098564,Negative,Positive
33170$_$3,6,-0.7018303318168561,0.43652796745300293,0.260331557326205,Negative,Positive
33170$_$3,7,1.169140208064778,-0.13817651569843292,0.7330659168633709,Negative,Positive
33170$_$4,0,-0.2463803078319281,0.16583210229873657,0.3690606567840039,Negative,Positive
33170$_$4,1,2.4488642176428166,-1.3651180267333984,0.8703689348791563,Negative,Positive
33170$_$4,2,-1.4874001875534282,0.674331784248352,0.144055366467084,Negative,Positive
33170$_$4,3,1.2262337083667103,-0.1697995960712433,0.7114104480500265,Negative,Positive
33170$_$4,4,0.7000822413235229,-0.2092369645833969,0.5738416127263106,Negative,Positive
33170$_$4,5,2.5688908042977983,-1.2629938125610352,0.8975918417237464,Negative,Positive
33170$_$4,6,-0.46897974142207544,0.3134353756904602,0.29096746784961214,Negative,Positive
33170$_$4,7,2.055335413621117,-0.7131646275520325,0.8478467975763044,Negative,Positive
3MFNIag0wNE$_$12,0,-0.2463803078319281,0.16583210229873657,0.3690606567840039,Negative,Positive
3MFNIag0wNE$_$12,1,1.5200817920384107,-0.5008254051208496,0.7458164178509472,Negative,Positive
3MFNIag0wNE$_$12,2,-0.8599260328513557,0.2634545564651489,0.202591379531013,Negative,Positive
3MFNIag0wNE$_$12,3,1.0387088578483292,-0.13602933287620544,0.6192494496256481,Negative,Positive
3MFNIag0wNE$_$12,4,0.3970871663474823,0.02389824390411377,0.5026910567348438,Negative,Positive
3MFNIag0wNE$_$12,5,1.7470381315992038,-0.5685768723487854,0.7972255995719888,Negative,Positive
3MFNIag0wNE$_$12,6,-0.18880245275398877,0.20275366306304932,0.3413945905271675,Negative,Positive
3MFNIag0wNE$_$12,7,1.6223771710843649,-0.4222748279571533,0.7690778566127396,Negative,Positive
3MFNIag0wNE$_$14,0,-0.2463803078319281,0.16583210229873657,0.3690606567840039,Negative,Positive
3MFNIag0wNE$_$14,1,2.981500914538369,-1.9517090320587158,0.9082257636347271,Negative,Positive
3MFNIag0wNE$_$14,2,-0.9791419084621401,0.3161848187446594,0.18473692136236908,Negative,Positive
3MFNIag0wNE$_$14,3,2.8994717607780793,-1.633325457572937,0.9122539609396422,Negative,Positive
3MFNIag0wNE$_$14,4,0.23614062797727176,0.12363603711128235,0.4614899651626008,Negative,Positive
3MFNIag0wNE$_$14,5,3.0458692345799627,-1.8325345516204834,0.9206643011765794,Negative,Positive
3MFNIag0wNE$_$14,6,-0.41306962122750834,0.25871741771698,0.28761666361591814,Negative,Positive
3MFNIag0wNE$_$14,7,3.0542841228665765,-1.7227120399475098,0.9265184952116394,Negative,Positive
3MFNIag0wNE$_$16,0,1.089895473409628,0.16583210229873657,0.4721710527798015,Positive,Neutral
3MFNIag0wNE$_$16,1,1.022271286179207,0.6262917518615723,0.668802381598147,Positive,Neutral
3MFNIag0wNE$_$16,2,0.0018584584377154822,0.18976005911827087,0.41176996626430934,Positive,Neutral
3MFNIag0wNE$_$16,3,0.30414882951349165,0.35123324394226074,0.5016650870672316,Positive,Neutral
3MFNIag0wNE$_$16,4,1.3221720277973104,0.017728805541992188,0.39779903045498827,Positive,Neutral
3MFNIag0wNE$_$16,5,0.6705838906149943,0.5011051297187805,0.5743287967778555,Positive,Neutral
3MFNIag0wNE$_$16,6,0.43895312101191875,0.1963685154914856,0.4256969721916078,Positive,Neutral
3MFNIag0wNE$_$16,7,0.07789159422593961,0.34220975637435913,0.43356223634307256,Positive,Neutral
3MFNIag0wNE$_$7,0,-0.2463803078319281,0.16583210229873657,0.3690606567840039,Negative,Positive
3MFNIag0wNE$_$7,1,-0.5154946884693766,0.7071137428283691,0.33427268251069986,Negative,Positive
3MFNIag0wNE$_$7,2,-1.0933408776765412,0.3489241898059845,0.16322031575042162,Negative,Positive
3MFNIag0wNE$_$7,3,-0.7370551697826669,0.5463438034057617,0.2444118218859612,Negative,Positive
3MFNIag0wNE$_$7,4,-0.18521902356024322,0.22635379433631897,0.35725116410190844,Negative,Positive
3MFNIag0wNE$_$7,5,0.36926740355399834,0.19716298580169678,0.531122910187119,Negative,Positive
3MFNIag0wNE$_$7,6,-0.6009936666137846,0.2641335725784302,0.230498002583292,Negative,Positive
3MFNIag0wNE$_$7,7,0.1455301485559931,0.23134160041809082,0.43129119401733235,Negative,Positive
3V2qm0rw920$_$11,0,1.089895473409628,0.16583210229873657,0.4721710527798015,Positive,Neutral
3V2qm0rw920$_$11,1,1.55778257909442,0.8970675468444824,0.7698473736139475,Positive,Neutral
3V2qm0rw920$_$11,2,0.7550144271005826,0.4993446469306946,0.5692196304470015,Positive,Neutral
3V2qm0rw920$_$11,3,1.1962896298729326,0.693431556224823,0.7041346649281076,Positive,Neutral
3V2qm0rw920$_$11,4,0.8183808302081242,0.3556581735610962,0.5177734489705496,Positive,Neutral
3V2qm0rw920$_$11,5,1.1201609899459173,0.653990626335144,0.6752013829572798,Positive,Neutral
3V2qm0rw920$_$11,6,0.6400439079800302,0.34822094440460205,0.5089319335685469,Positive,Neutral
3V2qm0rw920$_$11,7,0.751183999977387,0.5297337770462036,0.5933946784351872,Positive,Neutral
3V2qm0rw920$_$13,0,1.089895473409628,0.16583210229873657,0.4721710527798015,Positive,Neutral
3V2qm0rw920$_$13,1,2.2180276247298023,1.4696357250213623,0.824063945761464,Positive,Neutral
3V2qm0rw920$_$13,2,1.4459078162433638,0.8009735941886902,0.705442284315138,Positive,Neutral
3V2qm0rw920$_$13,3,2.371946402373242,1.5077861547470093,0.85335364637207,Positive,Neutral
3V2qm0rw920$_$13,4,-0.091072268768563,0.21048811078071594,0.36096138005518885,Positive,Neutral
3V2qm0rw920$_$13,5,2.3162151152355146,1.3356961011886597,0.8377717623853437,Positive,Neutral
3V2qm0rw920$_$13,6,0.48972593058685066,0.3295673131942749,0.47532179468326985,Positive,Neutral
3V2qm0rw920$_$13,7,2.334829598180257,1.3891302347183228,0.8482316875025064,Positive,Neutral
3V2qm0rw920$_$3,0,1.089895473409628,0.16583210229873657,0.4721710527798015,Positive,Neutral
3V2qm0rw920$_$3,1,1.3076711576457036,0.7154651284217834,0.7260763448091225,Positive,Neutral
3V2qm0rw920$_$3,2,1.163844275331877,0.6268640756607056,0.6421664262421564,Positive,Neutral
3V2qm0rw920$_$3,3,1.0983095916866343,0.633455753326416,0.6839052870709859,Positive,Neutral
3V2qm0rw920$_$3,4,0.02311077883157031,0.17028117179870605,0.3569145923968854,Positive,Neutral
3V2qm0rw920$_$3,5,0.32840230131671977,0.4053070545196533,0.49993543667417867,Positive,Neutral
3V2qm0rw920$_$3,6,0.28556248657745775,0.22192323207855225,0.4182588382939104,Positive,Neutral
3V2qm0rw920$_$3,7,0.2560830774034424,0.3809664249420166,0.4787070152266417,Positive,Neutral
3j94B0pzSVs$_$12,0,1.089895473409628,0.16583210229873657,0.4721710527798015,Positive,Neutral
3j94B0pzSVs$_$12,1,2.310529036985855,1.4864224195480347,0.8322684408003564,Positive,Neutral
3j94B0pzSVs$_$12,2,-0.619898110006668,0.11713625490665436,0.29271789733525655,Positive,Neutral
3j94B0pzSVs$_$12,3,2.27830200544704,1.3600029945373535,0.8536408813808207,Positive,Neutral
3j94B0pzSVs$_$12,4,0.5399174380753307,0.20776218175888062,0.44351734833582984,Positive,Neutral
3j94B0pzSVs$_$12,5,2.393991809776606,1.2853953838348389,0.828174242658128,Positive,Neutral
3j94B0pzSVs$_$12,6,-0.3833815703784974,0.12950071692466736,0.3208780907889327,Positive,Neutral
3j94B0pzSVs$_$12,7,2.0926656827460173,1.1527281999588013,0.8234976984473031,Positive,Neutral
3j94B0pzSVs$_$17,0,-0.2463803078319281,0.16583210229873657,0.3690606567840039,Negative,Positive
3j94B0pzSVs$_$17,1,0.9356457949020166,-0.19708062708377838,0.6664759830628019,Negative,Positive
3j94B0pzSVs$_$17,2,-1.0448412798792757,0.28653526306152344,0.16114988898156898,Negative,Positive
3j94B0pzSVs$_$17,3,0.12074277045390336,0.23801326751708984,0.4335451463327613,Negative,Positive
3j94B0pzSVs$_$17,4,-1.079522293101633,0.5430886149406433,0.21129547533034018,Negative,Positive
3j94B0pzSVs$_$17,5,1.225443602269488,-0.3398580551147461,0.731950746849815,Negative,Positive
3j94B0pzSVs$_$17,6,-1.002135575547571,0.33756595849990845,0.18265695442672042,Negative,Positive
3j94B0pzSVs$_$17,7,0.9142069028163606,-0.10275724530220032,0.6403998065102239,Negative,Positive
3j94B0pzSVs$_$1,0,0.2463803078319281,0.16583210229873657,0.4721710527798015,Positive,Negative
3j94B0pzSVs$_$1,1,0.6436576168544615,0.36780548095703125,0.545978801141799,Positive,Negative
3j94B0pzSVs$_$1,2,1.1440922341142346,0.30919551849365234,0.4922710954199778,Positive,Negative
3j94B0pzSVs$_$1,3,0.5724071291314271,0.3176880478858948,0.4416379989114816,Positive,Negative
3j94B0pzSVs$_$1,4,0.891632941864087,0.4281390309333801,0.5294064580179516,Positive,Negative
3j94B0pzSVs$_$1,5,0.29312779238667785,0.24315232038497925,0.46333435144820384,Positive,Negative
3j94B0pzSVs$_$1,6,0.8847435982726743,0.32684454321861267,0.46852142661826573,Positive,Negative
3j94B0pzSVs$_$1,7,0.12377838119193774,0.22389891743659973,0.3880490632100442,Positive,Negative
3j94B0pzSVs$_$0,0,-1.089895473409628,0.16583210229873657,0.15876829043619456,Neutral,Positive
3j94B0pzSVs$_$0,1,-0.09008684518741139,0.2982233166694641,0.4151060221789052,Neutral,Positive
3j94B0pzSVs$_$0,2,0.05949501506487265,0.1800239086151123,0.4270270358230846,Neutral,Positive
3j94B0pzSVs$_$0,3,0.2601180873677428,0.18241244554519653,0.48100874836760554,Neutral,Positive
3j94B0pzSVs$_$0,4,-0.6059634098527298,0.2953530550003052,0.25395690689707434,Neutral,Positive
3j94B0pzSVs$_$0,5,-0.055461859001455394,0.3050864338874817,0.4149597651380104,Neutral,Positive
3j94B0pzSVs$_$0,6,-0.03426296509222215,0.20949235558509827,0.3898056330090404,Neutral,Positive
3j94B0pzSVs$_$0,7,0.31895683011771836,0.21785783767700195,0.4831808280081433,Neutral,Positive
4cFeG2ydm9A$_$8,0,1.089895473409628,0.16583210229873657,0.4721710527798015,Positive,Neutral
4cFeG2ydm9A$_$8,1,2.154645761268906,1.3287222385406494,0.8423072726723948,Positive,Neutral
4cFeG2ydm9A$_$8,2,0.7802509751392394,0.44998347759246826,0.5589408096498985,Positive,Neutral
4cFeG2ydm9A$_$8,3,1.9535234866552642,1.1054949760437012,0.8226107692771284,Positive,Neutral
4cFeG2ydm9A$_$8,4,0.20989997308373165,0.34201759099960327,0.46654366529799407,Positive,Neutral
4cFeG2ydm9A$_$8,5,1.681439457144076,0.9458622932434082,0.7816791988117193,Positive,Neutral
4cFeG2ydm9A$_$8,6,0.14159517998902604,0.28601861000061035,0.43957051209200315,Positive,Neutral
4cFeG2ydm9A$_$8,7,1.2624650494692091,0.7553726434707642,0.7111677528019534,Positive,Neutral
4dV3slGSc60$_$10,0,1.089895473409628,0.16583210229873657,0.4721710527798015,Positive,Neutral
4dV3slGSc60$_$10,1,1.8056884336866084,1.0483520030975342,0.8014705362997987,Positive,Neutral
4dV3slGSc60$_$10,2,1.7199203985357125,0.9106951951980591,0.7369512243505417,Positive,Neutral
4dV3slGSc60$_$10,3,1.8036404946628015,0.9889452457427979,0.8006080857165461,Positive,Neutral
4dV3slGSc60$_$10,4,-0.5592875857040921,0.11993429064750671,0.2544062905391625,Positive,Neutral
4dV3slGSc60$_$10,5,0.9099608221089391,0.6258280277252197,0.6381870196978502,Positive,Neutral
4dV3slGSc60$_$10,6,0.16975332492700457,0.22725707292556763,0.39280854513276353,Positive,Neutral
4dV3slGSc60$_$10,7,0.7948290629977258,0.5789390802383423,0.6058834972916795,Positive,Neutral
4dV3slGSc60$_$12,0,1.089895473409628,0.16583210229873657,0.4721710527798015,Positive,Neutral
4dV3slGSc60$_$12,1,1.5229214360509384,0.9646812677383423,0.7603015292991001,Positive,Neutral
4dV3slGSc60$_$12,2,1.7308487656744973,0.9730186462402344,0.7401867963075967,Positive,Neutral
4dV3slGSc60$_$12,3,1.6161905146777562,0.9582093954086304,0.7759308796354155,Positive,Neutral
4dV3slGSc60$_$12,4,-0.4460299810139602,0.18288186192512512,0.2959100742177267,Positive,Neutral
4dV3slGSc60$_$12,5,0.38955614454059295,0.4636961817741394,0.5240172799512717,Positive,Neutral
4dV3slGSc60$_$12,6,0.23187211866673008,0.2934327721595764,0.4240728083443978,Positive,Neutral
4dV3slGSc60$_$12,7,0.4287743452888877,0.4789947271347046,0.5270223825614303,Positive,Neutral
4dV3slGSc60$_$22,0,1.089895473409628,0.16583210229873657,0.4721710527798015,Positive,Neutral
4dV3slGSc60$_$22,1,1.1985111873119454,0.6751585006713867,0.6969037421290059,Positive,Neutral
4dV3slGSc60$_$22,2,1.9781688290014978,1.0763791799545288,0.7262688937263023,Positive,Neutral
4dV3slGSc60$_$22,3,1.533623281095554,0.8837801814079285,0.7509563459117128,Positive,Neutral
4dV3slGSc60$_$22,4,0.18706629057851343,-0.39347541332244873,0.2020055041608945,Positive,Neutral
4dV3slGSc60$_$22,5,1.177985284428781,0.6647549867630005,0.6927664633932509,Positive,Neutral
4dV3slGSc60$_$22,6,1.968113773624657,1.0617635250091553,0.7217867885316941,Positive,Neutral
4dV3slGSc60$_$22,7,1.5172709629776593,0.8750675320625305,0.7478388032746378,Positive,Neutral
4dV3slGSc60$_$9,0,1.089895473409628,0.16583210229873657,0.4721710527798015,Positive,Neutral
4dV3slGSc60$_$9,1,1.9282350013685825,1.1902363300323486,0.813358033255608,Positive,Neutral
4dV3slGSc60$_$9,2,1.615140044218407,0.9003112316131592,0.708903514322795,Positive,Neutral
4dV3slGSc60$_$9,3,1.902923058360413,1.1226279735565186,0.8113884505063593,Positive,Neutral
4dV3slGSc60$_$9,4,1.087004762535869,0.050160035490989685,0.3607604158741828,Positive,Neutral
4dV3slGSc60$_$9,5,1.8286932320408253,1.0181630849838257,0.7820889421492424,Positive,Neutral
4dV3slGSc60$_$9,6,1.1329936803210776,0.36212319135665894,0.4863043923468444,Positive,Neutral
4dV3slGSc60$_$9,7,1.4657482354559082,0.8821538686752319,0.7252156855209422,Positive,Neutral
4dV3slGSc60$_$8,0,1.089895473409628,0.16583210229873657,0.4721710527798015,Positive,Neutral
4dV3slGSc60$_$8,1,1.4696774652955131,0.8101173639297485,0.7460869966622476,Positive,Neutral
4dV3slGSc60$_$8,2,1.119372753869619,0.6560038328170776,0.6358803051553964,Positive,Neutral
4dV3slGSc60$_$8,3,1.0240937843193885,0.5997482538223267,0.6595393755840151,Positive,Neutral
4dV3slGSc60$_$8,4,2.2383778055333092,1.0644224882125854,0.7317025470680665,Positive,Neutral
4dV3slGSc60$_$8,5,1.9069613032764887,1.0298384428024292,0.790759413470838,Positive,Neutral
4dV3slGSc60$_$8,6,1.7521155463733207,0.932955265045166,0.7040106163947971,Positive,Neutral
4dV3slGSc60$_$8,7,1.2692601147203006,0.765117883682251,0.68933565924381,Positive,Neutral
50103$_$3,0,-0.2463803078319281,0.16583210229873657,0.3690606567840039,Negative,Positive
50103$_$3,1,3.1202581108992664,-2.0245108604431152,0.9092924335103061,Negative,Positive
50103$_$3,2,-1.0174337973324385,0.5070806741714478,0.199210629587932,Negative,Positive
50103$_$3,3,3.057730114290559,-1.752701759338379,0.9160222794957578,Negative,Positive
50103$_$3,4,-1.0163819595843033,0.6182848215103149,0.22439532025089848,Negative,Positive
50103$_$3,5,3.0795176517347223,-1.6046907901763916,0.9212633048104747,Negative,Positive
50103$_$3,6,-0.9435475079951449,0.5480213165283203,0.2243180894194781,Negative,Positive
50103$_$3,7,3.105960401842665,-1.5704299211502075,0.9280943554870084,Negative,Positive
5B0PQx3Ep3k$_$5,0,1.089895473409628,0.16583210229873657,0.4721710527798015,Positive,Neutral
5B0PQx3Ep3k$_$5,1,2.295678071738299,1.463225245475769,0.8340940185995519,Positive,Neutral
5B0PQx3Ep3k$_$5,2,1.09111871330312,0.5657953023910522,0.645658925532195,Positive,Neutral
5B0PQx3Ep3k$_$5,3,2.319365011697859,1.3921147584915161,0.8513548913113705,Positive,Neutral
5B0PQx3Ep3k$_$5,4,0.9739449132195737,0.4493832588195801,0.5192311154359197,Positive,Neutral
5B0PQx3Ep3k$_$5,5,2.3764251251832507,1.315742015838623,0.8325735013406008,Positive,Neutral
5B0PQx3Ep3k$_$5,6,0.8730270228286304,0.4425625801086426,0.5427992770448722,Positive,Neutral
5B0PQx3Ep3k$_$5,7,2.225963065774385,1.2619364261627197,0.8312074433604106,Positive,Neutral
5O1W39o56gg$_$1,0,1.089895473409628,0.16583210229873657,0.4721710527798015,Positive,Neutral
5O1W39o56gg$_$1,1,1.0963291028428634,0.6221150159835815,0.6922140806716774,Positive,Neutral
5O1W39o56gg$_$1,2,0.6700171409723179,0.4813682436943054,0.5688397399655875,Positive,Neutral
5O1W39o56gg$_$1,3,0.7644958239575543,0.4776179790496826,0.621696304554819,Positive,Neutral
5O1W39o56gg$_$1,4,0.7843071466269028,0.22234132885932922,0.46290271250588294,Positive,Neutral
5O1W39o56gg$_$1,5,0.5148691454834607,0.42414361238479614,0.55313116964458,Positive,Neutral
5O1W39o56gg$_$1,6,0.37157604188234017,0.2729463577270508,0.449578565155852,Positive,Neutral
5O1W39o56gg$_$1,7,0.09109242364372383,0.3264814615249634,0.44914412650570423,Positive,Neutral
5O1W39o56gg$_$2,0,1.089895473409628,0.16583210229873657,0.4721710527798015,Positive,Neutral
5O1W39o56gg$_$2,1,1.4477810101410742,0.8186811208724976,0.7502989856268883,Positive,Neutral
5O1W39o56gg$_$2,2,0.35445739341645166,0.4470796585083008,0.48630699563576024,Positive,Neutral
5O1W39o56gg$_$2,3,1.0041122179473523,0.61660236120224,0.6693844961220095,Positive,Neutral
5O1W39o56gg$_$2,4,0.311895551466587,0.15952461957931519,0.374607237701776,Positive,Neutral
5O1W39o56gg$_$2,5,0.451268186389133,0.4235597848892212,0.5336790841596923,Positive,Neutral
5O1W39o56gg$_$2,6,0.020911520585112253,0.2156473696231842,0.3658676212806241,Positive,Neutral
5O1W39o56gg$_$2,7,0.07753937639583197,0.34805649518966675,0.44293377680082835,Positive,Neutral
5O1W39o56gg$_$9,0,1.089895473409628,0.16583210229873657,0.4721710527798015,Positive,Neutral
5O1W39o56gg$_$9,1,1.8967718775025035,1.121579647064209,0.8126404516518388,Positive,Neutral
5O1W39o56gg$_$9,2,-0.08957202997653746,0.14236728847026825,0.3763460716000839,Positive,Neutral
5O1W39o56gg$_$9,3,1.4014774655121296,0.7470371127128601,0.7433174903525636,Positive,Neutral
5O1W39o56gg$_$9,4,1.7124460462630644,0.515602171421051,0.6048942776946191,Positive,Neutral
5O1W39o56gg$_$9,5,1.9332610277972881,1.025311827659607,0.8091014362239999,Positive,Neutral
5O1W39o56gg$_$9,6,0.6104984932603491,0.2757079601287842,0.4756535619235354,Positive,Neutral
5O1W39o56gg$_$9,7,1.2116469593264259,0.6930996179580688,0.7001545825147631,Positive,Neutral
5i6AgQSjXO4$_$3,0,1.089895473409628,0.16583210229873657,0.4721710527798015,Positive,Neutral
5i6AgQSjXO4$_$3,1,1.779061314391207,0.9585006237030029,0.8021125169580006,Positive,Neutral
5i6AgQSjXO4$_$3,2,0.37685720016111846,0.3566367030143738,0.5126899119056386,Positive,Neutral
5i6AgQSjXO4$_$3,3,1.1718178045421395,0.6334669589996338,0.7016769637634304,Positive,Neutral
5i6AgQSjXO4$_$3,4,2.0140300252524286,0.5917955636978149,0.6219929173253388,Positive,Neutral
5i6AgQSjXO4$_$3,5,1.9620684467145812,1.0244908332824707,0.8143344892134632,Positive,Neutral
5i6AgQSjXO4$_$3,6,0.8534379238071914,0.5178624391555786,0.6016879312625415,Positive,Neutral
5i6AgQSjXO4$_$3,7,1.2355771321404196,0.6844692230224609,0.7071387982844382,Positive,Neutral
5i6AgQSjXO4$_$2,0,1.089895473409628,0.16583210229873657,0.4721710527798015,Positive,Neutral
5i6AgQSjXO4$_$2,1,2.24570471010886,1.2923405170440674,0.8283963607127243,Positive,Neutral
5i6AgQSjXO4$_$2,2,0.7989598641307747,0.5096073150634766,0.6052528176401955,Positive,Neutral
5i6AgQSjXO4$_$2,3,1.8495253722848457,1.055318832397461,0.7994292632046633,Positive,Neutral
5i6AgQSjXO4$_$2,4,1.5476283103284758,0.7085824012756348,0.6760055899023354,Positive,Neutral
5i6AgQSjXO4$_$2,5,2.2219824085569093,1.1178522109985352,0.8165781324524921,Positive,Neutral
5i6AgQSjXO4$_$2,6,1.0272859383365902,0.5748423933982849,0.6278604935384743,Positive,Neutral
5i6AgQSjXO4$_$2,7,1.8101084821102784,0.9761350154876709,0.7807000932347864,Positive,Neutral
5i6AgQSjXO4$_$6,0,-1.089895473409628,0.16583210229873657,0.15876829043619456,Neutral,Positive
5i6AgQSjXO4$_$6,1,0.44445820506503286,0.1627131700515747,0.5312106845363398,Neutral,Positive
5i6AgQSjXO4$_$6,2,-0.17183674149255457,0.30922186374664307,0.3807407797413689,Neutral,Positive
5i6AgQSjXO4$_$6,3,0.45067565056387815,0.1730521023273468,0.5275906335255127,Neutral,Positive
5i6AgQSjXO4$_$6,4,-0.14825973233871048,-0.2000877857208252,0.23536703542272647,Neutral,Positive
5i6AgQSjXO4$_$6,5,0.8712639238119497,0.13847064971923828,0.5843882491249862,Neutral,Positive
5i6AgQSjXO4$_$6,6,0.19113312917084724,0.10785673558712006,0.38720593543293097,Neutral,Positive
5i6AgQSjXO4$_$6,7,0.8734877032421401,0.14107653498649597,0.5813444677327917,Neutral,Positive
5kaCGzjYukM$_$0,0,1.089895473409628,0.16583210229873657,0.4721710527798015,Positive,Neutral
5kaCGzjYukM$_$0,1,1.5997458161727438,0.8262397646903992,0.7671110256689287,Positive,Neutral
5kaCGzjYukM$_$0,2,0.6370950129377188,0.3856015205383301,0.5353270644236572,Positive,Neutral
5kaCGzjYukM$_$0,3,1.0657287046860202,0.5833297967910767,0.6668760687636092,Positive,Neutral
5kaCGzjYukM$_$0,4,0.5371437814213028,0.20423224568367004,0.38331972611776505,Positive,Neutral
5kaCGzjYukM$_$0,5,1.1019613792927352,0.6040313839912415,0.6504441796302085,Positive,Neutral
5kaCGzjYukM$_$0,6,0.39121915525369066,0.23089325428009033,0.41234628705624077,Positive,Neutral
5kaCGzjYukM$_$0,7,0.6708117263113745,0.4839118719100952,0.5584172369485183,Positive,Neutral
5kaCGzjYukM$_$3,0,-0.2463803078319281,0.16583210229873657,0.3690606567840039,Negative,Positive
5kaCGzjYukM$_$3,1,0.21477788360281058,0.058207109570503235,0.37266059764900905,Negative,Positive
5kaCGzjYukM$_$3,2,-1.3554465538340115,0.5974715352058411,0.15781408015030965,Negative,Positive
5kaCGzjYukM$_$3,3,-0.11753746900938755,0.18966269493103027,0.29748358516184564,Negative,Positive
5kaCGzjYukM$_$3,4,0.2726931027026944,0.07165098190307617,0.476740903738384,Negative,Positive
5kaCGzjYukM$_$3,5,1.0676363512324514,-0.15155093371868134,0.6335656964392274,Negative,Positive
5kaCGzjYukM$_$3,6,-0.339891067128434,0.27602043747901917,0.3214474013795818,Negative,Positive
5kaCGzjYukM$_$3,7,0.6392381267582674,0.024094611406326294,0.5058190651009402,Negative,Positive
5kaCGzjYukM$_$2,0,-0.2463803078319281,0.16583210229873657,0.3690606567840039,Negative,Positive
5kaCGzjYukM$_$2,1,2.8072379203040936,-1.525752305984497,0.902491470602505,Negative,Positive
5kaCGzjYukM$_$2,2,-1.2333351731148543,0.5067011117935181,0.16415934621580017,Negative,Positive
5kaCGzjYukM$_$2,3,1.9890096683223901,-0.6563199758529663,0.8247104611462568,Negative,Positive
5kaCGzjYukM$_$2,4,-0.06086871134306293,0.23275142908096313,0.3912152421085329,Negative,Positive
5kaCGzjYukM$_$2,5,2.6955068103494986,-1.2708566188812256,0.9051889702425889,Negative,Positive
5kaCGzjYukM$_$2,6,-0.4631451831903486,0.3309169113636017,0.29062595532540686,Negative,Positive
5kaCGzjYukM$_$2,7,2.415876385819045,-0.9486587643623352,0.8829845407757112,Negative,Positive
5kaCGzjYukM$_$5,0,-0.2463803078319281,0.16583210229873657,0.3690606567840039,Negative,Positive
5kaCGzjYukM$_$5,1,2.2617123109055624,-1.2133841514587402,0.8638256949553045,Negative,Positive
5kaCGzjYukM$_$5,2,-1.5092013835097653,0.739770233631134,0.14825914975481513,Negative,Positive
5kaCGzjYukM$_$5,3,1.8013262786023965,-0.6546145081520081,0.8226614566746039,Negative,Positive
5kaCGzjYukM$_$5,4,-0.09754670070815807,0.27198195457458496,0.40521365060179654,Negative,Positive
5kaCGzjYukM$_$5,5,2.3606823567705475,-1.1326459646224976,0.8829864307543629,Negative,Positive
5kaCGzjYukM$_$5,6,-0.5021024630661121,0.40341806411743164,0.3045375264984877,Negative,Positive
5kaCGzjYukM$_$5,7,2.3341815740382006,-1.0178918838500977,0.8840544472310359,Negative,Positive
5kaCGzjYukM$_$7,0,1.089895473409628,0.16583210229873657,0.4721710527798015,Positive,Neutral
5kaCGzjYukM$_$7,1,2.0024280640286354,1.1242172718048096,0.8189246690266931,Positive,Neutral
5kaCGzjYukM$_$7,2,0.3333170183709897,0.2905433475971222,0.4697768058658873,Positive,Neutral
5kaCGzjYukM$_$7,3,1.6998327612181925,0.8974840641021729,0.781656800832023,Positive,Neutral
5kaCGzjYukM$_$7,4,0.7934900805456343,0.3239511251449585,0.4409486559316846,Positive,Neutral
5kaCGzjYukM$_$7,5,1.7912325867708496,0.8791890144348145,0.7723265593073952,Positive,Neutral
5kaCGzjYukM$_$7,6,0.4085754691500819,0.309381365776062,0.431475457417633,Positive,Neutral
5kaCGzjYukM$_$7,7,1.4563482851725782,0.7834340333938599,0.7263690798756655,Positive,Neutral
6KvG5VbLalY$_$9,0,1.089895473409628,0.16583210229873657,0.4721710527798015,Positive,Neutral
6KvG5VbLalY$_$9,1,0.452574597026853,0.4243611693382263,0.4884065287323885,Positive,Neutral
6KvG5VbLalY$_$9,2,0.5481534120386334,0.40032684803009033,0.5383594305939772,Positive,Neutral
6KvG5VbLalY$_$9,3,0.12870096060802616,0.32709822058677673,0.42736623572042703,Positive,Neutral
6KvG5VbLalY$_$9,4,0.9836125494063912,0.6258344650268555,0.614238434488996,Positive,Neutral
6KvG5VbLalY$_$9,5,0.5223257092301588,0.4126020669937134,0.512627530553839,Positive,Neutral
6KvG5VbLalY$_$9,6,0.5282928995904494,0.42882585525512695,0.5235988558802396,Positive,Neutral
6KvG5VbLalY$_$9,7,0.1886419255195364,0.32699963450431824,0.4324252218420521,Positive,Neutral
6ZA8I83x-oY$_$0,0,1.089895473409628,0.16583210229873657,0.4721710527798015,Positive,Neutral
6ZA8I83x-oY$_$0,1,1.0712871862594302,0.6691988706588745,0.6714863851065402,Positive,Neutral
6ZA8I83x-oY$_$0,2,1.2133577903100767,0.6094937324523926,0.6545238227928282,Positive,Neutral
6ZA8I83x-oY$_$0,3,0.8141521223665789,0.5424573421478271,0.6131193822916419,Positive,Neutral
6ZA8I83x-oY$_$0,4,0.005872510079611093,0.19191238284111023,0.3783822312538896,Positive,Neutral
6ZA8I83x-oY$_$0,5,0.1603699992548645,0.3503934144973755,0.46396606966248244,Positive,Neutral
6ZA8I83x-oY$_$0,6,0.34095806560495123,0.2500450015068054,0.4473318844758935,Positive,Neutral
6ZA8I83x-oY$_$0,7,0.07714183680912512,0.3301492929458618,0.43401470022633826,Positive,Neutral
6ZA8I83x-oY$_$2,0,1.089895473409628,0.16583210229873657,0.4721710527798015,Positive,Neutral
6ZA8I83x-oY$_$2,1,2.144563019539447,1.302354097366333,0.8253117729118142,Positive,Neutral
6ZA8I83x-oY$_$2,2,0.8359581996714274,0.5374782085418701,0.5808525568065855,Positive,Neutral
6ZA8I83x-oY$_$2,3,1.995563262693893,1.1380658149719238,0.8168634774264736,Positive,Neutral
6ZA8I83x-oY$_$2,4,-0.19072575378261203,0.2108445167541504,0.3423815621434304,Positive,Neutral
6ZA8I83x-oY$_$2,5,2.076314856376942,1.0781055688858032,0.8146177496273163,Positive,Neutral
6ZA8I83x-oY$_$2,6,0.2803057743074798,0.3198226988315582,0.425800753957723,Positive,Neutral
6ZA8I83x-oY$_$2,7,1.7915993134500596,0.9801328182220459,0.7801200453932904,Positive,Neutral
6hFiTU77Sm0$_$1,0,1.089895473409628,0.16583210229873657,0.4721710527798015,Positive,Neutral
6hFiTU77Sm0$_$1,1,1.5472628339372818,0.9433459043502808,0.7532604999044847,Positive,Neutral
6hFiTU77Sm0$_$1,2,0.05732289457028927,0.24007725715637207,0.4345938240606892,Positive,Neutral
6hFiTU77Sm0$_$1,3,0.6238146236789656,0.4643634557723999,0.5731050761671489,Positive,Neutral
6hFiTU77Sm0$_$1,4,1.009762079239311,0.46562522649765015,0.5815743408485342,Positive,Neutral
6hFiTU77Sm0$_$1,5,1.0916673665261083,0.6628465056419373,0.6490302193945616,Positive,Neutral
6hFiTU77Sm0$_$1,6,0.26684501808319483,0.29927748441696167,0.46281987772146327,Positive,Neutral
6hFiTU77Sm0$_$1,7,0.3136247824373558,0.39061009883880615,0.4853129895978703,Positive,Neutral
6hFiTU77Sm0$_$2,0,-1.089895473409628,0.16583210229873657,0.15876829043619456,Neutral,Positive
6hFiTU77Sm0$_$2,1,0.3244640380779342,0.22481539845466614,0.4842473733035548,Neutral,Positive
6hFiTU77Sm0$_$2,2,-0.8057202495954112,0.5023990869522095,0.2707538901917462,Neutral,Positive
6hFiTU77Sm0$_$2,3,0.0078628023197852,0.2725007236003876,0.4283342212299052,Neutral,Positive
6hFiTU77Sm0$_$2,4,-0.39656978975556234,0.2854934334754944,0.3035734873331683,Neutral,Positive
6hFiTU77Sm0$_$2,5,0.36101985024328376,0.2250831127166748,0.4720074369893214,Neutral,Positive
6hFiTU77Sm0$_$2,6,-0.25100567321015455,0.30637213587760925,0.3592061447744552,Neutral,Positive
6hFiTU77Sm0$_$2,7,0.2849924036441771,0.23173731565475464,0.4663768331942085,Neutral,Positive
6uPGcKTpC4I$_$1,0,1.089895473409628,0.16583210229873657,0.4721710527798015,Positive,Neutral
6uPGcKTpC4I$_$1,1,1.1744188184567799,0.6805136203765869,0.7016739301847288,Positive,Neutral
6uPGcKTpC4I$_$1,2,1.3038204075195474,0.7622788548469543,0.6698986441066523,Positive,Neutral
6uPGcKTpC4I$_$1,3,1.0766758522220155,0.6365826725959778,0.6826790949074243,Positive,Neutral
6uPGcKTpC4I$_$1,4,1.4148772289958165,0.6741539835929871,0.6839810426143181,Positive,Neutral
6uPGcKTpC4I$_$1,5,1.2728831342936917,0.6491010785102844,0.7174414213039946,Positive,Neutral
6uPGcKTpC4I$_$1,6,1.2880993660587288,0.6650405526161194,0.6690518744915132,Positive,Neutral
6uPGcKTpC4I$_$1,7,0.9968690189098453,0.5861954689025879,0.662831966901338,Positive,Neutral
6uPGcKTpC4I$_$2,0,1.089895473409628,0.16583210229873657,0.4721710527798015,Positive,Neutral
6uPGcKTpC4I$_$2,1,1.711877668454521,0.9272750616073608,0.7869496095395786,Positive,Neutral
6uPGcKTpC4I$_$2,2,1.6751171724031821,0.945819616317749,0.7034593052056646,Positive,Neutral
6uPGcKTpC4I$_$2,3,1.5740073662147096,0.908034086227417,0.7599518844091132,Positive,Neutral
6uPGcKTpC4I$_$2,4,1.447285427605209,0.8072969317436218,0.7047558009873481,Positive,Neutral
6uPGcKTpC4I$_$2,5,1.6062218739942167,0.840522289276123,0.7665511263701131,Positive,Neutral
6uPGcKTpC4I$_$2,6,1.455527808096436,0.7928007245063782,0.6691110180142518,Positive,Neutral
6uPGcKTpC4I$_$2,7,1.3313296884992758,0.7771456241607666,0.7089359214627927,Positive,Neutral
6uPGcKTpC4I$_$6,0,1.089895473409628,0.16583210229873657,0.4721710527798015,Positive,Neutral
6uPGcKTpC4I$_$6,1,0.8817210504759785,0.5285079479217529,0.6453780719553082,Positive,Neutral
6uPGcKTpC4I$_$6,2,1.6351180553258486,0.9147229194641113,0.7105878303859123,Positive,Neutral
6uPGcKTpC4I$_$6,3,1.201791824423427,0.6694402694702148,0.7077678293798255,Positive,Neutral
6uPGcKTpC4I$_$6,4,1.507113939369995,0.7485291957855225,0.7129117427557801,Positive,Neutral
6uPGcKTpC4I$_$6,5,1.002229537011338,0.5541622042655945,0.6672973273252033,Positive,Neutral
6uPGcKTpC4I$_$6,6,1.3812447657237403,0.7048947811126709,0.6793219252367493,Positive,Neutral
6uPGcKTpC4I$_$6,7,0.9193445480610729,0.5550103187561035,0.6449350821944264,Positive,Neutral
70280$_$11,0,-0.2463803078319281,0.16583210229873657,0.3690606567840039,Negative,Positive
70280$_$11,1,2.928934538041241,-1.8998560905456543,0.8953305618398102,Negative,Positive
70280$_$11,2,-1.2021712034016012,0.3103421628475189,0.15026365492464444,Negative,Positive
70280$_$11,3,2.3435389911198223,-0.9057823419570923,0.8488460490702713,Negative,Positive
70280$_$11,4,0.5092720143247718,-0.08119505643844604,0.4502918568252851,Negative,Positive
70280$_$11,5,3.061582609169003,-1.7315468788146973,0.9203777132289577,Negative,Positive
70280$_$11,6,-0.2792164679589375,0.13297221064567566,0.2605497773174267,Negative,Positive
70280$_$11,7,2.7794938761058434,-1.2507421970367432,0.9042531834401288,Negative,Positive
70280$_$3,0,-0.2463803078319281,0.16583210229873657,0.3690606567840039,Negative,Positive
70280$_$3,1,2.9964865052590572,-1.7234985828399658,0.8949859549820063,Negative,Positive
70280$_$3,2,-1.1269616581288304,0.30410629510879517,0.16022376755056353,Negative,Positive
70280$_$3,3,2.0694794265206253,-0.6431189775466919,0.779230755143358,Negative,Positive
70280$_$3,4,0.6609886954184093,-0.1723966747522354,0.49906005304501666,Negative,Positive
70280$_$3,5,2.9883671431282437,-1.510841727256775,0.9110228095910405,Negative,Positive
70280$_$3,6,-0.1907161270157376,0.12645167112350464,0.2832778409710166,Negative,Positive
70280$_$3,7,2.5667889169252076,-0.979412317276001,0.8736384653038045,Negative,Positive
70280$_$4,0,-1.089895473409628,0.16583210229873657,0.15876829043619456,Neutral,Positive
70280$_$4,1,-0.5282140954140815,0.42864543199539185,0.3297938882373351,Neutral,Positive
70280$_$4,2,-0.31004682545806084,0.38258981704711914,0.3554614244641511,Neutral,Positive
70280$_$4,3,-0.21296625931708013,0.32462286949157715,0.3932279336509344,Neutral,Positive
70280$_$4,4,-0.17492788703072049,-0.16910222172737122,0.23462756884260652,Neutral,Positive
70280$_$4,5,0.2477257072822847,0.2371867299079895,0.48164399542244657,Neutral,Positive
70280$_$4,6,-0.060288917092745864,0.1261422038078308,0.33195448475688466,Neutral,Positive
70280$_$4,7,0.3350004085784897,0.23597824573516846,0.4927827568011785,Neutral,Positive
70280$_$6,0,-0.2463803078319281,0.16583210229873657,0.3690606567840039,Negative,Positive
70280$_$6,1,2.374430585085825,-1.3985538482666016,0.8499522438589746,Negative,Positive
70280$_$6,2,-1.3463269152694393,0.3900931477546692,0.14125236176461484,Negative,Positive
70280$_$6,3,0.9557310009518587,-0.07245954871177673,0.6100273226059973,Negative,Positive
70280$_$6,4,0.7137143213153248,-0.230636864900589,0.540000151837331,Negative,Positive
70280$_$6,5,2.6464421807490837,-1.427764654159546,0.8972134406832967,Negative,Positive
70280$_$6,6,-0.2691945983159748,0.1509608030319214,0.2887259116365428,Negative,Positive
70280$_$6,7,2.063010199209198,-0.7431935667991638,0.8364456859616305,Negative,Positive
75RGHaxmUK8$_$3,0,1.089895473409628,0.16583210229873657,0.4721710527798015,Positive,Neutral
75RGHaxmUK8$_$3,1,1.7824482994762647,0.9968082904815674,0.8020790043378131,Positive,Neutral
75RGHaxmUK8$_$3,2,0.13281372207339348,0.2589515447616577,0.43349685342457656,Positive,Neutral
75RGHaxmUK8$_$3,3,1.2440402833189281,0.6514078974723816,0.7160113485567027,Positive,Neutral
75RGHaxmUK8$_$3,4,0.5219043414067994,0.28570300340652466,0.44897104595385645,Positive,Neutral
75RGHaxmUK8$_$3,5,1.5279812944622888,0.8163120746612549,0.761186203155369,Positive,Neutral
75RGHaxmUK8$_$3,6,0.08273467569476445,0.2181018888950348,0.39561956365936984,Positive,Neutral
75RGHaxmUK8$_$3,7,0.7545173050521274,0.5199345350265503,0.6084321872052508,Positive,Neutral
75RGHaxmUK8$_$5,0,-1.089895473409628,0.16583210229873657,0.15876829043619456,Neutral,Positive
75RGHaxmUK8$_$5,1,0.6706155230474756,0.17747417092323303,0.5590997882756293,Neutral,Positive
75RGHaxmUK8$_$5,2,0.3694749343228231,0.16727757453918457,0.49249407451614924,Neutral,Positive
75RGHaxmUK8$_$5,3,0.6762786469213101,0.14862090349197388,0.5590845518263718,Neutral,Positive
75RGHaxmUK8$_$5,4,-0.24445897219828128,-0.014423578977584839,0.2714021985027381,Neutral,Positive
75RGHaxmUK8$_$5,5,0.8653029074008078,0.11923301219940186,0.5709473547878084,Neutral,Positive
75RGHaxmUK8$_$5,6,0.3700462745076424,0.08193919062614441,0.4371192191992531,Neutral,Positive
75RGHaxmUK8$_$5,7,0.8753926751784137,0.1285853534936905,0.5693234888899807,Neutral,Positive
7_K3F-lAv1k$_$2,0,1.089895473409628,0.16583210229873657,0.4721710527798015,Positive,Neutral
7_K3F-lAv1k$_$2,1,1.5189023777166024,0.7687350511550903,0.7484030040869497,Positive,Neutral
7_K3F-lAv1k$_$2,2,0.16199661799743104,0.23743367195129395,0.43016174898313136,Positive,Neutral
7_K3F-lAv1k$_$2,3,0.5930116081975079,0.4130140542984009,0.5577371793816185,Positive,Neutral
7_K3F-lAv1k$_$2,4,0.5391522504698504,0.2610599100589752,0.43611817661461605,Positive,Neutral
7_K3F-lAv1k$_$2,5,1.049191505298038,0.5521326065063477,0.6528893325287033,Positive,Neutral
7_K3F-lAv1k$_$2,6,0.34375289427424416,0.263645738363266,0.4204337065721371,Positive,Neutral
7_K3F-lAv1k$_$2,7,0.4483246714380461,0.4160767197608948,0.5089967832535517,Positive,Neutral
7r4vRxKLFCA$_$6,0,1.089895473409628,0.16583210229873657,0.4721710527798015,Positive,Neutral
7r4vRxKLFCA$_$6,1,2.0328118960734654,1.1580573320388794,0.8277739137020845,Positive,Neutral
7r4vRxKLFCA$_$6,2,1.6175270731245615,0.8866609334945679,0.7213071075755954,Positive,Neutral
7r4vRxKLFCA$_$6,3,2.0541910950990316,1.1242344379425049,0.832303649898603,Positive,Neutral
7r4vRxKLFCA$_$6,4,0.5808837059847312,0.24636930227279663,0.41861320732285645,Positive,Neutral
7r4vRxKLFCA$_$6,5,1.813541790363938,0.9353618621826172,0.7871391832869425,Positive,Neutral
7r4vRxKLFCA$_$6,6,0.8963820513803006,0.41962748765945435,0.508635631930833,Positive,Neutral
7r4vRxKLFCA$_$6,7,1.6793642164733467,0.9195489883422852,0.7691585843034866,Positive,Neutral
80566$_$1,0,-1.089895473409628,0.16583210229873657,0.15876829043619456,Neutral,Positive
80566$_$1,1,-1.4118700687745624,0.8210870623588562,0.17994572702640144,Neutral,Positive
80566$_$1,2,0.17446704158402782,0.196356862783432,0.405247918553948,Neutral,Positive
80566$_$1,3,-0.4217837553211702,0.42773109674453735,0.34773756731226685,Neutral,Positive
80566$_$1,4,-0.28623774112152867,0.12372562289237976,0.2868584754723433,Neutral,Positive
80566$_$1,5,-0.5050807543599749,0.4758859872817993,0.3260489450036885,Neutral,Positive
80566$_$1,6,0.17633896486590372,0.09342615306377411,0.38020469236291077,Neutral,Positive
80566$_$1,7,0.23664620544885429,0.2793126702308655,0.4655677191456929,Neutral,Positive
80566$_$0,0,-1.089895473409628,0.16583210229873657,0.15876829043619456,Neutral,Positive
80566$_$0,1,-0.05521275243394341,0.2998450994491577,0.4144415186118015,Neutral,Positive
80566$_$0,2,0.14667741996294315,0.15577450394630432,0.41349344417994455,Neutral,Positive
80566$_$0,3,0.3544999832152228,0.18679606914520264,0.48894111040638366,Neutral,Positive
80566$_$0,4,-0.09234368340114685,-0.15103106200695038,0.24784556797496,Neutral,Positive
80566$_$0,5,0.7344840144262592,0.09025067090988159,0.5300519638134675,Neutral,Positive
80566$_$0,6,0.19308982810351383,0.016793295741081238,0.35864237095981744,Neutral,Positive
80566$_$0,7,0.753627379563408,0.108075812458992,0.5279852188649037,Neutral,Positive
80566$_$3,0,-1.089895473409628,0.16583210229873657,0.15876829043619456,Neutral,Positive
80566$_$3,1,-0.22146540193155384,0.33042111992836,0.3902853464894912,Neutral,Positive
80566$_$3,2,0.07598327187458342,0.24206116795539856,0.42318620888984537,Neutral,Positive
80566$_$3,3,0.10369474946513058,0.23830771446228027,0.4537911252137692,Neutral,Positive
80566$_$3,4,-0.5585771166545981,0.030500859022140503,0.19818536836171577,Neutral,Positive
80566$_$3,5,0.33639476540222746,0.2178305983543396,0.48396226680377524,Neutral,Positive
80566$_$3,6,-0.024278989210125168,0.12606990337371826,0.3420424842276854,Neutral,Positive
80566$_$3,7,0.5032881410360114,0.18931299448013306,0.5123740197451564,Neutral,Positive
80566$_$2,0,-1.089895473409628,0.16583210229873657,0.15876829043619456,Neutral,Positive
80566$_$2,1,-0.6712264499960611,0.4409862756729126,0.30232221638168594,Neutral,Positive
80566$_$2,2,-0.43298820785358727,0.4397318363189697,0.3293667975138523,Neutral,Positive
80566$_$2,3,-0.26499482413644215,0.34535494446754456,0.38067374644357654,Neutral,Positive
80566$_$2,4,-0.29735978832535603,-0.34442830085754395,0.16830676941488873,Neutral,Positive
80566$_$2,5,0.3919554374474219,0.1696818470954895,0.48983295505780683,Neutral,Positive
80566$_$2,6,-0.002407224102984218,0.08312559127807617,0.3363817496064191,Neutral,Positive
80566$_$2,7,0.4799110420879771,0.18130218982696533,0.5057959992689103,Neutral,Positive
80566$_$4,0,0.2463803078319281,0.16583210229873657,0.4721710527798015,Positive,Negative
80566$_$4,1,2.0342486143518417,1.4831466674804688,0.8100094655219292,Positive,Negative
80566$_$4,2,0.6785348260014009,0.30886614322662354,0.40769608283192654,Positive,Negative
80566$_$4,3,2.341055834511377,1.4499469995498657,0.8375954599143235,Positive,Negative
80566$_$4,4,-0.4873122050099795,0.007910415530204773,0.27960721967058866,Positive,Negative
80566$_$4,5,1.5599382874426915,1.1199874877929688,0.7535952760859249,Positive,Negative
80566$_$4,6,-0.13677476214007744,0.09178099036216736,0.29214254909471726,Positive,Negative
80566$_$4,7,1.630599354371905,1.0174142122268677,0.7355938846816225,Positive,Negative
80566$_$6,0,0.8435151655776999,0.16583210229873657,0.3690606567840039,Negative,Neutral
80566$_$6,1,0.20390525665756853,-0.37882524728775024,0.47769657671626703,Negative,Neutral
80566$_$6,2,-0.4828310747668525,0.24975010752677917,0.23385498052466008,Negative,Neutral
80566$_$6,3,-0.15053172426318917,-0.08399780839681625,0.38584081661032527,Negative,Neutral
80566$_$6,4,1.2164443855227514,0.5781644582748413,0.33664764542534653,Negative,Neutral
80566$_$6,5,2.203171583430283,-0.6594094634056091,0.7962323401869239,Negative,Neutral
80566$_$6,6,0.4309884234974777,0.3266765773296356,0.3103822861833429,Negative,Neutral
80566$_$6,7,1.3400792096767935,-0.3018016815185547,0.6754204454885991,Negative,Neutral
80855$_$11,0,-1.089895473409628,0.16583210229873657,0.15876829043619456,Neutral,Positive
80855$_$11,1,0.5467694023212281,0.12937501072883606,0.5473914853968024,Neutral,Positive
80855$_$11,2,-0.5143586534105715,0.4490928649902344,0.31194607401626545,Neutral,Positive
80855$_$11,3,0.39682520478829775,0.16333064436912537,0.515357506629947,Neutral,Positive
80855$_$11,4,-0.21347949813422984,-0.40356940031051636,0.16989643025842766,Neutral,Positive
80855$_$11,5,0.9725552335590528,0.1255134791135788,0.5901255925118206,Neutral,Positive
80855$_$11,6,0.017601550912003106,0.06002624332904816,0.31331802566704836,Neutral,Positive
80855$_$11,7,0.8944014866017409,0.13977591693401337,0.5801172971198588,Neutral,Positive
80855$_$10,0,-0.8435151655776999,0.16583210229873657,0.15876829043619456,Neutral,Negative
80855$_$10,1,1.4259332846345631,0.11599749326705933,0.6007059473571348,Neutral,Negative
80855$_$10,2,0.2252288943127192,0.36368680000305176,0.3096274955189771,Neutral,Negative
80855$_$10,3,1.3170120749529397,0.08376744389533997,0.5889063443900509,Neutral,Negative
80855$_$10,4,-0.9351902788745733,-0.22434477508068085,0.21098608766349394,Neutral,Negative
80855$_$10,5,1.1407739994841575,0.10698941349983215,0.601709071417237,Neutral,Negative
80855$_$10,6,-0.6534192284795015,-0.02273288369178772,0.24316680915700475,Neutral,Negative
80855$_$10,7,1.0027098608099543,0.07647253572940826,0.5804002209199074,Neutral,Negative
80855$_$12,0,-0.8435151655776999,0.16583210229873657,0.15876829043619456,Neutral,Negative
80855$_$12,1,1.1601438280947463,-0.00012920796871185303,0.638058787736831,Neutral,Negative
80855$_$12,2,0.6265329195422134,0.3641301691532135,0.3182629779930693,Neutral,Negative
80855$_$12,3,1.115032323161137,0.047376006841659546,0.586553700532423,Neutral,Negative
80855$_$12,4,-1.8204747728264596,-0.5221126079559326,0.11388251745371124,Neutral,Negative
80855$_$12,5,0.3218900286838565,-0.045917484909296036,0.4835506797936796,Neutral,Negative
80855$_$12,6,-0.024907784475838968,0.11522017419338226,0.32213348293988775,Neutral,Negative
80855$_$12,7,0.6221765246879931,0.0581357479095459,0.5201544094282274,Neutral,Negative
80855$_$15,0,1.089895473409628,0.16583210229873657,0.4721710527798015,Positive,Neutral
80855$_$15,1,1.9112539411086018,1.1414319276809692,0.802922408553085,Positive,Neutral
80855$_$15,2,0.10057846720654884,0.23908892273902893,0.430290963167993,Positive,Neutral
80855$_$15,3,1.3536415015732284,0.7359473705291748,0.7271751696201666,Positive,Neutral
80855$_$15,4,1.089895473409628,0.16583210229873657,0.4721710527798015,Positive,Neutral
80855$_$15,5,1.9112539411086018,1.1414319276809692,0.802922408553085,Positive,Neutral
80855$_$15,6,0.10057846720654884,0.23908892273902893,0.430290963167993,Positive,Neutral
80855$_$15,7,1.3536415015732284,0.7359473705291748,0.7271751696201666,Positive,Neutral
80855$_$17,0,-0.2463803078319281,0.16583210229873657,0.3690606567840039,Negative,Positive
80855$_$17,1,3.037918460614649,-1.8413926362991333,0.9127123098406533,Negative,Positive
80855$_$17,2,0.13029656369802534,-0.039133958518505096,0.36285896569833026,Negative,Positive
80855$_$17,3,2.8774958291977715,-1.5112794637680054,0.9070857242811153,Negative,Positive
80855$_$17,4,-0.15569421462800692,0.18356293439865112,0.325432566532472,Negative,Positive
80855$_$17,5,3.0589609865494114,-1.6898338794708252,0.9214169519202727,Negative,Positive
80855$_$17,6,0.1519447877565897,0.025645777583122253,0.36883300918163486,Negative,Positive
80855$_$17,7,2.9722935792227423,-1.4932554960250854,0.9185941897513721,Negative,Positive
80855$_$0,0,-1.089895473409628,0.16583210229873657,0.15876829043619456,Neutral,Positive
80855$_$0,1,0.5686877880844983,0.20684689283370972,0.5523699089415326,Neutral,Positive
80855$_$0,2,-0.3807417135873046,0.3187643885612488,0.33609159302904873,Neutral,Positive
80855$_$0,3,0.3658728229638306,0.22006669640541077,0.5104654490776142,Neutral,Positive
80855$_$0,4,-0.016971920740562085,-0.3328598141670227,0.20524050935266075,Neutral,Positive
80855$_$0,5,1.1123904163992993,0.14486747980117798,0.6160407799255745,Neutral,Positive
80855$_$0,6,0.202686271596772,0.07518425583839417,0.3714661429229813,Neutral,Positive
80855$_$0,7,0.9924111471216535,0.14966005086898804,0.6009737647991217,Neutral,Positive
80855$_$3,0,-1.089895473409628,0.16583210229873657,0.15876829043619456,Neutral,Positive
80855$_$3,1,-0.7937137182317962,0.6474822163581848,0.2795803245072033,Neutral,Positive
80855$_$3,2,-0.175491613277871,0.3935595154762268,0.38704925144898067,Neutral,Positive
80855$_$3,3,-0.5296831800375514,0.5044540166854858,0.3325447170011107,Neutral,Positive
80855$_$3,4,-1.042642819089825,0.032678186893463135,0.12040728815278141,Neutral,Positive
80855$_$3,5,-0.2742331465689185,0.46924829483032227,0.36010575456231203,Neutral,Positive
80855$_$3,6,-0.1745083689380852,0.2152116298675537,0.3218605714960593,Neutral,Positive
80855$_$3,7,0.2525161383648008,0.3072125315666199,0.48037133181069347,Neutral,Positive
80855$_$2,0,-0.8435151655776999,0.16583210229873657,0.15876829043619456,Neutral,Negative
80855$_$2,1,0.9908057636735973,0.1043488085269928,0.5523570040896175,Neutral,Negative
80855$_$2,2,0.5477933152621786,0.11951503157615662,0.4072398486301059,Neutral,Negative
80855$_$2,3,1.011099505298167,0.1084686666727066,0.5552553173832997,Neutral,Negative
80855$_$2,4,-1.5704924701688612,-0.30633825063705444,0.1270924231259864,Neutral,Negative
80855$_$2,5,-0.47797780149949176,-0.2019015997648239,0.3095232789335153,Neutral,Negative
80855$_$2,6,-0.503867920371409,-0.054365258663892746,0.2625562713655741,Neutral,Negative
80855$_$2,7,0.27289853339826364,0.010126806795597076,0.4531084029603995,Neutral,Negative
80855$_$7,0,0.8435151655776999,0.16583210229873657,0.3690606567840039,Negative,Neutral
80855$_$7,1,-0.5149742258855213,-0.11153779923915863,0.31303321632906095,Negative,Neutral
80855$_$7,2,-0.2712698434771288,0.4834595322608948,0.19619810748683297,Negative,Neutral
80855$_$7,3,-0.563349355767183,0.06028291583061218,0.28144469280761164,Negative,Neutral
80855$_$7,4,2.279381904736043,-0.805991530418396,0.7709640434047188,Negative,Neutral
80855$_$7,5,1.601107648798982,-0.7547719478607178,0.7511133468625071,Negative,Neutral
80855$_$7,6,0.7596285448623356,0.04793384671211243,0.4469398150120869,Negative,Neutral
80855$_$7,7,0.7885807723161787,-0.2064455896615982,0.5768166962017097,Negative,Neutral
80855$_$20,0,1.089895473409628,0.16583210229873657,0.4721710527798015,Positive,Neutral
80855$_$20,1,1.6675880271134282,0.9020015001296997,0.7703837641777919,Positive,Neutral
80855$_$20,2,0.16130185311773637,0.04724034667015076,0.34948027745912785,Positive,Neutral
80855$_$20,3,0.6077302250688071,0.450687050819397,0.556446221255054,Positive,Neutral
80855$_$20,4,0.5324636313541096,-0.18792417645454407,0.26218344764218315,Positive,Neutral
80855$_$20,5,0.684084026709453,0.3788002133369446,0.4988163345214174,Positive,Neutral
80855$_$20,6,0.2580870669396278,-0.12639141082763672,0.27039915387022434,Positive,Neutral
80855$_$20,7,0.04403888671440215,0.21960455179214478,0.3513221989932863,Positive,Neutral
830KzUc6CbU$_$0,0,-1.089895473409628,0.16583210229873657,0.15876829043619456,Neutral,Positive
830KzUc6CbU$_$0,1,-1.1294639159187256,0.6399188041687012,0.22372239435849992,Neutral,Positive
830KzUc6CbU$_$0,2,0.41137257519810977,0.07180586457252502,0.48830380952778935,Neutral,Positive
830KzUc6CbU$_$0,3,-0.1913519852117045,0.27269601821899414,0.3992209939067643,Neutral,Positive
830KzUc6CbU$_$0,4,-0.4593943027732321,0.1763269305229187,0.23211809340477893,Neutral,Positive
830KzUc6CbU$_$0,5,-0.2856520471644026,0.38759440183639526,0.37119110135805905,Neutral,Positive
830KzUc6CbU$_$0,6,0.19637198465402506,0.11283524334430695,0.3832224506790703,Neutral,Positive
830KzUc6CbU$_$0,7,0.3451950898612639,0.2298339605331421,0.4896146730073423,Neutral,Positive
830KzUc6CbU$_$13,0,-0.8435151655776999,0.16583210229873657,0.15876829043619456,Neutral,Negative
830KzUc6CbU$_$13,1,0.4358130181941289,0.03404270112514496,0.47370038849590057,Neutral,Negative
830KzUc6CbU$_$13,2,0.6912501905704922,0.2657049298286438,0.3453348257285547,Neutral,Negative
830KzUc6CbU$_$13,3,0.6615886813232839,0.09865491092205048,0.49154787473255274,Neutral,Negative
830KzUc6CbU$_$13,4,-0.27583476695280895,0.19535011053085327,0.27614308751579875,Neutral,Negative
830KzUc6CbU$_$13,5,0.09988606095741592,0.08427669107913971,0.388473740172987,Neutral,Negative
830KzUc6CbU$_$13,6,0.3073797404415872,0.24489691853523254,0.3483273265667336,Neutral,Negative
830KzUc6CbU$_$13,7,0.29020061457176416,0.12509575486183167,0.4166395001327891,Neutral,Negative
84140$_$0,0,1.089895473409628,0.16583210229873657,0.4721710527798015,Positive,Neutral
84140$_$0,1,1.4804737401325414,0.7286902666091919,0.698913099061221,Positive,Neutral
84140$_$0,2,0.9922721776195512,0.5866896510124207,0.5734920712333081,Positive,Neutral
84140$_$0,3,0.9043471709338063,0.5943143367767334,0.6024223303767642,Positive,Neutral
84140$_$0,4,0.8664100210002652,0.43358075618743896,0.5757362063517164,Positive,Neutral
84140$_$0,5,0.8686880221523101,0.4222068786621094,0.5712680591408147,Positive,Neutral
84140$_$0,6,0.6530644804191211,0.37018412351608276,0.504561160425329,Positive,Neutral
84140$_$0,7,0.4289295188355502,0.3551027774810791,0.45596605900644493,Positive,Neutral
84140$_$5,0,-0.2463803078319281,0.16583210229873657,0.3690606567840039,Negative,Positive
84140$_$5,1,3.0115556906523313,-1.7244482040405273,0.9014583855851701,Negative,Positive
84140$_$5,2,-1.375096563944403,0.9141299724578857,0.17556118906155796,Negative,Positive
84140$_$5,3,2.703365120568733,-1.2392010688781738,0.8920438060496847,Negative,Positive
84140$_$5,4,-1.3452110223875355,0.5552037954330444,0.15928210646026553,Negative,Positive
84140$_$5,5,2.6322913401025407,-1.1462926864624023,0.8898371274824675,Negative,Positive
84140$_$5,6,-1.1067785700152246,0.6521552801132202,0.20369546196648078,Negative,Positive
84140$_$5,7,2.624687536643312,-1.0694446563720703,0.8955046374988843,Negative,Positive
89835$_$1,0,1.089895473409628,0.16583210229873657,0.4721710527798015,Positive,Neutral
89835$_$1,1,0.3824928587121621,0.39687979221343994,0.5245829149110627,Positive,Neutral
89835$_$1,2,0.009150621777114565,0.26028144359588623,0.4068514407870978,Positive,Neutral
89835$_$1,3,-0.08306049404206417,0.24089935421943665,0.41518578502974024,Positive,Neutral
89835$_$1,4,1.9253433757371028,0.6654262542724609,0.6684411454666265,Positive,Neutral
89835$_$1,5,0.7754984676990655,0.5137810707092285,0.6028465480741667,Positive,Neutral
89835$_$1,6,0.9293179514981256,0.4323968291282654,0.5519103159475017,Positive,Neutral
89835$_$1,7,0.025211736254580175,0.3088359832763672,0.42911698027029105,Positive,Neutral
89835$_$0,0,-1.089895473409628,0.16583210229873657,0.15876829043619456,Neutral,Positive
89835$_$0,1,-0.6782539509676645,0.5174574851989746,0.30240978689186254,Neutral,Positive
89835$_$0,2,0.3233273343763371,0.12186992168426514,0.4240628087536127,Neutral,Positive
89835$_$0,3,0.12317221755866725,0.26667752861976624,0.4622563470632769,Neutral,Positive
89835$_$0,4,-0.7127742591484323,0.06653934717178345,0.183157780507216,Neutral,Positive
89835$_$0,5,-0.03233546928791886,0.3404231369495392,0.41632814056476347,Neutral,Positive
89835$_$0,6,-0.011754288564084447,0.053717732429504395,0.3043120905840749,Neutral,Positive
89835$_$0,7,0.500386782805678,0.22417119145393372,0.5126931110049148,Neutral,Positive
89835$_$4,0,0.8435151655776999,0.16583210229873657,0.3690606567840039,Negative,Neutral
89835$_$4,1,0.8674818029709378,-0.4459361433982849,0.6099675933689919,Negative,Neutral
89835$_$4,2,-0.4368580670146698,0.21819725632667542,0.2547912983984182,Negative,Neutral
89835$_$4,3,0.37719899589036054,-0.16282439231872559,0.494016847503253,Negative,Neutral
89835$_$4,4,1.3632981303573102,-0.0831979364156723,0.5618093615135514,Negative,Neutral
89835$_$4,5,1.8691823610989022,-0.49287617206573486,0.7617578564602293,Negative,Neutral
89835$_$4,6,0.5970775151348237,0.08083979785442352,0.4384492970674406,Negative,Neutral
89835$_$4,7,1.4915212463724135,-0.3066563606262207,0.7007794893465331,Negative,Neutral
89835$_$7,0,-0.2463803078319281,0.16583210229873657,0.3690606567840039,Negative,Positive
89835$_$7,1,2.9225673559616254,-1.9516066312789917,0.8996394966490755,Negative,Positive
89835$_$7,2,-0.4694695145001784,0.24264001846313477,0.2318779495360523,Negative,Positive
89835$_$7,3,3.010045665590497,-1.7858375310897827,0.9149648352523738,Negative,Positive
89835$_$7,4,-0.3631517643394413,0.38062989711761475,0.35320896495159065,Negative,Positive
89835$_$7,5,2.916546903874175,-1.74421226978302,0.9125423343436354,Negative,Positive
89835$_$7,6,-0.22043816473149658,0.2853240370750427,0.3426909278818562,Negative,Positive
89835$_$7,7,3.0863790642019526,-1.754715919494629,0.9273766704474172,Negative,Positive
8eaYvALnJ0o$_$1,0,1.089895473409628,0.16583210229873657,0.4721710527798015,Positive,Neutral
8eaYvALnJ0o$_$1,1,2.0294647560139283,1.2474685907363892,0.823599535335626,Positive,Neutral
8eaYvALnJ0o$_$1,2,0.7910236163520468,0.5253055095672607,0.5773267504723075,Positive,Neutral
8eaYvALnJ0o$_$1,3,1.9040874170796849,1.0682146549224854,0.8144434387163905,Positive,Neutral
8eaYvALnJ0o$_$1,4,1.65605696548998,0.5585488080978394,0.5797496423318325,Positive,Neutral
8eaYvALnJ0o$_$1,5,2.1027922758689788,1.1700600385665894,0.823379076623805,Positive,Neutral
8eaYvALnJ0o$_$1,6,0.9135244333050118,0.49758297204971313,0.5431786979353543,Positive,Neutral
8eaYvALnJ0o$_$1,7,1.7404039358589007,0.9861326217651367,0.7847522810613017,Positive,Neutral
8eaYvALnJ0o$_$0,0,1.089895473409628,0.16583210229873657,0.4721710527798015,Positive,Neutral
8eaYvALnJ0o$_$0,1,2.1977416597864314,1.4523320198059082,0.8325768497465444,Positive,Neutral
8eaYvALnJ0o$_$0,2,0.40127825918358273,0.3177892565727234,0.504747420440081,Positive,Neutral
8eaYvALnJ0o$_$0,3,2.1909647712301585,1.305358648300171,0.8465238057617821,Positive,Neutral
8eaYvALnJ0o$_$0,4,0.593139226352759,0.4573485255241394,0.5082293484788278,Positive,Neutral
8eaYvALnJ0o$_$0,5,2.253987457772964,1.3477725982666016,0.8342187494698952,Positive,Neutral
8eaYvALnJ0o$_$0,6,0.07886378140291606,0.29615360498428345,0.41481044838184733,Positive,Neutral
8eaYvALnJ0o$_$0,7,2.0715129437029893,1.2125449180603027,0.8293541094514995,Positive,Neutral
8x_nCOh6Wmc$_$6,0,1.089895473409628,0.16583210229873657,0.4721710527798015,Positive,Neutral
8x_nCOh6Wmc$_$6,1,2.1497715321518718,1.2869508266448975,0.8215847159293278,Positive,Neutral
8x_nCOh6Wmc$_$6,2,0.974399683403906,0.4818340539932251,0.5782828482844029,Positive,Neutral
8x_nCOh6Wmc$_$6,3,2.0155754013630025,1.143168568611145,0.8126577744568824,Positive,Neutral
8x_nCOh6Wmc$_$6,4,0.21216280466901538,0.399799108505249,0.47245168500203116,Positive,Neutral
8x_nCOh6Wmc$_$6,5,1.849326657193776,1.026440978050232,0.7897892683628419,Positive,Neutral
8x_nCOh6Wmc$_$6,6,0.369487004896936,0.40021705627441406,0.47957183286197697,Positive,Neutral
8x_nCOh6Wmc$_$6,7,1.6626147244293155,0.9607335329055786,0.7626187929517139,Positive,Neutral
96642$_$1,0,0.8435151655776999,0.16583210229873657,0.3690606567840039,Negative,Neutral
96642$_$1,1,2.45757704613247,-1.5807710886001587,0.8700135262092886,Negative,Neutral
96642$_$1,2,-0.18249470367644305,0.23853912949562073,0.28907829387534395,Negative,Neutral
96642$_$1,3,2.1958027631425705,-1.052926778793335,0.8375814866865762,Negative,Neutral
96642$_$1,4,0.9646617347797105,-0.10818091779947281,0.5236403678004329,Negative,Neutral
96642$_$1,5,2.715075819727412,-1.2623984813690186,0.8836281998285315,Negative,Neutral
96642$_$1,6,0.7992390945653365,-0.14062143862247467,0.5241259940764186,Negative,Neutral
96642$_$1,7,2.850846199217516,-1.210262656211853,0.8965880463438255,Negative,Neutral
96642$_$3,0,-1.089895473409628,0.16583210229873657,0.15876829043619456,Neutral,Positive
96642$_$3,1,-0.9482751363414602,0.6726301908493042,0.250748376664814,Neutral,Positive
96642$_$3,2,0.21840258329233042,0.20106908679008484,0.41396379733555977,Neutral,Positive
96642$_$3,3,-0.07759085977956559,0.35058268904685974,0.42330673020112836,Neutral,Positive
96642$_$3,4,-0.5127346076684536,0.03502368927001953,0.19655938803369125,Neutral,Positive
96642$_$3,5,-0.8365069779240959,0.6096173524856567,0.2704003095789628,Neutral,Positive
96642$_$3,6,0.19643653243816628,0.10229681432247162,0.3735911828694184,Neutral,Positive
96642$_$3,7,0.09135860004443574,0.31954845786094666,0.45668472315832537,Neutral,Positive
96642$_$2,0,-1.089895473409628,0.16583210229873657,0.15876829043619456,Neutral,Positive
96642$_$2,1,-0.18348784797420836,0.3327348232269287,0.4013713170728681,Neutral,Positive
96642$_$2,2,0.41390704400549905,0.1444740891456604,0.4448902520502701,Neutral,Positive
96642$_$2,3,0.4480663935482766,0.1991749107837677,0.5293151970120897,Neutral,Positive
96642$_$2,4,-0.7452584841659309,0.00018459558486938477,0.15488606466934063,Neutral,Positive
96642$_$2,5,0.33613239070750545,0.2257334291934967,0.49789980692867636,Neutral,Positive
96642$_$2,6,-0.09878604479763653,-0.11300212889909744,0.24769464893675805,Neutral,Positive
96642$_$2,7,0.8072844755178047,0.14626628160476685,0.5765680318826356,Neutral,Positive
96642$_$4,0,-0.2463803078319281,0.16583210229873657,0.3690606567840039,Negative,Positive
96642$_$4,1,2.9751542204628887,-1.903838038444519,0.9040648883266952,Negative,Positive
96642$_$4,2,-0.3590646531686714,0.31650763750076294,0.29549618192360755,Negative,Positive
96642$_$4,3,3.0297324821377116,-1.7433302402496338,0.9144128451408291,Negative,Positive
96642$_$4,4,-0.15141326348992767,0.1924123764038086,0.33224109890838127,Negative,Positive
96642$_$4,5,3.023707640874388,-1.656022310256958,0.9215989199387083,Negative,Positive
96642$_$4,6,0.2193274816639521,0.08597537875175476,0.39385165836403463,Negative,Positive
96642$_$4,7,3.1542382753305764,-1.7010570764541626,0.930846042206258,Negative,Positive
99501$_$10,0,0.2463803078319281,0.16583210229873657,0.4721710527798015,Positive,Negative
99501$_$10,1,1.3117778425277329,1.0098079442977905,0.7277836278070944,Positive,Negative
99501$_$10,2,1.266575368352155,0.2840845584869385,0.4991230463531228,Positive,Negative
99501$_$10,3,1.9525291556749091,0.9209878444671631,0.7552722407416534,Positive,Negative
99501$_$10,4,0.21527613899352427,0.13895484805107117,0.3393391574078521,Positive,Negative
99501$_$10,5,0.7061462349182576,0.5803200006484985,0.6021455064082009,Positive,Negative
99501$_$10,6,0.6136840473673146,0.18775764107704163,0.3595425734133855,Positive,Negative
99501$_$10,7,0.7842285077901971,0.5469098091125488,0.5520693433100037,Positive,Negative
99501$_$13,0,-0.2463803078319281,0.16583210229873657,0.3690606567840039,Negative,Positive
99501$_$13,1,2.961484464803383,-1.7491471767425537,0.9086424553715752,Negative,Positive
99501$_$13,2,-1.230041887399819,0.31553012132644653,0.15578465674049075,Negative,Positive
99501$_$13,3,2.8095044879898436,-1.3828786611557007,0.9072254749647165,Negative,Positive
99501$_$13,4,-0.36278453372699104,0.24294650554656982,0.2585491850293174,Negative,Positive
99501$_$13,5,2.8768976598574856,-1.3776733875274658,0.9165324113910687,Negative,Positive
99501$_$13,6,-0.5596351135045295,0.22792086005210876,0.22456595799287532,Negative,Positive
99501$_$13,7,2.892886158662567,-1.3244147300720215,0.9197163950564269,Negative,Positive
99501$_$1,0,-1.089895473409628,0.16583210229873657,0.15876829043619456,Neutral,Positive
99501$_$1,1,-1.016439585358482,0.5679678916931152,0.24300060106281815,Neutral,Positive
99501$_$1,2,-0.6484804712347166,0.39948439598083496,0.28805635213768904,Neutral,Positive
99501$_$1,3,-0.6427858722241165,0.39624184370040894,0.3098388652073624,Neutral,Positive
99501$_$1,4,0.2608316823386245,0.1224580705165863,0.4014767613610163,Neutral,Positive
99501$_$1,5,0.08140277519566386,0.27142906188964844,0.45239754001397436,Neutral,Positive
99501$_$1,6,0.10712006606314373,0.19085389375686646,0.39747014568419103,Neutral,Positive
99501$_$1,7,0.23384552980394424,0.24518436193466187,0.4766467927215282,Neutral,Positive
99501$_$0,0,-1.089895473409628,0.16583210229873657,0.15876829043619456,Neutral,Positive
99501$_$0,1,0.16617422763904421,0.26089680194854736,0.4725021355783995,Neutral,Positive
99501$_$0,2,-0.15342443812424633,0.27843308448791504,0.4070366927839165,Neutral,Positive
99501$_$0,3,0.12004906045439612,0.25762414932250977,0.47089406115093746,Neutral,Positive
99501$_$0,4,0.6025594744632441,-0.04547584056854248,0.42271533623321306,Neutral,Positive
99501$_$0,5,1.0533943817271374,0.13493618369102478,0.6192352172683897,Neutral,Positive
99501$_$0,6,0.691068576839978,0.10749483108520508,0.5486788093911853,Neutral,Positive
99501$_$0,7,0.8892072957146886,0.15596777200698853,0.6059493500143259,Neutral,Positive
99501$_$5,0,-0.2463803078319281,0.16583210229873657,0.3690606567840039,Negative,Positive
99501$_$5,1,2.8307965175933907,-1.5105206966400146,0.8883116986569999,Negative,Positive
99501$_$5,2,-1.4470104278541873,0.45008230209350586,0.1412724002718343,Negative,Positive
99501$_$5,3,1.6532883678475456,-0.4422791004180908,0.7208596723171442,Negative,Positive
99501$_$5,4,-0.12271563817363829,0.15345138311386108,0.27023840663738913,Negative,Positive
99501$_$5,5,2.3412398353433845,-0.8277134895324707,0.8456167422107029,Negative,Positive
99501$_$5,6,-0.5690274594574425,0.20634305477142334,0.21705461319606628,Negative,Positive
99501$_$5,7,1.902967119884855,-0.529136598110199,0.7862467660371569,Negative,Positive
99501$_$7,0,1.089895473409628,0.16583210229873657,0.4721710527798015,Positive,Neutral
99501$_$7,1,2.2013169534370616,1.4215574264526367,0.8359813756244695,Positive,Neutral
99501$_$7,2,0.2973299996112927,0.3066638112068176,0.48819414108528625,Positive,Neutral
99501$_$7,3,1.975895104451321,1.1307767629623413,0.8219157813871294,Positive,Neutral
99501$_$7,4,-0.3779142002554905,0.05849948525428772,0.2721095752592735,Positive,Neutral
99501$_$7,5,1.7277500010440086,0.9355368614196777,0.7716901281189372,Positive,Neutral
99501$_$7,6,-0.40343200157304504,0.14483565092086792,0.30705204725552665,Positive,Neutral
99501$_$7,7,1.2568672000101115,0.7411173582077026,0.6987859564181942,Positive,Neutral
9QI-9w_VdB4$_$0,0,1.089895473409628,0.16583210229873657,0.4721710527798015,Positive,Neutral
9QI-9w_VdB4$_$0,1,0.8021639796651621,0.5067828893661499,0.617841123964099,Positive,Neutral
9QI-9w_VdB4$_$0,2,1.6701837758458462,0.9461398124694824,0.7522076842917242,Positive,Neutral
9QI-9w_VdB4$_$0,3,0.9891344669018258,0.5907468795776367,0.6537375661270954,Positive,Neutral
9QI-9w_VdB4$_$0,4,0.8056737037865694,0.5567910671234131,0.5905930139102922,Positive,Neutral
9QI-9w_VdB4$_$0,5,0.5567753324358421,0.4645652770996094,0.5568494618021343,Positive,Neutral
9QI-9w_VdB4$_$0,6,0.9817585527935498,0.6373276710510254,0.6247832171883808,Positive,Neutral
9QI-9w_VdB4$_$0,7,0.5577794016049241,0.47675883769989014,0.5517881126805213,Positive,Neutral
AG5EY8ZaFj4$_$3,0,-1.089895473409628,0.16583210229873657,0.15876829043619456,Neutral,Positive
AG5EY8ZaFj4$_$3,1,-0.9122952653619077,0.6077518463134766,0.25953233447416757,Neutral,Positive
AG5EY8ZaFj4$_$3,2,-0.08214393238217932,0.28220048546791077,0.40831511593710207,Neutral,Positive
AG5EY8ZaFj4$_$3,3,-0.3095757898310435,0.3469506502151489,0.37496418346255384,Neutral,Positive
AG5EY8ZaFj4$_$3,4,-0.5444375141118715,0.23233509063720703,0.2734418403561055,Neutral,Positive
AG5EY8ZaFj4$_$3,5,-0.3562235149111598,0.4010277986526489,0.3578524473836822,Neutral,Positive
AG5EY8ZaFj4$_$3,6,-0.020708885194510196,0.22822916507720947,0.3976721708835782,Neutral,Positive
AG5EY8ZaFj4$_$3,7,0.08383335942700765,0.277224600315094,0.4436750900373503,Neutral,Positive
AG5EY8ZaFj4$_$15,0,-1.089895473409628,0.16583210229873657,0.15876829043619456,Neutral,Positive
AG5EY8ZaFj4$_$15,1,-0.9334498829255975,0.5293242335319519,0.25638497664988513,Neutral,Positive
AG5EY8ZaFj4$_$15,2,-0.4161641566656431,0.3206333518028259,0.3385530772787768,Neutral,Positive
AG5EY8ZaFj4$_$15,3,-0.4346188635528828,0.3365732431411743,0.3479908391254399,Neutral,Positive
AG5EY8ZaFj4$_$15,4,0.1754725478034873,0.18884658813476562,0.3864133626940766,Neutral,Positive
AG5EY8ZaFj4$_$15,5,-0.05982998351143742,0.29797178506851196,0.4125057312579794,Neutral,Positive
AG5EY8ZaFj4$_$15,6,0.020594329058185035,0.23468559980392456,0.39371541222013545,Neutral,Positive
AG5EY8ZaFj4$_$15,7,0.09244166377799945,0.26376909017562866,0.4391218802271092,Neutral,Positive
Arh2TKRi_mg$_$15,0,1.089895473409628,0.16583210229873657,0.4721710527798015,Positive,Neutral
Arh2TKRi_mg$_$15,1,2.1857284213469037,1.358163833618164,0.8420363057772552,Positive,Neutral
Arh2TKRi_mg$_$15,2,0.0706050124394878,0.27853459119796753,0.42820144800590443,Positive,Neutral
Arh2TKRi_mg$_$15,3,1.9628930679383783,1.0979597568511963,0.8257754405716382,Positive,Neutral
Arh2TKRi_mg$_$15,4,-0.006299175345981234,0.23876574635505676,0.38429322977079994,Positive,Neutral
Arh2TKRi_mg$_$15,5,1.871107800786432,0.9843498468399048,0.8092667865312139,Positive,Neutral
Arh2TKRi_mg$_$15,6,-0.156940615465455,0.20993757247924805,0.3627039078855561,Positive,Neutral
Arh2TKRi_mg$_$15,7,1.289131551926871,0.7366290092468262,0.7186232562206769,Positive,Neutral
Arh2TKRi_mg$_$14,0,1.089895473409628,0.16583210229873657,0.4721710527798015,Positive,Neutral
Arh2TKRi_mg$_$14,1,2.16515093277431,1.2800599336624146,0.8431067486138939,Positive,Neutral
Arh2TKRi_mg$_$14,2,0.5599405116060794,0.4585544466972351,0.5345487557916698,Positive,Neutral
Arh2TKRi_mg$_$14,3,1.8875488690112265,1.0514386892318726,0.8135445350136686,Positive,Neutral
Arh2TKRi_mg$_$14,4,0.5732417105028584,0.4153803586959839,0.5238212138097245,Positive,Neutral
Arh2TKRi_mg$_$14,5,1.9577400272136203,1.0315929651260376,0.8186957888808868,Positive,Neutral
Arh2TKRi_mg$_$14,6,0.34024826607040815,0.341713547706604,0.47485713977670885,Positive,Neutral
Arh2TKRi_mg$_$14,7,1.5105309203422124,0.8320708274841309,0.7545470179608552,Positive,Neutral
Arh2TKRi_mg$_$16,0,1.089895473409628,0.16583210229873657,0.4721710527798015,Positive,Neutral
Arh2TKRi_mg$_$16,1,0.5552947150321661,0.4032738208770752,0.553585057090427,Positive,Neutral
Arh2TKRi_mg$_$16,2,0.9647993460555828,0.5810155868530273,0.6243894298740201,Positive,Neutral
Arh2TKRi_mg$_$16,3,0.40135408120220173,0.36840561032295227,0.5114705708636582,Positive,Neutral
Arh2TKRi_mg$_$16,4,0.5526871447545094,0.4519795775413513,0.5329667439315675,Positive,Neutral
Arh2TKRi_mg$_$16,5,0.34463792976226537,0.36109042167663574,0.5051770954490576,Positive,Neutral
Arh2TKRi_mg$_$16,6,0.5509703535403433,0.43158280849456787,0.5290489492936526,Positive,Neutral
Arh2TKRi_mg$_$16,7,0.1991727478511126,0.34096306562423706,0.46103737322758254,Positive,Neutral
Arh2TKRi_mg$_$19,0,1.089895473409628,0.16583210229873657,0.4721710527798015,Positive,Neutral
Arh2TKRi_mg$_$19,1,1.6651300905081223,0.9324390888214111,0.7790048043054041,Positive,Neutral
Arh2TKRi_mg$_$19,2,0.8101053167980902,0.48544883728027344,0.6015233494742407,Positive,Neutral
Arh2TKRi_mg$_$19,3,1.197718753261203,0.6750326156616211,0.6991117548164469,Positive,Neutral
Arh2TKRi_mg$_$19,4,0.3762418357615498,0.31822091341018677,0.46876664831087933,Positive,Neutral
Arh2TKRi_mg$_$19,5,0.9749496736089256,0.5971857309341431,0.6456374311895049,Positive,Neutral
Arh2TKRi_mg$_$19,6,0.33246532938503404,0.336997926235199,0.47589403546275694,Positive,Neutral
Arh2TKRi_mg$_$19,7,0.6191368573392279,0.491618812084198,0.5665267162501579,Positive,Neutral
Arh2TKRi_mg$_$32,0,1.089895473409628,0.16583210229873657,0.4721710527798015,Positive,Neutral
Arh2TKRi_mg$_$32,1,2.1984784464866114,1.4544463157653809,0.8291682239809989,Positive,Neutral
Arh2TKRi_mg$_$32,2,0.5187177500543405,0.3271186053752899,0.47865092752808414,Positive,Neutral
Arh2TKRi_mg$_$32,3,2.2990261537821484,1.380655288696289,0.8520890843233452,Positive,Neutral
Arh2TKRi_mg$_$32,4,1.8768797955841965,0.9637959003448486,0.761407586631749,Positive,Neutral
Arh2TKRi_mg$_$32,5,2.3163214330034094,1.3669817447662354,0.8406693571103777,Positive,Neutral
Arh2TKRi_mg$_$32,6,1.2557455693074309,0.617866575717926,0.6371179690313077,Positive,Neutral
Arh2TKRi_mg$_$32,7,2.324938806789663,1.3480243682861328,0.8525131386103572,Positive,Neutral
Arh2TKRi_mg$_$28,0,-0.2463803078319281,0.16583210229873657,0.3690606567840039,Negative,Positive
Arh2TKRi_mg$_$28,1,2.9264934749600475,-1.5132701396942139,0.899315507780504,Negative,Positive
Arh2TKRi_mg$_$28,2,-1.0669345633625333,0.36915501952171326,0.17410405300752868,Negative,Positive
Arh2TKRi_mg$_$28,3,1.412277820209232,-0.2705812156200409,0.6615060859987679,Negative,Positive
Arh2TKRi_mg$_$28,4,-1.4811605831562007,0.5290672183036804,0.1453895438087662,Negative,Positive
Arh2TKRi_mg$_$28,5,2.5469807003766234,-1.0244053602218628,0.8814271428997537,Negative,Positive
Arh2TKRi_mg$_$28,6,-1.10362830756182,0.3528953492641449,0.1717124931011609,Negative,Positive
Arh2TKRi_mg$_$28,7,1.7205072181672814,-0.3905946910381317,0.7566386603550288,Negative,Positive
Arh2TKRi_mg$_$3,0,1.089895473409628,0.16583210229873657,0.4721710527798015,Positive,Neutral
Arh2TKRi_mg$_$3,1,1.0755731200274203,0.6659774780273438,0.6645856028000484,Positive,Neutral
Arh2TKRi_mg$_$3,2,0.41914072445786477,0.35745999217033386,0.5004620157575698,Positive,Neutral
Arh2TKRi_mg$_$3,3,0.6306722894408666,0.46990084648132324,0.5635167721362394,Positive,Neutral
Arh2TKRi_mg$_$3,4,0.8307197116759297,0.5223271250724792,0.5920660504188971,Positive,Neutral
Arh2TKRi_mg$_$3,5,0.8874698850288801,0.5581105947494507,0.6243509604150187,Positive,Neutral
Arh2TKRi_mg$_$3,6,0.4408611102736443,0.36580610275268555,0.4986146173670344,Positive,Neutral
Arh2TKRi_mg$_$3,7,0.5145909606389124,0.4465365409851074,0.5326523524105841,Positive,Neutral
AxNy9TeTLq8$_$0,0,1.089895473409628,0.16583210229873657,0.4721710527798015,Positive,Neutral
AxNy9TeTLq8$_$0,1,2.1900729553566802,1.3482189178466797,0.8361947885877121,Positive,Neutral
AxNy9TeTLq8$_$0,2,0.7086982824366759,0.40054142475128174,0.5794604672576926,Positive,Neutral
AxNy9TeTLq8$_$0,3,1.9993648829474375,1.1065196990966797,0.8255862244955107,Positive,Neutral
AxNy9TeTLq8$_$0,4,1.381773049054813,0.6731076240539551,0.6040263594096362,Positive,Neutral
AxNy9TeTLq8$_$0,5,2.276409149124494,1.2638776302337646,0.8324573762539268,Positive,Neutral
AxNy9TeTLq8$_$0,6,0.8232153561890948,0.516472339630127,0.5917659418974314,Positive,Neutral
AxNy9TeTLq8$_$0,7,2.017002253420675,1.1142185926437378,0.8212442004512142,Positive,Neutral
BSKAHXFYF_I$_$1,0,-1.089895473409628,0.16583210229873657,0.15876829043619456,Neutral,Positive
BSKAHXFYF_I$_$1,1,0.8517595483508285,0.13813088834285736,0.5783122632907233,Neutral,Positive
BSKAHXFYF_I$_$1,2,-0.23547677328968875,0.3286478519439697,0.37581705240199365,Neutral,Positive
BSKAHXFYF_I$_$1,3,0.6491559818333699,0.1520838737487793,0.5468400934264506,Neutral,Positive
BSKAHXFYF_I$_$1,4,-1.0273858286404742,0.3555733859539032,0.20203437742667135,Neutral,Positive
BSKAHXFYF_I$_$1,5,0.5265118633736509,0.20289850234985352,0.5053235791946223,Neutral,Positive
BSKAHXFYF_I$_$1,6,-0.2792509751178982,0.3004990518093109,0.3486389857282268,Neutral,Positive
BSKAHXFYF_I$_$1,7,0.56939938769707,0.1914733648300171,0.5154906658250077,Neutral,Positive
BSKAHXFYF_I$_$3,0,1.089895473409628,0.16583210229873657,0.4721710527798015,Positive,Neutral
BSKAHXFYF_I$_$3,1,0.36250964607830194,0.36664384603500366,0.5179508331605446,Positive,Neutral
BSKAHXFYF_I$_$3,2,1.2767118918476204,0.683197021484375,0.68921424471116,Positive,Neutral
BSKAHXFYF_I$_$3,3,0.4503388125133888,0.3639161288738251,0.534394810417434,Positive,Neutral
BSKAHXFYF_I$_$3,4,0.07481460533386253,-0.23572757840156555,0.220445583707535,Positive,Neutral
BSKAHXFYF_I$_$3,5,0.2578385430077358,0.34819746017456055,0.49188743740017576,Positive,Neutral
BSKAHXFYF_I$_$3,6,1.1758183992142228,0.6548359394073486,0.6662608783716157,Positive,Neutral
BSKAHXFYF_I$_$3,7,0.3830687944460325,0.356354683637619,0.5173046499598617,Positive,Neutral
BSKAHXFYF_I$_$7,0,-1.089895473409628,0.16583210229873657,0.15876829043619456,Neutral,Positive
BSKAHXFYF_I$_$7,1,0.438400054809318,0.1816009283065796,0.5166772998861875,Neutral,Positive
BSKAHXFYF_I$_$7,2,-0.6805187591204271,0.4716041088104248,0.2930370069995869,Neutral,Positive
BSKAHXFYF_I$_$7,3,0.21889247405393342,0.2063664197921753,0.4753554760427326,Neutral,Positive
BSKAHXFYF_I$_$7,4,-0.06818030297487221,-0.23946617543697357,0.2041496406933504,Neutral,Positive
BSKAHXFYF_I$_$7,5,0.6920642584476359,0.18329620361328125,0.5546147093710764,Neutral,Positive
BSKAHXFYF_I$_$7,6,-0.30568471014721355,0.3777678608894348,0.35237842320810825,Neutral,Positive
BSKAHXFYF_I$_$7,7,0.42978885901503616,0.19908365607261658,0.5097180026828716,Neutral,Positive
BSKAHXFYF_I$_$8,0,-1.089895473409628,0.16583210229873657,0.15876829043619456,Neutral,Positive
BSKAHXFYF_I$_$8,1,-0.3798263198598383,0.42252349853515625,0.35264921154331763,Neutral,Positive
BSKAHXFYF_I$_$8,2,-0.49625922039922055,0.4289911985397339,0.30971161899484473,Neutral,Positive
BSKAHXFYF_I$_$8,3,-0.1322619396795055,0.3367313742637634,0.39771031135866153,Neutral,Positive
BSKAHXFYF_I$_$8,4,0.16400113199216193,0.08073195815086365,0.36121187235733343,Neutral,Positive
BSKAHXFYF_I$_$8,5,0.3639944174035118,0.25477808713912964,0.46869384345019677,Neutral,Positive
BSKAHXFYF_I$_$8,6,0.08078786658054826,0.14300483465194702,0.36797834621622655,Neutral,Positive
BSKAHXFYF_I$_$8,7,0.38203990303833246,0.22930771112442017,0.46631781904415487,Neutral,Positive
Baz0VVQ-E9E$_$10,0,-0.2463803078319281,0.16583210229873657,0.3690606567840039,Negative,Positive
Baz0VVQ-E9E$_$10,1,2.8780630333543464,-1.7081365585327148,0.8983551347232359,Negative,Positive
Baz0VVQ-E9E$_$10,2,-1.951113119279654,0.8381040692329407,0.10328699398742452,Negative,Positive
Baz0VVQ-E9E$_$10,3,0.9640800600978923,-0.146707221865654,0.6092961603119915,Negative,Positive
Baz0VVQ-E9E$_$10,4,-0.022663762028494183,0.1689210832118988,0.33273968255945047,Negative,Positive
Baz0VVQ-E9E$_$10,5,2.853451774686484,-1.391439437866211,0.9047320761587502,Negative,Positive
Baz0VVQ-E9E$_$10,6,-0.8034920989367331,0.3412024676799774,0.2042196851991448,Negative,Positive
Baz0VVQ-E9E$_$10,7,2.046855666943554,-0.6813946962356567,0.8196385754030018,Negative,Positive
Baz0VVQ-E9E$_$1,0,-1.089895473409628,0.16583210229873657,0.15876829043619456,Neutral,Positive
Baz0VVQ-E9E$_$1,1,-0.17620371146752212,0.3652837574481964,0.38558553873552215,Neutral,Positive
Baz0VVQ-E9E$_$1,2,-0.4516492063358005,0.3749959468841553,0.33208998377978605,Neutral,Positive
Baz0VVQ-E9E$_$1,3,-0.11141604403795013,0.30575305223464966,0.3996822190404096,Neutral,Positive
Baz0VVQ-E9E$_$1,4,0.08073384754326773,0.12078961730003357,0.3717102407311249,Neutral,Positive
Baz0VVQ-E9E$_$1,5,0.3806638921972407,0.1959790587425232,0.4574776419485889,Neutral,Positive
Baz0VVQ-E9E$_$1,6,0.16693813046241035,0.19009357690811157,0.42621291828355123,Neutral,Positive
Baz0VVQ-E9E$_$1,7,0.3699183978230941,0.19823193550109863,0.4652669529073852,Neutral,Positive
Baz0VVQ-E9E$_$5,0,-0.2463803078319281,0.16583210229873657,0.3690606567840039,Negative,Positive
Baz0VVQ-E9E$_$5,1,2.0248428965194365,-0.8136156797409058,0.7974523748782854,Negative,Positive
Baz0VVQ-E9E$_$5,2,-0.8366353341876689,0.39271366596221924,0.21892294745330124,Negative,Positive
Baz0VVQ-E9E$_$5,3,0.8881791556078997,-0.05468210577964783,0.5498060923711775,Negative,Positive
Baz0VVQ-E9E$_$5,4,0.1499353494747867,0.07748100161552429,0.3743219981956065,Negative,Positive
Baz0VVQ-E9E$_$5,5,2.2778907140928393,-0.8028461337089539,0.8408492178495928,Negative,Positive
Baz0VVQ-E9E$_$5,6,0.07340347554546733,0.08620727062225342,0.3551138792789591,Negative,Positive
Baz0VVQ-E9E$_$5,7,1.6928793475192205,-0.40247249603271484,0.7370743293283915,Negative,Positive
Baz0VVQ-E9E$_$7,0,1.089895473409628,0.16583210229873657,0.4721710527798015,Positive,Neutral
Baz0VVQ-E9E$_$7,1,2.2410891636909698,1.430290699005127,0.8286231357222873,Positive,Neutral
Baz0VVQ-E9E$_$7,2,0.9103600113045227,0.5205464959144592,0.6184375434384234,Positive,Neutral
Baz0VVQ-E9E$_$7,3,2.185825062905014,1.2975480556488037,0.8395290879946862,Positive,Neutral
Baz0VVQ-E9E$_$7,4,0.07301640601043191,-0.060824792832136154,0.26815431077800006,Positive,Neutral
Baz0VVQ-E9E$_$7,5,1.9674766143615094,1.0464975833892822,0.7761487614919022,Positive,Neutral
Baz0VVQ-E9E$_$7,6,0.0239374619052104,0.17194828391075134,0.36263666452903975,Positive,Neutral
Baz0VVQ-E9E$_$7,7,1.604751961658645,0.9099715948104858,0.7391679206517916,Positive,Neutral
CJGuudyvA0Y$_$4,0,1.089895473409628,0.16583210229873657,0.4721710527798015,Positive,Neutral
CJGuudyvA0Y$_$4,1,1.770335971295676,0.9904824495315552,0.7672401244027757,Positive,Neutral
CJGuudyvA0Y$_$4,2,0.5359071417883468,0.36140748858451843,0.5274332439001685,Positive,Neutral
CJGuudyvA0Y$_$4,3,1.233951520291049,0.6989362239837646,0.6820341649910064,Positive,Neutral
CJGuudyvA0Y$_$4,4,-0.23937391677282704,0.04704767465591431,0.24847663988805535,Positive,Neutral
CJGuudyvA0Y$_$4,5,1.1383767603961896,0.6406048536300659,0.6196261470044668,Positive,Neutral
CJGuudyvA0Y$_$4,6,-0.06272906996711836,0.20908498764038086,0.36102474216179237,Positive,Neutral
CJGuudyvA0Y$_$4,7,0.7317674746421883,0.5035151839256287,0.5430312416406848,Positive,Neutral
CPjbogfLHR4$_$2,0,1.089895473409628,0.16583210229873657,0.4721710527798015,Positive,Neutral
CPjbogfLHR4$_$2,1,1.6217163247267314,0.9045077562332153,0.7569473131439965,Positive,Neutral
CPjbogfLHR4$_$2,2,0.9050458232703036,0.39958226680755615,0.5432693634700878,Positive,Neutral
CPjbogfLHR4$_$2,3,0.841727354790026,0.57096266746521,0.5959810044645963,Positive,Neutral
CPjbogfLHR4$_$2,4,1.1807784611595034,0.6935373544692993,0.6331243332901543,Positive,Neutral
CPjbogfLHR4$_$2,5,1.1507318086700098,0.6506565809249878,0.6536971958068721,Positive,Neutral
CPjbogfLHR4$_$2,6,0.7493404634421895,0.35867661237716675,0.511311679719131,Positive,Neutral
CPjbogfLHR4$_$2,7,0.43083948638602865,0.3712245225906372,0.4607588798702524,Positive,Neutral
CPjbogfLHR4$_$5,0,1.089895473409628,0.16583210229873657,0.4721710527798015,Positive,Neutral
CPjbogfLHR4$_$5,1,1.221946346857397,0.6881447434425354,0.7068152913419644,Positive,Neutral
CPjbogfLHR4$_$5,2,0.605942131297609,0.3956640958786011,0.549629499498786,Positive,Neutral
CPjbogfLHR4$_$5,3,0.7289533829817134,0.45740944147109985,0.6046057658563124,Positive,Neutral
CPjbogfLHR4$_$5,4,0.44498850674346613,0.28987041115760803,0.43891330686897895,Positive,Neutral
CPjbogfLHR4$_$5,5,0.7364337862544256,0.4967135190963745,0.6061196807926135,Positive,Neutral
CPjbogfLHR4$_$5,6,0.221857066039865,0.29458850622177124,0.43144535047544363,Positive,Neutral
CPjbogfLHR4$_$5,7,0.2563214161618723,0.3754405677318573,0.4910324302705195,Positive,Neutral
DdUJojoFU_c$_$11,0,1.089895473409628,0.16583210229873657,0.4721710527798015,Positive,Neutral
DdUJojoFU_c$_$11,1,1.8503208657767796,0.9154055118560791,0.8014103793274413,Positive,Neutral
DdUJojoFU_c$_$11,2,1.5491053846878264,0.8564105033874512,0.7072941381170378,Positive,Neutral
DdUJojoFU_c$_$11,3,1.5066304194745204,0.8337520360946655,0.7460302956635445,Positive,Neutral
DdUJojoFU_c$_$11,4,0.6492077164552633,0.45149368047714233,0.5598612896286909,Positive,Neutral
DdUJojoFU_c$_$11,5,1.2498461271232912,0.6414296627044678,0.6985874690929805,Positive,Neutral
DdUJojoFU_c$_$11,6,0.8777090686914975,0.5153188109397888,0.5880474393216849,Positive,Neutral
DdUJojoFU_c$_$11,7,0.8938610262577231,0.5701159834861755,0.6166696992572875,Positive,Neutral
DdUJojoFU_c$_$15,0,1.089895473409628,0.16583210229873657,0.4721710527798015,Positive,Neutral
DdUJojoFU_c$_$15,1,1.380170431912535,0.6874716281890869,0.740572694956999,Positive,Neutral
DdUJojoFU_c$_$15,2,1.2951280769496645,0.7360362410545349,0.700275361133229,Positive,Neutral
DdUJojoFU_c$_$15,3,1.199997377304052,0.6445749402046204,0.706978660564832,Positive,Neutral
DdUJojoFU_c$_$15,4,0.989375320539988,0.5540515184402466,0.6147104707958271,Positive,Neutral
DdUJojoFU_c$_$15,5,1.156689492774073,0.6240222454071045,0.6952102754188213,Positive,Neutral
DdUJojoFU_c$_$15,6,0.8768842258488923,0.5284894704818726,0.6103062228399871,Positive,Neutral
DdUJojoFU_c$_$15,7,0.7894071897284035,0.5139507055282593,0.6168606945674348,Positive,Neutral
DdUJojoFU_c$_$14,0,1.089895473409628,0.16583210229873657,0.4721710527798015,Positive,Neutral
DdUJojoFU_c$_$14,1,1.9386014364836224,1.1030110120773315,0.8172661021130524,Positive,Neutral
DdUJojoFU_c$_$14,2,1.542904410367258,0.8138492703437805,0.7105909997060242,Positive,Neutral
DdUJojoFU_c$_$14,3,1.9264195692962174,1.0715267658233643,0.8169700119493507,Positive,Neutral
DdUJojoFU_c$_$14,4,1.9728071531243458,1.127089262008667,0.7780733243168523,Positive,Neutral
DdUJojoFU_c$_$14,5,2.084939205693126,1.178528070449829,0.8280289152701792,Positive,Neutral
DdUJojoFU_c$_$14,6,1.7025816654095494,0.9364926815032959,0.7408155870744908,Positive,Neutral
DdUJojoFU_c$_$14,7,1.975354303333828,1.1137423515319824,0.8185323744006375,Positive,Neutral
DdUJojoFU_c$_$17,0,-1.089895473409628,0.16583210229873657,0.15876829043619456,Neutral,Positive
DdUJojoFU_c$_$17,1,1.1882980384781119,-0.2615341246128082,0.434721914217824,Neutral,Positive
DdUJojoFU_c$_$17,2,-1.0843144354483505,0.6602152585983276,0.22212960126011172,Neutral,Positive
DdUJojoFU_c$_$17,3,0.9213177467443844,0.06951451301574707,0.5319209949640256,Neutral,Positive
DdUJojoFU_c$_$17,4,-2.160236144247712,1.1881579160690308,0.09021759267395275,Neutral,Positive
DdUJojoFU_c$_$17,5,0.2672132301670539,0.036083608865737915,0.37197327066548136,Neutral,Positive
DdUJojoFU_c$_$17,6,-1.7651472698486863,0.9795514345169067,0.13182243367925614,Neutral,Positive
DdUJojoFU_c$_$17,7,0.3529368667364514,0.15603333711624146,0.42248239371796076,Neutral,Positive
DdUJojoFU_c$_$16,0,1.089895473409628,0.16583210229873657,0.4721710527798015,Positive,Neutral
DdUJojoFU_c$_$16,1,1.8903700545038846,1.0723869800567627,0.8108567161806652,Positive,Neutral
DdUJojoFU_c$_$16,2,1.8673013242447076,0.9921042919158936,0.7213878579808025,Positive,Neutral
DdUJojoFU_c$_$16,3,2.049687327651142,1.1458382606506348,0.832043614359344,Positive,Neutral
DdUJojoFU_c$_$16,4,2.095559547325517,1.2289319038391113,0.7928861697571824,Positive,Neutral
DdUJojoFU_c$_$16,5,2.1089709996333985,1.1899302005767822,0.8293461017972332,Positive,Neutral
DdUJojoFU_c$_$16,6,2.1010495109537617,1.2039302587509155,0.7841946237934762,Positive,Neutral
DdUJojoFU_c$_$16,7,2.170780722452284,1.2276153564453125,0.8410391019496494,Positive,Neutral
DdUJojoFU_c$_$2,0,1.089895473409628,0.16583210229873657,0.4721710527798015,Positive,Neutral
DdUJojoFU_c$_$2,1,0.0921652196957301,0.2984168529510498,0.4507457879932351,Positive,Neutral
DdUJojoFU_c$_$2,2,2.0023620171477763,1.0637755393981934,0.7363032285428471,Positive,Neutral
DdUJojoFU_c$_$2,3,1.0473215973049803,0.5856003761291504,0.6520496159996063,Positive,Neutral
DdUJojoFU_c$_$2,4,1.7871534707630112,1.0033671855926514,0.7491229236527706,Positive,Neutral
DdUJojoFU_c$_$2,5,1.0319784179798348,0.5585120320320129,0.6602689198095887,Positive,Neutral
DdUJojoFU_c$_$2,6,1.894172281721125,1.0337882041931152,0.7286308642938915,Positive,Neutral
DdUJojoFU_c$_$2,7,1.282377537102196,0.6983585953712463,0.6935123466388636,Positive,Neutral
DdUJojoFU_c$_$6,0,1.089895473409628,0.16583210229873657,0.4721710527798015,Positive,Neutral
DdUJojoFU_c$_$6,1,-0.23744109607598285,0.2394135594367981,0.37799841047164556,Positive,Neutral
DdUJojoFU_c$_$6,2,1.5384829436693916,0.8347679376602173,0.7079329901041929,Positive,Neutral
DdUJojoFU_c$_$6,3,0.3004404541931526,0.3450973629951477,0.49426805415318836,Positive,Neutral
DdUJojoFU_c$_$6,4,1.570932909748802,0.9206568002700806,0.7332521813613888,Positive,Neutral
DdUJojoFU_c$_$6,5,0.5366878445358949,0.43004560470581055,0.557857244243307,Positive,Neutral
DdUJojoFU_c$_$6,6,1.3959477251593106,0.7923774719238281,0.6900971014872167,Positive,Neutral
DdUJojoFU_c$_$6,7,0.5574180802339783,0.4451535940170288,0.5498463061653428,Positive,Neutral
DdUJojoFU_c$_$8,0,1.089895473409628,0.16583210229873657,0.4721710527798015,Positive,Neutral
DdUJojoFU_c$_$8,1,-0.290067224733466,0.175356924533844,0.372111111450285,Positive,Neutral
DdUJojoFU_c$_$8,2,1.8053246987929177,0.9334096908569336,0.7335281408904081,Positive,Neutral
DdUJojoFU_c$_$8,3,0.37616764043976836,0.3398839831352234,0.5173198779116527,Positive,Neutral
DdUJojoFU_c$_$8,4,1.462162894828282,0.8267585039138794,0.7144697679245625,Positive,Neutral
DdUJojoFU_c$_$8,5,0.3834321234724719,0.35790836811065674,0.5259050625152085,Positive,Neutral
DdUJojoFU_c$_$8,6,1.4804737014441123,0.7859979271888733,0.7022672094866128,Positive,Neutral
DdUJojoFU_c$_$8,7,0.48837376375649033,0.39775538444519043,0.5407776892752646,Positive,Neutral
DlbYiwOnTyk$_$1,0,-1.089895473409628,0.16583210229873657,0.15876829043619456,Neutral,Positive
DlbYiwOnTyk$_$1,1,0.5918266667963691,0.1319451630115509,0.5376764112292531,Neutral,Positive
DlbYiwOnTyk$_$1,2,0.16038390790948065,0.21463677287101746,0.4474014832477809,Neutral,Positive
DlbYiwOnTyk$_$1,3,0.6176001617918799,0.1313924938440323,0.5405354591144974,Neutral,Positive
DlbYiwOnTyk$_$1,4,-0.37015817162633735,-0.15425077080726624,0.1944397903934752,Neutral,Positive
DlbYiwOnTyk$_$1,5,0.7484101719676084,0.1272880584001541,0.532016662179664,Neutral,Positive
DlbYiwOnTyk$_$1,6,0.1653334926824075,0.11620038747787476,0.3849948329629285,Neutral,Positive
DlbYiwOnTyk$_$1,7,0.7428679419037245,0.13370899856090546,0.5322334561043249,Neutral,Positive
E8MuzHUhUHk$_$15,0,1.089895473409628,0.16583210229873657,0.4721710527798015,Positive,Neutral
E8MuzHUhUHk$_$15,1,2.117572082568434,1.3837651014328003,0.8317837841960215,Positive,Neutral
E8MuzHUhUHk$_$15,2,0.47286556493070087,0.37654244899749756,0.5188025964846252,Positive,Neutral
E8MuzHUhUHk$_$15,3,2.086115998860672,1.2235760688781738,0.8373824016485215,Positive,Neutral
E8MuzHUhUHk$_$15,4,2.0559830115050537,1.069847822189331,0.7626564921437022,Positive,Neutral
E8MuzHUhUHk$_$15,5,2.2600377161305563,1.3615498542785645,0.8419626032850306,Positive,Neutral
E8MuzHUhUHk$_$15,6,1.3431366534353228,0.7392354011535645,0.6895005730343542,Positive,Neutral
E8MuzHUhUHk$_$15,7,2.198240213105273,1.2810322046279907,0.8470647917456129,Positive,Neutral
E8MuzHUhUHk$_$14,0,1.089895473409628,0.16583210229873657,0.4721710527798015,Positive,Neutral
E8MuzHUhUHk$_$14,1,2.149119024959622,1.3185750246047974,0.8369466261057428,Positive,Neutral
E8MuzHUhUHk$_$14,2,0.6516496281003303,0.5251340866088867,0.580836854452646,Positive,Neutral
E8MuzHUhUHk$_$14,3,1.8230397290833298,1.0605354309082031,0.8073203764312284,Positive,Neutral
E8MuzHUhUHk$_$14,4,2.138321571430949,1.0180857181549072,0.7202414298875098,Positive,Neutral
E8MuzHUhUHk$_$14,5,2.2547316090314222,1.2745219469070435,0.8265874251150018,Positive,Neutral
E8MuzHUhUHk$_$14,6,1.3829599424664742,0.8058683276176453,0.694255010482899,Positive,Neutral
E8MuzHUhUHk$_$14,7,1.9272441564578613,1.1154497861862183,0.8076518579300153,Positive,Neutral
E8MuzHUhUHk$_$16,0,1.089895473409628,0.16583210229873657,0.4721710527798015,Positive,Neutral
E8MuzHUhUHk$_$16,1,2.1084956877091465,1.2915616035461426,0.8326426022992668,Positive,Neutral
E8MuzHUhUHk$_$16,2,0.6904153376459768,0.48347926139831543,0.5613446297642973,Positive,Neutral
E8MuzHUhUHk$_$16,3,2.038742187035345,1.1514015197753906,0.8333784651034473,Positive,Neutral
E8MuzHUhUHk$_$16,4,2.131518100120978,1.0072792768478394,0.7141497726928748,Positive,Neutral
E8MuzHUhUHk$_$16,5,2.286722388308941,1.3003785610198975,0.8363320137961365,Positive,Neutral
E8MuzHUhUHk$_$16,6,1.5444550045100724,0.8013737201690674,0.6797927422271394,Positive,Neutral
E8MuzHUhUHk$_$16,7,2.1532939032192866,1.2147327661514282,0.8367031930067198,Positive,Neutral
E8MuzHUhUHk$_$2,0,1.089895473409628,0.16583210229873657,0.4721710527798015,Positive,Neutral
E8MuzHUhUHk$_$2,1,1.5191311507587537,0.8226385116577148,0.7581933005056288,Positive,Neutral
E8MuzHUhUHk$_$2,2,0.6076809763074952,0.4317803382873535,0.5601921834982379,Positive,Neutral
E8MuzHUhUHk$_$2,3,0.9454882588469979,0.5472822189331055,0.6508822921113147,Positive,Neutral
E8MuzHUhUHk$_$2,4,0.6706505770474044,0.2831611931324005,0.4611991734691615,Positive,Neutral
E8MuzHUhUHk$_$2,5,0.9785720645025335,0.5651119947433472,0.6421791962334893,Positive,Neutral
E8MuzHUhUHk$_$2,6,0.3318199176196609,0.31844866275787354,0.46361067163793845,Positive,Neutral
E8MuzHUhUHk$_$2,7,0.504440728597071,0.4339359998703003,0.538762127552869,Positive,Neutral
E8MuzHUhUHk$_$9,0,1.089895473409628,0.16583210229873657,0.4721710527798015,Positive,Neutral
E8MuzHUhUHk$_$9,1,1.8985974020392284,0.8637363910675049,0.7403704481818956,Positive,Neutral
E8MuzHUhUHk$_$9,2,0.555743540237741,0.38154327869415283,0.5486001158530676,Positive,Neutral
E8MuzHUhUHk$_$9,3,0.9434038925982144,0.5599370002746582,0.6027022929366882,Positive,Neutral
E8MuzHUhUHk$_$9,4,-0.26816111955646305,0.10760606825351715,0.3044678441316812,Positive,Neutral
E8MuzHUhUHk$_$9,5,0.6317313838420227,0.3122884929180145,0.47171576511437663,Positive,Neutral
E8MuzHUhUHk$_$9,6,-0.14268658186892347,0.19183576107025146,0.3583328550360542,Positive,Neutral
E8MuzHUhUHk$_$9,7,0.33087166099347365,0.2899172306060791,0.4174817829376636,Positive,Neutral
EEjCkc82oyk$_$7,0,0.8435151655776999,0.16583210229873657,0.3690606567840039,Negative,Neutral
EEjCkc82oyk$_$7,1,-0.030919118002395996,-0.06624402105808258,0.4050277623574799,Negative,Neutral
EEjCkc82oyk$_$7,2,-0.8301174303993073,0.20138049125671387,0.18296293554760437,Negative,Neutral
EEjCkc82oyk$_$7,3,-0.47065107598200273,0.06771576404571533,0.2992196696495456,Negative,Neutral
EEjCkc82oyk$_$7,4,0.4048123477803065,0.17419040203094482,0.32979916733405734,Negative,Neutral
EEjCkc82oyk$_$7,5,0.8637119588741231,-0.18586570024490356,0.568041452419423,Negative,Neutral
EEjCkc82oyk$_$7,6,-0.40205360002592716,0.17157402634620667,0.2398276906636418,Negative,Neutral
EEjCkc82oyk$_$7,7,0.3705713967429213,-0.01870085299015045,0.46100080021317197,Negative,Neutral
EEjCkc82oyk$_$9,0,-0.2463803078319281,0.16583210229873657,0.3690606567840039,Negative,Positive
EEjCkc82oyk$_$9,1,1.5846463954981267,-0.4316489100456238,0.7581295950277608,Negative,Positive
EEjCkc82oyk$_$9,2,-1.173582765055099,0.2931075692176819,0.14549595483843594,Negative,Positive
EEjCkc82oyk$_$9,3,0.010184669410695513,0.19968020915985107,0.3245210685047665,Negative,Positive
EEjCkc82oyk$_$9,4,-0.4053676081330557,0.19891038537025452,0.28621896176532935,Negative,Positive
EEjCkc82oyk$_$9,5,1.5388775080195298,-0.3885192275047302,0.7505513062452024,Negative,Positive
EEjCkc82oyk$_$9,6,-0.8281603617901134,0.2541464567184448,0.17905542407190034,Negative,Positive
EEjCkc82oyk$_$9,7,0.526004495749614,0.06632605195045471,0.4588325104885327,Negative,Positive
EQxkXiWAm08$_$8,0,-1.089895473409628,0.16583210229873657,0.15876829043619456,Neutral,Positive
EQxkXiWAm08$_$8,1,1.0431850170315446,0.10276462137699127,0.6161160715609957,Neutral,Positive
EQxkXiWAm08$_$8,2,-0.5979656905536989,0.40261054039001465,0.28015243558535513,Neutral,Positive
EQxkXiWAm08$_$8,3,0.7851827504201385,0.11691521108150482,0.567498034904791,Neutral,Positive
EQxkXiWAm08$_$8,4,-1.184692053437859,0.41696465015411377,0.15912775024931147,Neutral,Positive
EQxkXiWAm08$_$8,5,0.5939872656509387,0.1859276294708252,0.514146123417741,Neutral,Positive
EQxkXiWAm08$_$8,6,-0.7635431506246813,0.33480098843574524,0.22701037637758728,Neutral,Positive
EQxkXiWAm08$_$8,7,0.5486178830482327,0.16934877634048462,0.4973920379349499,Neutral,Positive
ET1cU5_A2YM$_$1,0,-0.2463803078319281,0.16583210229873657,0.3690606567840039,Negative,Positive
ET1cU5_A2YM$_$1,1,2.6020930372275934,-1.3890589475631714,0.8889905627926192,Negative,Positive
ET1cU5_A2YM$_$1,2,-1.2720508858880004,0.32035166025161743,0.1521156758898589,Negative,Positive
ET1cU5_A2YM$_$1,3,1.539579365195873,-0.3690069913864136,0.7425844473001175,Negative,Positive
ET1cU5_A2YM$_$1,4,-0.46716208366221845,0.36078664660453796,0.3214579797246941,Negative,Positive
ET1cU5_A2YM$_$1,5,2.2196331856919125,-0.9416712522506714,0.8668054872770278,Negative,Positive
ET1cU5_A2YM$_$1,6,-0.8014325429507227,0.3367842435836792,0.22265481724255892,Negative,Positive
ET1cU5_A2YM$_$1,7,1.8193468557371033,-0.539426863193512,0.807814842971518,Negative,Positive
ET1cU5_A2YM$_$3,0,0.2463803078319281,0.16583210229873657,0.4721710527798015,Positive,Negative
ET1cU5_A2YM$_$3,1,0.7983519179000009,0.8333275318145752,0.6378319928571389,Positive,Negative
ET1cU5_A2YM$_$3,2,0.8600471614020118,0.22177085280418396,0.41623947293866725,Positive,Negative
ET1cU5_A2YM$_$3,3,1.2097575714150646,0.7979579567909241,0.665834377117173,Positive,Negative
ET1cU5_A2YM$_$3,4,0.29225464425944603,0.24682429432868958,0.4719229554978681,Positive,Negative
ET1cU5_A2YM$_$3,5,0.010186810320978235,0.35637566447257996,0.46536371243071356,Positive,Negative
ET1cU5_A2YM$_$3,6,0.44126354968182213,0.19564983248710632,0.39578078646300635,Positive,Negative
ET1cU5_A2YM$_$3,7,0.18416995545405934,0.37212908267974854,0.4661173252236701,Positive,Negative
ET1cU5_A2YM$_$6,0,-0.2463803078319281,0.16583210229873657,0.3690606567840039,Negative,Positive
ET1cU5_A2YM$_$6,1,2.2757205148101027,-0.8173574805259705,0.8279015449970358,Negative,Positive
ET1cU5_A2YM$_$6,2,-1.1701814801033046,0.37525224685668945,0.1631393898542178,Negative,Positive
ET1cU5_A2YM$_$6,3,0.9246577092290016,-0.02511042356491089,0.5319067238995425,Negative,Positive
ET1cU5_A2YM$_$6,4,-0.4230518745815406,0.3301010727882385,0.3308416997626198,Negative,Positive
ET1cU5_A2YM$_$6,5,1.751481109341703,-0.5274102687835693,0.7837421695356495,Negative,Positive
ET1cU5_A2YM$_$6,6,-0.631366783866257,0.32223618030548096,0.24822563477683418,Negative,Positive
ET1cU5_A2YM$_$6,7,1.2613863899351565,-0.17403066158294678,0.6590450349569895,Negative,Positive
EmmuWoCUgXs$_$22,0,-1.089895473409628,0.16583210229873657,0.15876829043619456,Neutral,Positive
EmmuWoCUgXs$_$22,1,-0.07639934869320308,0.3102513253688812,0.4200083053566559,Neutral,Positive
EmmuWoCUgXs$_$22,2,0.22225071377133854,0.07748261094093323,0.4251781962564749,Neutral,Positive
EmmuWoCUgXs$_$22,3,0.3352425208764238,0.17169535160064697,0.49644459393471635,Neutral,Positive
EmmuWoCUgXs$_$22,4,-0.5726740640480189,0.19834846258163452,0.24879583237742955,Neutral,Positive
EmmuWoCUgXs$_$22,5,0.3349428148378979,0.2300724983215332,0.4930379341568397,Neutral,Positive
EmmuWoCUgXs$_$22,6,0.06023308876207589,0.1088070273399353,0.3624034721297236,Neutral,Positive
EmmuWoCUgXs$_$22,7,0.615669058233113,0.16646155714988708,0.5365704246203913,Neutral,Positive
EmmuWoCUgXs$_$7,0,-0.2463803078319281,0.16583210229873657,0.3690606567840039,Negative,Positive
EmmuWoCUgXs$_$7,1,1.8624031340266094,-0.8923457860946655,0.8165480633845511,Negative,Positive
EmmuWoCUgXs$_$7,2,-0.8832343506411008,0.2272498607635498,0.18521772123778898,Negative,Positive
EmmuWoCUgXs$_$7,3,1.1534976401265322,-0.2515676021575928,0.6890586978767702,Negative,Positive
EmmuWoCUgXs$_$7,4,-0.7211991731871755,0.34153905510902405,0.2589363518722916,Negative,Positive
EmmuWoCUgXs$_$7,5,2.0119813876669372,-0.8912612795829773,0.8466442489702053,Negative,Positive
EmmuWoCUgXs$_$7,6,-0.675464300172928,0.256988525390625,0.22959113246087207,Negative,Positive
EmmuWoCUgXs$_$7,7,1.8379712431410973,-0.649404764175415,0.8199089059280729,Negative,Positive
Es9MkKsMsjU$_$10,0,0.8435151655776999,0.16583210229873657,0.3690606567840039,Negative,Neutral
Es9MkKsMsjU$_$10,1,-0.6204969458320891,0.08832329511642456,0.26582829236845484,Negative,Neutral
Es9MkKsMsjU$_$10,2,-0.07753568502384978,0.8689675331115723,0.13696083819352825,Negative,Neutral
Es9MkKsMsjU$_$10,3,-0.5757381036083037,0.25642865896224976,0.22632399294061661,Negative,Neutral
Es9MkKsMsjU$_$10,4,0.36936391548011904,0.04757706820964813,0.4057349544260495,Negative,Neutral
Es9MkKsMsjU$_$10,5,0.20718437299482884,-0.024489253759384155,0.43030579066378316,Negative,Neutral
Es9MkKsMsjU$_$10,6,0.10424903574325017,0.2917165756225586,0.28678779185476033,Negative,Neutral
Es9MkKsMsjU$_$10,7,0.041106025457239515,0.09583231806755066,0.36623147723278077,Negative,Neutral
Es9MkKsMsjU$_$12,0,-0.2463803078319281,0.16583210229873657,0.3690606567840039,Negative,Positive
Es9MkKsMsjU$_$12,1,2.7882161949753117,-1.5865849256515503,0.9018022704168309,Negative,Positive
Es9MkKsMsjU$_$12,2,-1.8867261925058199,1.031355857849121,0.11475110492341282,Negative,Positive
Es9MkKsMsjU$_$12,3,1.9189218846479597,-0.6595709323883057,0.8267776526929167,Negative,Positive
Es9MkKsMsjU$_$12,4,0.3852057264912395,-0.00785854458808899,0.4594704196575505,Negative,Positive
Es9MkKsMsjU$_$12,5,2.7139741317470008,-1.380979299545288,0.9053417524434351,Negative,Positive
Es9MkKsMsjU$_$12,6,-0.64186540710307,0.4142402410507202,0.27070717736517486,Negative,Positive
Es9MkKsMsjU$_$12,7,2.2664658665335526,-0.9231829047203064,0.8691730742905265,Negative,Positive
Es9MkKsMsjU$_$2,0,-0.2463803078319281,0.16583210229873657,0.3690606567840039,Negative,Positive
Es9MkKsMsjU$_$2,1,2.9853842873377068,-1.8063534498214722,0.9107560332446313,Negative,Positive
Es9MkKsMsjU$_$2,2,-1.7230224203307627,0.7533186078071594,0.12346304470528921,Negative,Positive
Es9MkKsMsjU$_$2,3,2.497783921933225,-1.1113922595977783,0.8819789422563922,Negative,Positive
Es9MkKsMsjU$_$2,4,-0.2838348267875678,0.1901247501373291,0.32600182114318466,Negative,Positive
Es9MkKsMsjU$_$2,5,2.8865144586881817,-1.5519927740097046,0.9150955019896088,Negative,Positive
Es9MkKsMsjU$_$2,6,-0.8651499974700462,0.42637479305267334,0.2246913402625599,Negative,Positive
Es9MkKsMsjU$_$2,7,2.574492005753115,-1.1550655364990234,0.8950094681911013,Negative,Positive
Es9MkKsMsjU$_$7,0,-0.2463803078319281,0.16583210229873657,0.3690606567840039,Negative,Positive
Es9MkKsMsjU$_$7,1,3.1010410750829234,-2.043656349182129,0.9123086390369655,Negative,Positive
Es9MkKsMsjU$_$7,2,-1.9384127062477292,0.9429724216461182,0.10869209878586165,Negative,Positive
Es9MkKsMsjU$_$7,3,2.8039305070608016,-1.5078563690185547,0.9059668684745646,Negative,Positive
Es9MkKsMsjU$_$7,4,-0.27298232372630404,0.28939083218574524,0.34185424577614193,Negative,Positive
Es9MkKsMsjU$_$7,5,3.082057930854415,-1.7645254135131836,0.9243298041394239,Negative,Positive
Es9MkKsMsjU$_$7,6,-0.9518989135199061,0.5378872752189636,0.2228944713652189,Negative,Positive
Es9MkKsMsjU$_$7,7,2.889990041472651,-1.4960193634033203,0.9181534046926463,Negative,Positive
Ezn3p5FWF_U$_$4,0,1.089895473409628,0.16583210229873657,0.4721710527798015,Positive,Neutral
Ezn3p5FWF_U$_$4,1,2.1588483943915326,1.3052051067352295,0.830046407427708,Positive,Neutral
Ezn3p5FWF_U$_$4,2,1.0902571475954816,0.6476674675941467,0.6270375821026345,Positive,Neutral
Ezn3p5FWF_U$_$4,3,2.075158975321475,1.2143381834030151,0.8252139358898198,Positive,Neutral
Ezn3p5FWF_U$_$4,4,1.8554111443722958,0.910358190536499,0.7024004891306468,Positive,Neutral
Ezn3p5FWF_U$_$4,5,2.3049397166461354,1.2950353622436523,0.8342598806487701,Positive,Neutral
Ezn3p5FWF_U$_$4,6,1.3438563892929911,0.7689533233642578,0.6540896203596845,Positive,Neutral
Ezn3p5FWF_U$_$4,7,2.1158391038307442,1.2165552377700806,0.8199858479743614,Positive,Neutral
F1U26PLiXjM$_$1,0,1.089895473409628,0.16583210229873657,0.4721710527798015,Positive,Neutral
F1U26PLiXjM$_$1,1,1.1725557153336033,0.6811686158180237,0.6896088681315803,Positive,Neutral
F1U26PLiXjM$_$1,2,0.08503508092249457,0.23872798681259155,0.42732473829095946,Positive,Neutral
F1U26PLiXjM$_$1,3,0.4058477304595449,0.3816317319869995,0.5175133323208528,Positive,Neutral
F1U26PLiXjM$_$1,4,0.8729985727573157,0.2932693660259247,0.4573306281896948,Positive,Neutral
F1U26PLiXjM$_$1,5,0.8006518700440494,0.5372092723846436,0.585082114050511,Positive,Neutral
F1U26PLiXjM$_$1,6,0.20019063837738138,0.2354048788547516,0.396175300215829,Positive,Neutral
F1U26PLiXjM$_$1,7,0.1698217444587502,0.353731632232666,0.43933665052016346,Positive,Neutral
F6JV-K840EY$_$2,0,-1.089895473409628,0.16583210229873657,0.15876829043619456,Neutral,Positive
F6JV-K840EY$_$2,1,0.4897729197404672,0.17529872059822083,0.5143904703768037,Neutral,Positive
F6JV-K840EY$_$2,2,-0.931106679872336,0.509553849697113,0.24105238207388172,Neutral,Positive
F6JV-K840EY$_$2,3,0.179851427436583,0.21163815259933472,0.4497196037637585,Neutral,Positive
F6JV-K840EY$_$2,4,-1.373038159874259,0.7898566126823425,0.17410568583037436,Neutral,Positive
F6JV-K840EY$_$2,5,0.07088774090275285,0.2955038249492645,0.43232242927572634,Neutral,Positive
F6JV-K840EY$_$2,6,-0.8533119546327468,0.5293320417404175,0.25085736919770873,Neutral,Positive
F6JV-K840EY$_$2,7,0.10345381503682272,0.28259211778640747,0.42758415372318304,Neutral,Positive
FB_b1dm0SRY$_$10,0,-0.2463803078319281,0.16583210229873657,0.3690606567840039,Negative,Positive
FB_b1dm0SRY$_$10,1,1.11651347107359,-0.24852782487869263,0.48527938734468545,Negative,Positive
FB_b1dm0SRY$_$10,2,-0.7004384384568318,0.31270506978034973,0.21724030002430517,Negative,Positive
FB_b1dm0SRY$_$10,3,0.8551519463717336,-0.10993824154138565,0.4339931196259034,Negative,Positive
FB_b1dm0SRY$_$10,4,-1.4044817614325225,1.0540201663970947,0.17981137183249107,Negative,Positive
FB_b1dm0SRY$_$10,5,0.6950426422890559,-0.016390562057495117,0.5412102115305726,Negative,Positive
FB_b1dm0SRY$_$10,6,-1.3936165850026683,0.8056943416595459,0.16915046910439374,Negative,Positive
FB_b1dm0SRY$_$10,7,0.8834171222757028,-0.06502683460712433,0.5550617742637709,Negative,Positive
FB_b1dm0SRY$_$0,0,-1.089895473409628,0.16583210229873657,0.15876829043619456,Neutral,Positive
FB_b1dm0SRY$_$0,1,-0.620331821827521,0.478951632976532,0.30587971309310324,Neutral,Positive
FB_b1dm0SRY$_$0,2,0.06671602389368247,0.21711397171020508,0.42900491279933567,Neutral,Positive
FB_b1dm0SRY$_$0,3,0.00030198547066040415,0.26036614179611206,0.426168640850253,Neutral,Positive
FB_b1dm0SRY$_$0,4,0.5043145459788314,0.1917291283607483,0.47776478352514185,Neutral,Positive
FB_b1dm0SRY$_$0,5,0.30730159553345127,0.2519886791706085,0.4757898540276144,Neutral,Positive
FB_b1dm0SRY$_$0,6,0.4249253255603246,0.17201650142669678,0.47478558590950753,Neutral,Positive
FB_b1dm0SRY$_$0,7,0.4255086241336954,0.21149969100952148,0.49529117781545834,Neutral,Positive
FB_b1dm0SRY$_$6,0,0.2463803078319281,0.16583210229873657,0.4721710527798015,Positive,Negative
FB_b1dm0SRY$_$6,1,-1.4769947702944677,-0.4619585871696472,0.16781840636936574,Positive,Negative
FB_b1dm0SRY$_$6,2,1.2907653964530734,0.37500250339508057,0.47800044281796755,Positive,Negative
FB_b1dm0SRY$_$6,3,0.09653270827657257,0.18826723098754883,0.3388218245154693,Positive,Negative
FB_b1dm0SRY$_$6,4,1.9211878076104616,1.198009967803955,0.7861782111641108,Positive,Negative
FB_b1dm0SRY$_$6,5,0.09548545025012556,0.44310760498046875,0.4631083213568271,Positive,Negative
FB_b1dm0SRY$_$6,6,1.8885497977974106,0.7761245369911194,0.6963250514449436,Positive,Negative
FB_b1dm0SRY$_$6,7,0.20347752735454072,0.2844446897506714,0.4065358252279847,Positive,Negative
FB_b1dm0SRY$_$9,0,-0.2463803078319281,0.16583210229873657,0.3690606567840039,Negative,Positive
FB_b1dm0SRY$_$9,1,2.7936351713710033,-1.414209008216858,0.891225998677135,Negative,Positive
FB_b1dm0SRY$_$9,2,-1.5104023234407276,0.48004329204559326,0.13367934089910552,Negative,Positive
FB_b1dm0SRY$_$9,3,1.0565251640940985,-0.1915515661239624,0.5965548008786614,Negative,Positive
FB_b1dm0SRY$_$9,4,-1.5378489799594703,0.9937427043914795,0.15358027038616529,Negative,Positive
FB_b1dm0SRY$_$9,5,2.1782582898338054,-0.7299394607543945,0.8535598632115677,Negative,Positive
FB_b1dm0SRY$_$9,6,-1.507315583029762,0.6863422393798828,0.14311867901725986,Negative,Positive
FB_b1dm0SRY$_$9,7,1.2774237365986054,-0.21960045397281647,0.69274616318474,Negative,Positive
FB_b1dm0SRY$_$8,0,1.089895473409628,0.16583210229873657,0.4721710527798015,Positive,Neutral
FB_b1dm0SRY$_$8,1,2.008665261059407,1.216336965560913,0.8220123666148862,Positive,Neutral
FB_b1dm0SRY$_$8,2,0.8310170116777335,0.5454118251800537,0.6088670315615944,Positive,Neutral
FB_b1dm0SRY$_$8,3,1.7512028698502897,0.9921554327011108,0.794639949910546,Positive,Neutral
FB_b1dm0SRY$_$8,4,2.0862961182478776,1.0661258697509766,0.7568787451099077,Positive,Neutral
FB_b1dm0SRY$_$8,5,2.1454907488817607,1.2196295261383057,0.8258299650520117,Positive,Neutral
FB_b1dm0SRY$_$8,6,1.422316940890327,0.7977452874183655,0.7008724054262191,Positive,Neutral
FB_b1dm0SRY$_$8,7,1.8169383628596727,1.0398229360580444,0.795375687626722,Positive,Neutral
FxxJB8hBpyQ$_$1,0,-0.2463803078319281,0.16583210229873657,0.3690606567840039,Negative,Positive
FxxJB8hBpyQ$_$1,1,3.005524901778556,-1.846179723739624,0.9107847081187989,Negative,Positive
FxxJB8hBpyQ$_$1,2,-1.6209782971249769,0.8131023645401001,0.13413471680919672,Negative,Positive
FxxJB8hBpyQ$_$1,3,2.4566406831276564,-1.0508261919021606,0.8775794413599354,Negative,Positive
FxxJB8hBpyQ$_$1,4,-1.6263935128299605,0.8786956071853638,0.14069232327019796,Negative,Positive
FxxJB8hBpyQ$_$1,5,2.8793380215548843,-1.4982223510742188,0.914544217352295,Negative,Positive
FxxJB8hBpyQ$_$1,6,-1.4964920611168884,0.7228132486343384,0.14691207547749283,Negative,Positive
FxxJB8hBpyQ$_$1,7,2.6950613102611047,-1.168226957321167,0.9057385212116482,Negative,Positive
Fy0Uid9afM8$_$0,0,-1.089895473409628,0.16583210229873657,0.15876829043619456,Neutral,Positive
Fy0Uid9afM8$_$0,1,0.8845605938053872,0.06173969805240631,0.5635895686274324,Neutral,Positive
Fy0Uid9afM8$_$0,2,-1.7827017452648624,1.003362774848938,0.12777503349053113,Neutral,Positive
Fy0Uid9afM8$_$0,3,0.09267110307991144,0.24422550201416016,0.42909062233250544,Neutral,Positive
Fy0Uid9afM8$_$0,4,0.17659583723892958,0.041698575019836426,0.344911393863083,Neutral,Positive
Fy0Uid9afM8$_$0,5,0.8454505361783228,0.04295361042022705,0.4975817486595298,Neutral,Positive
Fy0Uid9afM8$_$0,6,-0.735669252023435,0.4189416170120239,0.24496782763340774,Neutral,Positive
Fy0Uid9afM8$_$0,7,0.4443442451249444,0.1596100926399231,0.449982565213071,Neutral,Positive
Fy0Uid9afM8$_$3,0,-0.2463803078319281,0.16583210229873657,0.3690606567840039,Negative,Positive
Fy0Uid9afM8$_$3,1,2.3207409879041747,-0.8737918138504028,0.7929907756426574,Negative,Positive
Fy0Uid9afM8$_$3,2,-1.8129437129034347,0.8693135380744934,0.11809433881198655,Negative,Positive
Fy0Uid9afM8$_$3,3,0.6993988952056699,0.015963837504386902,0.46746467191357205,Negative,Positive
Fy0Uid9afM8$_$3,4,-0.27342265935061105,0.20426824688911438,0.30798115995163844,Negative,Positive
Fy0Uid9afM8$_$3,5,2.469744223160791,-0.9486327171325684,0.8521032962707482,Negative,Positive
Fy0Uid9afM8$_$3,6,-0.8747695518271016,0.42894840240478516,0.22122639204636638,Negative,Positive
Fy0Uid9afM8$_$3,7,1.5258240814597426,-0.32188141345977783,0.7003801106703533,Negative,Positive
Fy0Uid9afM8$_$5,0,0.8435151655776999,0.16583210229873657,0.3690606567840039,Negative,Neutral
Fy0Uid9afM8$_$5,1,2.154401203395807,-1.1157326698303223,0.8295156812222905,Negative,Neutral
Fy0Uid9afM8$_$5,2,-0.05034050857695993,0.7848843932151794,0.15559013547211883,Negative,Neutral
Fy0Uid9afM8$_$5,3,1.181250336560089,-0.23395448923110962,0.6252568973510005,Negative,Neutral
Fy0Uid9afM8$_$5,4,0.8435151655776999,0.16583210229873657,0.3690606567840039,Negative,Neutral
Fy0Uid9afM8$_$5,5,2.154401203395807,-1.1157326698303223,0.8295156812222905,Negative,Neutral
Fy0Uid9afM8$_$5,6,-0.05034050857695993,0.7848843932151794,0.15559013547211883,Negative,Neutral
Fy0Uid9afM8$_$5,7,1.181250336560089,-0.23395448923110962,0.6252568973510005,Negative,Neutral
Fy0Uid9afM8$_$4,0,0.8435151655776999,0.16583210229873657,0.3690606567840039,Negative,Neutral
Fy0Uid9afM8$_$4,1,0.8534776150963272,-0.3023500144481659,0.583600249261286,Negative,Neutral
Fy0Uid9afM8$_$4,2,-0.34679158767906704,0.7389333248138428,0.1335361948218005,Negative,Neutral
Fy0Uid9afM8$_$4,3,-0.05748304350360822,0.20200446248054504,0.33650728203916597,Negative,Neutral
Fy0Uid9afM8$_$4,4,-0.4782883683265381,0.13133388757705688,0.2512480633024067,Negative,Neutral
Fy0Uid9afM8$_$4,5,1.2053841438322719,-0.353595495223999,0.6459221434148681,Negative,Neutral
Fy0Uid9afM8$_$4,6,-0.49700509954533234,0.29537758231163025,0.20398770975641897,Negative,Neutral
Fy0Uid9afM8$_$4,7,0.5415197313662181,-0.027671754360198975,0.48791358805538254,Negative,Neutral
H1DpVwktfDQ$_$0,0,-1.089895473409628,0.16583210229873657,0.15876829043619456,Neutral,Positive
H1DpVwktfDQ$_$0,1,0.9393470799229654,0.07437023520469666,0.5648668706071713,Neutral,Positive
H1DpVwktfDQ$_$0,2,-1.1272703782732048,0.6456619501113892,0.20158720393591906,Neutral,Positive
H1DpVwktfDQ$_$0,3,0.5418310768147775,0.16530930995941162,0.5002692633434196,Neutral,Positive
H1DpVwktfDQ$_$0,4,-1.089895473409628,0.16583210229873657,0.15876829043619456,Neutral,Positive
H1DpVwktfDQ$_$0,5,0.9393470799229654,0.07437023520469666,0.5648668706071713,Neutral,Positive
H1DpVwktfDQ$_$0,6,-1.1272703782732048,0.6456619501113892,0.20158720393591906,Neutral,Positive
H1DpVwktfDQ$_$0,7,0.5418310768147775,0.16530930995941162,0.5002692633434196,Neutral,Positive
HGicRLwgtkM$_$1,0,1.089895473409628,0.16583210229873657,0.4721710527798015,Positive,Neutral
HGicRLwgtkM$_$1,1,0.22830789809521645,0.3768518567085266,0.4825090415676559,Positive,Neutral
HGicRLwgtkM$_$1,2,1.6926797166442316,0.9116089344024658,0.7198583814035908,Positive,Neutral
HGicRLwgtkM$_$1,3,0.7686239832215873,0.5360902547836304,0.5903772910625203,Positive,Neutral
HGicRLwgtkM$_$1,4,0.5835803997010727,0.4135245084762573,0.5062755697748699,Positive,Neutral
HGicRLwgtkM$_$1,5,0.21566936717399388,0.37760210037231445,0.4790646871323852,Positive,Neutral
HGicRLwgtkM$_$1,6,1.6376713241062013,0.8825862407684326,0.7118972615421714,Positive,Neutral
HGicRLwgtkM$_$1,7,0.7414242531486146,0.5295099020004272,0.5837932367344675,Positive,Neutral
HGicRLwgtkM$_$3,0,1.089895473409628,0.16583210229873657,0.4721710527798015,Positive,Neutral
HGicRLwgtkM$_$3,1,-0.1682862867138335,0.2278255820274353,0.3890064233698992,Positive,Neutral
HGicRLwgtkM$_$3,2,1.5440752883376954,0.8703426122665405,0.7256464125931686,Positive,Neutral
HGicRLwgtkM$_$3,3,0.37575591872455494,0.39132148027420044,0.5081238275122592,Positive,Neutral
HGicRLwgtkM$_$3,4,1.7343076030082365,0.9549964666366577,0.7094866540953507,Positive,Neutral
HGicRLwgtkM$_$3,5,0.6462194913669519,0.4934270977973938,0.5678176306896416,Positive,Neutral
HGicRLwgtkM$_$3,6,1.4648632904094856,0.8444317579269409,0.6873479511802817,Positive,Neutral
HGicRLwgtkM$_$3,7,0.6059755273064066,0.5017908215522766,0.5513040588266885,Positive,Neutral
HGicRLwgtkM$_$2,0,1.089895473409628,0.16583210229873657,0.4721710527798015,Positive,Neutral
HGicRLwgtkM$_$2,1,0.15491381589415454,0.31123608350753784,0.471774223101217,Positive,Neutral
HGicRLwgtkM$_$2,2,1.819444847078366,1.0661342144012451,0.7565593012446501,Positive,Neutral
HGicRLwgtkM$_$2,3,0.6629833516147268,0.4868513345718384,0.5836572985082606,Positive,Neutral
HGicRLwgtkM$_$2,4,1.5670253203336557,0.9171960353851318,0.6991674451982366,Positive,Neutral
HGicRLwgtkM$_$2,5,0.5993545543574892,0.4741126298904419,0.568857234704342,Positive,Neutral
HGicRLwgtkM$_$2,6,1.4820440260128445,0.8682370185852051,0.684097016570874,Positive,Neutral
HGicRLwgtkM$_$2,7,0.6016007548841579,0.5065673589706421,0.5578774692625378,Positive,Neutral
HGicRLwgtkM$_$6,0,1.089895473409628,0.16583210229873657,0.4721710527798015,Positive,Neutral
HGicRLwgtkM$_$6,1,0.2766695819965689,0.34598153829574585,0.5018171419567836,Positive,Neutral
HGicRLwgtkM$_$6,2,1.5915985712036638,0.9053366184234619,0.6994908310389053,Positive,Neutral
HGicRLwgtkM$_$6,3,0.6176916256347598,0.489280104637146,0.5691350424040621,Positive,Neutral
HGicRLwgtkM$_$6,4,0.7712462933192403,0.48800432682037354,0.5206130036797322,Positive,Neutral
HGicRLwgtkM$_$6,5,0.2217620954835975,0.35339492559432983,0.4859114041535048,Positive,Neutral
HGicRLwgtkM$_$6,6,1.4288409080818254,0.8103952407836914,0.6677846188143812,Positive,Neutral
HGicRLwgtkM$_$6,7,0.4905436036027646,0.46471351385116577,0.5355896782317805,Positive,Neutral
HmXXW45eZL4$_$1,0,1.089895473409628,0.16583210229873657,0.4721710527798015,Positive,Neutral
HmXXW45eZL4$_$1,1,1.0579361081948009,0.5304507613182068,0.5942854507379624,Positive,Neutral
HmXXW45eZL4$_$1,2,1.182046112310385,0.6602452397346497,0.6640306076779682,Positive,Neutral
HmXXW45eZL4$_$1,3,0.7534339058917964,0.4838724732398987,0.5388061972868933,Positive,Neutral
HmXXW45eZL4$_$1,4,0.16767375292794362,0.3677641749382019,0.4529437152780542,Positive,Neutral
HmXXW45eZL4$_$1,5,0.49706360073098743,0.3738399147987366,0.4949588630598244,Positive,Neutral
HmXXW45eZL4$_$1,6,0.504651578435859,0.4364773631095886,0.5175756872045867,Positive,Neutral
HmXXW45eZL4$_$1,7,0.4648990892247854,0.32850492000579834,0.4448982574331283,Positive,Neutral
HmXXW45eZL4$_$4,0,-0.2463803078319281,0.16583210229873657,0.3690606567840039,Negative,Positive
HmXXW45eZL4$_$4,1,3.063563846494258,-1.9678425788879395,0.9118823892811784,Negative,Positive
HmXXW45eZL4$_$4,2,-0.7209005000803831,0.21299073100090027,0.18994436557234598,Negative,Positive
HmXXW45eZL4$_$4,3,2.9583166216393435,-1.5660337209701538,0.9122725299124971,Negative,Positive
HmXXW45eZL4$_$4,4,-0.0886194140384895,0.09864388406276703,0.28866424936129975,Negative,Positive
HmXXW45eZL4$_$4,5,3.165048383102913,-1.8487217426300049,0.9247628337647957,Negative,Positive
HmXXW45eZL4$_$4,6,-0.24915084146791755,0.14335539937019348,0.24959621649954414,Negative,Positive
HmXXW45eZL4$_$4,7,3.1015527283937208,-1.6010475158691406,0.9250706566605471,Negative,Positive
IM6HW1HwHhM$_$11,0,-0.2463803078319281,0.16583210229873657,0.3690606567840039,Negative,Positive
IM6HW1HwHhM$_$11,1,1.554517170821859,-0.45517727732658386,0.7782040776159804,Negative,Positive
IM6HW1HwHhM$_$11,2,-1.4270515602671674,0.6305246353149414,0.15290516032512913,Negative,Positive
IM6HW1HwHhM$_$11,3,0.2307880123682502,0.2500362694263458,0.4758117077595471,Negative,Positive
IM6HW1HwHhM$_$11,4,-0.6935392341897344,0.40003538131713867,0.224876652221684,Negative,Positive
IM6HW1HwHhM$_$11,5,0.730337531963161,0.015894532203674316,0.5948589214546531,Negative,Positive
IM6HW1HwHhM$_$11,6,-0.6674477580718001,0.3342982530593872,0.24066603031864106,Negative,Positive
IM6HW1HwHhM$_$11,7,0.5128845360614475,0.0713273286819458,0.5233522957758509,Negative,Positive
IM6HW1HwHhM$_$15,0,1.089895473409628,0.16583210229873657,0.4721710527798015,Positive,Neutral
IM6HW1HwHhM$_$15,1,1.6408691761286445,0.9155033826828003,0.7803649092671564,Positive,Neutral
IM6HW1HwHhM$_$15,2,1.0348570725838222,0.6224488019943237,0.6303691748233773,Positive,Neutral
IM6HW1HwHhM$_$15,3,1.274879166680666,0.7082136273384094,0.7182732470015653,Positive,Neutral
IM6HW1HwHhM$_$15,4,1.1637456222414837,0.7254780530929565,0.6406202744385638,Positive,Neutral
IM6HW1HwHhM$_$15,5,1.3536494404541495,0.7604551911354065,0.7262466988413817,Positive,Neutral
IM6HW1HwHhM$_$15,6,0.6070609136342451,0.5003383159637451,0.5378919062993299,Positive,Neutral
IM6HW1HwHhM$_$15,7,0.7790246757725912,0.5618799924850464,0.6093166075610577,Positive,Neutral
IM6HW1HwHhM$_$17,0,1.089895473409628,0.16583210229873657,0.4721710527798015,Positive,Neutral
IM6HW1HwHhM$_$17,1,2.0027627614093424,1.2029615640640259,0.8243423752240483,Positive,Neutral
IM6HW1HwHhM$_$17,2,1.4170269827157518,0.8289986848831177,0.708396689210723,Positive,Neutral
IM6HW1HwHhM$_$17,3,1.8648012639952143,1.0648677349090576,0.8106651592535601,Positive,Neutral
IM6HW1HwHhM$_$17,4,1.4993500620614948,0.7418501377105713,0.6213725463292288,Positive,Neutral
IM6HW1HwHhM$_$17,5,1.9460740811849577,1.074654459953308,0.8053159338904322,Positive,Neutral
IM6HW1HwHhM$_$17,6,1.1959715116056049,0.6467978954315186,0.6100182532886381,Positive,Neutral
IM6HW1HwHhM$_$17,7,1.54815253966448,0.9065463542938232,0.7473505513989533,Positive,Neutral
IUmxJNs2zaY$_$3,0,-1.089895473409628,0.16583210229873657,0.15876829043619456,Neutral,Positive
IUmxJNs2zaY$_$3,1,-0.1837759946250529,0.31919437646865845,0.3954126055018296,Neutral,Positive
IUmxJNs2zaY$_$3,2,-0.7504633033948588,0.38991284370422363,0.2800682915450925,Neutral,Positive
IUmxJNs2zaY$_$3,3,-0.19572925755516557,0.2713438868522644,0.39260271405372027,Neutral,Positive
IUmxJNs2zaY$_$3,4,0.09960275840124044,0.08896946907043457,0.3452413518331967,Neutral,Positive
IUmxJNs2zaY$_$3,5,0.32965788648291483,0.24479514360427856,0.48525841100531436,Neutral,Positive
IUmxJNs2zaY$_$3,6,-0.021020761877293626,0.2606126368045807,0.3973573278913992,Neutral,Positive
IUmxJNs2zaY$_$3,7,0.21376250672002095,0.24583208560943604,0.4634025491152174,Neutral,Positive
IUmxJNs2zaY$_$2,0,-1.089895473409628,0.16583210229873657,0.15876829043619456,Neutral,Positive
IUmxJNs2zaY$_$2,1,0.14714446010834625,0.28692108392715454,0.44919022382787066,Neutral,Positive
IUmxJNs2zaY$_$2,2,0.1035287068929539,0.19602924585342407,0.4399402373305714,Neutral,Positive
IUmxJNs2zaY$_$2,3,0.3400006788436045,0.20723417401313782,0.48707041021336384,Neutral,Positive
IUmxJNs2zaY$_$2,4,-0.06827606799318953,0.09174254536628723,0.31342524488477774,Neutral,Positive
IUmxJNs2zaY$_$2,5,0.47261363594101613,0.19489401578903198,0.47660853498627825,Neutral,Positive
IUmxJNs2zaY$_$2,6,0.2835099033934191,0.1413479745388031,0.43447086958998216,Neutral,Positive
IUmxJNs2zaY$_$2,7,0.5740730394694584,0.1764940321445465,0.5016366538223569,Neutral,Positive
JAnRCQ9A0vI$_$1,0,1.089895473409628,0.16583210229873657,0.4721710527798015,Positive,Neutral
JAnRCQ9A0vI$_$1,1,0.8028182585293315,0.4942307472229004,0.6179998236783839,Positive,Neutral
JAnRCQ9A0vI$_$1,2,1.2308924542722104,0.660690188407898,0.6622288463444888,Positive,Neutral
JAnRCQ9A0vI$_$1,3,0.7355871487623785,0.43693625926971436,0.597824041259937,Positive,Neutral
JAnRCQ9A0vI$_$1,4,0.28606347147867006,0.09562936425209045,0.37305147853302256,Positive,Neutral
JAnRCQ9A0vI$_$1,5,0.7310115856420129,0.4706963300704956,0.6013493370944731,Positive,Neutral
JAnRCQ9A0vI$_$1,6,1.118689151453779,0.6018549203872681,0.6342494798592836,Positive,Neutral
JAnRCQ9A0vI$_$1,7,0.655199613088792,0.4170774221420288,0.5783843603496286,Positive,Neutral
JAnRCQ9A0vI$_$0,0,-1.089895473409628,0.16583210229873657,0.15876829043619456,Neutral,Positive
JAnRCQ9A0vI$_$0,1,0.8549385430229399,0.13646525144577026,0.5897680827866316,Neutral,Positive
JAnRCQ9A0vI$_$0,2,-1.1835020179061029,0.629268229007721,0.20847033364556358,Neutral,Positive
JAnRCQ9A0vI$_$0,3,0.3021210487493372,0.2093115746974945,0.4920161743893323,Neutral,Positive
JAnRCQ9A0vI$_$0,4,-0.5594737763809017,0.21008825302124023,0.24846796820806616,Neutral,Positive
JAnRCQ9A0vI$_$0,5,0.7833678669761214,0.16832047700881958,0.5490478233111868,Neutral,Positive
JAnRCQ9A0vI$_$0,6,-0.46166776384352237,0.32814040780067444,0.3097859496393644,Neutral,Positive
JAnRCQ9A0vI$_$0,7,0.5428337845645446,0.20350345969200134,0.5151988628584588,Neutral,Positive
JAnRCQ9A0vI$_$3,0,1.089895473409628,0.16583210229873657,0.4721710527798015,Positive,Neutral
JAnRCQ9A0vI$_$3,1,1.8090463120680655,0.971684455871582,0.7994055053547153,Positive,Neutral
JAnRCQ9A0vI$_$3,2,1.2187785617213347,0.6313405632972717,0.6636171360245002,Positive,Neutral
JAnRCQ9A0vI$_$3,3,1.6226731839273445,0.8157594203948975,0.7706753434969381,Positive,Neutral
JAnRCQ9A0vI$_$3,4,0.5071135318171424,0.4653218388557434,0.5281010085900626,Positive,Neutral
JAnRCQ9A0vI$_$3,5,1.4165495047886436,0.7150766849517822,0.7383483858699627,Positive,Neutral
JAnRCQ9A0vI$_$3,6,0.696839927692594,0.43535637855529785,0.5547960888532859,Positive,Neutral
JAnRCQ9A0vI$_$3,7,1.2032016276313757,0.6353166699409485,0.6946509230815043,Positive,Neutral
JAnRCQ9A0vI$_$2,0,1.089895473409628,0.16583210229873657,0.4721710527798015,Positive,Neutral
JAnRCQ9A0vI$_$2,1,1.0190287413858021,0.6066389679908752,0.6606543852228903,Positive,Neutral
JAnRCQ9A0vI$_$2,2,1.3998895485156648,0.7168611884117126,0.6951355135714727,Positive,Neutral
JAnRCQ9A0vI$_$2,3,0.9945589908031738,0.5306433439254761,0.6539965194034276,Positive,Neutral
JAnRCQ9A0vI$_$2,4,1.434605944744122,0.7975871562957764,0.6953869644390941,Positive,Neutral
JAnRCQ9A0vI$_$2,5,1.2502017144230932,0.6689248085021973,0.7059567718734298,Positive,Neutral
JAnRCQ9A0vI$_$2,6,1.3456078489250398,0.7303922176361084,0.6816388434072633,Positive,Neutral
JAnRCQ9A0vI$_$2,7,1.0763395474511719,0.5929333567619324,0.6690256515882653,Positive,Neutral
JAnRCQ9A0vI$_$5,0,1.089895473409628,0.16583210229873657,0.4721710527798015,Positive,Neutral
JAnRCQ9A0vI$_$5,1,1.2783515705992508,0.6909627914428711,0.7238987925948269,Positive,Neutral
JAnRCQ9A0vI$_$5,2,1.0484962538717202,0.5982028245925903,0.6410810193322188,Positive,Neutral
JAnRCQ9A0vI$_$5,3,1.0429038563919761,0.5634263753890991,0.6758052738709532,Positive,Neutral
JAnRCQ9A0vI$_$5,4,1.089895473409628,0.16583210229873657,0.4721710527798015,Positive,Neutral
JAnRCQ9A0vI$_$5,5,1.2783515705992508,0.6909627914428711,0.7238987925948269,Positive,Neutral
JAnRCQ9A0vI$_$5,6,1.0484962538717202,0.5982028245925903,0.6410810193322188,Positive,Neutral
JAnRCQ9A0vI$_$5,7,1.0429038563919761,0.5634263753890991,0.6758052738709532,Positive,Neutral
JAnRCQ9A0vI$_$4,0,-1.089895473409628,0.16583210229873657,0.15876829043619456,Neutral,Positive
JAnRCQ9A0vI$_$4,1,0.47596332788138174,0.18426841497421265,0.5233046016863051,Neutral,Positive
JAnRCQ9A0vI$_$4,2,-0.48632948307847645,0.4715344309806824,0.32083989839676785,Neutral,Positive
JAnRCQ9A0vI$_$4,3,0.3383946692287263,0.2061285674571991,0.496592695918129,Neutral,Positive
JAnRCQ9A0vI$_$4,4,-0.03582709593679112,0.23996537923812866,0.3827737349526727,Neutral,Positive
JAnRCQ9A0vI$_$4,5,0.6391109226246894,0.1613038182258606,0.5406245894528449,Neutral,Positive
JAnRCQ9A0vI$_$4,6,0.10732052692550975,0.2198488712310791,0.4209822100933154,Neutral,Positive
JAnRCQ9A0vI$_$4,7,0.6307851052152025,0.1590385138988495,0.5379071023537138,Neutral,Positive
JAnRCQ9A0vI$_$8,0,1.089895473409628,0.16583210229873657,0.4721710527798015,Positive,Neutral
JAnRCQ9A0vI$_$8,1,1.8211678680816275,1.0402138233184814,0.8016407785010292,Positive,Neutral
JAnRCQ9A0vI$_$8,2,1.5715739968383728,0.8239151239395142,0.7153151257898556,Positive,Neutral
JAnRCQ9A0vI$_$8,3,1.8124362154525455,0.9847495555877686,0.7992382615625271,Positive,Neutral
JAnRCQ9A0vI$_$8,4,0.2668306679564626,0.28575676679611206,0.4227814452761402,Positive,Neutral
JAnRCQ9A0vI$_$8,5,1.371525385741815,0.7100955247879028,0.7262436674598667,Positive,Neutral
JAnRCQ9A0vI$_$8,6,0.825559622334296,0.39117860794067383,0.5242333816417416,Positive,Neutral
JAnRCQ9A0vI$_$8,7,1.3087792679446932,0.7051728963851929,0.7074622533750352,Positive,Neutral
JOK1SSmPtFw$_$10,0,-1.089895473409628,0.16583210229873657,0.15876829043619456,Neutral,Positive
JOK1SSmPtFw$_$10,1,-0.5210212714968889,0.36470404267311096,0.33602739551976385,Neutral,Positive
JOK1SSmPtFw$_$10,2,-0.0688722878271355,0.25083625316619873,0.3837058015464507,Neutral,Positive
JOK1SSmPtFw$_$10,3,-0.04944846039567197,0.2717612385749817,0.426610322494038,Neutral,Positive
JOK1SSmPtFw$_$10,4,0.15073924896801005,0.23294642567634583,0.43749477614107335,Neutral,Positive
JOK1SSmPtFw$_$10,5,0.09447259275816089,0.2808850407600403,0.45607637184238686,Neutral,Positive
JOK1SSmPtFw$_$10,6,0.24963516611672176,0.17461374402046204,0.4435027624736626,Neutral,Positive
JOK1SSmPtFw$_$10,7,0.3702449451669211,0.2248721718788147,0.5026503362070535,Neutral,Positive
JOK1SSmPtFw$_$13,0,1.089895473409628,0.16583210229873657,0.4721710527798015,Positive,Neutral
JOK1SSmPtFw$_$13,1,1.9284382210841033,1.1321399211883545,0.8140595580705927,Positive,Neutral
JOK1SSmPtFw$_$13,2,0.12813199734312275,0.31899207830429077,0.44406872381831025,Positive,Neutral
JOK1SSmPtFw$_$13,3,1.1949433156752234,0.6968611478805542,0.7002083090296736,Positive,Neutral
JOK1SSmPtFw$_$13,4,0.08930233696830481,0.2936825752258301,0.4234258488107447,Positive,Neutral
JOK1SSmPtFw$_$13,5,1.2495752988340423,0.7432441711425781,0.6980532590219375,Positive,Neutral
JOK1SSmPtFw$_$13,6,-0.20141224651694534,0.2380213737487793,0.36331870007449735,Positive,Neutral
JOK1SSmPtFw$_$13,7,0.5501321602913027,0.49780821800231934,0.5511424410485946,Positive,Neutral
JOK1SSmPtFw$_$14,0,-1.089895473409628,0.16583210229873657,0.15876829043619456,Neutral,Positive
JOK1SSmPtFw$_$14,1,-0.25812130576895853,0.2924746870994568,0.38634080849097674,Neutral,Positive
JOK1SSmPtFw$_$14,2,-0.09215065833410574,0.2814694941043854,0.38960984895925943,Neutral,Positive
JOK1SSmPtFw$_$14,3,0.11339781979731256,0.2270050048828125,0.46214881993122847,Neutral,Positive
JOK1SSmPtFw$_$14,4,0.3302493391090663,0.1780499815940857,0.46290438643636694,Neutral,Positive
JOK1SSmPtFw$_$14,5,0.30687768370796886,0.22519633173942566,0.4932612036914974,Neutral,Positive
JOK1SSmPtFw$_$14,6,0.3444735140308366,0.17321747541427612,0.45672060049172886,Neutral,Positive
JOK1SSmPtFw$_$14,7,0.5088422353591334,0.20063689351081848,0.5293676427716338,Neutral,Positive
JOK1SSmPtFw$_$16,0,-1.089895473409628,0.16583210229873657,0.15876829043619456,Neutral,Positive
JOK1SSmPtFw$_$16,1,-0.9443903439443196,0.5217440128326416,0.25695260596195446,Neutral,Positive
JOK1SSmPtFw$_$16,2,0.43392126043921597,0.07401871681213379,0.42236788018214766,Neutral,Positive
JOK1SSmPtFw$_$16,3,-0.017334927455349702,0.25884342193603516,0.43606592175538494,Neutral,Positive
JOK1SSmPtFw$_$16,4,-0.3589907941199665,0.3649774193763733,0.3267137797002826,Neutral,Positive
JOK1SSmPtFw$_$16,5,-0.5380008338579525,0.4411625862121582,0.3303462972235561,Neutral,Positive
JOK1SSmPtFw$_$16,6,0.3306259421010135,0.10279478132724762,0.4119488394680534,Neutral,Positive
JOK1SSmPtFw$_$16,7,0.38390020290214066,0.22815757989883423,0.5082977677180411,Neutral,Positive
JOK1SSmPtFw$_$0,0,1.089895473409628,0.16583210229873657,0.4721710527798015,Positive,Neutral
JOK1SSmPtFw$_$0,1,2.155858886452429,1.409741997718811,0.8137926823492827,Positive,Neutral
JOK1SSmPtFw$_$0,2,1.3101816779360083,0.7484588027000427,0.6684073669538474,Positive,Neutral
JOK1SSmPtFw$_$0,3,2.3241906615701793,1.465134620666504,0.8466728691044884,Positive,Neutral
JOK1SSmPtFw$_$0,4,1.1629842689074752,0.7743865847587585,0.6391870678490427,Positive,Neutral
JOK1SSmPtFw$_$0,5,2.394056101262724,1.436347484588623,0.8394182548352898,Positive,Neutral
JOK1SSmPtFw$_$0,6,1.0391077522376695,0.6749212741851807,0.5954766946386088,Positive,Neutral
JOK1SSmPtFw$_$0,7,2.4194907519421647,1.47845458984375,0.85259055979978,Positive,Neutral
JOK1SSmPtFw$_$5,0,-1.089895473409628,0.16583210229873657,0.15876829043619456,Neutral,Positive
JOK1SSmPtFw$_$5,1,-0.2702903792341098,0.3556572496891022,0.3775446210998749,Neutral,Positive
JOK1SSmPtFw$_$5,2,-0.3118955105963592,0.37523937225341797,0.35248025061578353,Neutral,Positive
JOK1SSmPtFw$_$5,3,0.039104592376713154,0.2800746262073517,0.43603611281561877,Neutral,Positive
JOK1SSmPtFw$_$5,4,-0.9174391942385497,0.6686060428619385,0.23992426128019162,Neutral,Positive
JOK1SSmPtFw$_$5,5,-0.29876735705602464,0.41963475942611694,0.3706134186884429,Neutral,Positive
JOK1SSmPtFw$_$5,6,-0.17380360585452026,0.3751251697540283,0.3749325858365349,Neutral,Positive
JOK1SSmPtFw$_$5,7,0.15785579091215196,0.3032580018043518,0.4542821666059374,Neutral,Positive
JOK1SSmPtFw$_$4,0,1.089895473409628,0.16583210229873657,0.4721710527798015,Positive,Neutral
JOK1SSmPtFw$_$4,1,1.4352509999902385,0.8403559923171997,0.749778175208198,Positive,Neutral
JOK1SSmPtFw$_$4,2,0.057752024660892465,0.21690040826797485,0.425283655490289,Positive,Neutral
JOK1SSmPtFw$_$4,3,0.9348606530653372,0.5578849911689758,0.6562111530390952,Positive,Neutral
JOK1SSmPtFw$_$4,4,0.3141152371756426,-0.0009190589189529419,0.31843909777988816,Positive,Neutral
JOK1SSmPtFw$_$4,5,0.6831941064751605,0.49220705032348633,0.5910760256833604,Positive,Neutral
JOK1SSmPtFw$_$4,6,-0.10015003884423335,0.12322872877120972,0.34297261950395785,Positive,Neutral
JOK1SSmPtFw$_$4,7,0.20787020022999403,0.3531666696071625,0.4807654040313986,Positive,Neutral
JOK1SSmPtFw$_$8,0,-1.089895473409628,0.16583210229873657,0.15876829043619456,Neutral,Positive
JOK1SSmPtFw$_$8,1,-0.4024554876715828,0.3917919397354126,0.3545836556160389,Neutral,Positive
JOK1SSmPtFw$_$8,2,0.19546333652827652,0.19549766182899475,0.45754384992972313,Neutral,Positive
JOK1SSmPtFw$_$8,3,0.09978414180778872,0.26622474193573,0.4553990478127062,Neutral,Positive
JOK1SSmPtFw$_$8,4,0.24026175411175055,0.189785897731781,0.4559705445712665,Neutral,Positive
JOK1SSmPtFw$_$8,5,0.14926328452211746,0.2910047173500061,0.4616875971688279,Neutral,Positive
JOK1SSmPtFw$_$8,6,0.5088848624501279,0.14451926946640015,0.5106097630254829,Neutral,Positive
JOK1SSmPtFw$_$8,7,0.4746621625455527,0.22418451309204102,0.5225159366265003,Neutral,Positive
JPT38CA3sGI$_$1,0,1.089895473409628,0.16583210229873657,0.4721710527798015,Positive,Neutral
JPT38CA3sGI$_$1,1,0.0056735654576755,0.36848244071006775,0.4251204923464334,Positive,Neutral
JPT38CA3sGI$_$1,2,1.7993502161731993,0.8234114646911621,0.6627171145506771,Positive,Neutral
JPT38CA3sGI$_$1,3,0.5470136150774698,0.5116912126541138,0.5356252057756414,Positive,Neutral
JPT38CA3sGI$_$1,4,1.4927873202382775,0.6453244686126709,0.6862600435932351,Positive,Neutral
JPT38CA3sGI$_$1,5,0.2857717504749536,0.40403997898101807,0.48642193055606203,Positive,Neutral
JPT38CA3sGI$_$1,6,1.4593537423824738,0.5946817398071289,0.6404292328955955,Positive,Neutral
JPT38CA3sGI$_$1,7,0.35581479191792786,0.40403980016708374,0.48185575229034594,Positive,Neutral
JPT38CA3sGI$_$0,0,1.089895473409628,0.16583210229873657,0.4721710527798015,Positive,Neutral
JPT38CA3sGI$_$0,1,1.4077340387202293,0.8615584373474121,0.736059091010283,Positive,Neutral
JPT38CA3sGI$_$0,2,1.6547951426192933,0.6873372793197632,0.596678535257776,Positive,Neutral
JPT38CA3sGI$_$0,3,1.258998410798192,0.823601484298706,0.6908893412798137,Positive,Neutral
JPT38CA3sGI$_$0,4,1.0242321068248494,0.4098472595214844,0.5740388374145986,Positive,Neutral
JPT38CA3sGI$_$0,5,0.9789853851722919,0.6007291674613953,0.6424655123248602,Positive,Neutral
JPT38CA3sGI$_$0,6,1.1827403474119351,0.33311498165130615,0.52442927116769,Positive,Neutral
JPT38CA3sGI$_$0,7,0.6651236722272176,0.5055992603302002,0.5477725755103454,Positive,Neutral
JPT38CA3sGI$_$5,0,1.089895473409628,0.16583210229873657,0.4721710527798015,Positive,Neutral
JPT38CA3sGI$_$5,1,0.7156766580660144,0.4823716878890991,0.6055096175340443,Positive,Neutral
JPT38CA3sGI$_$5,2,0.7980598850019375,0.447584867477417,0.5531140361166557,Positive,Neutral
JPT38CA3sGI$_$5,3,0.4706464489160924,0.39589250087738037,0.5436252926673067,Positive,Neutral
JPT38CA3sGI$_$5,4,0.8766647972372137,0.186131089925766,0.4381398922619652,Positive,Neutral
JPT38CA3sGI$_$5,5,0.4255098091440138,0.41336768865585327,0.5304038317271054,Positive,Neutral
JPT38CA3sGI$_$5,6,0.6017287285130095,0.28960877656936646,0.47341722214938436,Positive,Neutral
JPT38CA3sGI$_$5,7,0.10552716626058922,0.3255329430103302,0.4478301217631602,Positive,Neutral
JVpF99zuQhA$_$0,0,-1.089895473409628,0.16583210229873657,0.15876829043619456,Neutral,Positive
JVpF99zuQhA$_$0,1,-0.9714112305088887,0.6075863838195801,0.24923426544273858,Neutral,Positive
JVpF99zuQhA$_$0,2,-1.080458209932007,0.7098445892333984,0.2024388697397451,Neutral,Positive
JVpF99zuQhA$_$0,3,-0.777033256185138,0.544248104095459,0.28212820255413007,Neutral,Positive
JVpF99zuQhA$_$0,4,0.42187021749553555,0.07768085598945618,0.4112836004962421,Neutral,Positive
JVpF99zuQhA$_$0,5,0.23366857925364737,0.28305065631866455,0.4767649565752566,Neutral,Positive
JVpF99zuQhA$_$0,6,-0.040383017125729115,0.19643446803092957,0.33637435979640884,Neutral,Positive
JVpF99zuQhA$_$0,7,0.21146124458474458,0.30146515369415283,0.4610205572298958,Neutral,Positive
JVpF99zuQhA$_$2,0,-1.089895473409628,0.16583210229873657,0.15876829043619456,Neutral,Positive
JVpF99zuQhA$_$2,1,0.20571578241345523,0.22751927375793457,0.4728434974324097,Neutral,Positive
JVpF99zuQhA$_$2,2,-1.250537931075563,0.6888774633407593,0.19400802248699583,Neutral,Positive
JVpF99zuQhA$_$2,3,-0.13646213191837941,0.2775532901287079,0.40114886316853343,Neutral,Positive
JVpF99zuQhA$_$2,4,0.2526673796062807,0.10120682418346405,0.3792845840621903,Neutral,Positive
JVpF99zuQhA$_$2,5,0.6481928367921878,0.17870676517486572,0.5417148647705559,Neutral,Positive
JVpF99zuQhA$_$2,6,-0.2201675227437253,0.2697988748550415,0.3355487058177674,Neutral,Positive
JVpF99zuQhA$_$2,7,0.36019828511486107,0.2135714292526245,0.48210609249359637,Neutral,Positive
JVpF99zuQhA$_$4,0,-1.089895473409628,0.16583210229873657,0.15876829043619456,Neutral,Positive
JVpF99zuQhA$_$4,1,0.5080638772636374,0.19896304607391357,0.526564922280363,Neutral,Positive
JVpF99zuQhA$_$4,2,-0.7446532397263164,0.449789822101593,0.2705576018855676,Neutral,Positive
JVpF99zuQhA$_$4,3,0.244441238776669,0.2216838002204895,0.47195422485781974,Neutral,Positive
JVpF99zuQhA$_$4,4,0.012938200467880856,-0.03921724855899811,0.2737499189165143,Neutral,Positive
JVpF99zuQhA$_$4,5,0.862799148062793,0.13183416426181793,0.5508537273822365,Neutral,Positive
JVpF99zuQhA$_$4,6,0.0003210603226158071,0.13167208433151245,0.346786559273539,Neutral,Positive
JVpF99zuQhA$_$4,7,0.6807393065438382,0.1584387719631195,0.5197484614981646,Neutral,Positive
K0m1tO3Ybyc$_$15,0,1.089895473409628,0.16583210229873657,0.4721710527798015,Positive,Neutral
K0m1tO3Ybyc$_$15,1,0.9854108345729142,0.6349096298217773,0.6521592048488357,Positive,Neutral
K0m1tO3Ybyc$_$15,2,1.0091319258005456,0.6340618133544922,0.6238516533328565,Positive,Neutral
K0m1tO3Ybyc$_$15,3,0.728170442642908,0.5148026943206787,0.5925388379459477,Positive,Neutral
K0m1tO3Ybyc$_$15,4,2.24745129567654,1.0425097942352295,0.7540060301679522,Positive,Neutral
K0m1tO3Ybyc$_$15,5,1.823642695529941,0.9790840148925781,0.7894516139930602,Positive,Neutral
K0m1tO3Ybyc$_$15,6,1.7332794473245852,0.8933900594711304,0.732423257811147,Positive,Neutral
K0m1tO3Ybyc$_$15,7,1.2007151152601048,0.701143205165863,0.6865044539200903,Positive,Neutral
K0m1tO3Ybyc$_$8,0,0.2463803078319281,0.16583210229873657,0.4721710527798015,Positive,Negative
K0m1tO3Ybyc$_$8,1,0.5924490401000843,0.34589919447898865,0.43458293093477246,Positive,Negative
K0m1tO3Ybyc$_$8,2,1.354317971547476,0.8665589690208435,0.6687135539882814,Positive,Negative
K0m1tO3Ybyc$_$8,3,0.7096179641919376,0.4956166744232178,0.48147742163133744,Positive,Negative
K0m1tO3Ybyc$_$8,4,1.7129364087799819,1.2494754791259766,0.7814484180573381,Positive,Negative
K0m1tO3Ybyc$_$8,5,1.7204302415335588,0.9297357797622681,0.7554002962658197,Positive,Negative
K0m1tO3Ybyc$_$8,6,1.718270668334995,1.1948715448379517,0.7722907285582249,Positive,Negative
K0m1tO3Ybyc$_$8,7,1.2144655702111555,0.7534545660018921,0.647440254416502,Positive,Negative
K8gp7ncdUl8$_$5,0,1.089895473409628,0.16583210229873657,0.4721710527798015,Positive,Neutral
K8gp7ncdUl8$_$5,1,0.5628752010979468,0.42728471755981445,0.5627789020348307,Positive,Neutral
K8gp7ncdUl8$_$5,2,0.8444406868022233,0.5089036822319031,0.5963040297498359,Positive,Neutral
K8gp7ncdUl8$_$5,3,0.3129949967587584,0.3561563789844513,0.5000955772521134,Positive,Neutral
K8gp7ncdUl8$_$5,4,1.601549147992862,0.14997613430023193,0.45434527354067333,Positive,Neutral
K8gp7ncdUl8$_$5,5,0.6787608371290254,0.4240823984146118,0.5578712765719586,Positive,Neutral
K8gp7ncdUl8$_$5,6,1.128433246441435,0.3730390667915344,0.5211223220593508,Positive,Neutral
K8gp7ncdUl8$_$5,7,0.3808225230320156,0.37411975860595703,0.48151684607017864,Positive,Neutral
KDjl2exStlI$_$10,0,-1.089895473409628,0.16583210229873657,0.15876829043619456,Neutral,Positive
KDjl2exStlI$_$10,1,0.46929725813471435,0.19454842805862427,0.521136124788298,Neutral,Positive
KDjl2exStlI$_$10,2,-0.38747269809309304,0.35145753622055054,0.3363059137438001,Neutral,Positive
KDjl2exStlI$_$10,3,0.37629461234811523,0.19940850138664246,0.49896669606547606,Neutral,Positive
KDjl2exStlI$_$10,4,-0.5248768676920907,-0.5835091471672058,0.10548068419534536,Neutral,Positive
KDjl2exStlI$_$10,5,0.8144700059355798,0.08509865403175354,0.5287130629091653,Neutral,Positive
KDjl2exStlI$_$10,6,-0.10260719421554976,0.06493338942527771,0.29850401369961926,Neutral,Positive
KDjl2exStlI$_$10,7,0.7054944465668559,0.13919572532176971,0.5219940251000743,Neutral,Positive
KDjl2exStlI$_$13,0,-1.089895473409628,0.16583210229873657,0.15876829043619456,Neutral,Positive
KDjl2exStlI$_$13,1,0.7511485961824179,0.12975329160690308,0.5765737586416252,Neutral,Positive
KDjl2exStlI$_$13,2,-0.31199054438189977,0.2925017476081848,0.3574284772894104,Neutral,Positive
KDjl2exStlI$_$13,3,0.49898397497272184,0.15524587035179138,0.5263806107305756,Neutral,Positive
KDjl2exStlI$_$13,4,-0.6161641556556876,-0.5021299719810486,0.10944804651053365,Neutral,Positive
KDjl2exStlI$_$13,5,0.8626522201407824,0.04170939326286316,0.5169869310519005,Neutral,Positive
KDjl2exStlI$_$13,6,-0.10109278823734336,0.07309100031852722,0.3180718564679577,Neutral,Positive
KDjl2exStlI$_$13,7,0.7425959251700752,0.11478674411773682,0.5200389106551454,Neutral,Positive
KDjl2exStlI$_$5,0,-1.089895473409628,0.16583210229873657,0.15876829043619456,Neutral,Positive
KDjl2exStlI$_$5,1,0.5587093842043919,0.1631845235824585,0.5423751748270726,Neutral,Positive
KDjl2exStlI$_$5,2,-0.8541472032749108,0.5271337032318115,0.25299693982952554,Neutral,Positive
KDjl2exStlI$_$5,3,0.22943100772585878,0.236164391040802,0.47095670705726567,Neutral,Positive
KDjl2exStlI$_$5,4,-0.6723038704824071,-0.2996591329574585,0.13211835935567715,Neutral,Positive
KDjl2exStlI$_$5,5,0.7231393546672863,0.10539206862449646,0.5366116553353313,Neutral,Positive
KDjl2exStlI$_$5,6,-0.28446361007748266,0.11859667301177979,0.27149759617215463,Neutral,Positive
KDjl2exStlI$_$5,7,0.5913259923891837,0.16371017694473267,0.5043116219838853,Neutral,Positive
KDjl2exStlI$_$4,0,-1.089895473409628,0.16583210229873657,0.15876829043619456,Neutral,Positive
KDjl2exStlI$_$4,1,-0.06267769422796488,0.27013036608695984,0.4231396670063359,Neutral,Positive
KDjl2exStlI$_$4,2,0.12369836638055043,0.2237565517425537,0.4332336474177232,Neutral,Positive
KDjl2exStlI$_$4,3,0.2694282724010314,0.21467110514640808,0.4812725945112914,Neutral,Positive
KDjl2exStlI$_$4,4,-0.7812995728605292,-0.4064047634601593,0.10757867471261398,Neutral,Positive
KDjl2exStlI$_$4,5,0.47155040004918003,0.1380314826965332,0.49106014366293865,Neutral,Positive
KDjl2exStlI$_$4,6,-0.10967523777728205,0.03828290104866028,0.2951490029317604,Neutral,Positive
KDjl2exStlI$_$4,7,0.5406058378285871,0.1557893455028534,0.4908259601395996,Neutral,Positive
KkKWFZZmmCM$_$1,0,0.2463803078319281,0.16583210229873657,0.4721710527798015,Positive,Negative
KkKWFZZmmCM$_$1,1,1.8230183088055318,1.3472802639007568,0.7939014977838016,Positive,Negative
KkKWFZZmmCM$_$1,2,1.3268926233678484,0.5216232538223267,0.5803295196451589,Positive,Negative
KkKWFZZmmCM$_$1,3,2.238717525386676,1.4091267585754395,0.832393735407391,Positive,Negative
KkKWFZZmmCM$_$1,4,0.2052791549328793,0.17230024933815002,0.45250287651369814,Positive,Negative
KkKWFZZmmCM$_$1,5,1.6249121579387902,1.1171256303787231,0.7788997173249635,Positive,Negative
KkKWFZZmmCM$_$1,6,0.48123836142504295,0.3039557933807373,0.46900414007684293,Positive,Negative
KkKWFZZmmCM$_$1,7,1.7904924617964586,1.1455031633377075,0.7824478603965611,Positive,Negative
KpMCvUyQCXg$_$1,0,1.089895473409628,0.16583210229873657,0.4721710527798015,Positive,Neutral
KpMCvUyQCXg$_$1,1,-0.857272298384446,0.17877617478370667,0.23850057723903523,Positive,Neutral
KpMCvUyQCXg$_$1,2,1.4804584615757568,0.8045132160186768,0.7314409195253195,Positive,Neutral
KpMCvUyQCXg$_$1,3,-0.24022841839341857,0.2635139226913452,0.3650902356203344,Positive,Neutral
KpMCvUyQCXg$_$1,4,2.185743671176872,1.0970131158828735,0.7687072662217278,Positive,Neutral
KpMCvUyQCXg$_$1,5,0.22011588934447723,0.363425612449646,0.45105168148247443,Positive,Neutral
KpMCvUyQCXg$_$1,6,1.8084145314282734,0.971747636795044,0.7662764843203241,Positive,Neutral
KpMCvUyQCXg$_$1,7,0.15913042344891815,0.3619534969329834,0.4397760241268565,Positive,Neutral
KpMCvUyQCXg$_$3,0,-1.089895473409628,0.16583210229873657,0.15876829043619456,Neutral,Positive
KpMCvUyQCXg$_$3,1,0.1402693048396063,0.2393774688243866,0.40778517811148796,Neutral,Positive
KpMCvUyQCXg$_$3,2,-0.18654097834532435,0.291790634393692,0.37825920759359843,Neutral,Positive
KpMCvUyQCXg$_$3,3,0.21428920754283187,0.21375787258148193,0.4404511436401409,Neutral,Positive
KpMCvUyQCXg$_$3,4,-1.067933441314707,0.6325467824935913,0.21656391117019114,Neutral,Positive
KpMCvUyQCXg$_$3,5,-0.07197286184988039,0.2182767391204834,0.3432251731227166,Neutral,Positive
KpMCvUyQCXg$_$3,6,-0.25321006458977,0.2933567464351654,0.3614608523411144,Neutral,Positive
KpMCvUyQCXg$_$3,7,0.22337630738344993,0.1762719750404358,0.4077380053508978,Neutral,Positive
KpMCvUyQCXg$_$5,0,1.089895473409628,0.16583210229873657,0.4721710527798015,Positive,Neutral
KpMCvUyQCXg$_$5,1,0.8827900829919729,0.572860836982727,0.6298825496846754,Positive,Neutral
KpMCvUyQCXg$_$5,2,1.4270079538269664,0.7575104832649231,0.7118767616376978,Positive,Neutral
KpMCvUyQCXg$_$5,3,0.839494197245733,0.5439503788948059,0.6179575999882829,Positive,Neutral
KpMCvUyQCXg$_$5,4,0.7562134043797238,0.5091991424560547,0.5608911603363493,Positive,Neutral
KpMCvUyQCXg$_$5,5,0.6000070128772667,0.49172544479370117,0.5594604559956062,Positive,Neutral
KpMCvUyQCXg$_$5,6,0.8606132763295951,0.508497953414917,0.5887880989495392,Positive,Neutral
KpMCvUyQCXg$_$5,7,0.45471523359601596,0.43914133310317993,0.5201739179429159,Positive,Neutral
L1eFHRQGFeg$_$2,0,-0.2463803078319281,0.16583210229873657,0.3690606567840039,Negative,Positive
L1eFHRQGFeg$_$2,1,1.3324978853445528,-0.36522606015205383,0.6739975284768108,Negative,Positive
L1eFHRQGFeg$_$2,2,-1.42413472133775,1.0415310859680176,0.1732418055084492,Negative,Positive
L1eFHRQGFeg$_$2,3,0.8987684339568397,0.01753612607717514,0.6130091938298045,Negative,Positive
L1eFHRQGFeg$_$2,4,-1.2798338643995044,0.7043758630752563,0.17541471141094772,Negative,Positive
L1eFHRQGFeg$_$2,5,0.8378186151800884,-0.05123123526573181,0.6094612364799821,Negative,Positive
L1eFHRQGFeg$_$2,6,-1.193423947055368,0.8272697925567627,0.1992995199953929,Negative,Positive
L1eFHRQGFeg$_$2,7,1.0465763283847662,-0.05725422501564026,0.6665638678437407,Negative,Positive
MCsvw5-7lVE$_$1,0,1.089895473409628,0.16583210229873657,0.4721710527798015,Positive,Neutral
MCsvw5-7lVE$_$1,1,2.1804904490347785,1.3897154331207275,0.8377733367457546,Positive,Neutral
MCsvw5-7lVE$_$1,2,0.7446234209951443,0.3868683874607086,0.5868995110138554,Positive,Neutral
MCsvw5-7lVE$_$1,3,1.963012741569365,1.0944585800170898,0.8197484769501293,Positive,Neutral
MCsvw5-7lVE$_$1,4,0.5097378879464823,0.33713898062705994,0.4599386512346803,Positive,Neutral
MCsvw5-7lVE$_$1,5,2.121932971557629,1.1568273305892944,0.8225132570153223,Positive,Neutral
MCsvw5-7lVE$_$1,6,0.45426941611576355,0.3650326132774353,0.5078723101103377,Positive,Neutral
MCsvw5-7lVE$_$1,7,1.8276726259010982,0.9973255395889282,0.7958351811556323,Positive,Neutral
MCsvw5-7lVE$_$2,0,1.089895473409628,0.16583210229873657,0.4721710527798015,Positive,Neutral
MCsvw5-7lVE$_$2,1,2.133249803066164,1.2813031673431396,0.8362615256621589,Positive,Neutral
MCsvw5-7lVE$_$2,2,0.5984351223768997,0.4135277271270752,0.5471526387702322,Positive,Neutral
MCsvw5-7lVE$_$2,3,1.8497037770060651,1.0120210647583008,0.8073301309372752,Positive,Neutral
MCsvw5-7lVE$_$2,4,0.5264187124213796,0.40746963024139404,0.5026708643973338,Positive,Neutral
MCsvw5-7lVE$_$2,5,1.8915475652688951,1.0160298347473145,0.7999552612544596,Positive,Neutral
MCsvw5-7lVE$_$2,6,0.33114593754514254,0.3605085015296936,0.4744079062770138,Positive,Neutral
MCsvw5-7lVE$_$2,7,1.4696998344554217,0.8292831182479858,0.7413430691851584,Positive,Neutral
MCsvw5-7lVE$_$4,0,1.089895473409628,0.16583210229873657,0.4721710527798015,Positive,Neutral
MCsvw5-7lVE$_$4,1,2.136577798432188,1.3276138305664062,0.8392216725341267,Positive,Neutral
MCsvw5-7lVE$_$4,2,0.0010582033370289956,0.2597271502017975,0.4200646313656503,Positive,Neutral
MCsvw5-7lVE$_$4,3,1.851627049931622,1.0404331684112549,0.8109187199704322,Positive,Neutral
MCsvw5-7lVE$_$4,4,1.6608565807728328,0.6483153700828552,0.6105584507644644,Positive,Neutral
MCsvw5-7lVE$_$4,5,2.1616085887690994,1.2044490575790405,0.8245413936773183,Positive,Neutral
MCsvw5-7lVE$_$4,6,0.5423177517789282,0.40068483352661133,0.51042963657398,Positive,Neutral
MCsvw5-7lVE$_$4,7,1.7328395689326996,0.9833948612213135,0.783814873371273,Positive,Neutral
MMpo2bDk-DU$_$10,0,-1.089895473409628,0.16583210229873657,0.15876829043619456,Neutral,Positive
MMpo2bDk-DU$_$10,1,-0.17780855005242813,0.35140275955200195,0.3665536964128166,Neutral,Positive
MMpo2bDk-DU$_$10,2,-0.5248943131184043,0.42261022329330444,0.3032316319203088,Neutral,Positive
MMpo2bDk-DU$_$10,3,-0.11116829239189074,0.3153403401374817,0.3786829466292661,Neutral,Positive
MMpo2bDk-DU$_$10,4,-0.22917459441331056,0.22846388816833496,0.3173511280838553,Neutral,Positive
MMpo2bDk-DU$_$10,5,0.10627607702994046,0.21292424201965332,0.390571940651538,Neutral,Positive
MMpo2bDk-DU$_$10,6,-0.08699274352670516,0.2144131362438202,0.35622295296048867,Neutral,Positive
MMpo2bDk-DU$_$10,7,0.18030020632906707,0.2034267783164978,0.4067884782515985,Neutral,Positive
MMpo2bDk-DU$_$17,0,-1.089895473409628,0.16583210229873657,0.15876829043619456,Neutral,Positive
MMpo2bDk-DU$_$17,1,0.39577982116156074,0.18984079360961914,0.500685073098656,Neutral,Positive
MMpo2bDk-DU$_$17,2,-1.4154596922068123,0.839509129524231,0.17149625940877108,Neutral,Positive
MMpo2bDk-DU$_$17,3,-0.04864492864761405,0.30661290884017944,0.4053320932572801,Neutral,Positive
MMpo2bDk-DU$_$17,4,-0.5804579193785347,0.33561253547668457,0.26663156475196625,Neutral,Positive
MMpo2bDk-DU$_$17,5,0.19863055563020915,0.21602416038513184,0.4402589760985431,Neutral,Positive
MMpo2bDk-DU$_$17,6,-0.7586665264555021,0.4601527452468872,0.25154605675375713,Neutral,Positive
MMpo2bDk-DU$_$17,7,0.02985715456258542,0.26743245124816895,0.39431748553616675,Neutral,Positive
MMpo2bDk-DU$_$16,0,-1.089895473409628,0.16583210229873657,0.15876829043619456,Neutral,Positive
MMpo2bDk-DU$_$16,1,0.19758326767769885,0.26465296745300293,0.4632855557090253,Neutral,Positive
MMpo2bDk-DU$_$16,2,-1.1161510027491923,0.6155884265899658,0.19796450685394829,Neutral,Positive
MMpo2bDk-DU$_$16,3,0.034362529626273064,0.2999400794506073,0.4213917251926879,Neutral,Positive
MMpo2bDk-DU$_$16,4,-0.8865721548371639,0.33043378591537476,0.19538258542408993,Neutral,Positive
MMpo2bDk-DU$_$16,5,0.11101759997634297,0.26906460523605347,0.4144237576133527,Neutral,Positive
MMpo2bDk-DU$_$16,6,-0.8070250744460539,0.3328654170036316,0.21512978629790833,Neutral,Positive
MMpo2bDk-DU$_$16,7,0.06566082122528838,0.2575967311859131,0.3951266472096834,Neutral,Positive
MMpo2bDk-DU$_$19,0,1.089895473409628,0.16583210229873657,0.4721710527798015,Positive,Neutral
MMpo2bDk-DU$_$19,1,1.8027142856328615,1.0634703636169434,0.8007926218252077,Positive,Neutral
MMpo2bDk-DU$_$19,2,1.3108953766817544,0.734578549861908,0.6607842175060548,Positive,Neutral
MMpo2bDk-DU$_$19,3,1.743070312657449,0.9567441940307617,0.7955089160631279,Positive,Neutral
MMpo2bDk-DU$_$19,4,0.8156668803153525,0.23257315158843994,0.4168816548105543,Positive,Neutral
MMpo2bDk-DU$_$19,5,1.8472276178007958,1.038074254989624,0.8037112284663944,Positive,Neutral
MMpo2bDk-DU$_$19,6,0.9904255110453154,0.5304253101348877,0.5525786080251365,Positive,Neutral
MMpo2bDk-DU$_$19,7,1.564081653211674,0.8789414763450623,0.7629361628761727,Positive,Neutral
MjaaudUc5-4$_$1,0,-0.2463803078319281,0.16583210229873657,0.3690606567840039,Negative,Positive
MjaaudUc5-4$_$1,1,2.8950864158367957,-1.6722662448883057,0.9044992397815055,Negative,Positive
MjaaudUc5-4$_$1,2,-0.9834904265548893,0.44207632541656494,0.1987589757045977,Negative,Positive
MjaaudUc5-4$_$1,3,2.349091073137382,-0.882682740688324,0.8660556592197914,Negative,Positive
MjaaudUc5-4$_$1,4,0.41661527921021047,-0.09260695427656174,0.48722456990317187,Negative,Positive
MjaaudUc5-4$_$1,5,2.9589240622569526,-1.6415725946426392,0.9177020523213605,Negative,Positive
MjaaudUc5-4$_$1,6,-0.09191923607617802,0.15518391132354736,0.3489602679272441,Negative,Positive
MjaaudUc5-4$_$1,7,2.8488668100064722,-1.3072261810302734,0.9146661860535507,Negative,Positive
MjaaudUc5-4$_$0,0,1.089895473409628,0.16583210229873657,0.4721710527798015,Positive,Neutral
MjaaudUc5-4$_$0,1,2.244854241513007,1.4241433143615723,0.8265195236787588,Positive,Neutral
MjaaudUc5-4$_$0,2,-0.559246697259622,0.10501955449581146,0.25642506923577135,Positive,Neutral
MjaaudUc5-4$_$0,3,1.715937586510921,1.0345485210418701,0.7719351239155521,Positive,Neutral
MjaaudUc5-4$_$0,4,-0.02897255588896086,-0.13405241072177887,0.31459875064005416,Positive,Neutral
MjaaudUc5-4$_$0,5,1.879004775900769,0.912787675857544,0.7492349139648131,Positive,Neutral
MjaaudUc5-4$_$0,6,-0.4621889330157951,-0.05697425454854965,0.24599756531352115,Positive,Neutral
MjaaudUc5-4$_$0,7,0.8230712109603079,0.5531426072120667,0.5764658013666681,Positive,Neutral
MjaaudUc5-4$_$3,0,1.089895473409628,0.16583210229873657,0.4721710527798015,Positive,Neutral
MjaaudUc5-4$_$3,1,2.1123361234106777,1.3133814334869385,0.8319702554679115,Positive,Neutral
MjaaudUc5-4$_$3,2,0.5549068809620181,0.4041491150856018,0.48242597117021124,Positive,Neutral
MjaaudUc5-4$_$3,3,1.6382520921680603,0.9703550338745117,0.7733029607371206,Positive,Neutral
MjaaudUc5-4$_$3,4,0.0723096735103348,0.08140754699707031,0.3813777756594262,Positive,Neutral
MjaaudUc5-4$_$3,5,1.82674687758789,0.9386987686157227,0.7902983422286163,Positive,Neutral
MjaaudUc5-4$_$3,6,0.18232334496317337,0.17843389511108398,0.3849551494463032,Positive,Neutral
MjaaudUc5-4$_$3,7,1.0372346238833474,0.6477186679840088,0.6495331387333988,Positive,Neutral
MjaaudUc5-4$_$6,0,0.8435151655776999,0.16583210229873657,0.3690606567840039,Negative,Neutral
MjaaudUc5-4$_$6,1,0.361786315159363,-0.11113479733467102,0.4705574515931665,Negative,Neutral
MjaaudUc5-4$_$6,2,0.1744679339483277,0.22885096073150635,0.3292289970582548,Negative,Neutral
MjaaudUc5-4$_$6,3,0.22659521534924254,-0.009794428944587708,0.4291894314004024,Negative,Neutral
MjaaudUc5-4$_$6,4,-0.00028358572293241124,0.4487802982330322,0.21548389477463442,Negative,Neutral
MjaaudUc5-4$_$6,5,1.0903615764288515,-0.16795745491981506,0.589181346295227,Negative,Neutral
MjaaudUc5-4$_$6,6,0.09363650931904632,0.1914452314376831,0.307320459729561,Negative,Neutral
MjaaudUc5-4$_$6,7,0.9452158705285049,-0.1513807475566864,0.5773567136781339,Negative,Neutral
MoQmPA7Q07Q$_$1,0,1.089895473409628,0.16583210229873657,0.4721710527798015,Positive,Neutral
MoQmPA7Q07Q$_$1,1,1.5771891508032798,0.8683121800422668,0.7640549628862532,Positive,Neutral
MoQmPA7Q07Q$_$1,2,0.7497127590404014,0.5346463918685913,0.5664190366013869,Positive,Neutral
MoQmPA7Q07Q$_$1,3,1.1516310654429582,0.6728515625,0.6861729166252323,Positive,Neutral
MoQmPA7Q07Q$_$1,4,1.5597993810965558,0.8702415823936462,0.7049004307123334,Positive,Neutral
MoQmPA7Q07Q$_$1,5,1.6065689454458454,0.8724641799926758,0.7591200871382386,Positive,Neutral
MoQmPA7Q07Q$_$1,6,0.9228803275217191,0.6044331789016724,0.5953507275551111,Positive,Neutral
MoQmPA7Q07Q$_$1,7,1.0861649642983278,0.6763696074485779,0.6652590161484051,Positive,Neutral
MoQmPA7Q07Q$_$2,0,1.089895473409628,0.16583210229873657,0.4721710527798015,Positive,Neutral
MoQmPA7Q07Q$_$2,1,2.2533643138407404,1.5162267684936523,0.826870140156356,Positive,Neutral
MoQmPA7Q07Q$_$2,2,0.7160816323488574,0.5454555749893188,0.5713144249551407,Positive,Neutral
MoQmPA7Q07Q$_$2,3,2.3636556508135875,1.5232819318771362,0.8550688981804097,Positive,Neutral
MoQmPA7Q07Q$_$2,4,1.8728272978082048,0.9972231388092041,0.7319078291254576,Positive,Neutral
MoQmPA7Q07Q$_$2,5,2.434791334175307,1.4687838554382324,0.8361775716604137,Positive,Neutral
MoQmPA7Q07Q$_$2,6,1.2496049124491448,0.760694146156311,0.6650480871747776,Positive,Neutral
MoQmPA7Q07Q$_$2,7,2.4519549415075117,1.5137046575546265,0.8569166108926113,Positive,Neutral
N1X63d_jgmw$_$5,0,1.089895473409628,0.16583210229873657,0.4721710527798015,Positive,Neutral
N1X63d_jgmw$_$5,1,1.3019017750771624,0.7601528167724609,0.7049003233582642,Positive,Neutral
N1X63d_jgmw$_$5,2,1.3651733392833048,0.7296967506408691,0.6974403923300048,Positive,Neutral
N1X63d_jgmw$_$5,3,1.087093354560837,0.6546974182128906,0.6602557695599128,Positive,Neutral
N1X63d_jgmw$_$5,4,-0.23941761183169774,0.26565229892730713,0.36535098486624507,Positive,Neutral
N1X63d_jgmw$_$5,5,0.5347746390626402,0.46289074420928955,0.542163527740991,Positive,Neutral
N1X63d_jgmw$_$5,6,0.31133221673105393,0.3766724467277527,0.47667717638626483,Positive,Neutral
N1X63d_jgmw$_$5,7,0.5283980266394848,0.4648923873901367,0.5338714249394362,Positive,Neutral
N5xfBtD6rLY$_$7,0,1.089895473409628,0.16583210229873657,0.4721710527798015,Positive,Neutral
N5xfBtD6rLY$_$7,1,0.6212782219044446,0.43706488609313965,0.5859706618192047,Positive,Neutral
N5xfBtD6rLY$_$7,2,0.8061781904340735,0.4782407879829407,0.5789458351629063,Positive,Neutral
N5xfBtD6rLY$_$7,3,0.40353399133176326,0.34717857837677,0.5286498541124957,Positive,Neutral
N5xfBtD6rLY$_$7,4,1.089895473409628,0.16583210229873657,0.4721710527798015,Positive,Neutral
N5xfBtD6rLY$_$7,5,0.6212782219044446,0.43706488609313965,0.5859706618192047,Positive,Neutral
N5xfBtD6rLY$_$7,6,0.8061781904340735,0.4782407879829407,0.5789458351629063,Positive,Neutral
N5xfBtD6rLY$_$7,7,0.40353399133176326,0.34717857837677,0.5286498541124957,Positive,Neutral
NoZsdSGnNpI$_$7,0,1.089895473409628,0.16583210229873657,0.4721710527798015,Positive,Neutral
NoZsdSGnNpI$_$7,1,2.166882965213212,1.2970647811889648,0.8227567945617803,Positive,Neutral
NoZsdSGnNpI$_$7,2,0.8951677913407967,0.5744145512580872,0.6082529345678308,Positive,Neutral
NoZsdSGnNpI$_$7,3,1.9161593731045006,1.111194372177124,0.8051164268418771,Positive,Neutral
NoZsdSGnNpI$_$7,4,0.7827454021617035,-0.07952703535556793,0.31624922024789853,Positive,Neutral
NoZsdSGnNpI$_$7,5,2.0725131903571605,1.0341380834579468,0.7842089770069268,Positive,Neutral
NoZsdSGnNpI$_$7,6,0.5819174613408299,0.27652737498283386,0.4471248274683597,Positive,Neutral
NoZsdSGnNpI$_$7,7,1.6511132471611965,0.921955943107605,0.7388198487463147,Positive,Neutral
Nrurc5sMUOE$_$5,0,-0.2463803078319281,0.16583210229873657,0.3690606567840039,Negative,Positive
Nrurc5sMUOE$_$5,1,3.0670046908610686,-1.8829338550567627,0.9106952300636966,Negative,Positive
Nrurc5sMUOE$_$5,2,-1.691704040030214,0.6169309616088867,0.12065545227171935,Negative,Positive
Nrurc5sMUOE$_$5,3,2.5564168190064276,-1.1421115398406982,0.8790094920255281,Negative,Positive
Nrurc5sMUOE$_$5,4,0.9887610898551106,-0.26194697618484497,0.610229727646148,Negative,Positive
Nrurc5sMUOE$_$5,5,3.0651879156147084,-1.6181341409683228,0.9204746493546225,Negative,Positive
Nrurc5sMUOE$_$5,6,-0.363317967824768,0.24352812767028809,0.29599201822838755,Negative,Positive
Nrurc5sMUOE$_$5,7,2.798048006628827,-1.2507975101470947,0.9076528527773075,Negative,Positive
Nrurc5sMUOE$_$7,0,-0.8435151655776999,0.16583210229873657,0.15876829043619456,Neutral,Negative
Nrurc5sMUOE$_$7,1,0.796315058756712,0.043678849935531616,0.5649284439323713,Neutral,Negative
Nrurc5sMUOE$_$7,2,0.5904185430500548,0.5356013774871826,0.24780393497588785,Neutral,Negative
Nrurc5sMUOE$_$7,3,0.842011236244015,0.1461680829524994,0.5006802630626179,Neutral,Negative
Nrurc5sMUOE$_$7,4,-1.9768240548388036,-0.6993870139122009,0.10336723985031976,Neutral,Negative
Nrurc5sMUOE$_$7,5,-0.676447388759923,-0.2882348299026489,0.28569470308067535,Neutral,Negative
Nrurc5sMUOE$_$7,6,-0.15020169911407844,0.0847470611333847,0.2982091969134572,Neutral,Negative
Nrurc5sMUOE$_$7,7,0.11321137151548633,0.025571554899215698,0.4094736312255159,Neutral,Negative
Nrurc5sMUOE$_$8,0,0.8435151655776999,0.16583210229873657,0.3690606567840039,Negative,Neutral
Nrurc5sMUOE$_$8,1,0.12826781681476684,-0.0492485910654068,0.4248132254601551,Negative,Neutral
Nrurc5sMUOE$_$8,2,-0.6813940113647021,0.5926789045333862,0.12007639701701911,Negative,Neutral
Nrurc5sMUOE$_$8,3,-0.608072385653117,0.15291738510131836,0.24631803478022454,Negative,Neutral
Nrurc5sMUOE$_$8,4,1.6092273818565261,-0.2294544279575348,0.6325518693834069,Negative,Neutral
Nrurc5sMUOE$_$8,5,1.065075749425477,-0.20452241599559784,0.6059184875512025,Negative,Neutral
Nrurc5sMUOE$_$8,6,-0.06611683850216843,0.31048133969306946,0.25826482095319947,Negative,Neutral
Nrurc5sMUOE$_$8,7,0.15724449310061328,0.06913407146930695,0.3905511998573404,Negative,Neutral
NzvNW7vP-Co$_$5,0,1.089895473409628,0.16583210229873657,0.4721710527798015,Positive,Neutral
NzvNW7vP-Co$_$5,1,2.190652109671223,1.3593103885650635,0.8338305444002608,Positive,Neutral
NzvNW7vP-Co$_$5,2,1.3305511502719871,0.7263753414154053,0.6860139635926894,Positive,Neutral
NzvNW7vP-Co$_$5,3,2.193389672218014,1.281663417816162,0.8422564428893844,Positive,Neutral
NzvNW7vP-Co$_$5,4,0.7975144983385942,-0.5023679137229919,0.16690254749690817,Positive,Neutral
NzvNW7vP-Co$_$5,5,2.272466393733833,1.208949327468872,0.8301621531942357,Positive,Neutral
NzvNW7vP-Co$_$5,6,0.8627883432501927,0.33873817324638367,0.4258330316533629,Positive,Neutral
NzvNW7vP-Co$_$5,7,2.1052914481331797,1.192899227142334,0.8202015099988496,Positive,Neutral
NzvNW7vP-Co$_$4,0,-1.089895473409628,0.16583210229873657,0.15876829043619456,Neutral,Positive
NzvNW7vP-Co$_$4,1,0.5119124176724126,0.17132353782653809,0.5352901615096431,Neutral,Positive
NzvNW7vP-Co$_$4,2,-0.30428576530133833,0.41913938522338867,0.3433299013828065,Neutral,Positive
NzvNW7vP-Co$_$4,3,0.42802910963927043,0.21362632513046265,0.5097933738202903,Neutral,Positive
NzvNW7vP-Co$_$4,4,-0.8521608013023196,-0.6336640119552612,0.07463835774711762,Neutral,Positive
NzvNW7vP-Co$_$4,5,0.5960521056909919,0.07796745002269745,0.47103233557981183,Neutral,Positive
NzvNW7vP-Co$_$4,6,-0.3051231810921222,0.09148728847503662,0.23805910692691773,Neutral,Positive
NzvNW7vP-Co$_$4,7,0.6402718482426774,0.15524950623512268,0.49473469440012463,Neutral,Positive
NzvNW7vP-Co$_$7,0,0.2463803078319281,0.16583210229873657,0.4721710527798015,Positive,Negative
NzvNW7vP-Co$_$7,1,2.178265446977214,1.4171069860458374,0.8228443966407629,Positive,Negative
NzvNW7vP-Co$_$7,2,1.2512379138987044,0.4354158639907837,0.5489840752378509,Positive,Negative
NzvNW7vP-Co$_$7,3,2.450499249750021,1.3319146633148193,0.8382121810788712,Positive,Negative
NzvNW7vP-Co$_$7,4,-1.465549819943417,-0.5563595294952393,0.17381927583900642,Positive,Negative
NzvNW7vP-Co$_$7,5,1.9656860394260782,1.2640657424926758,0.8157185459104034,Positive,Negative
NzvNW7vP-Co$_$7,6,-0.002760451217583504,0.240369975566864,0.3852710687075357,Positive,Negative
NzvNW7vP-Co$_$7,7,2.0869494820198153,1.250954270362854,0.8125892183331158,Positive,Negative
OLP0nCKwU6k$_$6,0,0.8435151655776999,0.16583210229873657,0.3690606567840039,Negative,Neutral
OLP0nCKwU6k$_$6,1,-0.0897147606460551,0.028208985924720764,0.37159514323621534,Negative,Neutral
OLP0nCKwU6k$_$6,2,-0.5937006054132585,0.2439771294593811,0.21178537639906833,Negative,Neutral
OLP0nCKwU6k$_$6,3,-0.08811981233790545,0.044274091720581055,0.3685421029365463,Negative,Neutral
OLP0nCKwU6k$_$6,4,-0.1569085918147728,0.2151699662208557,0.2929929186719156,Negative,Neutral
OLP0nCKwU6k$_$6,5,0.4762917222901253,0.004052355885505676,0.4686004069807705,Negative,Neutral
OLP0nCKwU6k$_$6,6,-0.2671623296056054,0.192857563495636,0.284070783654218,Negative,Neutral
OLP0nCKwU6k$_$6,7,0.663472542310953,-0.0246332585811615,0.5139127478769411,Negative,Neutral
OrYBtyO0aPI$_$1,0,-1.089895473409628,0.16583210229873657,0.15876829043619456,Neutral,Positive
OrYBtyO0aPI$_$1,1,0.18632254142451732,0.23788589239120483,0.43301774901393236,Neutral,Positive
OrYBtyO0aPI$_$1,2,0.03194892038663988,0.23793652653694153,0.4211958873242927,Neutral,Positive
OrYBtyO0aPI$_$1,3,0.439743958226839,0.1947176456451416,0.492700188109243,Neutral,Positive
OrYBtyO0aPI$_$1,4,0.12146888443722137,0.12926426529884338,0.35963730272974687,Neutral,Positive
OrYBtyO0aPI$_$1,5,0.4284715773155603,0.19667720794677734,0.46707320028120847,Neutral,Positive
OrYBtyO0aPI$_$1,6,0.2059972676049362,0.217304527759552,0.4368434064747235,Neutral,Positive
OrYBtyO0aPI$_$1,7,0.5289638361963138,0.19013258814811707,0.4958785094135997,Neutral,Positive
OrYBtyO0aPI$_$4,0,1.089895473409628,0.16583210229873657,0.4721710527798015,Positive,Neutral
OrYBtyO0aPI$_$4,1,1.9151699791569654,1.2074990272521973,0.812813487923672,Positive,Neutral
OrYBtyO0aPI$_$4,2,0.42199502484919504,0.3607417345046997,0.5257463049298463,Positive,Neutral
OrYBtyO0aPI$_$4,3,1.4447428851086628,0.8120166063308716,0.7502686212770663,Positive,Neutral
OrYBtyO0aPI$_$4,4,0.5212469521841351,0.36384767293930054,0.5010361969968199,Positive,Neutral
OrYBtyO0aPI$_$4,5,1.3282481873203746,0.7974755167961121,0.7163748084880893,Positive,Neutral
OrYBtyO0aPI$_$4,6,0.1526221881509392,0.2747291326522827,0.4515261297261073,Positive,Neutral
OrYBtyO0aPI$_$4,7,0.7974197973520334,0.546803891658783,0.6168686589086441,Positive,Neutral
PboaYD5hlG8$_$10,0,1.089895473409628,0.16583210229873657,0.4721710527798015,Positive,Neutral
PboaYD5hlG8$_$10,1,1.513742891827112,0.8219777345657349,0.7630924641883452,Positive,Neutral
PboaYD5hlG8$_$10,2,0.8134761916799294,0.4576539397239685,0.6056843471537892,Positive,Neutral
PboaYD5hlG8$_$10,3,1.1389182199115606,0.5967177152633667,0.6941527873907737,Positive,Neutral
PboaYD5hlG8$_$10,4,1.061191115142651,0.4546319246292114,0.5362879560016991,Positive,Neutral
PboaYD5hlG8$_$10,5,1.3039546021468904,0.7085750102996826,0.7203720531284555,Positive,Neutral
PboaYD5hlG8$_$10,6,0.612233340936109,0.4120470881462097,0.5404314359734637,Positive,Neutral
PboaYD5hlG8$_$10,7,0.7899856434214736,0.5049650073051453,0.6149495605418936,Positive,Neutral
PboaYD5hlG8$_$3,0,1.089895473409628,0.16583210229873657,0.4721710527798015,Positive,Neutral
PboaYD5hlG8$_$3,1,1.9524805042139834,1.1885693073272705,0.8098185221879209,Positive,Neutral
PboaYD5hlG8$_$3,2,0.28916751091259185,0.28750982880592346,0.4807406193623987,Positive,Neutral
PboaYD5hlG8$_$3,3,1.1963796021160094,0.678261935710907,0.6919869573613658,Positive,Neutral
PboaYD5hlG8$_$3,4,1.4834046113736614,0.7121468782424927,0.6317067508977984,Positive,Neutral
PboaYD5hlG8$_$3,5,1.7609043472097308,0.9680726528167725,0.7592994749742014,Positive,Neutral
PboaYD5hlG8$_$3,6,0.5460394841492967,0.39127635955810547,0.5099039620363357,Positive,Neutral
PboaYD5hlG8$_$3,7,0.9542437381248667,0.6187945008277893,0.6247549693843459,Positive,Neutral
PboaYD5hlG8$_$2,0,1.089895473409628,0.16583210229873657,0.4721710527798015,Positive,Neutral
PboaYD5hlG8$_$2,1,0.11544177102315345,0.34686028957366943,0.4665855174457258,Positive,Neutral
PboaYD5hlG8$_$2,2,1.4358016016901156,0.753143846988678,0.7015440229841452,Positive,Neutral
PboaYD5hlG8$_$2,3,0.3910150352734941,0.3902091085910797,0.5246602791402076,Positive,Neutral
PboaYD5hlG8$_$2,4,1.1706900674104825,0.5430684089660645,0.5813104185209147,Positive,Neutral
PboaYD5hlG8$_$2,5,0.19805740759308088,0.364053338766098,0.47566651684840244,Positive,Neutral
PboaYD5hlG8$_$2,6,1.0493883492107616,0.5658133625984192,0.6030545368892002,Positive,Neutral
PboaYD5hlG8$_$2,7,0.15633169966219163,0.3605828583240509,0.46006028247715075,Positive,Neutral
PboaYD5hlG8$_$7,0,1.089895473409628,0.16583210229873657,0.4721710527798015,Positive,Neutral
PboaYD5hlG8$_$7,1,0.818910857039858,0.49576354026794434,0.6118459776767137,Positive,Neutral
PboaYD5hlG8$_$7,2,0.90643493922527,0.47627294063568115,0.6159502761453144,Positive,Neutral
PboaYD5hlG8$_$7,3,0.5225104009229591,0.3926216661930084,0.5406642281018383,Positive,Neutral
PboaYD5hlG8$_$7,4,0.37205114619161783,0.3247455954551697,0.4349635253881851,Positive,Neutral
PboaYD5hlG8$_$7,5,0.3315671487254882,0.3655970096588135,0.48468787240162003,Positive,Neutral
PboaYD5hlG8$_$7,6,0.4935047301157045,0.38437557220458984,0.5011907721752854,Positive,Neutral
PboaYD5hlG8$_$7,7,0.251629124939174,0.34876465797424316,0.4635808328980717,Positive,Neutral
PboaYD5hlG8$_$9,0,1.089895473409628,0.16583210229873657,0.4721710527798015,Positive,Neutral
PboaYD5hlG8$_$9,1,-0.8853874812259586,0.12747810781002045,0.23780649165540368,Positive,Neutral
PboaYD5hlG8$_$9,2,0.7380579949995344,0.4075894355773926,0.5792624703483221,Positive,Neutral
PboaYD5hlG8$_$9,3,-0.47614659301443374,0.14015460014343262,0.31356825521386916,Positive,Neutral
PboaYD5hlG8$_$9,4,2.3262877779166096,1.3002252578735352,0.7882325999525636,Positive,Neutral
PboaYD5hlG8$_$9,5,0.9111366138253556,0.574370265007019,0.6238465215977341,Positive,Neutral
PboaYD5hlG8$_$9,6,1.8477850748915907,1.0323615074157715,0.7711577236875109,Positive,Neutral
PboaYD5hlG8$_$9,7,0.4266117745009679,0.4287848472595215,0.5049358613942818,Positive,Neutral
PboaYD5hlG8$_$8,0,-0.2463803078319281,0.16583210229873657,0.3690606567840039,Negative,Positive
PboaYD5hlG8$_$8,1,1.7965219167395494,-0.8348307609558105,0.7946189240989004,Negative,Positive
PboaYD5hlG8$_$8,2,-0.9431903337868873,0.190746009349823,0.175188332758639,Negative,Positive
PboaYD5hlG8$_$8,3,0.8416823246129116,-0.11828924715518951,0.5638399009387058,Negative,Positive
PboaYD5hlG8$_$8,4,-1.7848168721578817,1.3090234994888306,0.13266369443473658,Negative,Positive
PboaYD5hlG8$_$8,5,0.4542632381468069,0.1715717315673828,0.5801399857277105,Negative,Positive
PboaYD5hlG8$_$8,6,-1.849751238429579,0.9072343111038208,0.11641238300189864,Negative,Positive
PboaYD5hlG8$_$8,7,0.9868615535573088,-0.04573962837457657,0.6793487653776175,Negative,Positive
Pt-D0LUHDSc$_$2,0,1.089895473409628,0.16583210229873657,0.4721710527798015,Positive,Neutral
Pt-D0LUHDSc$_$2,1,1.2064453772498143,0.683580219745636,0.7025265660445027,Positive,Neutral
Pt-D0LUHDSc$_$2,2,1.2437212910847746,0.6866390705108643,0.6910283435561001,Positive,Neutral
Pt-D0LUHDSc$_$2,3,1.1369943040024961,0.6071688532829285,0.6920695842610852,Positive,Neutral
Pt-D0LUHDSc$_$2,4,2.1815549730540624,1.124352216720581,0.7648527322988908,Positive,Neutral
Pt-D0LUHDSc$_$2,5,1.6052649522658045,0.8898003101348877,0.7704960082511746,Positive,Neutral
Pt-D0LUHDSc$_$2,6,1.5784950340737878,0.875953197479248,0.742094441042035,Positive,Neutral
Pt-D0LUHDSc$_$2,7,1.3452260304930168,0.7288668751716614,0.7306025856544178,Positive,Neutral
PwapK9d8IGk$_$4,0,-1.089895473409628,0.16583210229873657,0.15876829043619456,Neutral,Positive
PwapK9d8IGk$_$4,1,-0.27395455184531226,0.33737194538116455,0.3501507159985183,Neutral,Positive
PwapK9d8IGk$_$4,2,-0.32863916007792215,0.35798710584640503,0.3416896158142841,Neutral,Positive
PwapK9d8IGk$_$4,3,0.0054274049908890065,0.2768199145793915,0.3991666685222966,Neutral,Positive
PwapK9d8IGk$_$4,4,-0.07175903041155918,0.16971194744110107,0.31971548672003225,Neutral,Positive
PwapK9d8IGk$_$4,5,-0.1313770389108012,0.2881706953048706,0.35092970661637135,Neutral,Positive
PwapK9d8IGk$_$4,6,-0.007407051292845912,0.22811955213546753,0.3575162028916226,Neutral,Positive
PwapK9d8IGk$_$4,7,0.016444384795907485,0.26052984595298767,0.3748855552558856,Neutral,Positive
PyQrAYl1bFs$_$0,0,1.089895473409628,0.16583210229873657,0.4721710527798015,Positive,Neutral
PyQrAYl1bFs$_$0,1,1.2498833090355537,0.7842194437980652,0.7113170988125742,Positive,Neutral
PyQrAYl1bFs$_$0,2,0.4783979613087226,0.45379412174224854,0.5273226393266558,Positive,Neutral
PyQrAYl1bFs$_$0,3,0.7658126413053374,0.5374082922935486,0.6177074967495328,Positive,Neutral
PyQrAYl1bFs$_$0,4,2.212384790914623,0.8826355338096619,0.6975924665375315,Positive,Neutral
PyQrAYl1bFs$_$0,5,1.6992930978003367,0.9672796726226807,0.7828903333598369,Positive,Neutral
PyQrAYl1bFs$_$0,6,1.1571925568815224,0.6020457148551941,0.6327363592119299,Positive,Neutral
PyQrAYl1bFs$_$0,7,0.843204809403379,0.5709474086761475,0.6280533303280661,Positive,Neutral
PyQrAYl1bFs$_$3,0,0.2463803078319281,0.16583210229873657,0.4721710527798015,Positive,Negative
PyQrAYl1bFs$_$3,1,2.0455662190685446,1.502783179283142,0.8136708454476668,Positive,Negative
PyQrAYl1bFs$_$3,2,1.391347895389801,0.5036442279815674,0.6004696328713436,Positive,Negative
PyQrAYl1bFs$_$3,3,2.4263982040006207,1.5332189798355103,0.8529442824541967,Positive,Negative
PyQrAYl1bFs$_$3,4,1.1332739982846491,0.8599161505699158,0.6902624382287821,Positive,Negative
PyQrAYl1bFs$_$3,5,1.9368818601739455,1.4500457048416138,0.8150241219561308,Positive,Negative
PyQrAYl1bFs$_$3,6,1.2396374017567986,0.5888345241546631,0.6370113777531548,Positive,Negative
PyQrAYl1bFs$_$3,7,2.307081629939244,1.5178512334823608,0.8500955532392027,Positive,Negative
PyQrAYl1bFs$_$4,0,1.089895473409628,0.16583210229873657,0.4721710527798015,Positive,Neutral
PyQrAYl1bFs$_$4,1,1.9686465365335504,1.2558023929595947,0.8123660371820445,Positive,Neutral
PyQrAYl1bFs$_$4,2,1.0605906585512885,0.5383392572402954,0.6521776951123861,Positive,Neutral
PyQrAYl1bFs$_$4,3,1.759417755959769,0.9594810009002686,0.7958707324652989,Positive,Neutral
PyQrAYl1bFs$_$4,4,0.606584663467501,0.2669485807418823,0.46612259095450514,Positive,Neutral
PyQrAYl1bFs$_$4,5,1.7673564263739736,0.9549504518508911,0.7878194882903927,Positive,Neutral
PyQrAYl1bFs$_$4,6,0.5140279907939178,0.3121235966682434,0.48933108548498677,Positive,Neutral
PyQrAYl1bFs$_$4,7,1.1991043300320172,0.6857352256774902,0.6940677270385568,Positive,Neutral
Q4WzApjaCNI$_$0,0,1.089895473409628,0.16583210229873657,0.4721710527798015,Positive,Neutral
Q4WzApjaCNI$_$0,1,0.5156793309834209,0.45805633068084717,0.5460301021669887,Positive,Neutral
Q4WzApjaCNI$_$0,2,1.312974899681472,0.8185736536979675,0.6971419123270974,Positive,Neutral
Q4WzApjaCNI$_$0,3,0.4905346173548889,0.4858289957046509,0.5406159560604754,Positive,Neutral
Q4WzApjaCNI$_$0,4,1.089895473409628,0.16583210229873657,0.4721710527798015,Positive,Neutral
Q4WzApjaCNI$_$0,5,0.5156793309834209,0.45805633068084717,0.5460301021669887,Positive,Neutral
Q4WzApjaCNI$_$0,6,1.312974899681472,0.8185736536979675,0.6971419123270974,Positive,Neutral
Q4WzApjaCNI$_$0,7,0.4905346173548889,0.4858289957046509,0.5406159560604754,Positive,Neutral
Q7S0tX4FUNA$_$4,0,-1.089895473409628,0.16583210229873657,0.15876829043619456,Neutral,Positive
Q7S0tX4FUNA$_$4,1,0.12226144777129544,0.27124130725860596,0.4515919653820336,Neutral,Positive
Q7S0tX4FUNA$_$4,2,-0.4006617381484253,0.3976261019706726,0.3372287430563999,Neutral,Positive
Q7S0tX4FUNA$_$4,3,0.1694104814875531,0.2525094449520111,0.4582377773730019,Neutral,Positive
Q7S0tX4FUNA$_$4,4,-0.40523900065503804,0.26088306307792664,0.28043263043108124,Neutral,Positive
Q7S0tX4FUNA$_$4,5,0.283852858703629,0.2635115087032318,0.45953623936928006,Neutral,Positive
Q7S0tX4FUNA$_$4,6,-0.12401610321438494,0.2647075653076172,0.3568581731862832,Neutral,Positive
Q7S0tX4FUNA$_$4,7,0.3563557819340668,0.24210792779922485,0.4714284378587381,Neutral,Positive
Q7S0tX4FUNA$_$7,0,-1.089895473409628,0.16583210229873657,0.15876829043619456,Neutral,Positive
Q7S0tX4FUNA$_$7,1,0.7352385169146969,0.13586987555027008,0.5411261170828767,Neutral,Positive
Q7S0tX4FUNA$_$7,2,-0.6950923321373244,0.5110396146774292,0.2938988671064438,Neutral,Positive
Q7S0tX4FUNA$_$7,3,0.33879668128123863,0.2247907519340515,0.49130285192766154,Neutral,Positive
Q7S0tX4FUNA$_$7,4,-1.089895473409628,0.16583210229873657,0.15876829043619456,Neutral,Positive
Q7S0tX4FUNA$_$7,5,0.7352385169146969,0.13586987555027008,0.5411261170828767,Neutral,Positive
Q7S0tX4FUNA$_$7,6,-0.6950923321373244,0.5110396146774292,0.2938988671064438,Neutral,Positive
Q7S0tX4FUNA$_$7,7,0.33879668128123863,0.2247907519340515,0.49130285192766154,Neutral,Positive
Q7S0tX4FUNA$_$8,0,-0.2463803078319281,0.16583210229873657,0.3690606567840039,Negative,Positive
Q7S0tX4FUNA$_$8,1,2.943139576218931,-1.7009470462799072,0.9074741164356084,Negative,Positive
Q7S0tX4FUNA$_$8,2,-1.9673648953610603,0.8980143070220947,0.10308328961009612,Negative,Positive
Q7S0tX4FUNA$_$8,3,1.2052704050181764,-0.1567690372467041,0.6853543980685981,Negative,Positive
Q7S0tX4FUNA$_$8,4,-0.6064201000830947,0.38860565423965454,0.25961100771976847,Negative,Positive
Q7S0tX4FUNA$_$8,5,2.743376052086405,-1.299596905708313,0.9027985825973759,Negative,Positive
Q7S0tX4FUNA$_$8,6,-1.135105281641357,0.5086895823478699,0.17853332156604715,Negative,Positive
Q7S0tX4FUNA$_$8,7,1.8038380060046535,-0.5143041610717773,0.7969105425899395,Negative,Positive
Qa6Yz62V-Yc$_$0,0,1.089895473409628,0.16583210229873657,0.4721710527798015,Positive,Neutral
Qa6Yz62V-Yc$_$0,1,0.11882443028490608,0.34145426750183105,0.4001337411671587,Positive,Neutral
Qa6Yz62V-Yc$_$0,2,0.14009414069582637,0.2651737928390503,0.4284528178464014,Positive,Neutral
Qa6Yz62V-Yc$_$0,3,-0.13520692962882774,0.24729955196380615,0.3501384118242446,Positive,Neutral
Qa6Yz62V-Yc$_$0,4,1.813987868048179,1.0480741262435913,0.7241169855129701,Positive,Neutral
Qa6Yz62V-Yc$_$0,5,0.7670978127955419,0.503024697303772,0.5263065682172485,Positive,Neutral
Qa6Yz62V-Yc$_$0,6,0.7722326718354929,0.5543107986450195,0.5517735150655997,Positive,Neutral
Qa6Yz62V-Yc$_$0,7,0.279213765340814,0.3344764709472656,0.40919951866358106,Positive,Neutral
QjcQx8_PQfw$_$10,0,1.089895473409628,0.16583210229873657,0.4721710527798015,Positive,Neutral
QjcQx8_PQfw$_$10,1,2.217127347841169,1.4746825695037842,0.8329127145799298,Positive,Neutral
QjcQx8_PQfw$_$10,2,1.0088780429198976,0.4787776470184326,0.6060416355663322,Positive,Neutral
QjcQx8_PQfw$_$10,3,2.303179919012614,1.402280330657959,0.8529070161198785,Positive,Neutral
QjcQx8_PQfw$_$10,4,0.4305135099841536,0.2082519233226776,0.41961141914649364,Positive,Neutral
QjcQx8_PQfw$_$10,5,2.2852836146966995,1.3155415058135986,0.8354429616845402,Positive,Neutral
QjcQx8_PQfw$_$10,6,0.4428921453593321,0.24864822626113892,0.4380363087816886,Positive,Neutral
QjcQx8_PQfw$_$10,7,2.179834564659482,1.2639029026031494,0.8350066995002494,Positive,Neutral
QjcQx8_PQfw$_$7,0,-1.089895473409628,0.16583210229873657,0.15876829043619456,Neutral,Positive
QjcQx8_PQfw$_$7,1,0.5765805804825064,0.1618407666683197,0.5092065441292053,Neutral,Positive
QjcQx8_PQfw$_$7,2,-0.8297795765118805,0.5514317750930786,0.26132396984566375,Neutral,Positive
QjcQx8_PQfw$_$7,3,0.3434675098236025,0.20578992366790771,0.47327777856348385,Neutral,Positive
QjcQx8_PQfw$_$7,4,-0.035729793948799715,0.08180299401283264,0.3233664273376274,Neutral,Positive
QjcQx8_PQfw$_$7,5,0.5528097960863614,0.08984406292438507,0.4578589211792503,Neutral,Positive
QjcQx8_PQfw$_$7,6,-0.19298007068520096,0.2534724175930023,0.3402130037281764,Neutral,Positive
QjcQx8_PQfw$_$7,7,0.47621560005410957,0.14688310027122498,0.4606469514180282,Neutral,Positive
QpchvHpGFc8$_$3,0,1.089895473409628,0.16583210229873657,0.4721710527798015,Positive,Neutral
QpchvHpGFc8$_$3,1,0.08726931584274533,0.3313834071159363,0.4420107545634168,Positive,Neutral
QpchvHpGFc8$_$3,2,-0.12782586736029566,0.1863911747932434,0.3780288116865952,Positive,Neutral
QpchvHpGFc8$_$3,3,-0.24486420071480575,0.2183811366558075,0.3637862782528411,Positive,Neutral
QpchvHpGFc8$_$3,4,1.8294204851408205,0.8095941543579102,0.6909215732822015,Positive,Neutral
QpchvHpGFc8$_$3,5,0.7427985412957573,0.554157018661499,0.5734730022881661,Positive,Neutral
QpchvHpGFc8$_$3,6,0.9081213461995867,0.4813663959503174,0.5593447010503388,Positive,Neutral
QpchvHpGFc8$_$3,7,0.19348305347506856,0.3703184127807617,0.4437496315662448,Positive,Neutral
RArhIHk4Qs4$_$13,0,-1.089895473409628,0.16583210229873657,0.15876829043619456,Neutral,Positive
RArhIHk4Qs4$_$13,1,-1.3176305544852145,0.8246124982833862,0.1891802484750552,Neutral,Positive
RArhIHk4Qs4$_$13,2,0.05203268903316183,0.20111677050590515,0.40412833606510745,Neutral,Positive
RArhIHk4Qs4$_$13,3,-0.4128639333780635,0.4421966075897217,0.3373038857577677,Neutral,Positive
RArhIHk4Qs4$_$13,4,0.026607921132133727,-0.24391314387321472,0.25391056964364667,Neutral,Positive
RArhIHk4Qs4$_$13,5,0.028234380740409293,0.16819804906845093,0.3535093356229649,Neutral,Positive
RArhIHk4Qs4$_$13,6,0.2445726354989246,-0.03269094228744507,0.3540763595450477,Neutral,Positive
RArhIHk4Qs4$_$13,7,0.19981074605746107,0.16552788019180298,0.385246835808581,Neutral,Positive
RArhIHk4Qs4$_$17,0,-0.2463803078319281,0.16583210229873657,0.3690606567840039,Negative,Positive
RArhIHk4Qs4$_$17,1,2.946090901496247,-1.7998237609863281,0.8958891808177059,Negative,Positive
RArhIHk4Qs4$_$17,2,-0.7604213525990309,0.39278531074523926,0.21571171716091886,Negative,Positive
RArhIHk4Qs4$_$17,3,2.6999330952167067,-1.30962073802948,0.8854984751975794,Negative,Positive
RArhIHk4Qs4$_$17,4,-0.16082546240758533,0.21278098225593567,0.41001171970220457,Negative,Positive
RArhIHk4Qs4$_$17,5,3.0207803769286525,-1.7719244956970215,0.9149256046275271,Negative,Positive
RArhIHk4Qs4$_$17,6,-0.3923401659114334,0.22148269414901733,0.31876208747342816,Negative,Positive
RArhIHk4Qs4$_$17,7,3.0945027743320015,-1.619887351989746,0.9252365262026132,Negative,Positive
RArhIHk4Qs4$_$16,0,0.8435151655776999,0.16583210229873657,0.3690606567840039,Negative,Neutral
RArhIHk4Qs4$_$16,1,1.2375642389012673,-0.5253496170043945,0.6976548729947194,Negative,Neutral
RArhIHk4Qs4$_$16,2,-0.6928496893868099,0.2830619812011719,0.19387109703356187,Negative,Neutral
RArhIHk4Qs4$_$16,3,0.4504888240442608,-0.10949258506298065,0.5069693921788291,Negative,Neutral
RArhIHk4Qs4$_$16,4,0.5792446141091864,-0.1585995852947235,0.49497889428273595,Negative,Neutral
RArhIHk4Qs4$_$16,5,1.8077889418418265,-0.6361733675003052,0.78164164871309,Negative,Neutral
RArhIHk4Qs4$_$16,6,-0.006385742386639581,0.04224368929862976,0.3571762658924117,Negative,Neutral
RArhIHk4Qs4$_$16,7,1.3697509220622983,-0.3515016436576843,0.6964092285753751,Negative,Neutral
RArhIHk4Qs4$_$19,0,-1.089895473409628,0.16583210229873657,0.15876829043619456,Neutral,Positive
RArhIHk4Qs4$_$19,1,0.8292336557368708,0.11538125574588776,0.5829903583317287,Neutral,Positive
RArhIHk4Qs4$_$19,2,-0.29251882506367666,0.3575620651245117,0.3346186956477251,Neutral,Positive
RArhIHk4Qs4$_$19,3,0.7108390270937761,0.14670130610466003,0.5603316274569967,Neutral,Positive
RArhIHk4Qs4$_$19,4,0.0448025737609532,-0.13579070568084717,0.2668743738508191,Neutral,Positive
RArhIHk4Qs4$_$19,5,0.940005794205786,0.11127620935440063,0.5596073664643153,Neutral,Positive
RArhIHk4Qs4$_$19,6,0.16279310331511088,0.018717825412750244,0.33811295239623956,Neutral,Positive
RArhIHk4Qs4$_$19,7,0.8732854125585872,0.1258494257926941,0.5491759598449047,Neutral,Positive
RArhIHk4Qs4$_$1,0,-1.089895473409628,0.16583210229873657,0.15876829043619456,Neutral,Positive
RArhIHk4Qs4$_$1,1,-0.641776075123847,0.40543049573898315,0.3093324958254344,Neutral,Positive
RArhIHk4Qs4$_$1,2,-0.050729183513333,0.27031850814819336,0.36798694822585193,Neutral,Positive
RArhIHk4Qs4$_$1,3,-0.17350837424649757,0.27673375606536865,0.39901267398163537,Neutral,Positive
RArhIHk4Qs4$_$1,4,-0.37741600312,0.2442966103553772,0.2875596309051427,Neutral,Positive
RArhIHk4Qs4$_$1,5,-0.367174260411643,0.3507494330406189,0.35820013005401863,Neutral,Positive
RArhIHk4Qs4$_$1,6,-0.18773040821577391,0.20201712846755981,0.3162251580726631,Neutral,Positive
RArhIHk4Qs4$_$1,7,0.03753372288991641,0.266967236995697,0.4332693750303657,Neutral,Positive
RArhIHk4Qs4$_$2,0,1.089895473409628,0.16583210229873657,0.4721710527798015,Positive,Neutral
RArhIHk4Qs4$_$2,1,0.8730141081459233,0.5066781640052795,0.6319259473022938,Positive,Neutral
RArhIHk4Qs4$_$2,2,-0.1956676719765127,0.18107199668884277,0.34342500576385887,Positive,Neutral
RArhIHk4Qs4$_$2,3,0.0067422955517308925,0.2722436487674713,0.42653071135775894,Positive,Neutral
RArhIHk4Qs4$_$2,4,1.3581287456042497,0.5720903873443604,0.6049119976691512,Positive,Neutral
RArhIHk4Qs4$_$2,5,0.8601302477340402,0.517440915107727,0.6057292581868682,Positive,Neutral
RArhIHk4Qs4$_$2,6,0.6803195300236979,0.33842092752456665,0.4784041966561994,Positive,Neutral
RArhIHk4Qs4$_$2,7,0.17140369606526995,0.32983705401420593,0.43761331121027214,Positive,Neutral
RArhIHk4Qs4$_$7,0,1.089895473409628,0.16583210229873657,0.4721710527798015,Positive,Neutral
RArhIHk4Qs4$_$7,1,1.774819887542705,0.9691057205200195,0.7998470547000003,Positive,Neutral
RArhIHk4Qs4$_$7,2,0.16187852505358813,0.3116719424724579,0.4222461020543165,Positive,Neutral
RArhIHk4Qs4$_$7,3,1.2011780573526634,0.69395512342453,0.7022791744158015,Positive,Neutral
RArhIHk4Qs4$_$7,4,0.13241375371467146,-0.11050499975681305,0.26809808954043446,Positive,Neutral
RArhIHk4Qs4$_$7,5,0.6456773593439847,0.49355506896972656,0.5624220707303577,Positive,Neutral
RArhIHk4Qs4$_$7,6,-0.10195272599652738,0.059552937746047974,0.29845522751533826,Positive,Neutral
RArhIHk4Qs4$_$7,7,0.18309662581902375,0.36572137475013733,0.45169639355393226,Positive,Neutral
RArhIHk4Qs4$_$6,0,-0.2463803078319281,0.16583210229873657,0.3690606567840039,Negative,Positive
RArhIHk4Qs4$_$6,1,2.403272917657821,-1.029111623764038,0.844170919730598,Negative,Positive
RArhIHk4Qs4$_$6,2,-0.5859726514530655,0.2779136598110199,0.22702754969745886,Negative,Positive
RArhIHk4Qs4$_$6,3,1.6427398675962883,-0.42241013050079346,0.7091091318327263,Negative,Positive
RArhIHk4Qs4$_$6,4,-0.3865362561630856,0.35912734270095825,0.32455213145990514,Negative,Positive
RArhIHk4Qs4$_$6,5,2.340938827273572,-0.9226182103157043,0.8610522576031527,Negative,Positive
RArhIHk4Qs4$_$6,6,-0.27728843490204635,0.24528321623802185,0.3115961287742738,Negative,Positive
RArhIHk4Qs4$_$6,7,1.9943649508298582,-0.6060969829559326,0.8049610509948314,Negative,Positive
RArhIHk4Qs4$_$8,0,-0.2463803078319281,0.16583210229873657,0.3690606567840039,Negative,Positive
RArhIHk4Qs4$_$8,1,-1.3415810609803895,1.1701222658157349,0.18842844229249073,Negative,Positive
RArhIHk4Qs4$_$8,2,-0.24157085342425155,0.20363950729370117,0.26182467041902463,Negative,Positive
RArhIHk4Qs4$_$8,3,-1.3304685185486629,0.9622712135314941,0.18165801568772183,Negative,Positive
RArhIHk4Qs4$_$8,4,1.162363558305453,-0.33093583583831787,0.586425942058337,Negative,Positive
RArhIHk4Qs4$_$8,5,0.6021997791391527,0.015395477414131165,0.563595830600824,Negative,Positive
RArhIHk4Qs4$_$8,6,0.6497194774581584,-0.0857788622379303,0.4276722247018554,Negative,Positive
RArhIHk4Qs4$_$8,7,0.3303998355325606,0.12689144909381866,0.47574717341192607,Negative,Positive
RArhIHk4Qs4$_$21,0,1.089895473409628,0.16583210229873657,0.4721710527798015,Positive,Neutral
RArhIHk4Qs4$_$21,1,2.027999714005684,1.2659151554107666,0.8277917682470917,Positive,Neutral
RArhIHk4Qs4$_$21,2,0.07594902008352089,0.16954821348190308,0.42425105171154703,Positive,Neutral
RArhIHk4Qs4$_$21,3,1.8050385452901747,0.9649622440338135,0.8063093901308119,Positive,Neutral
RArhIHk4Qs4$_$21,4,0.330147854627834,0.2482689619064331,0.42699924519202603,Positive,Neutral
RArhIHk4Qs4$_$21,5,1.9026038779436896,1.055759310722351,0.8115047902389604,Positive,Neutral
RArhIHk4Qs4$_$21,6,-0.10839484813586409,0.15195155143737793,0.3722458771189267,Positive,Neutral
RArhIHk4Qs4$_$21,7,1.4019788409509397,0.7393894195556641,0.7412634233273526,Positive,Neutral
ROcTx5VEn7o$_$11,0,-1.089895473409628,0.16583210229873657,0.15876829043619456,Neutral,Positive
ROcTx5VEn7o$_$11,1,0.40396325231549257,0.1835329234600067,0.5116514665424593,Neutral,Positive
ROcTx5VEn7o$_$11,2,-0.5713471156508945,0.38995152711868286,0.3099336974201317,Neutral,Positive
ROcTx5VEn7o$_$11,3,0.27064991998142107,0.16816049814224243,0.4818236704094758,Neutral,Positive
ROcTx5VEn7o$_$11,4,-0.892528131172848,0.35665440559387207,0.1998715518933475,Neutral,Positive
ROcTx5VEn7o$_$11,5,0.1393996294991685,0.28753548860549927,0.4415623150725938,Neutral,Positive
ROcTx5VEn7o$_$11,6,-0.5406117191930518,0.3742893934249878,0.2885288521593218,Neutral,Positive
ROcTx5VEn7o$_$11,7,0.16852759996004174,0.2539665102958679,0.4433248493542216,Neutral,Positive
ROcTx5VEn7o$_$1,0,-1.089895473409628,0.16583210229873657,0.15876829043619456,Neutral,Positive
ROcTx5VEn7o$_$1,1,0.46744086442504473,0.18168318271636963,0.5300734358282673,Neutral,Positive
ROcTx5VEn7o$_$1,2,0.1795763878920461,0.2355043888092041,0.44411015688178906,Neutral,Positive
ROcTx5VEn7o$_$1,3,0.527387792365726,0.15736818313598633,0.53442457530409,Neutral,Positive
ROcTx5VEn7o$_$1,4,-1.0961469448336754,0.21454066038131714,0.16661709486495133,Neutral,Positive
ROcTx5VEn7o$_$1,5,0.4077637347824199,0.24424636363983154,0.49736288867663125,Neutral,Positive
ROcTx5VEn7o$_$1,6,-0.14065872717552397,0.23310580849647522,0.34674729466783544,Neutral,Positive
ROcTx5VEn7o$_$1,7,0.5738038572753339,0.19795596599578857,0.5212839663367865,Neutral,Positive
ROcTx5VEn7o$_$5,0,-0.8435151655776999,0.16583210229873657,0.15876829043619456,Neutral,Negative
ROcTx5VEn7o$_$5,1,0.7371244667432514,0.10981760919094086,0.5364990281165681,Neutral,Negative
ROcTx5VEn7o$_$5,2,0.9784604749496991,0.30744561553001404,0.4087241916261424,Neutral,Negative
ROcTx5VEn7o$_$5,3,0.9164256198247189,0.12469694018363953,0.5352948590944036,Neutral,Negative
ROcTx5VEn7o$_$5,4,-0.45976249842282346,0.27255237102508545,0.20290801392486182,Neutral,Negative
ROcTx5VEn7o$_$5,5,0.1436396869800174,0.14064007997512817,0.38576333304599947,Neutral,Negative
ROcTx5VEn7o$_$5,6,0.3502577375556961,0.2783849239349365,0.33442886457002424,Neutral,Negative
ROcTx5VEn7o$_$5,7,0.32730866287970306,0.1426694691181183,0.42312607178020323,Neutral,Negative
ROcTx5VEn7o$_$9,0,-1.089895473409628,0.16583210229873657,0.15876829043619456,Neutral,Positive
ROcTx5VEn7o$_$9,1,0.4953445129283244,0.1755070984363556,0.5197592631725659,Neutral,Positive
ROcTx5VEn7o$_$9,2,0.14299393829051898,0.22298559546470642,0.44008144271150795,Neutral,Positive
ROcTx5VEn7o$_$9,3,0.5110775313215278,0.1543281376361847,0.520596598016482,Neutral,Positive
ROcTx5VEn7o$_$9,4,-0.4342406198363511,0.1228594183921814,0.23380368537817492,Neutral,Positive
ROcTx5VEn7o$_$9,5,0.5177655591202605,0.22017014026641846,0.48359275719703676,Neutral,Positive
ROcTx5VEn7o$_$9,6,0.13077391432815044,0.16662558913230896,0.3867310287738569,Neutral,Positive
ROcTx5VEn7o$_$9,7,0.6104440041030751,0.18316712975502014,0.5060037154507593,Neutral,Positive
RrGpzInAwCg$_$0,0,1.089895473409628,0.16583210229873657,0.4721710527798015,Positive,Neutral
RrGpzInAwCg$_$0,1,0.1958346071774446,0.36860397458076477,0.4804728492570062,Positive,Neutral
RrGpzInAwCg$_$0,2,-0.008534103283906913,0.33888569474220276,0.39201387374544777,Positive,Neutral
RrGpzInAwCg$_$0,3,-0.22507573440525075,0.28662991523742676,0.37942157204348737,Positive,Neutral
RrGpzInAwCg$_$0,4,2.239050865092687,1.1731431484222412,0.753133200512415,Positive,Neutral
RrGpzInAwCg$_$0,5,1.6653807830721052,0.9241733551025391,0.7707309533183504,Positive,Neutral
RrGpzInAwCg$_$0,6,1.7895150802313298,0.9977035522460938,0.7417239497398436,Positive,Neutral
RrGpzInAwCg$_$0,7,0.7879034076889811,0.6036192178726196,0.6089449420524774,Positive,Neutral
RzOFxDk26p0$_$1,0,0.2463803078319281,0.16583210229873657,0.4721710527798015,Positive,Negative
RzOFxDk26p0$_$1,1,2.2470364057995673,1.424622654914856,0.823795922468306,Positive,Negative
RzOFxDk26p0$_$1,2,1.7240418125807797,0.8869463205337524,0.7197892349341537,Positive,Negative
RzOFxDk26p0$_$1,3,2.4588766317327146,1.4357538223266602,0.8439603365539821,Positive,Negative
RzOFxDk26p0$_$1,4,-0.8761910094907727,-0.07992370426654816,0.2661725605222393,Positive,Negative
RzOFxDk26p0$_$1,5,1.985045111317922,1.3130629062652588,0.8154056662678547,Positive,Negative
RzOFxDk26p0$_$1,6,0.4123416887257264,0.5016001462936401,0.5067796696493674,Positive,Negative
RzOFxDk26p0$_$1,7,2.1750150965930657,1.3645082712173462,0.828284327582785,Positive,Negative
RzOFxDk26p0$_$0,0,1.089895473409628,0.16583210229873657,0.4721710527798015,Positive,Neutral
RzOFxDk26p0$_$0,1,1.3516662847740073,0.7433614134788513,0.7293086892552267,Positive,Neutral
RzOFxDk26p0$_$0,2,1.041193221977688,0.6213060617446899,0.6362814778539535,Positive,Neutral
RzOFxDk26p0$_$0,3,1.0053971804538506,0.5981694459915161,0.6604340355387497,Positive,Neutral
RzOFxDk26p0$_$0,4,1.0338415654519435,-0.19559520483016968,0.2560627834020947,Positive,Neutral
RzOFxDk26p0$_$0,5,0.8317846255197284,0.5324169993400574,0.5854283392964266,Positive,Neutral
RzOFxDk26p0$_$0,6,0.6886717995032496,0.31165939569473267,0.4405454957353031,Positive,Neutral
RzOFxDk26p0$_$0,7,0.4453483666410074,0.4381583333015442,0.5016318509095294,Positive,Neutral
SHa756SwGJQ$_$0,0,-1.089895473409628,0.16583210229873657,0.15876829043619456,Neutral,Positive
SHa756SwGJQ$_$0,1,-0.013293989251273564,0.3013450503349304,0.4216779006482569,Neutral,Positive
SHa756SwGJQ$_$0,2,-0.5730951161834529,0.3992069959640503,0.31172539275117145,Neutral,Positive
SHa756SwGJQ$_$0,3,0.03080624561887335,0.27410393953323364,0.43374892675662585,Neutral,Positive
SHa756SwGJQ$_$0,4,-0.08353008917142946,-0.2439192831516266,0.2017529239221357,Neutral,Positive
SHa756SwGJQ$_$0,5,0.11017227382044736,0.28774744272232056,0.44324767767152917,Neutral,Positive
SHa756SwGJQ$_$0,6,-0.4547871285603876,0.3737512230873108,0.33103611384541287,Neutral,Positive
SHa756SwGJQ$_$0,7,0.1127002726726899,0.2661479413509369,0.44763009530658926,Neutral,Positive
SHa756SwGJQ$_$2,0,1.089895473409628,0.16583210229873657,0.4721710527798015,Positive,Neutral
SHa756SwGJQ$_$2,1,0.8087735283524207,0.5020371675491333,0.6163397581872652,Positive,Neutral
SHa756SwGJQ$_$2,2,0.8662255659832345,0.5315415263175964,0.6163617392942748,Positive,Neutral
SHa756SwGJQ$_$2,3,0.5725927274291791,0.41320520639419556,0.5648417498409989,Positive,Neutral
SHa756SwGJQ$_$2,4,1.5275445340237754,0.6504532694816589,0.6583965346338069,Positive,Neutral
SHa756SwGJQ$_$2,5,0.9676501272029467,0.5401144623756409,0.6513580893424175,Positive,Neutral
SHa756SwGJQ$_$2,6,0.9750154597760126,0.5732988119125366,0.6197051474920295,Positive,Neutral
SHa756SwGJQ$_$2,7,0.5747178010478462,0.4427124261856079,0.5627237571471162,Positive,Neutral
SHa756SwGJQ$_$4,0,0.8435151655776999,0.16583210229873657,0.3690606567840039,Negative,Neutral
SHa756SwGJQ$_$4,1,0.006675486382815343,0.12209893763065338,0.29493477566157744,Negative,Neutral
SHa756SwGJQ$_$4,2,-0.5794441832721997,0.5420399904251099,0.14178731135367656,Negative,Neutral
SHa756SwGJQ$_$4,3,-0.6223268117316947,0.3097390830516815,0.20585929798624886,Negative,Neutral
SHa756SwGJQ$_$4,4,0.44922647635998836,-0.049746423959732056,0.45663274008776666,Negative,Neutral
SHa756SwGJQ$_$4,5,1.2874276010807282,-0.28764060139656067,0.634802442166421,Negative,Neutral
SHa756SwGJQ$_$4,6,-0.43933076396152093,0.25347936153411865,0.2416511184973935,Negative,Neutral
SHa756SwGJQ$_$4,7,0.10043327658998069,0.09816096723079681,0.3807740551764576,Negative,Neutral
SHa756SwGJQ$_$7,0,-0.2463803078319281,0.16583210229873657,0.3690606567840039,Negative,Positive
SHa756SwGJQ$_$7,1,-0.35422760465863856,0.41850364208221436,0.3462949545251826,Negative,Positive
SHa756SwGJQ$_$7,2,-1.5609268416387159,0.7884138822555542,0.1462004173653209,Negative,Positive
SHa756SwGJQ$_$7,3,-0.7800118340668362,0.5604733228683472,0.23685471123793345,Negative,Positive
SHa756SwGJQ$_$7,4,0.43973124572156486,0.04618220031261444,0.5155032796231974,Negative,Positive
SHa756SwGJQ$_$7,5,0.7657952930758101,-0.035510942339897156,0.5851345960251495,Negative,Positive
SHa756SwGJQ$_$7,6,-0.33934424337746305,0.32652848958969116,0.3347351775713011,Negative,Positive
SHa756SwGJQ$_$7,7,0.23674350159096103,0.1982746124267578,0.4305909470624018,Negative,Positive
SHa756SwGJQ$_$6,0,-1.089895473409628,0.16583210229873657,0.15876829043619456,Neutral,Positive
SHa756SwGJQ$_$6,1,-1.1664161041538184,0.6370464563369751,0.2158180976956078,Neutral,Positive
SHa756SwGJQ$_$6,2,-1.0041798312765713,0.5200990438461304,0.22884469267385257,Neutral,Positive
SHa756SwGJQ$_$6,3,-0.8068274394152557,0.5211213231086731,0.2741176239961645,Neutral,Positive
SHa756SwGJQ$_$6,4,-0.30098949261451247,-0.07086184620857239,0.24183177603301778,Neutral,Positive
SHa756SwGJQ$_$6,5,0.0949691706224558,0.23809301853179932,0.41871059800153565,Neutral,Positive
SHa756SwGJQ$_$6,6,-0.34226055744415673,0.17474645376205444,0.29913404615939004,Neutral,Positive
SHa756SwGJQ$_$6,7,0.03104050440803985,0.28127187490463257,0.40850194551970365,Neutral,Positive
TH32jop4FiI$_$15,0,-0.2463803078319281,0.16583210229873657,0.3690606567840039,Negative,Positive
TH32jop4FiI$_$15,1,1.981945344157449,-0.6702457666397095,0.7802376003447441,Negative,Positive
TH32jop4FiI$_$15,2,-0.940345665259649,0.3335994780063629,0.171213974641516,Negative,Positive
TH32jop4FiI$_$15,3,0.5180602767539779,0.050376638770103455,0.41339927831564294,Negative,Positive
TH32jop4FiI$_$15,4,-0.19137794271395192,0.19218549132347107,0.40379631332876476,Negative,Positive
TH32jop4FiI$_$15,5,1.9007142416734495,-0.6322970390319824,0.8114459531999852,Negative,Positive
TH32jop4FiI$_$15,6,-0.6337448224409451,0.3291351795196533,0.2569564892271888,Negative,Positive
TH32jop4FiI$_$15,7,1.1668845696598957,-0.18046019971370697,0.6458776885303679,Negative,Positive
TH32jop4FiI$_$17,0,1.089895473409628,0.16583210229873657,0.4721710527798015,Positive,Neutral
TH32jop4FiI$_$17,1,1.5274379284217838,0.8710945248603821,0.7545905257407485,Positive,Neutral
TH32jop4FiI$_$17,2,0.7399347449470915,0.4891242980957031,0.587321721751498,Positive,Neutral
TH32jop4FiI$_$17,3,1.0317370861712412,0.6128965616226196,0.6652058489879543,Positive,Neutral
TH32jop4FiI$_$17,4,1.7124811989075372,0.5096156597137451,0.6000510594863661,Positive,Neutral
TH32jop4FiI$_$17,5,1.531079323532785,0.7880059480667114,0.7349114352285661,Positive,Neutral
TH32jop4FiI$_$17,6,1.085176274686486,0.5632592439651489,0.6107286760576613,Positive,Neutral
TH32jop4FiI$_$17,7,0.9643838821550834,0.5980127453804016,0.6337163563828542,Positive,Neutral
TWszOxkOV0w$_$1,0,-0.2463803078319281,0.16583210229873657,0.3690606567840039,Negative,Positive
TWszOxkOV0w$_$1,1,2.5154984898451156,-1.4185242652893066,0.8840599641500761,Negative,Positive
TWszOxkOV0w$_$1,2,-1.8496815031891825,0.8361231684684753,0.11255449237339972,Negative,Positive
TWszOxkOV0w$_$1,3,1.8255199830114892,-0.6346818208694458,0.8187351222829382,Negative,Positive
TWszOxkOV0w$_$1,4,-1.534473874999326,0.883373498916626,0.15734683384770995,Negative,Positive
TWszOxkOV0w$_$1,5,1.7951296476409042,-0.6518669724464417,0.823065148789251,Negative,Positive
TWszOxkOV0w$_$1,6,-1.7909809283927953,0.8623414039611816,0.12198347033328338,Negative,Positive
TWszOxkOV0w$_$1,7,1.8213841613947275,-0.5662268400192261,0.8283426156848478,Negative,Positive
TXCXFYIc3Yo$_$16,0,1.089895473409628,0.16583210229873657,0.4721710527798015,Positive,Neutral
TXCXFYIc3Yo$_$16,1,2.0113527557105884,1.1442158222198486,0.8145428814202206,Positive,Neutral
TXCXFYIc3Yo$_$16,2,0.35898458510139686,0.3095006048679352,0.4966235100392457,Positive,Neutral
TXCXFYIc3Yo$_$16,3,1.3479055261057145,0.7493712306022644,0.7236326717697205,Positive,Neutral
TXCXFYIc3Yo$_$16,4,-0.21725746760161546,0.08451151847839355,0.290042637868752,Positive,Neutral
TXCXFYIc3Yo$_$16,5,0.8937984572197966,0.5547420978546143,0.6074087448221502,Positive,Neutral
TXCXFYIc3Yo$_$16,6,-0.17202739620954277,0.16562479734420776,0.3454837866605569,Positive,Neutral
TXCXFYIc3Yo$_$16,7,0.48611250820501395,0.4370638132095337,0.522415809242651,Positive,Neutral
TXCXFYIc3Yo$_$2,0,1.089895473409628,0.16583210229873657,0.4721710527798015,Positive,Neutral
TXCXFYIc3Yo$_$2,1,2.1407056504469706,1.3466342687606812,0.8311869801503083,Positive,Neutral
TXCXFYIc3Yo$_$2,2,-0.023838685616740518,0.27384185791015625,0.41063513148396785,Positive,Neutral
TXCXFYIc3Yo$_$2,3,1.711495844075715,0.9821631908416748,0.787585262256227,Positive,Neutral
TXCXFYIc3Yo$_$2,4,-0.25426386510057397,0.006344005465507507,0.26903521012563847,Positive,Neutral
TXCXFYIc3Yo$_$2,5,1.2390962258235416,0.7326246500015259,0.6843980710293234,Positive,Neutral
TXCXFYIc3Yo$_$2,6,-0.35607143919838136,0.1269082874059677,0.30297186569161777,Positive,Neutral
TXCXFYIc3Yo$_$2,7,0.7047190974073321,0.5473964214324951,0.5788598280587076,Positive,Neutral
TXCXFYIc3Yo$_$7,0,1.089895473409628,0.16583210229873657,0.4721710527798015,Positive,Neutral
TXCXFYIc3Yo$_$7,1,1.2546176836185414,0.7399958968162537,0.6909012455730413,Positive,Neutral
TXCXFYIc3Yo$_$7,2,0.3664277462441239,0.35693299770355225,0.4877156853232802,Positive,Neutral
TXCXFYIc3Yo$_$7,3,0.4041913723151255,0.4063795804977417,0.504943223576987,Positive,Neutral
TXCXFYIc3Yo$_$7,4,0.13542028427018438,0.3231247067451477,0.3805735076897442,Positive,Neutral
TXCXFYIc3Yo$_$7,5,0.44859444605204146,0.4444873332977295,0.4947361913316405,Positive,Neutral
TXCXFYIc3Yo$_$7,6,0.1430997640770787,0.3144562840461731,0.40823572404601166,Positive,Neutral
TXCXFYIc3Yo$_$7,7,0.1343324987892045,0.3487202823162079,0.42425264043535443,Positive,Neutral
TXCXFYIc3Yo$_$6,0,1.089895473409628,0.16583210229873657,0.4721710527798015,Positive,Neutral
TXCXFYIc3Yo$_$6,1,2.048083749048177,1.3878318071365356,0.8032319205265811,Positive,Neutral
TXCXFYIc3Yo$_$6,2,-0.05799809440128845,0.12144006788730621,0.38835857443616084,Positive,Neutral
TXCXFYIc3Yo$_$6,3,1.4803024771842757,0.896025538444519,0.7396314213897275,Positive,Neutral
TXCXFYIc3Yo$_$6,4,-0.31787860721757255,0.1668650209903717,0.30480064095354753,Positive,Neutral
TXCXFYIc3Yo$_$6,5,1.0434621655848806,0.7448281049728394,0.6342222500075334,Positive,Neutral
TXCXFYIc3Yo$_$6,6,-0.2719018576454937,0.14096680283546448,0.3201821263499127,Positive,Neutral
TXCXFYIc3Yo$_$6,7,0.4558811596121307,0.5016437768936157,0.5074351975470109,Positive,Neutral
TYJzg5IJN8o$_$11,0,1.089895473409628,0.16583210229873657,0.4721710527798015,Positive,Neutral
TYJzg5IJN8o$_$11,1,0.29235817613358195,0.35357996821403503,0.4637896156009709,Positive,Neutral
TYJzg5IJN8o$_$11,2,1.964306143914596,1.1531505584716797,0.7783630567689592,Positive,Neutral
TYJzg5IJN8o$_$11,3,0.8077264552529251,0.5517027378082275,0.5729794511113285,Positive,Neutral
TYJzg5IJN8o$_$11,4,-0.30957157286525716,0.12935279309749603,0.2781285281396419,Positive,Neutral
TYJzg5IJN8o$_$11,5,-0.14325572409869536,0.21178480982780457,0.3427365786975846,Positive,Neutral
TYJzg5IJN8o$_$11,6,0.7576003718667743,0.4714953303337097,0.5149236366333925,Positive,Neutral
TYJzg5IJN8o$_$11,7,0.3182409570727712,0.29711878299713135,0.41194380183432144,Positive,Neutral
TYJzg5IJN8o$_$10,0,-0.2463803078319281,0.16583210229873657,0.3690606567840039,Negative,Positive
TYJzg5IJN8o$_$10,1,2.738574305448327,-1.1917080879211426,0.8820393248927221,Negative,Positive
TYJzg5IJN8o$_$10,2,-1.9416346246717724,1.0373671054840088,0.10954546197639216,Negative,Positive
TYJzg5IJN8o$_$10,3,1.4430127200582294,-0.1787191480398178,0.7078409393589292,Negative,Positive
TYJzg5IJN8o$_$10,4,0.2741758478097638,0.05265161395072937,0.35979374387784735,Negative,Positive
TYJzg5IJN8o$_$10,5,2.680993128354527,-0.9674398303031921,0.8806889282415711,Negative,Positive
TYJzg5IJN8o$_$10,6,-0.6308068605228441,0.3702494204044342,0.25077898398112997,Negative,Positive
TYJzg5IJN8o$_$10,7,2.1176589279990585,-0.5627292394638062,0.8238424674530331,Negative,Positive
TYJzg5IJN8o$_$14,0,1.089895473409628,0.16583210229873657,0.4721710527798015,Positive,Neutral
TYJzg5IJN8o$_$14,1,2.266387791770993,1.471624732017517,0.835788238683307,Positive,Neutral
TYJzg5IJN8o$_$14,2,1.6565764309982178,1.0215598344802856,0.7551622514274586,Positive,Neutral
TYJzg5IJN8o$_$14,3,2.2949938519212405,1.4565190076828003,0.8508851273385126,Positive,Neutral
TYJzg5IJN8o$_$14,4,-0.27241519142466064,0.16653740406036377,0.31051008107023637,Positive,Neutral
TYJzg5IJN8o$_$14,5,2.2793645748797893,1.2734397649765015,0.83486449550193,Positive,Neutral
TYJzg5IJN8o$_$14,6,0.5343016578977774,0.4698337912559509,0.5088784456774507,Positive,Neutral
TYJzg5IJN8o$_$14,7,2.1122486240024534,1.2494888305664062,0.8236005880780706,Positive,Neutral
TYJzg5IJN8o$_$0,0,1.089895473409628,0.16583210229873657,0.4721710527798015,Positive,Neutral
TYJzg5IJN8o$_$0,1,1.7917955828874552,1.0803673267364502,0.7994158075572485,Positive,Neutral
TYJzg5IJN8o$_$0,2,1.9247148227758524,1.1335291862487793,0.7876650142678102,Positive,Neutral
TYJzg5IJN8o$_$0,3,1.9037181175177242,1.115562081336975,0.816182192534815,Positive,Neutral
TYJzg5IJN8o$_$0,4,1.7181461314702018,0.9561970233917236,0.741186021484188,Positive,Neutral
TYJzg5IJN8o$_$0,5,1.9107614626007041,1.0612335205078125,0.8109705416444551,Positive,Neutral
TYJzg5IJN8o$_$0,6,1.6734342849564174,0.9967968463897705,0.7455339819521166,Positive,Neutral
TYJzg5IJN8o$_$0,7,1.800205410620341,1.035792589187622,0.7979629448193251,Positive,Neutral
TYJzg5IJN8o$_$4,0,1.089895473409628,0.16583210229873657,0.4721710527798015,Positive,Neutral
TYJzg5IJN8o$_$4,1,2.0217708350915653,1.21455717086792,0.8242905102093957,Positive,Neutral
TYJzg5IJN8o$_$4,2,1.82851681784215,1.0759339332580566,0.7659085707739023,Positive,Neutral
TYJzg5IJN8o$_$4,3,2.085916062211247,1.222200870513916,0.8360874444388902,Positive,Neutral
TYJzg5IJN8o$_$4,4,0.19756214444936293,0.42024385929107666,0.42289567334642636,Positive,Neutral
TYJzg5IJN8o$_$4,5,1.914999773775791,1.049527883529663,0.8059541196449063,Positive,Neutral
TYJzg5IJN8o$_$4,6,0.9762316668228619,0.6436086893081665,0.5885458428187654,Positive,Neutral
TYJzg5IJN8o$_$4,7,1.7823000115905119,1.020989179611206,0.789418512262648,Positive,Neutral
TYJzg5IJN8o$_$7,0,1.089895473409628,0.16583210229873657,0.4721710527798015,Positive,Neutral
TYJzg5IJN8o$_$7,1,2.282524825161615,1.4806050062179565,0.8327041327123261,Positive,Neutral
TYJzg5IJN8o$_$7,2,1.6631851331045526,0.9426388740539551,0.7321419387667799,Positive,Neutral
TYJzg5IJN8o$_$7,3,2.3959296441768148,1.5034719705581665,0.8548669387960305,Positive,Neutral
TYJzg5IJN8o$_$7,4,-0.12050907742282035,0.20766669511795044,0.34150808812953315,Positive,Neutral
TYJzg5IJN8o$_$7,5,2.2910095656972067,1.2770628929138184,0.8317864793433282,Positive,Neutral
TYJzg5IJN8o$_$7,6,0.5188593301305668,0.36131760478019714,0.47430304196105133,Positive,Neutral
TYJzg5IJN8o$_$7,7,2.2043594542050817,1.283107876777649,0.8272442220231899,Positive,Neutral
Uc_6d-fkZEc$_$3,0,1.089895473409628,0.16583210229873657,0.4721710527798015,Positive,Neutral
Uc_6d-fkZEc$_$3,1,2.0662897235569204,1.309354305267334,0.8288203398991796,Positive,Neutral
Uc_6d-fkZEc$_$3,2,0.17610000847863816,0.38061076402664185,0.4737342702559492,Positive,Neutral
Uc_6d-fkZEc$_$3,3,1.858859927273468,1.0721570253372192,0.8152135682527581,Positive,Neutral
Uc_6d-fkZEc$_$3,4,0.5856088395135943,-1.1397907733917236,0.10306451959206277,Positive,Neutral
Uc_6d-fkZEc$_$3,5,2.0430140518764777,1.1000993251800537,0.814814241679072,Positive,Neutral
Uc_6d-fkZEc$_$3,6,-0.11949762783991402,0.09735269844532013,0.3047804909212992,Positive,Neutral
Uc_6d-fkZEc$_$3,7,1.550709067874688,0.8731179237365723,0.7608060525627,Positive,Neutral
UlTJmndbGHM$_$1,0,1.089895473409628,0.16583210229873657,0.4721710527798015,Positive,Neutral
UlTJmndbGHM$_$1,1,2.1735231826947015,1.478834629058838,0.827967656114742,Positive,Neutral
UlTJmndbGHM$_$1,2,1.408000021952754,0.7097201347351074,0.6754569453160356,Positive,Neutral
UlTJmndbGHM$_$1,3,2.336558087638831,1.4568290710449219,0.8543867249111774,Positive,Neutral
UlTJmndbGHM$_$1,4,2.2838168733119364,1.239785075187683,0.7762625180964102,Positive,Neutral
UlTJmndbGHM$_$1,5,2.3457823475138073,1.492523431777954,0.8343874480824902,Positive,Neutral
UlTJmndbGHM$_$1,6,2.072524726694584,1.1234798431396484,0.7795911422455164,Positive,Neutral
UlTJmndbGHM$_$1,7,2.460815692595885,1.5184752941131592,0.8607802842500447,Positive,Neutral
UlTJmndbGHM$_$4,0,-0.2463803078319281,0.16583210229873657,0.3690606567840039,Negative,Positive
UlTJmndbGHM$_$4,1,2.3306844399897337,-1.115189790725708,0.8446880654136489,Negative,Positive
UlTJmndbGHM$_$4,2,-1.6649731583823322,0.9017119407653809,0.13458839560042085,Negative,Positive
UlTJmndbGHM$_$4,3,1.2428067740575752,-0.24007901549339294,0.6655545446272216,Negative,Positive
UlTJmndbGHM$_$4,4,-0.2463803078319281,0.16583210229873657,0.3690606567840039,Negative,Positive
UlTJmndbGHM$_$4,5,2.3306844399897337,-1.115189790725708,0.8446880654136489,Negative,Positive
UlTJmndbGHM$_$4,6,-1.6649731583823322,0.9017119407653809,0.13458839560042085,Negative,Positive
UlTJmndbGHM$_$4,7,1.2428067740575752,-0.24007901549339294,0.6655545446272216,Negative,Positive
VbV9S4svrTg$_$13,0,1.089895473409628,0.16583210229873657,0.4721710527798015,Positive,Neutral
VbV9S4svrTg$_$13,1,1.8262282122810567,1.0994486808776855,0.8021948111624643,Positive,Neutral
VbV9S4svrTg$_$13,2,0.5946191688737703,0.44307398796081543,0.5237593957818213,Positive,Neutral
VbV9S4svrTg$_$13,3,1.3397038142940898,0.7881474494934082,0.7282704829961872,Positive,Neutral
VbV9S4svrTg$_$13,4,0.6330763657639165,0.3532489538192749,0.49763036881589956,Positive,Neutral
VbV9S4svrTg$_$13,5,1.3120343339176888,0.7819039225578308,0.7119270278862062,Positive,Neutral
VbV9S4svrTg$_$13,6,0.1179808876885916,0.24827414751052856,0.41836234481259454,Positive,Neutral
VbV9S4svrTg$_$13,7,0.594445742955834,0.5063213109970093,0.5654343651349728,Positive,Neutral
VbV9S4svrTg$_$3,0,1.089895473409628,0.16583210229873657,0.4721710527798015,Positive,Neutral
VbV9S4svrTg$_$3,1,2.047368734865373,1.2747284173965454,0.8291136412586168,Positive,Neutral
VbV9S4svrTg$_$3,2,0.40340153759834674,0.3524596691131592,0.49914726121744063,Positive,Neutral
VbV9S4svrTg$_$3,3,1.6723140456119852,0.9477136135101318,0.7856861573083558,Positive,Neutral
VbV9S4svrTg$_$3,4,0.8070632395084926,0.43669307231903076,0.5094907622997266,Positive,Neutral
VbV9S4svrTg$_$3,5,1.7744920039693448,0.9891469478607178,0.7832875041340942,Positive,Neutral
VbV9S4svrTg$_$3,6,0.26018159841060373,0.283601313829422,0.4354263257569012,Positive,Neutral
VbV9S4svrTg$_$3,7,1.181499889538296,0.716375470161438,0.688923136052032,Positive,Neutral
VbV9S4svrTg$_$7,0,1.089895473409628,0.16583210229873657,0.4721710527798015,Positive,Neutral
VbV9S4svrTg$_$7,1,2.2288969376998176,1.4902772903442383,0.825630418604853,Positive,Neutral
VbV9S4svrTg$_$7,2,0.5547911395364089,0.33008548617362976,0.5238683540524407,Positive,Neutral
VbV9S4svrTg$_$7,3,2.3754309166527463,1.439305305480957,0.8580466186665301,Positive,Neutral
VbV9S4svrTg$_$7,4,0.7970287249581733,0.315969854593277,0.5027802478792143,Positive,Neutral
VbV9S4svrTg$_$7,5,2.3603610573593716,1.3748729228973389,0.8284294567763077,Positive,Neutral
VbV9S4svrTg$_$7,6,0.1765705446434067,0.19049406051635742,0.42586144722295943,Positive,Neutral
VbV9S4svrTg$_$7,7,2.3568987327153685,1.3342567682266235,0.85119487592219,Positive,Neutral
VbV9S4svrTg$_$8,0,1.089895473409628,0.16583210229873657,0.4721710527798015,Positive,Neutral
VbV9S4svrTg$_$8,1,2.2273566477129645,1.3851070404052734,0.8355557692615048,Positive,Neutral
VbV9S4svrTg$_$8,2,1.1062950265994538,0.7401174306869507,0.6594458887862491,Positive,Neutral
VbV9S4svrTg$_$8,3,1.9855436874058994,1.2224904298782349,0.8148470408369018,Positive,Neutral
VbV9S4svrTg$_$8,4,0.33098788855156613,0.08112183213233948,0.41609580095718735,Positive,Neutral
VbV9S4svrTg$_$8,5,1.8395046691203538,0.9661002159118652,0.7657152977453839,Positive,Neutral
VbV9S4svrTg$_$8,6,0.21414808019132203,0.2795639932155609,0.4427896537980616,Positive,Neutral
VbV9S4svrTg$_$8,7,1.3889407630530908,0.840933084487915,0.7062203225193244,Positive,Neutral
VinxKpWioTo$_$1,0,1.089895473409628,0.16583210229873657,0.4721710527798015,Positive,Neutral
VinxKpWioTo$_$1,1,2.1587785833679125,1.358903408050537,0.8253553180966541,Positive,Neutral
VinxKpWioTo$_$1,2,1.3168768341356518,0.6958327293395996,0.7020378157981259,Positive,Neutral
VinxKpWioTo$_$1,3,2.2081303707764586,1.3153845071792603,0.8423857511775676,Positive,Neutral
VinxKpWioTo$_$1,4,1.0964661752812712,0.564128041267395,0.6056997841109185,Positive,Neutral
VinxKpWioTo$_$1,5,2.2879561881354245,1.2694196701049805,0.837187973524125,Positive,Neutral
VinxKpWioTo$_$1,6,1.0575641686637267,0.6089828610420227,0.633444047860091,Positive,Neutral
VinxKpWioTo$_$1,7,2.235364885153691,1.2644765377044678,0.8409178555861944,Positive,Neutral
VinxKpWioTo$_$0,0,-1.089895473409628,0.16583210229873657,0.15876829043619456,Neutral,Positive
VinxKpWioTo$_$0,1,-1.4210472151300158,0.8409624099731445,0.1790566276590323,Neutral,Positive
VinxKpWioTo$_$0,2,0.45044637562776557,0.21515655517578125,0.4909711221994167,Neutral,Positive
VinxKpWioTo$_$0,3,-0.6024595620665297,0.485714316368103,0.3198258194693908,Neutral,Positive
VinxKpWioTo$_$0,4,0.05090038061225366,0.028873831033706665,0.33518991610191895,Neutral,Positive
VinxKpWioTo$_$0,5,-0.5793745717317625,0.4438624382019043,0.3181932871943749,Neutral,Positive
VinxKpWioTo$_$0,6,0.5151417651120528,0.09597821533679962,0.45881615435424433,Neutral,Positive
VinxKpWioTo$_$0,7,0.19320518139223042,0.2831270694732666,0.47226780457120066,Neutral,Positive
VinxKpWioTo$_$3,0,1.089895473409628,0.16583210229873657,0.4721710527798015,Positive,Neutral
VinxKpWioTo$_$3,1,2.190946188509382,1.3832581043243408,0.8384913712083337,Positive,Neutral
VinxKpWioTo$_$3,2,0.6736322311039726,0.44311296939849854,0.5717597641975921,Positive,Neutral
VinxKpWioTo$_$3,3,2.0646120193310296,1.1923208236694336,0.8348429894640731,Positive,Neutral
VinxKpWioTo$_$3,4,1.0670003287851602,0.5100294947624207,0.5848440668867504,Positive,Neutral
VinxKpWioTo$_$3,5,2.199534220543263,1.1973910331726074,0.8348081085263529,Positive,Neutral
VinxKpWioTo$_$3,6,0.639194400866685,0.4221124053001404,0.5452011277275648,Positive,Neutral
VinxKpWioTo$_$3,7,1.9367525752214698,1.0651780366897583,0.8142625000931288,Positive,Neutral
VinxKpWioTo$_$5,0,1.089895473409628,0.16583210229873657,0.4721710527798015,Positive,Neutral
VinxKpWioTo$_$5,1,2.2259346453286697,1.467665433883667,0.8377310016578534,Positive,Neutral
VinxKpWioTo$_$5,2,0.6797214766606146,0.4315902590751648,0.5679746797088674,Positive,Neutral
VinxKpWioTo$_$5,3,2.2090970593607966,1.3201411962509155,0.8474994132972218,Positive,Neutral
VinxKpWioTo$_$5,4,1.1861708740697583,0.5286427736282349,0.6060111581135293,Positive,Neutral
VinxKpWioTo$_$5,5,2.294961847761681,1.2934881448745728,0.8413549483177687,Positive,Neutral
VinxKpWioTo$_$5,6,0.7197804982265922,0.4317682981491089,0.5537587948147703,Positive,Neutral
VinxKpWioTo$_$5,7,2.1134253660239852,1.1871933937072754,0.8324023534757495,Positive,Neutral
ViyQVpGW05w$_$1,0,1.089895473409628,0.16583210229873657,0.4721710527798015,Positive,Neutral
ViyQVpGW05w$_$1,1,-0.20773215223694763,0.25560110807418823,0.3897923371570147,Positive,Neutral
ViyQVpGW05w$_$1,2,0.13873955102685942,0.29709598422050476,0.4452233267218216,Positive,Neutral
ViyQVpGW05w$_$1,3,-0.27403372440999485,0.2260189652442932,0.37190057830222123,Positive,Neutral
ViyQVpGW05w$_$1,4,2.3047742979332697,1.2603375911712646,0.7928231017193919,Positive,Neutral
ViyQVpGW05w$_$1,5,1.5382200990627215,0.8764653205871582,0.7630832865023028,Positive,Neutral
ViyQVpGW05w$_$1,6,1.7869025493972996,0.967431902885437,0.7663387600129897,Positive,Neutral
ViyQVpGW05w$_$1,7,0.782520828979226,0.5531609654426575,0.6150998377990998,Positive,Neutral
ViyQVpGW05w$_$4,0,0.2463803078319281,0.16583210229873657,0.4721710527798015,Positive,Negative
ViyQVpGW05w$_$4,1,1.1824528004103176,0.3915477991104126,0.508687853253763,Positive,Negative
ViyQVpGW05w$_$4,2,1.768407904143415,0.9533002376556396,0.7336751664407746,Positive,Negative
ViyQVpGW05w$_$4,3,1.0374795935069043,0.48434728384017944,0.5182632915920063,Positive,Negative
ViyQVpGW05w$_$4,4,1.7564269830014372,1.1473033428192139,0.7827512999056762,Positive,Negative
ViyQVpGW05w$_$4,5,1.8204033404898508,0.8489580750465393,0.7585537919043409,Positive,Negative
ViyQVpGW05w$_$4,6,1.8683640520694518,1.0817233324050903,0.7772512479144299,Positive,Negative
ViyQVpGW05w$_$4,7,0.8933526198782759,0.5605446696281433,0.576453515264858,Positive,Negative
ViyQVpGW05w$_$6,0,-0.2463803078319281,0.16583210229873657,0.3690606567840039,Negative,Positive
ViyQVpGW05w$_$6,1,3.055615939506429,-1.5702502727508545,0.9065025247009091,Negative,Positive
ViyQVpGW05w$_$6,2,-1.099670841327043,0.28724122047424316,0.1594680778285592,Negative,Positive
ViyQVpGW05w$_$6,3,2.120417699256397,-0.6146877408027649,0.7956795669166912,Negative,Positive
ViyQVpGW05w$_$6,4,-1.7280606968854606,1.119739294052124,0.13738502429231986,Negative,Positive
ViyQVpGW05w$_$6,5,2.7418671278133586,-1.15724515914917,0.9084074958019512,Negative,Positive
ViyQVpGW05w$_$6,6,-1.8010678754721534,0.7823253273963928,0.1187663770256034,Negative,Positive
ViyQVpGW05w$_$6,7,2.5237982569729684,-0.8382527828216553,0.8875135188920477,Negative,Positive
Vuay0mVKkik$_$3,0,-0.2463803078319281,0.16583210229873657,0.3690606567840039,Negative,Positive
Vuay0mVKkik$_$3,1,0.5268309976451444,-0.05375383049249649,0.49237555586634935,Negative,Positive
Vuay0mVKkik$_$3,2,-1.8045804025654548,0.9902145862579346,0.12084392061281606,Negative,Positive
Vuay0mVKkik$_$3,3,0.37588006775516936,0.16750341653823853,0.4679484162013645,Negative,Positive
Vuay0mVKkik$_$3,4,-0.6255687761823088,0.4519965648651123,0.24631678751965716,Negative,Positive
Vuay0mVKkik$_$3,5,1.028749053499192,-0.10811979323625565,0.6256004773206407,Negative,Positive
Vuay0mVKkik$_$3,6,-0.9195841295870174,0.5411198735237122,0.21616413132246393,Negative,Positive
Vuay0mVKkik$_$3,7,1.047945016610774,-0.08720052242279053,0.6340708837153851,Negative,Positive
WmQF5RmbsVQ$_$6,0,1.089895473409628,0.16583210229873657,0.4721710527798015,Positive,Neutral
WmQF5RmbsVQ$_$6,1,0.8531855301245651,0.5179547071456909,0.6297258588517977,Positive,Neutral
WmQF5RmbsVQ$_$6,2,0.827767729311711,0.5167357921600342,0.5969599619951117,Positive,Neutral
WmQF5RmbsVQ$_$6,3,0.5448407344558623,0.40066421031951904,0.5555257757727503,Positive,Neutral
WmQF5RmbsVQ$_$6,4,0.6637364817042662,0.29657334089279175,0.4446525391797384,Positive,Neutral
WmQF5RmbsVQ$_$6,5,0.7452434206111148,0.48031675815582275,0.5992790094825068,Positive,Neutral
WmQF5RmbsVQ$_$6,6,0.5576263063909622,0.446320116519928,0.502294109093273,Positive,Neutral
WmQF5RmbsVQ$_$6,7,0.4749343214956374,0.4277176856994629,0.5319070262822558,Positive,Neutral
Wrcf2xtqbkQ$_$9,0,-1.089895473409628,0.16583210229873657,0.15876829043619456,Neutral,Positive
Wrcf2xtqbkQ$_$9,1,0.7879528833630822,0.17673441767692566,0.5735388579582807,Neutral,Positive
Wrcf2xtqbkQ$_$9,2,-0.8842706278396562,0.5572681427001953,0.23959964751190016,Neutral,Positive
Wrcf2xtqbkQ$_$9,3,0.48515286293866944,0.18844228982925415,0.5097552274771575,Neutral,Positive
Wrcf2xtqbkQ$_$9,4,-1.5786090290992483,0.13738219439983368,0.09618567056514202,Neutral,Positive
Wrcf2xtqbkQ$_$9,5,0.31308134325155323,0.218722403049469,0.4593365358780809,Neutral,Positive
Wrcf2xtqbkQ$_$9,6,-1.089603257302894,0.3168344497680664,0.16733418837717004,Neutral,Positive
Wrcf2xtqbkQ$_$9,7,0.26662859398932837,0.22228699922561646,0.4399143626054169,Neutral,Positive
Wrcf2xtqbkQ$_$8,0,1.089895473409628,0.16583210229873657,0.4721710527798015,Positive,Neutral
Wrcf2xtqbkQ$_$8,1,1.6537828660858447,0.929405927658081,0.7844032102123925,Positive,Neutral
Wrcf2xtqbkQ$_$8,2,0.7128968665674471,0.3259296417236328,0.4820678252097968,Positive,Neutral
Wrcf2xtqbkQ$_$8,3,0.9227597188220058,0.562856912612915,0.6403380127682403,Positive,Neutral
Wrcf2xtqbkQ$_$8,4,1.5539899716824985,-0.048467230051755905,0.4049361617354006,Positive,Neutral
Wrcf2xtqbkQ$_$8,5,0.9569811524250387,0.5132284760475159,0.6304847748644876,Positive,Neutral
Wrcf2xtqbkQ$_$8,6,1.0737859371882459,0.07380795478820801,0.40658734244513217,Positive,Neutral
Wrcf2xtqbkQ$_$8,7,0.3639868007967204,0.3589962124824524,0.4789168638393803,Positive,Neutral
WxajvjGKz7Y$_$0,0,-1.089895473409628,0.16583210229873657,0.15876829043619456,Neutral,Positive
WxajvjGKz7Y$_$0,1,0.8483165886503695,0.129607692360878,0.5908960312829673,Neutral,Positive
WxajvjGKz7Y$_$0,2,-0.8913953209007537,0.6380979418754578,0.2587724667007823,Neutral,Positive
WxajvjGKz7Y$_$0,3,0.2412065605506134,0.24668949842453003,0.48334686537633237,Neutral,Positive
WxajvjGKz7Y$_$0,4,0.1697944874273951,-0.1647738665342331,0.2730289022464989,Neutral,Positive
WxajvjGKz7Y$_$0,5,1.082443460490094,0.07162401080131531,0.5808034733758439,Neutral,Positive
WxajvjGKz7Y$_$0,6,0.33591892823701475,0.18114936351776123,0.45692209257228306,Neutral,Positive
WxajvjGKz7Y$_$0,7,0.8281717446197486,0.15099912881851196,0.565241917814125,Neutral,Positive
WxajvjGKz7Y$_$3,0,-1.089895473409628,0.16583210229873657,0.15876829043619456,Neutral,Positive
WxajvjGKz7Y$_$3,1,-0.5679382566887834,0.40048861503601074,0.32042814790962026,Neutral,Positive
WxajvjGKz7Y$_$3,2,-1.0212590834945123,0.590962290763855,0.22751181201461826,Neutral,Positive
WxajvjGKz7Y$_$3,3,-0.41761006337278406,0.3646932542324066,0.3464148432996011,Neutral,Positive
WxajvjGKz7Y$_$3,4,0.3275245712353172,0.018443919718265533,0.37990052218524045,Neutral,Positive
WxajvjGKz7Y$_$3,5,0.44536352422114023,0.18590879440307617,0.5031523654612946,Neutral,Positive
WxajvjGKz7Y$_$3,6,-0.0466374824851048,0.20528221130371094,0.36582660971172787,Neutral,Positive
WxajvjGKz7Y$_$3,7,0.31385836911376985,0.20867496728897095,0.46734250105270975,Neutral,Positive
WxajvjGKz7Y$_$6,0,-1.089895473409628,0.16583210229873657,0.15876829043619456,Neutral,Positive
WxajvjGKz7Y$_$6,1,-0.5452054236302916,0.40880846977233887,0.32627267597616155,Neutral,Positive
WxajvjGKz7Y$_$6,2,-0.23170973826170282,0.33337900042533875,0.3773850298791088,Neutral,Positive
WxajvjGKz7Y$_$6,3,-0.17574281877911113,0.3003634214401245,0.3971475290928201,Neutral,Positive
WxajvjGKz7Y$_$6,4,0.19901238394687426,-0.09533640742301941,0.3240255785975549,Neutral,Positive
WxajvjGKz7Y$_$6,5,0.23826805635955506,0.2262142300605774,0.4698584702184772,Neutral,Positive
WxajvjGKz7Y$_$6,6,0.2845644023904351,0.15117332339286804,0.4388489509253351,Neutral,Positive
WxajvjGKz7Y$_$6,7,0.29867488504905504,0.22138670086860657,0.47692709094014996,Neutral,Positive
XIGpuL-Kkyk$_$12,0,1.089895473409628,0.16583210229873657,0.4721710527798015,Positive,Neutral
XIGpuL-Kkyk$_$12,1,1.5738545266403192,0.8429234027862549,0.770991300589195,Positive,Neutral
XIGpuL-Kkyk$_$12,2,0.7967680474621665,0.5070804357528687,0.5715634329834364,Positive,Neutral
XIGpuL-Kkyk$_$12,3,1.1791223344279578,0.6520602703094482,0.6970848314371209,Positive,Neutral
XIGpuL-Kkyk$_$12,4,0.09774518564673818,-0.20528849959373474,0.22608566539689517,Positive,Neutral
XIGpuL-Kkyk$_$12,5,0.9920938859936698,0.6087811589241028,0.6559608053952,Positive,Neutral
XIGpuL-Kkyk$_$12,6,0.34359063890658437,0.2906638979911804,0.4137610279769434,Positive,Neutral
XIGpuL-Kkyk$_$12,7,0.6651757174456664,0.5216403007507324,0.5770373020429875,Positive,Neutral
XIGpuL-Kkyk$_$0,0,0.8435151655776999,0.16583210229873657,0.3690606567840039,Negative,Neutral
XIGpuL-Kkyk$_$0,1,1.806429035441754,-0.874868631362915,0.7890160592547443,Negative,Neutral
XIGpuL-Kkyk$_$0,2,-0.8588196579911909,0.37545689940452576,0.15861588948001198,Negative,Neutral
XIGpuL-Kkyk$_$0,3,0.7600688381190562,-0.21063372492790222,0.5632612876835434,Negative,Neutral
XIGpuL-Kkyk$_$0,4,0.8435151655776999,0.16583210229873657,0.3690606567840039,Negative,Neutral
XIGpuL-Kkyk$_$0,5,1.806429035441754,-0.874868631362915,0.7890160592547443,Negative,Neutral
XIGpuL-Kkyk$_$0,6,-0.8588196579911909,0.37545689940452576,0.15861588948001198,Negative,Neutral
XIGpuL-Kkyk$_$0,7,0.7600688381190562,-0.21063372492790222,0.5632612876835434,Negative,Neutral
XIGpuL-Kkyk$_$4,0,1.089895473409628,0.16583210229873657,0.4721710527798015,Positive,Neutral
XIGpuL-Kkyk$_$4,1,2.211600715207582,1.385298490524292,0.8425625892940429,Positive,Neutral
XIGpuL-Kkyk$_$4,2,0.8977552771318595,0.5798176527023315,0.6077552893349087,Positive,Neutral
XIGpuL-Kkyk$_$4,3,2.085361305983113,1.1953871250152588,0.8360126871605786,Positive,Neutral
XIGpuL-Kkyk$_$4,4,2.257592615370737,1.0236424207687378,0.7517129357615002,Positive,Neutral
XIGpuL-Kkyk$_$4,5,2.3565224057887932,1.3528114557266235,0.8457799887001836,Positive,Neutral
XIGpuL-Kkyk$_$4,6,1.7646692608127907,0.9006025791168213,0.7352199720559243,Positive,Neutral
XIGpuL-Kkyk$_$4,7,2.259436179617453,1.2728075981140137,0.848860796985373,Positive,Neutral
XIGpuL-Kkyk$_$7,0,1.089895473409628,0.16583210229873657,0.4721710527798015,Positive,Neutral
XIGpuL-Kkyk$_$7,1,0.6223443164082868,0.4856569766998291,0.5853452266573421,Positive,Neutral
XIGpuL-Kkyk$_$7,2,0.37480029376545554,0.4344639778137207,0.5008416116946399,Positive,Neutral
XIGpuL-Kkyk$_$7,3,0.2545891923689949,0.36306828260421753,0.5011290753416496,Positive,Neutral
XIGpuL-Kkyk$_$7,4,1.089895473409628,0.16583210229873657,0.4721710527798015,Positive,Neutral
XIGpuL-Kkyk$_$7,5,0.6223443164082868,0.4856569766998291,0.5853452266573421,Positive,Neutral
XIGpuL-Kkyk$_$7,6,0.37480029376545554,0.4344639778137207,0.5008416116946399,Positive,Neutral
XIGpuL-Kkyk$_$7,7,0.2545891923689949,0.36306828260421753,0.5011290753416496,Positive,Neutral
XaVYxIW0FDg$_$2,0,1.089895473409628,0.16583210229873657,0.4721710527798015,Positive,Neutral
XaVYxIW0FDg$_$2,1,0.7114081718114901,0.49742555618286133,0.5863850235251691,Positive,Neutral
XaVYxIW0FDg$_$2,2,0.7979876644019568,0.45805275440216064,0.5509008739357601,Positive,Neutral
XaVYxIW0FDg$_$2,3,0.3955811102661527,0.3825947642326355,0.5073788758702836,Positive,Neutral
XaVYxIW0FDg$_$2,4,1.8236272089665688,0.8314787149429321,0.7199527071323791,Positive,Neutral
XaVYxIW0FDg$_$2,5,1.2028744651028678,0.624381422996521,0.6880153316264042,Positive,Neutral
XaVYxIW0FDg$_$2,6,1.3764435043883312,0.6455249190330505,0.6410704554823777,Positive,Neutral
XaVYxIW0FDg$_$2,7,0.6838657309410981,0.48569977283477783,0.5718628983801711,Positive,Neutral
XyP8bVmGX6M$_$4,0,1.089895473409628,0.16583210229873657,0.4721710527798015,Positive,Neutral
XyP8bVmGX6M$_$4,1,1.95984341461962,1.197149634361267,0.8201937173921977,Positive,Neutral
XyP8bVmGX6M$_$4,2,0.7604718205831008,0.5366926193237305,0.5911701922231068,Positive,Neutral
XyP8bVmGX6M$_$4,3,1.7066738918290816,0.9877715110778809,0.7912553664595758,Positive,Neutral
XyP8bVmGX6M$_$4,4,2.2901458597300546,1.184682011604309,0.7553615566619959,Positive,Neutral
XyP8bVmGX6M$_$4,5,2.265460723659041,1.3436636924743652,0.8385516886791404,Positive,Neutral
XyP8bVmGX6M$_$4,6,2.0250583614102444,1.1209611892700195,0.7801989024268386,Positive,Neutral
XyP8bVmGX6M$_$4,7,2.0446147108930717,1.1879996061325073,0.8280056482613514,Positive,Neutral
XzVapdEr_GY$_$3,0,1.089895473409628,0.16583210229873657,0.4721710527798015,Positive,Neutral
XzVapdEr_GY$_$3,1,2.1159252700771565,1.342050313949585,0.829049837731293,Positive,Neutral
XzVapdEr_GY$_$3,2,0.32682907728330457,0.2908809185028076,0.4659896785677926,Positive,Neutral
XzVapdEr_GY$_$3,3,1.8669402500778622,1.0629184246063232,0.8054617081570625,Positive,Neutral
XzVapdEr_GY$_$3,4,0.7836049492224292,0.11117585003376007,0.40477890089215246,Positive,Neutral
XzVapdEr_GY$_$3,5,1.9488038402598444,1.0299019813537598,0.8013482519598047,Positive,Neutral
XzVapdEr_GY$_$3,6,0.44398385524311224,0.16374844312667847,0.40917402221930244,Positive,Neutral
XzVapdEr_GY$_$3,7,1.504382941690671,0.8460036516189575,0.739860639664973,Positive,Neutral
XzVapdEr_GY$_$4,0,1.089895473409628,0.16583210229873657,0.4721710527798015,Positive,Neutral
XzVapdEr_GY$_$4,1,2.1204512564642335,1.3241496086120605,0.8315584284381318,Positive,Neutral
XzVapdEr_GY$_$4,2,0.07017945026597538,0.21483027935028076,0.40853179888743013,Positive,Neutral
XzVapdEr_GY$_$4,3,2.050778186927031,1.1635582447052002,0.8331604387424462,Positive,Neutral
XzVapdEr_GY$_$4,4,1.016856736411074,0.25181928277015686,0.4612157255876702,Positive,Neutral
XzVapdEr_GY$_$4,5,2.1626821164040178,1.1548397541046143,0.8344902964004683,Positive,Neutral
XzVapdEr_GY$_$4,6,0.5482454178334993,0.2014850378036499,0.4172267441464308,Positive,Neutral
XzVapdEr_GY$_$4,7,1.895594941992163,1.0288095474243164,0.8075748936030851,Positive,Neutral
Y7h-S3cJ52o$_$0,0,-1.089895473409628,0.16583210229873657,0.15876829043619456,Neutral,Positive
Y7h-S3cJ52o$_$0,1,-0.6470405003370729,0.4616851806640625,0.30886618110319936,Neutral,Positive
Y7h-S3cJ52o$_$0,2,0.19824733473660072,0.24208003282546997,0.4586418786039132,Neutral,Positive
Y7h-S3cJ52o$_$0,3,-0.04107569195368599,0.28161293268203735,0.4313094692063785,Neutral,Positive
Y7h-S3cJ52o$_$0,4,0.04945565091745063,0.18141695857048035,0.3872411881106874,Neutral,Positive
Y7h-S3cJ52o$_$0,5,0.12543736474782552,0.2778829336166382,0.4559892776165409,Neutral,Positive
Y7h-S3cJ52o$_$0,6,0.41380090975111994,0.17633140087127686,0.4721675736699636,Neutral,Positive
Y7h-S3cJ52o$_$0,7,0.4765835637275134,0.21235063672065735,0.5225337912488971,Neutral,Positive
Y7qkyMyanjU$_$2,0,-1.089895473409628,0.16583210229873657,0.15876829043619456,Neutral,Positive
Y7qkyMyanjU$_$2,1,0.18424362922395565,0.24821892380714417,0.47338942770752795,Neutral,Positive
Y7qkyMyanjU$_$2,2,-0.5495370186894474,0.48030805587768555,0.29896617430252603,Neutral,Positive
Y7qkyMyanjU$_$2,3,0.2502787721248013,0.24058479070663452,0.4811663496784489,Neutral,Positive
Y7qkyMyanjU$_$2,4,-1.089895473409628,0.16583210229873657,0.15876829043619456,Neutral,Positive
Y7qkyMyanjU$_$2,5,0.18424362922395565,0.24821892380714417,0.47338942770752795,Neutral,Positive
Y7qkyMyanjU$_$2,6,-0.5495370186894474,0.48030805587768555,0.29896617430252603,Neutral,Positive
Y7qkyMyanjU$_$2,7,0.2502787721248013,0.24058479070663452,0.4811663496784489,Neutral,Positive
Y7qkyMyanjU$_$4,0,1.089895473409628,0.16583210229873657,0.4721710527798015,Positive,Neutral
Y7qkyMyanjU$_$4,1,0.492316990543453,0.4470975399017334,0.5545454971525244,Positive,Neutral
Y7qkyMyanjU$_$4,2,1.398346214552805,0.6953025460243225,0.6636898687888215,Positive,Neutral
Y7qkyMyanjU$_$4,3,0.5344101550219704,0.42106950283050537,0.5627008677831967,Positive,Neutral
Y7qkyMyanjU$_$4,4,1.089895473409628,0.16583210229873657,0.4721710527798015,Positive,Neutral
Y7qkyMyanjU$_$4,5,0.492316990543453,0.4470975399017334,0.5545454971525244,Positive,Neutral
Y7qkyMyanjU$_$4,6,1.398346214552805,0.6953025460243225,0.6636898687888215,Positive,Neutral
Y7qkyMyanjU$_$4,7,0.5344101550219704,0.42106950283050537,0.5627008677831967,Positive,Neutral
YbuG8xyUO-o$_$3,0,-1.089895473409628,0.16583210229873657,0.15876829043619456,Neutral,Positive
YbuG8xyUO-o$_$3,1,0.3821456441130727,0.21503394842147827,0.5061381788511172,Neutral,Positive
YbuG8xyUO-o$_$3,2,-0.3126833494460115,0.3428187072277069,0.36389728852576253,Neutral,Positive
YbuG8xyUO-o$_$3,3,0.2889498500336838,0.2069661021232605,0.49006808423967246,Neutral,Positive
YbuG8xyUO-o$_$3,4,0.5530497040909332,0.06475830078125,0.4632140296143231,Neutral,Positive
YbuG8xyUO-o$_$3,5,0.8747849046768429,0.1272149682044983,0.5719709604895651,Neutral,Positive
YbuG8xyUO-o$_$3,6,0.381575584554799,0.1526164412498474,0.4685823489008922,Neutral,Positive
YbuG8xyUO-o$_$3,7,0.7513911167671284,0.14774498343467712,0.5548561971639823,Neutral,Positive
YbuG8xyUO-o$_$2,0,-1.089895473409628,0.16583210229873657,0.15876829043619456,Neutral,Positive
YbuG8xyUO-o$_$2,1,0.5492403159125349,0.14901620149612427,0.5390562502051424,Neutral,Positive
YbuG8xyUO-o$_$2,2,-0.2609211408379841,0.26675838232040405,0.36268696719782484,Neutral,Positive
YbuG8xyUO-o$_$2,3,0.41938087370019284,0.1731880009174347,0.5086745837999951,Neutral,Positive
YbuG8xyUO-o$_$2,4,0.1991297582352518,0.09192685782909393,0.3912844188367553,Neutral,Positive
YbuG8xyUO-o$_$2,5,0.8213848733158976,0.09979872405529022,0.5597326840651754,Neutral,Positive
YbuG8xyUO-o$_$2,6,0.20804430518215444,0.14515921473503113,0.42128476901081646,Neutral,Positive
YbuG8xyUO-o$_$2,7,0.719727625681933,0.13381542265415192,0.5401799610838349,Neutral,Positive
Z7L3V5bwzI0$_$2,0,1.089895473409628,0.16583210229873657,0.4721710527798015,Positive,Neutral
Z7L3V5bwzI0$_$2,1,2.199172286942781,1.284830927848816,0.8340951987691776,Positive,Neutral
Z7L3V5bwzI0$_$2,2,2.0321799486428342,1.1086461544036865,0.7719331878447123,Positive,Neutral
Z7L3V5bwzI0$_$2,3,2.2395234969783773,1.3099355697631836,0.8375206554415963,Positive,Neutral
Z7L3V5bwzI0$_$2,4,1.4591498108917835,0.7135588526725769,0.662021113599698,Positive,Neutral
Z7L3V5bwzI0$_$2,5,2.132344465459277,1.1057170629501343,0.8168378311255133,Positive,Neutral
Z7L3V5bwzI0$_$2,6,1.699059832058741,0.8531448841094971,0.7006827146882146,Positive,Neutral
Z7L3V5bwzI0$_$2,7,2.063447367722744,1.1426082849502563,0.8058191097700935,Positive,Neutral
ZaoFHcbRM9g$_$3,0,0.2463803078319281,0.16583210229873657,0.4721710527798015,Positive,Negative
ZaoFHcbRM9g$_$3,1,0.8159974524519154,0.8085078597068787,0.6401589938570543,Positive,Negative
ZaoFHcbRM9g$_$3,2,1.5007470789404347,0.48408710956573486,0.5924582818186752,Positive,Negative
ZaoFHcbRM9g$_$3,3,1.7534877471842099,1.0960893630981445,0.7687584404816733,Positive,Negative
ZaoFHcbRM9g$_$3,4,1.3323609673724164,0.9369885921478271,0.6678321988794808,Positive,Negative
ZaoFHcbRM9g$_$3,5,1.177721327509683,1.086946964263916,0.7120789100246626,Positive,Negative
ZaoFHcbRM9g$_$3,6,1.2844563592094076,0.6568652391433716,0.5946346400004021,Positive,Negative
ZaoFHcbRM9g$_$3,7,1.2512747310577295,1.006709337234497,0.6997356296379145,Positive,Negative
ZaoFHcbRM9g$_$2,0,-0.8435151655776999,0.16583210229873657,0.15876829043619456,Neutral,Negative
ZaoFHcbRM9g$_$2,1,0.3537146916747279,-0.2093399465084076,0.5014172874886634,Neutral,Negative
ZaoFHcbRM9g$_$2,2,1.072062809642563,0.3224834203720093,0.3865386717859961,Neutral,Negative
ZaoFHcbRM9g$_$2,3,1.1228345251822187,0.07795874774456024,0.590553577720503,Neutral,Negative
ZaoFHcbRM9g$_$2,4,0.7287034713562848,0.14813584089279175,0.4560594911731286,Neutral,Negative
ZaoFHcbRM9g$_$2,5,-0.0009681893219318782,-0.19955536723136902,0.4199303231568873,Neutral,Negative
ZaoFHcbRM9g$_$2,6,1.084115921540298,0.17677795886993408,0.4977742280917964,Neutral,Negative
ZaoFHcbRM9g$_$2,7,0.6792353734246833,0.03293570876121521,0.5376661528234216,Neutral,Negative
ZaoFHcbRM9g$_$5,0,-0.8435151655776999,0.16583210229873657,0.15876829043619456,Neutral,Negative
ZaoFHcbRM9g$_$5,1,0.3961624667548672,-0.06619469821453094,0.4829627843056344,Neutral,Negative
ZaoFHcbRM9g$_$5,2,0.8734616119951488,0.4324369430541992,0.31225628560672136,Neutral,Negative
ZaoFHcbRM9g$_$5,3,0.9434052823808239,0.14811021089553833,0.5219190916604863,Neutral,Negative
ZaoFHcbRM9g$_$5,4,0.048041603130728916,0.4331393837928772,0.23304755924988488,Neutral,Negative
ZaoFHcbRM9g$_$5,5,-0.03834008643835951,-0.008685365319252014,0.3705533569074838,Neutral,Negative
ZaoFHcbRM9g$_$5,6,0.7701867936577174,0.3580235540866852,0.35779027343659753,Neutral,Negative
ZaoFHcbRM9g$_$5,7,0.6059334505555714,0.13989275693893433,0.48116148118280794,Neutral,Negative
ZaoFHcbRM9g$_$9,0,0.8435151655776999,0.16583210229873657,0.3690606567840039,Negative,Neutral
ZaoFHcbRM9g$_$9,1,2.9231658458988465,-1.4215798377990723,0.9013689415833299,Negative,Neutral
ZaoFHcbRM9g$_$9,2,-0.9734940125947569,0.4226844310760498,0.1263341726522885,Negative,Neutral
ZaoFHcbRM9g$_$9,3,0.22221967349091953,0.09003719687461853,0.4007638605439633,Negative,Neutral
ZaoFHcbRM9g$_$9,4,-0.1492306126654932,0.08318054676055908,0.3019101220063261,Negative,Neutral
ZaoFHcbRM9g$_$9,5,2.9675286985408964,-1.284138560295105,0.8979203342226183,Negative,Neutral
ZaoFHcbRM9g$_$9,6,-1.0116026237374087,0.19582802057266235,0.17092016720651793,Negative,Neutral
ZaoFHcbRM9g$_$9,7,1.0954757471365555,-0.20317170023918152,0.6089911789877919,Negative,Neutral
ZaoFHcbRM9g$_$8,0,-0.2463803078319281,0.16583210229873657,0.3690606567840039,Negative,Positive
ZaoFHcbRM9g$_$8,1,2.9065926233213926,-1.8795642852783203,0.9030994805959021,Negative,Positive
ZaoFHcbRM9g$_$8,2,-1.1461796273043543,0.27705809473991394,0.1442044692997857,Negative,Positive
ZaoFHcbRM9g$_$8,3,2.1919304446994126,-0.9711020588874817,0.8405431325458319,Negative,Positive
ZaoFHcbRM9g$_$8,4,0.04985031997573719,0.055015698075294495,0.3544780198960423,Negative,Positive
ZaoFHcbRM9g$_$8,5,3.020125871808447,-1.7876079082489014,0.9187172470847109,Negative,Positive
ZaoFHcbRM9g$_$8,6,-0.45000826565743735,0.1473100185394287,0.2030076124651791,Negative,Positive
ZaoFHcbRM9g$_$8,7,2.789237814882605,-1.3297998905181885,0.9043587112468602,Negative,Positive
Zvisaa77Cng$_$1,0,1.089895473409628,0.16583210229873657,0.4721710527798015,Positive,Neutral
Zvisaa77Cng$_$1,1,2.0894347714413124,1.1397056579589844,0.810788117940797,Positive,Neutral
Zvisaa77Cng$_$1,2,0.6070396943779057,0.5002413988113403,0.5295165361022809,Positive,Neutral
Zvisaa77Cng$_$1,3,1.332226909523039,0.8169173002243042,0.702804843965286,Positive,Neutral
Zvisaa77Cng$_$1,4,2.1618522306182935,0.7822893857955933,0.6578586748990832,Positive,Neutral
Zvisaa77Cng$_$1,5,2.207181969514493,0.9915857315063477,0.7588064300125981,Positive,Neutral
Zvisaa77Cng$_$1,6,1.2943571202579771,0.6106827259063721,0.6000095091977848,Positive,Neutral
Zvisaa77Cng$_$1,7,1.4207521356012234,0.7905946969985962,0.6751198113054554,Positive,Neutral
Zvisaa77Cng$_$5,0,1.089895473409628,0.16583210229873657,0.4721710527798015,Positive,Neutral
Zvisaa77Cng$_$5,1,1.637386165672665,0.916104793548584,0.7686003776196815,Positive,Neutral
Zvisaa77Cng$_$5,2,0.30716811437023017,0.36755719780921936,0.44620019339045947,Positive,Neutral
Zvisaa77Cng$_$5,3,0.6874597433243458,0.5140563249588013,0.5712202389103596,Positive,Neutral
Zvisaa77Cng$_$5,4,1.3008721929030416,0.5584859848022461,0.5746740069786935,Positive,Neutral
Zvisaa77Cng$_$5,5,1.1591936175456246,0.6683436632156372,0.643364795823234,Positive,Neutral
Zvisaa77Cng$_$5,6,0.6007408340826749,0.36559104919433594,0.46399784427228663,Positive,Neutral
Zvisaa77Cng$_$5,7,0.4586718538265846,0.43762481212615967,0.4889286690920515,Positive,Neutral
_7HVhnSYX1Y$_$26,0,1.089895473409628,0.16583210229873657,0.4721710527798015,Positive,Neutral
_7HVhnSYX1Y$_$26,1,0.9349206966454965,0.5917602777481079,0.6523433712499509,Positive,Neutral
_7HVhnSYX1Y$_$26,2,0.46006541261778444,0.3422292172908783,0.48825617488043377,Positive,Neutral
_7HVhnSYX1Y$_$26,3,0.49646720822125023,0.4229564070701599,0.5539905716797168,Positive,Neutral
_7HVhnSYX1Y$_$26,4,1.0432638501605545,0.3653584420681,0.5822975608630507,Positive,Neutral
_7HVhnSYX1Y$_$26,5,0.5875071992301927,0.44437623023986816,0.5724394603875879,Positive,Neutral
_7HVhnSYX1Y$_$26,6,0.5097572281589973,0.2564123868942261,0.4811958561490386,Positive,Neutral
_7HVhnSYX1Y$_$26,7,0.11225539463258827,0.3335920572280884,0.4570859284278872,Positive,Neutral
_7HVhnSYX1Y$_$12,0,1.089895473409628,0.16583210229873657,0.4721710527798015,Positive,Neutral
_7HVhnSYX1Y$_$12,1,2.0021116599887088,1.2308154106140137,0.8221114711115078,Positive,Neutral
_7HVhnSYX1Y$_$12,2,0.6953084038098469,0.4378507137298584,0.5634709314048805,Positive,Neutral
_7HVhnSYX1Y$_$12,3,1.7086649952756205,0.933544397354126,0.787769899070454,Positive,Neutral
_7HVhnSYX1Y$_$12,4,0.40770172864859966,0.31645840406417847,0.48067775947318314,Positive,Neutral
_7HVhnSYX1Y$_$12,5,1.6194237642031446,0.8632692694664001,0.7709396699768946,Positive,Neutral
_7HVhnSYX1Y$_$12,6,0.25974533352847873,0.26788556575775146,0.45307896824556393,Positive,Neutral
_7HVhnSYX1Y$_$12,7,1.0754973620882118,0.6266071796417236,0.6727586164228856,Positive,Neutral
_7HVhnSYX1Y$_$14,0,1.089895473409628,0.16583210229873657,0.4721710527798015,Positive,Neutral
_7HVhnSYX1Y$_$14,1,2.3049915921099173,1.4092538356781006,0.8291256448307117,Positive,Neutral
_7HVhnSYX1Y$_$14,2,0.20446145001591642,0.27867355942726135,0.4539946031148,Positive,Neutral
_7HVhnSYX1Y$_$14,3,2.0644135753424084,1.1588728427886963,0.8178433145726014,Positive,Neutral
_7HVhnSYX1Y$_$14,4,-0.08712732743616347,0.22226357460021973,0.3842780367843112,Positive,Neutral
_7HVhnSYX1Y$_$14,5,1.731499636567834,0.9172613620758057,0.7631069885841345,Positive,Neutral
_7HVhnSYX1Y$_$14,6,-0.22777304685610955,0.1699182391166687,0.3517437524022874,Positive,Neutral
_7HVhnSYX1Y$_$14,7,1.1248272377070434,0.6605965495109558,0.6500482963687546,Positive,Neutral
_7HVhnSYX1Y$_$19,0,-1.089895473409628,0.16583210229873657,0.15876829043619456,Neutral,Positive
_7HVhnSYX1Y$_$19,1,-0.0702933332829675,0.35775694251060486,0.40151069949981505,Neutral,Positive
_7HVhnSYX1Y$_$19,2,-0.30398034609130875,0.3340163826942444,0.35121968945500864,Neutral,Positive
_7HVhnSYX1Y$_$19,3,0.1505324483508751,0.2704477608203888,0.4442812887596336,Neutral,Positive
_7HVhnSYX1Y$_$19,4,-1.393050732722424,0.45480722188949585,0.15160712868097115,Neutral,Positive
_7HVhnSYX1Y$_$19,5,-0.18603806700551018,0.3686520755290985,0.3646948283853808,Neutral,Positive
_7HVhnSYX1Y$_$19,6,-0.5302816967052871,0.32957345247268677,0.291448784001752,Neutral,Positive
_7HVhnSYX1Y$_$19,7,0.16307907404847466,0.27753958106040955,0.42881126918614576,Neutral,Positive
_7HVhnSYX1Y$_$31,0,1.089895473409628,0.16583210229873657,0.4721710527798015,Positive,Neutral
_7HVhnSYX1Y$_$31,1,2.107748097719736,1.241164207458496,0.8367430987722844,Positive,Neutral
_7HVhnSYX1Y$_$31,2,0.07431206311960226,0.20640671253204346,0.41049621718015356,Positive,Neutral
_7HVhnSYX1Y$_$31,3,1.499814501174416,0.8134159445762634,0.7540462003391883,Positive,Neutral
_7HVhnSYX1Y$_$31,4,0.7701729317114214,0.3987218737602234,0.559435585077899,Positive,Neutral
_7HVhnSYX1Y$_$31,5,1.6885540958205374,0.9040536880493164,0.7774098435265625,Positive,Neutral
_7HVhnSYX1Y$_$31,6,0.09218379333197324,0.18783771991729736,0.4108362960814954,Positive,Neutral
_7HVhnSYX1Y$_$31,7,0.8435561792216442,0.552982747554779,0.6179799192970892,Positive,Neutral
_7HVhnSYX1Y$_$3,0,1.089895473409628,0.16583210229873657,0.4721710527798015,Positive,Neutral
_7HVhnSYX1Y$_$3,1,1.5956039401004514,0.8487991690635681,0.7768466967231372,Positive,Neutral
_7HVhnSYX1Y$_$3,2,0.29646899427329787,0.3083908259868622,0.45432512366147815,Positive,Neutral
_7HVhnSYX1Y$_$3,3,0.9960224520467293,0.5480595827102661,0.6665161306315636,Positive,Neutral
_7HVhnSYX1Y$_$3,4,1.2848754792373955,0.4813395142555237,0.6175508065972095,Positive,Neutral
_7HVhnSYX1Y$_$3,5,1.3272644400284621,0.6555930376052856,0.726888418889558,Positive,Neutral
_7HVhnSYX1Y$_$3,6,0.6268487369462484,0.32048720121383667,0.4950530063968302,Positive,Neutral
_7HVhnSYX1Y$_$3,7,0.660093728211085,0.45585519075393677,0.5853378278091332,Positive,Neutral
_BvNNdEkhZA$_$14,0,0.8435151655776999,0.16583210229873657,0.3690606567840039,Negative,Neutral
_BvNNdEkhZA$_$14,1,-0.3251947285546617,0.30164703726768494,0.23379666783449796,Negative,Neutral
_BvNNdEkhZA$_$14,2,-0.614413942860206,0.29637110233306885,0.1777437461670777,Negative,Neutral
_BvNNdEkhZA$_$14,3,-0.6353028080917351,0.25058743357658386,0.2128972759810659,Negative,Neutral
_BvNNdEkhZA$_$14,4,1.7322621689799238,-0.4873509407043457,0.680926085097925,Negative,Neutral
_BvNNdEkhZA$_$14,5,1.4157435448806515,-0.3281766176223755,0.6298694713237258,Negative,Neutral
_BvNNdEkhZA$_$14,6,0.053228050486358924,0.12152275443077087,0.33542560228757856,Negative,Neutral
_BvNNdEkhZA$_$14,7,0.3675027767413934,0.021634146571159363,0.42452054954830404,Negative,Neutral
_BvNNdEkhZA$_$19,0,-1.089895473409628,0.16583210229873657,0.15876829043619456,Neutral,Positive
_BvNNdEkhZA$_$19,1,-0.4716732375952074,0.38528770208358765,0.3411594240218359,Neutral,Positive
_BvNNdEkhZA$_$19,2,-0.6341360380574783,0.3967471122741699,0.2987012666148303,Neutral,Positive
_BvNNdEkhZA$_$19,3,-0.2681692619067487,0.3024701476097107,0.37963414634002884,Neutral,Positive
_BvNNdEkhZA$_$19,4,-0.38128478942706123,-0.4791451096534729,0.12389742545244344,Neutral,Positive
_BvNNdEkhZA$_$19,5,0.2494975621925789,0.24886101484298706,0.4684794083965818,Neutral,Positive
_BvNNdEkhZA$_$19,6,-0.18789584091333422,0.18781054019927979,0.3128039367293066,Neutral,Positive
_BvNNdEkhZA$_$19,7,0.20598471648027017,0.24830174446105957,0.45523429577657526,Neutral,Positive
_BvNNdEkhZA$_$7,0,-1.089895473409628,0.16583210229873657,0.15876829043619456,Neutral,Positive
_BvNNdEkhZA$_$7,1,-1.0544937040292597,0.6539523601531982,0.23530047331371728,Neutral,Positive
_BvNNdEkhZA$_$7,2,-0.6086671232442499,0.40782445669174194,0.3056916190842528,Neutral,Positive
_BvNNdEkhZA$_$7,3,-0.5665729171526925,0.43123841285705566,0.32264794561051796,Neutral,Positive
_BvNNdEkhZA$_$7,4,-0.17988082169670294,-0.42555099725723267,0.18559071064347754,Neutral,Positive
_BvNNdEkhZA$_$7,5,-0.03806765762291331,0.32257094979286194,0.4181350097506576,Neutral,Positive
_BvNNdEkhZA$_$7,6,0.03782074871624819,0.18522173166275024,0.381805270716517,Neutral,Positive
_BvNNdEkhZA$_$7,7,0.10552908182847986,0.28688982129096985,0.4442703560809867,Neutral,Positive
_BvNNdEkhZA$_$6,0,1.089895473409628,0.16583210229873657,0.4721710527798015,Positive,Neutral
_BvNNdEkhZA$_$6,1,1.1063075736646588,0.6614744663238525,0.6573361760685756,Positive,Neutral
_BvNNdEkhZA$_$6,2,0.7220185159723019,0.40653228759765625,0.5545894534544706,Positive,Neutral
_BvNNdEkhZA$_$6,3,0.6584275480333739,0.4586423635482788,0.5567958580048832,Positive,Neutral
_BvNNdEkhZA$_$6,4,0.4456558235352681,-0.47576630115509033,0.19035916400857963,Positive,Neutral
_BvNNdEkhZA$_$6,5,0.4053084996360167,0.22519055008888245,0.4235122291716944,Positive,Neutral
_BvNNdEkhZA$_$6,6,0.4122134758298803,0.12148086726665497,0.37043370173029616,Positive,Neutral
_BvNNdEkhZA$_$6,7,0.27265675369368414,0.2721494436264038,0.4146632242081632,Positive,Neutral
_BvNNdEkhZA$_$9,0,-1.089895473409628,0.16583210229873657,0.15876829043619456,Neutral,Positive
_BvNNdEkhZA$_$9,1,0.6016596148480883,0.11228622496128082,0.5560976733430489,Neutral,Positive
_BvNNdEkhZA$_$9,2,-0.04416205079791469,0.2434496283531189,0.40503393402066973,Neutral,Positive
_BvNNdEkhZA$_$9,3,0.6345757891229148,0.10492560267448425,0.5569389282535548,Neutral,Positive
_BvNNdEkhZA$_$9,4,-0.7670152958186549,-0.6267498135566711,0.07492591642067419,Neutral,Positive
_BvNNdEkhZA$_$9,5,0.9608375136570828,0.0880449116230011,0.5673291693507506,Neutral,Positive
_BvNNdEkhZA$_$9,6,-0.08696165106883802,0.0892273485660553,0.28990547973561925,Neutral,Positive
_BvNNdEkhZA$_$9,7,0.9312728244673003,0.10676854848861694,0.5670138882530642,Neutral,Positive
_aZDaIfGfPo$_$1,0,1.089895473409628,0.16583210229873657,0.4721710527798015,Positive,Neutral
_aZDaIfGfPo$_$1,1,2.0922182135928242,1.1659822463989258,0.8142255669199007,Positive,Neutral
_aZDaIfGfPo$_$1,2,1.0432042107118185,0.5954753160476685,0.6367387645779347,Positive,Neutral
_aZDaIfGfPo$_$1,3,1.833689543430307,1.0126051902770996,0.7894227970500158,Positive,Neutral
_aZDaIfGfPo$_$1,4,0.9519966100246195,0.6969069242477417,0.6169108363375547,Positive,Neutral
_aZDaIfGfPo$_$1,5,2.0440780611233156,1.075003981590271,0.8075894426006042,Positive,Neutral
_aZDaIfGfPo$_$1,6,0.8537010031935912,0.5890251398086548,0.6009677600645119,Positive,Neutral
_aZDaIfGfPo$_$1,7,1.7549417417023778,0.9683438539505005,0.7761293371754556,Positive,Neutral
_aZDaIfGfPo$_$0,0,1.089895473409628,0.16583210229873657,0.4721710527798015,Positive,Neutral
_aZDaIfGfPo$_$0,1,1.5317001384344795,0.8840924501419067,0.759669059713996,Positive,Neutral
_aZDaIfGfPo$_$0,2,0.8862634826479086,0.45709890127182007,0.6105381835255816,Positive,Neutral
_aZDaIfGfPo$_$0,3,1.1193221250565633,0.6126219034194946,0.6856855102163955,Positive,Neutral
_aZDaIfGfPo$_$0,4,2.048482866830535,1.2032742500305176,0.7870506320166508,Positive,Neutral
_aZDaIfGfPo$_$0,5,1.869374415121814,1.070495843887329,0.804411770194447,Positive,Neutral
_aZDaIfGfPo$_$0,6,1.5693450250890928,0.8657635450363159,0.7421461382202487,Positive,Neutral
_aZDaIfGfPo$_$0,7,1.4129119340575684,0.7954309582710266,0.7396749298969764,Positive,Neutral
_gr7o5ynhnw$_$13,0,1.089895473409628,0.16583210229873657,0.4721710527798015,Positive,Neutral
_gr7o5ynhnw$_$13,1,1.447292853363919,0.776753842830658,0.7512165551304485,Positive,Neutral
_gr7o5ynhnw$_$13,2,0.11961457244302975,0.15935060381889343,0.40377818218720335,Positive,Neutral
_gr7o5ynhnw$_$13,3,0.7506747143321943,0.4401012659072876,0.6086160714435155,Positive,Neutral
_gr7o5ynhnw$_$13,4,0.2356153551977449,-0.26148468255996704,0.2555330894151635,Positive,Neutral
_gr7o5ynhnw$_$13,5,0.7229360712272653,0.442208468914032,0.6029977326696534,Positive,Neutral
_gr7o5ynhnw$_$13,6,0.10100141539207264,-0.04722146689891815,0.29561230593918725,Positive,Neutral
_gr7o5ynhnw$_$13,7,0.14021911446711877,0.31229180097579956,0.45814939678224553,Positive,Neutral
_gr7o5ynhnw$_$12,0,1.089895473409628,0.16583210229873657,0.4721710527798015,Positive,Neutral
_gr7o5ynhnw$_$12,1,1.728899285603959,0.978801965713501,0.7955702914354491,Positive,Neutral
_gr7o5ynhnw$_$12,2,0.10695849712988159,0.24514055252075195,0.4340737525923147,Positive,Neutral
_gr7o5ynhnw$_$12,3,1.0506518296788216,0.5994325876235962,0.6758052469398471,Positive,Neutral
_gr7o5ynhnw$_$12,4,0.2847718753398283,-0.2048567533493042,0.30302200743594293,Positive,Neutral
_gr7o5ynhnw$_$12,5,0.944255589089199,0.5478345155715942,0.6497565821692989,Positive,Neutral
_gr7o5ynhnw$_$12,6,-0.14673617469126554,0.06157770752906799,0.33096646866399465,Positive,Neutral
_gr7o5ynhnw$_$12,7,0.2549781444051621,0.35953110456466675,0.48770752304553383,Positive,Neutral
_gr7o5ynhnw$_$15,0,1.089895473409628,0.16583210229873657,0.4721710527798015,Positive,Neutral
_gr7o5ynhnw$_$15,1,2.1244496162759434,1.3490351438522339,0.824391889447342,Positive,Neutral
_gr7o5ynhnw$_$15,2,0.1848144061746666,0.19305896759033203,0.4352399772717434,Positive,Neutral
_gr7o5ynhnw$_$15,3,2.1192326220873525,1.2030787467956543,0.8368133217186924,Positive,Neutral
_gr7o5ynhnw$_$15,4,0.5598879486849294,0.31343966722488403,0.4647163083344395,Positive,Neutral
_gr7o5ynhnw$_$15,5,2.2319902274275947,1.2183533906936646,0.8319230201524895,Positive,Neutral
_gr7o5ynhnw$_$15,6,0.26154884773754683,0.2298145890235901,0.41340123695644126,Positive,Neutral
_gr7o5ynhnw$_$15,7,2.161271586873829,1.1826612949371338,0.8374055137817281,Positive,Neutral
_gzYkdjNvPc$_$12,0,-1.089895473409628,0.16583210229873657,0.15876829043619456,Neutral,Positive
_gzYkdjNvPc$_$12,1,-1.7020881682239315,0.9820922613143921,0.14365489953312482,Neutral,Positive
_gzYkdjNvPc$_$12,2,0.18878398338120084,0.21442219614982605,0.43056832921084115,Neutral,Positive
_gzYkdjNvPc$_$12,3,-0.8566110480828113,0.5601456165313721,0.2694058545462833,Neutral,Positive
_gzYkdjNvPc$_$12,4,-0.3895953190101107,-0.366191029548645,0.14898521335125,Neutral,Positive
_gzYkdjNvPc$_$12,5,-0.05527257772769134,0.29593172669410706,0.4057527455490372,Neutral,Positive
_gzYkdjNvPc$_$12,6,0.10366145702262752,-0.09887148439884186,0.2839528574276604,Neutral,Positive
_gzYkdjNvPc$_$12,7,0.362335814647173,0.23179179430007935,0.4776102597838686,Neutral,Positive
_gzYkdjNvPc$_$17,0,-0.2463803078319281,0.16583210229873657,0.3690606567840039,Negative,Positive
_gzYkdjNvPc$_$17,1,2.9292092865673625,-1.7884324789047241,0.9082320316738015,Negative,Positive
_gzYkdjNvPc$_$17,2,-1.0672959446828112,0.3902567923069,0.17240515410094787,Negative,Positive
_gzYkdjNvPc$_$17,3,2.558492715749372,-1.2252743244171143,0.8884792982542129,Negative,Positive
_gzYkdjNvPc$_$17,4,0.17197925413863802,0.11942145228385925,0.4033052373046353,Negative,Positive
_gzYkdjNvPc$_$17,5,3.058999128649945,-1.655611515045166,0.9238821219921927,Negative,Positive
_gzYkdjNvPc$_$17,6,-0.12215743151606562,0.15368714928627014,0.31539359610516615,Negative,Positive
_gzYkdjNvPc$_$17,7,2.9177628134917764,-1.4026212692260742,0.9192385955422069,Negative,Positive
_gzYkdjNvPc$_$1,0,-1.089895473409628,0.16583210229873657,0.15876829043619456,Neutral,Positive
_gzYkdjNvPc$_$1,1,0.13942259751169683,0.24158093333244324,0.4145329115205942,Neutral,Positive
_gzYkdjNvPc$_$1,2,-0.9469677142869783,0.5623172521591187,0.24623810089930734,Neutral,Positive
_gzYkdjNvPc$_$1,3,0.03322942888600999,0.29303672909736633,0.4125380004433149,Neutral,Positive
_gzYkdjNvPc$_$1,4,-0.7108110939983108,0.2131550908088684,0.20705542907431643,Neutral,Positive
_gzYkdjNvPc$_$1,5,0.10512050172476473,0.1727941632270813,0.36731729661652024,Neutral,Positive
_gzYkdjNvPc$_$1,6,-0.4919817919608904,0.32198286056518555,0.2930015489779049,Neutral,Positive
_gzYkdjNvPc$_$1,7,0.16339074641393758,0.21710091829299927,0.40013923389609757,Neutral,Positive
_gzYkdjNvPc$_$3,0,-1.089895473409628,0.16583210229873657,0.15876829043619456,Neutral,Positive
_gzYkdjNvPc$_$3,1,-0.5894554388443045,0.4601931571960449,0.3202941839342095,Neutral,Positive
_gzYkdjNvPc$_$3,2,-0.3595455972489744,0.44621390104293823,0.34656227777257065,Neutral,Positive
_gzYkdjNvPc$_$3,3,-0.23195273651729897,0.34368249773979187,0.391108205561874,Neutral,Positive
_gzYkdjNvPc$_$3,4,-0.3839642149282898,-0.07568502426147461,0.2054201078740313,Neutral,Positive
_gzYkdjNvPc$_$3,5,0.44335057307170167,0.21136474609375,0.5085973945877654,Neutral,Positive
_gzYkdjNvPc$_$3,6,0.04557910219572103,0.08130839467048645,0.34882237895327656,Neutral,Positive
_gzYkdjNvPc$_$3,7,0.5690037639019838,0.1810479462146759,0.5231814523640449,Neutral,Positive
_gzYkdjNvPc$_$2,0,-0.2463803078319281,0.16583210229873657,0.3690606567840039,Negative,Positive
_gzYkdjNvPc$_$2,1,3.00520168655693,-1.8002495765686035,0.8920838348564352,Negative,Positive
_gzYkdjNvPc$_$2,2,-1.0357666120793405,0.3290102183818817,0.16845177192517866,Negative,Positive
_gzYkdjNvPc$_$2,3,2.5537842257660333,-1.1076452732086182,0.8442451020749744,Negative,Positive
_gzYkdjNvPc$_$2,4,-1.44599565969151,1.135612964630127,0.17521051804871476,Negative,Positive
_gzYkdjNvPc$_$2,5,2.960222562102914,-1.5951924324035645,0.9154260734408752,Negative,Positive
_gzYkdjNvPc$_$2,6,-1.7023168457545952,0.7982936501502991,0.12988040973533077,Negative,Positive
_gzYkdjNvPc$_$2,7,2.950621649078361,-1.3314034938812256,0.9154449835231608,Negative,Positive
_gzYkdjNvPc$_$5,0,-1.089895473409628,0.16583210229873657,0.15876829043619456,Neutral,Positive
_gzYkdjNvPc$_$5,1,0.024798545908299663,0.29106056690216064,0.43039123378535393,Neutral,Positive
_gzYkdjNvPc$_$5,2,-0.4048959527228799,0.4247205853462219,0.34363959870495653,Neutral,Positive
_gzYkdjNvPc$_$5,3,0.1040926028651975,0.25232070684432983,0.4502781668581733,Neutral,Positive
_gzYkdjNvPc$_$5,4,-0.17099526450046887,0.025582551956176758,0.26230835615228487,Neutral,Positive
_gzYkdjNvPc$_$5,5,0.6356717463710253,0.16597574949264526,0.5190117805165834,Neutral,Positive
_gzYkdjNvPc$_$5,6,0.12976380886396166,0.1540069878101349,0.39154779506676235,Neutral,Positive
_gzYkdjNvPc$_$5,7,0.600515538756501,0.16937470436096191,0.5161100324315508,Neutral,Positive
_gzYkdjNvPc$_$4,0,-1.089895473409628,0.16583210229873657,0.15876829043619456,Neutral,Positive
_gzYkdjNvPc$_$4,1,0.0977959250705136,0.23845124244689941,0.4560056578931267,Neutral,Positive
_gzYkdjNvPc$_$4,2,-0.9888546347778511,0.5987275242805481,0.23295476581208996,Neutral,Positive
_gzYkdjNvPc$_$4,3,-0.03050601894492555,0.26831626892089844,0.4258389071464833,Neutral,Positive
_gzYkdjNvPc$_$4,4,-0.4742082736376598,0.10646259784698486,0.2058495291144376,Neutral,Positive
_gzYkdjNvPc$_$4,5,0.5279566816871821,0.18755429983139038,0.5045521789177086,Neutral,Positive
_gzYkdjNvPc$_$4,6,-0.360021322464149,0.21897998452186584,0.27526371853523035,Neutral,Positive
_gzYkdjNvPc$_$4,7,0.42414811370294947,0.20209836959838867,0.4770620048578154,Neutral,Positive
_gzYkdjNvPc$_$6,0,-0.2463803078319281,0.16583210229873657,0.3690606567840039,Negative,Positive
_gzYkdjNvPc$_$6,1,2.09526975501036,-0.9249368906021118,0.8032153226039694,Negative,Positive
_gzYkdjNvPc$_$6,2,-1.511731526428084,0.6193562746047974,0.13924022792605006,Negative,Positive
_gzYkdjNvPc$_$6,3,0.8820529652672969,-0.14264941215515137,0.5553985562318324,Negative,Positive
_gzYkdjNvPc$_$6,4,0.7247051203618972,-0.08160462975502014,0.5235190253486292,Negative,Positive
_gzYkdjNvPc$_$6,5,2.2901465184303826,-0.8346571922302246,0.8406284941051975,Negative,Positive
_gzYkdjNvPc$_$6,6,0.05113502511969281,0.10161781311035156,0.36794961087486633,Negative,Positive
_gzYkdjNvPc$_$6,7,1.640483721805712,-0.44077587127685547,0.7366119886155807,Negative,Positive
_gzYkdjNvPc$_$9,0,-0.8435151655776999,0.16583210229873657,0.15876829043619456,Neutral,Negative
_gzYkdjNvPc$_$9,1,0.7752914573110339,0.09311185777187347,0.5199981104310595,Neutral,Negative
_gzYkdjNvPc$_$9,2,0.6237596002721865,0.26833710074424744,0.39572855756947434,Neutral,Negative
_gzYkdjNvPc$_$9,3,0.8152500397357839,0.09899565577507019,0.5245109413643839,Neutral,Negative
_gzYkdjNvPc$_$9,4,-1.2465864981204513,-0.10663514584302902,0.1582894230509204,Neutral,Negative
_gzYkdjNvPc$_$9,5,0.008320900022718791,0.019429638981819153,0.38670391673768945,Neutral,Negative
_gzYkdjNvPc$_$9,6,-0.4751223320603465,0.03393629193305969,0.26463866946951115,Neutral,Negative
_gzYkdjNvPc$_$9,7,0.20018472351467875,0.06457400321960449,0.42326886218382537,Neutral,Negative
a-WihYDk6vc$_$8,0,1.089895473409628,0.16583210229873657,0.4721710527798015,Positive,Neutral
a-WihYDk6vc$_$8,1,1.6370807017150808,0.8799300789833069,0.7823889665983288,Positive,Neutral
a-WihYDk6vc$_$8,2,1.2420421052130248,0.6872373819351196,0.6877644022142927,Positive,Neutral
a-WihYDk6vc$_$8,3,1.4428152571844837,0.7439908385276794,0.7499541676313606,Positive,Neutral
a-WihYDk6vc$_$8,4,-0.11533984792907326,0.27438363432884216,0.39233039192548036,Positive,Neutral
a-WihYDk6vc$_$8,5,0.9794123665181839,0.5617791414260864,0.6612444911585849,Positive,Neutral
a-WihYDk6vc$_$8,6,0.40280009031105746,0.39874207973480225,0.5072793818378076,Positive,Neutral
a-WihYDk6vc$_$8,7,0.8473628312633232,0.5258421301841736,0.6299210301519497,Positive,Neutral
a-WihYDk6vc$_$0,0,1.089895473409628,0.16583210229873657,0.4721710527798015,Positive,Neutral
a-WihYDk6vc$_$0,1,1.959142992963188,1.1892774105072021,0.8213092821391048,Positive,Neutral
a-WihYDk6vc$_$0,2,1.2672392494985487,0.6985772848129272,0.6800765564002484,Positive,Neutral
a-WihYDk6vc$_$0,3,1.800487095012953,0.9948129653930664,0.8023355604489248,Positive,Neutral
a-WihYDk6vc$_$0,4,0.1437534756958876,0.20800355076789856,0.4196220144331681,Positive,Neutral
a-WihYDk6vc$_$0,5,1.4398352280071873,0.7862716913223267,0.7460882056971515,Positive,Neutral
a-WihYDk6vc$_$0,6,0.38749660418273124,0.3262999653816223,0.48786564181332825,Positive,Neutral
a-WihYDk6vc$_$0,7,1.1007645343162158,0.6418293714523315,0.6810199818351274,Positive,Neutral
aFhc2ddipoM$_$14,0,1.089895473409628,0.16583210229873657,0.4721710527798015,Positive,Neutral
aFhc2ddipoM$_$14,1,1.9706777488674696,1.2043521404266357,0.8172086134563977,Positive,Neutral
aFhc2ddipoM$_$14,2,0.4007017211204178,0.3175094723701477,0.5127583341714443,Positive,Neutral
aFhc2ddipoM$_$14,3,1.3194939128893002,0.7417610883712769,0.7229078777104379,Positive,Neutral
aFhc2ddipoM$_$14,4,1.509226298331319,0.6123232841491699,0.6503485932979255,Positive,Neutral
aFhc2ddipoM$_$14,5,1.9034218735135773,1.0108113288879395,0.8040855341359876,Positive,Neutral
aFhc2ddipoM$_$14,6,0.6742605336546865,0.4359738230705261,0.5500800439058494,Positive,Neutral
aFhc2ddipoM$_$14,7,1.203774954245574,0.7024127244949341,0.6946919550459602,Positive,Neutral
aK5tRCXjUvU$_$0,0,1.089895473409628,0.16583210229873657,0.4721710527798015,Positive,Neutral
aK5tRCXjUvU$_$0,1,1.6517363575629909,0.9480533599853516,0.7842570542330393,Positive,Neutral
aK5tRCXjUvU$_$0,2,1.9877517962416391,1.064222812652588,0.7460205124003557,Positive,Neutral
aK5tRCXjUvU$_$0,3,1.8935060135276935,1.080334186553955,0.8129723333965239,Positive,Neutral
aK5tRCXjUvU$_$0,4,2.1328881441525507,0.7962863445281982,0.7141638443357932,Positive,Neutral
aK5tRCXjUvU$_$0,5,1.946366686104432,1.0178139209747314,0.8132998302610246,Positive,Neutral
aK5tRCXjUvU$_$0,6,2.0231888183250026,0.9165171384811401,0.7306901669792696,Positive,Neutral
aK5tRCXjUvU$_$0,7,1.8529796516540644,0.995685338973999,0.7947461161669345,Positive,Neutral
b-FX9NOVQOM$_$1,0,0.8435151655776999,0.16583210229873657,0.3690606567840039,Negative,Neutral
b-FX9NOVQOM$_$1,1,1.4088044652539633,-0.4631423354148865,0.6900821287883868,Negative,Neutral
b-FX9NOVQOM$_$1,2,-0.7552887979165641,0.5674017667770386,0.12475133034986807,Negative,Neutral
b-FX9NOVQOM$_$1,3,-0.11998000262092634,0.14435669779777527,0.3342633200016836,Negative,Neutral
b-FX9NOVQOM$_$1,4,-0.5058452660997772,0.2766227722167969,0.2275996912708827,Negative,Neutral
b-FX9NOVQOM$_$1,5,1.2885165373675411,-0.2927854359149933,0.6488764172757683,Negative,Neutral
b-FX9NOVQOM$_$1,6,-0.6630266114338597,0.38822269439697266,0.17506481755173095,Negative,Neutral
b-FX9NOVQOM$_$1,7,0.2346366543710986,0.07535058259963989,0.4071342948358302,Negative,Neutral
b-FX9NOVQOM$_$4,0,-0.2463803078319281,0.16583210229873657,0.3690606567840039,Negative,Positive
b-FX9NOVQOM$_$4,1,1.7623444265561543,-0.9487224221229553,0.8078127169065021,Negative,Positive
b-FX9NOVQOM$_$4,2,-1.5402612185088222,0.5247006416320801,0.12790175227282266,Negative,Positive
b-FX9NOVQOM$_$4,3,-0.14719289448138695,0.4684247374534607,0.41649411613128806,Negative,Positive
b-FX9NOVQOM$_$4,4,-0.1411074613398311,0.16820967197418213,0.2745047066717116,Negative,Positive
b-FX9NOVQOM$_$4,5,1.9567564516300606,-0.8624365329742432,0.8413262137643965,Negative,Positive
b-FX9NOVQOM$_$4,6,-0.9611149962738302,0.35377660393714905,0.17486404673701506,Negative,Positive
b-FX9NOVQOM$_$4,7,0.6245862404588688,0.10612298548221588,0.5908484731441356,Negative,Positive
b1LEcg6z66g$_$0,0,-0.2463803078319281,0.16583210229873657,0.3690606567840039,Negative,Positive
b1LEcg6z66g$_$0,1,0.6083019287223038,-0.10420820116996765,0.604245802894008,Negative,Positive
b1LEcg6z66g$_$0,2,-1.4639114094897148,0.6465815305709839,0.14781930315424247,Negative,Positive
b1LEcg6z66g$_$0,3,-0.05181859568239444,0.35776010155677795,0.43112049219254334,Negative,Positive
b1LEcg6z66g$_$0,4,-1.0295016584431318,0.4901249408721924,0.1928260459952974,Negative,Positive
b1LEcg6z66g$_$0,5,0.605004577158467,0.045009881258010864,0.5980971467910551,Negative,Positive
b1LEcg6z66g$_$0,6,-0.9799487567020304,0.4574158191680908,0.19736037418921648,Negative,Positive
b1LEcg6z66g$_$0,7,0.5259832254857618,0.09471617639064789,0.5614480551165728,Negative,Positive
b1LEcg6z66g$_$4,0,1.089895473409628,0.16583210229873657,0.4721710527798015,Positive,Neutral
b1LEcg6z66g$_$4,1,2.266407279896012,1.4150023460388184,0.8390488628162706,Positive,Neutral
b1LEcg6z66g$_$4,2,0.7167331287859857,0.4851348400115967,0.5598493851028188,Positive,Neutral
b1LEcg6z66g$_$4,3,2.177307644714702,1.3026463985443115,0.8395660904265033,Positive,Neutral
b1LEcg6z66g$_$4,4,0.8324284447570686,0.48025697469711304,0.5356247573715412,Positive,Neutral
b1LEcg6z66g$_$4,5,2.1716975722190526,1.196455717086792,0.8278529234414929,Positive,Neutral
b1LEcg6z66g$_$4,6,0.537213914999577,0.3815990090370178,0.4860298534918139,Positive,Neutral
b1LEcg6z66g$_$4,7,1.9043226913856344,1.0920698642730713,0.7999839660090392,Positive,Neutral
b1LEcg6z66g$_$8,0,-0.2463803078319281,0.16583210229873657,0.3690606567840039,Negative,Positive
b1LEcg6z66g$_$8,1,2.969277186058731,-1.830075740814209,0.9090697571844654,Negative,Positive
b1LEcg6z66g$_$8,2,-1.5153400448236658,0.641158938407898,0.14117336225639684,Negative,Positive
b1LEcg6z66g$_$8,3,2.497091597714045,-1.151285171508789,0.883524191484653,Negative,Positive
b1LEcg6z66g$_$8,4,-0.491127157596289,0.24097609519958496,0.20634898210139738,Negative,Positive
b1LEcg6z66g$_$8,5,2.958575992459516,-1.4227895736694336,0.9161653570295177,Negative,Positive
b1LEcg6z66g$_$8,6,-0.6909931727748192,0.29877108335494995,0.21006799937985168,Negative,Positive
b1LEcg6z66g$_$8,7,2.665615898480056,-1.1132458448410034,0.8993006034191796,Negative,Positive
bAkUEnPoucg$_$3,0,1.089895473409628,0.16583210229873657,0.4721710527798015,Positive,Neutral
bAkUEnPoucg$_$3,1,2.014666555285359,1.1687437295913696,0.8221449537542298,Positive,Neutral
bAkUEnPoucg$_$3,2,0.7676024387657305,0.5211189985275269,0.5840609124153235,Positive,Neutral
bAkUEnPoucg$_$3,3,1.7156670496246553,0.9491709470748901,0.7846922338331755,Positive,Neutral
bAkUEnPoucg$_$3,4,2.238544225810831,1.1892855167388916,0.7709682987410191,Positive,Neutral
bAkUEnPoucg$_$3,5,2.2794843767239894,1.2590184211730957,0.8332629608186118,Positive,Neutral
bAkUEnPoucg$_$3,6,1.7210042541101125,0.9889204502105713,0.7376197349100286,Positive,Neutral
bAkUEnPoucg$_$3,7,2.013651607549392,1.1418930292129517,0.8129596467436954,Positive,Neutral
bNQkb4K5DX0$_$3,0,1.089895473409628,0.16583210229873657,0.4721710527798015,Positive,Neutral
bNQkb4K5DX0$_$3,1,-0.38267668071018746,0.2027696669101715,0.34437434177834225,Positive,Neutral
bNQkb4K5DX0$_$3,2,1.7853052744138078,0.9870660305023193,0.7386305499954736,Positive,Neutral
bNQkb4K5DX0$_$3,3,0.2940573294603439,0.3745306432247162,0.48956852453076066,Positive,Neutral
bNQkb4K5DX0$_$3,4,1.184907859361479,0.4927746653556824,0.524683841780673,Positive,Neutral
bNQkb4K5DX0$_$3,5,-0.18270842106147223,0.2607335150241852,0.37070850042322223,Positive,Neutral
bNQkb4K5DX0$_$3,6,1.2488655707161116,0.5756357908248901,0.5841733028398151,Positive,Neutral
bNQkb4K5DX0$_$3,7,0.11206985235349498,0.33351898193359375,0.4222693677360181,Positive,Neutral
bNQkb4K5DX0$_$7,0,1.089895473409628,0.16583210229873657,0.4721710527798015,Positive,Neutral
bNQkb4K5DX0$_$7,1,2.124226580695948,1.3119474649429321,0.8349223532891592,Positive,Neutral
bNQkb4K5DX0$_$7,2,1.939445385828559,1.053133249282837,0.7632810878394876,Positive,Neutral
bNQkb4K5DX0$_$7,3,2.2037749922520344,1.2914448976516724,0.8460272674526613,Positive,Neutral
bNQkb4K5DX0$_$7,4,0.6674450129596454,0.37930065393447876,0.4701587837513532,Positive,Neutral
bNQkb4K5DX0$_$7,5,2.0958678120370076,1.1676841974258423,0.8291798936889944,Positive,Neutral
bNQkb4K5DX0$_$7,6,1.1434041110221185,0.5736132860183716,0.5915557792814798,Positive,Neutral
bNQkb4K5DX0$_$7,7,1.9551710002255616,1.1001981496810913,0.8115836222500915,Positive,Neutral
bWunvAd96zI$_$1,0,-1.089895473409628,0.16583210229873657,0.15876829043619456,Neutral,Positive
bWunvAd96zI$_$1,1,0.6118674792038343,0.1501624882221222,0.5412144035797524,Neutral,Positive
bWunvAd96zI$_$1,2,-0.30460741011537085,0.35124778747558594,0.3541401183054259,Neutral,Positive
bWunvAd96zI$_$1,3,0.5788144988424144,0.1696312427520752,0.5142092506823891,Neutral,Positive
bWunvAd96zI$_$1,4,-1.825396180599038,0.7966669201850891,0.10345723587662034,Neutral,Positive
bWunvAd96zI$_$1,5,-0.10874449543890763,0.33369913697242737,0.3647137125745363,Neutral,Positive
bWunvAd96zI$_$1,6,-0.7855113668683675,0.4999607801437378,0.2521093146181137,Neutral,Positive
bWunvAd96zI$_$1,7,0.27373239370608904,0.24432650208473206,0.42750145037303594,Neutral,Positive
bWunvAd96zI$_$2,0,-0.2463803078319281,0.16583210229873657,0.3690606567840039,Negative,Positive
bWunvAd96zI$_$2,1,2.686880908315808,-1.2432836294174194,0.8696004275416802,Negative,Positive
bWunvAd96zI$_$2,2,-1.5450635017712655,0.5614668130874634,0.13783932520216977,Negative,Positive
bWunvAd96zI$_$2,3,1.5889294862946963,-0.39405176043510437,0.7133259773921082,Negative,Positive
bWunvAd96zI$_$2,4,-1.1210867297453346,0.849707841873169,0.21642138909838546,Negative,Positive
bWunvAd96zI$_$2,5,2.2806285011959186,-0.7450913190841675,0.8607288815029898,Negative,Positive
bWunvAd96zI$_$2,6,-1.287223512788342,0.6598122715950012,0.1766520194503063,Negative,Positive
bWunvAd96zI$_$2,7,1.7151761153011484,-0.3897513151168823,0.7766960278298748,Negative,Positive
bWunvAd96zI$_$5,0,-1.089895473409628,0.16583210229873657,0.15876829043619456,Neutral,Positive
bWunvAd96zI$_$5,1,-1.0454215716993764,0.6401700973510742,0.23710095726588346,Neutral,Positive
bWunvAd96zI$_$5,2,-0.45865591020243623,0.3970578908920288,0.336033989803163,Neutral,Positive
bWunvAd96zI$_$5,3,-0.5769720947358635,0.43305784463882446,0.3239540559699405,Neutral,Positive
bWunvAd96zI$_$5,4,-0.18223309386678732,-0.15317054092884064,0.24414373916487334,Neutral,Positive
bWunvAd96zI$_$5,5,0.15999333100163593,0.2655767500400543,0.4584100376957511,Neutral,Positive
bWunvAd96zI$_$5,6,0.08433704916561602,0.14352962374687195,0.3911624264714475,Neutral,Positive
bWunvAd96zI$_$5,7,0.33832289329190235,0.22722792625427246,0.4952627172055815,Neutral,Positive
bWunvAd96zI$_$4,0,1.089895473409628,0.16583210229873657,0.4721710527798015,Positive,Neutral
bWunvAd96zI$_$4,1,1.8430015787479928,1.1029560565948486,0.8036572384195311,Positive,Neutral
bWunvAd96zI$_$4,2,0.8834598860973697,0.5686953067779541,0.609176643518329,Positive,Neutral
bWunvAd96zI$_$4,3,1.488737493365067,0.8553734421730042,0.7525300831798433,Positive,Neutral
bWunvAd96zI$_$4,4,1.6703573367312425,0.42801201343536377,0.47085078107834694,Positive,Neutral
bWunvAd96zI$_$4,5,1.7673359241926974,1.0021376609802246,0.7725999734926812,Positive,Neutral
bWunvAd96zI$_$4,6,0.9797969640405252,0.5173698663711548,0.5528276899215122,Positive,Neutral
bWunvAd96zI$_$4,7,1.1540740323572865,0.7482753396034241,0.6726712376384343,Positive,Neutral
bj9e8w4vNxo$_$12,0,1.089895473409628,0.16583210229873657,0.4721710527798015,Positive,Neutral
bj9e8w4vNxo$_$12,1,1.250280412303062,0.742051362991333,0.6860167441811169,Positive,Neutral
bj9e8w4vNxo$_$12,2,1.2521367846905957,0.7137277126312256,0.6785652901610625,Positive,Neutral
bj9e8w4vNxo$_$12,3,1.0105081438210697,0.6349502205848694,0.6378144053970372,Positive,Neutral
bj9e8w4vNxo$_$12,4,0.1010616098223387,0.3335583806037903,0.4499242026307663,Positive,Neutral
bj9e8w4vNxo$_$12,5,0.6760670607851489,0.4957009553909302,0.573443880386619,Positive,Neutral
bj9e8w4vNxo$_$12,6,0.5458217286104958,0.454448401927948,0.5358035490193956,Positive,Neutral
bj9e8w4vNxo$_$12,7,0.601517189596037,0.48144835233688354,0.5479129062066685,Positive,Neutral
bpvYdXVlgvc$_$1,0,0.2463803078319281,0.16583210229873657,0.4721710527798015,Positive,Negative
bpvYdXVlgvc$_$1,1,1.982717727708561,1.1335606575012207,0.7872746326546539,Positive,Negative
bpvYdXVlgvc$_$1,2,0.5084757763725974,0.29889121651649475,0.3946048517139296,Positive,Negative
bpvYdXVlgvc$_$1,3,1.4818419547084472,0.7292943000793457,0.6420107624233857,Positive,Negative
bpvYdXVlgvc$_$1,4,1.2254002244333064,0.9794079065322876,0.689931880293881,Positive,Negative
bpvYdXVlgvc$_$1,5,1.3280261101563582,0.9058672189712524,0.7044752045905999,Positive,Negative
bpvYdXVlgvc$_$1,6,0.7941441055965106,0.47435009479522705,0.5106047049509924,Positive,Negative
bpvYdXVlgvc$_$1,7,0.8502316150429206,0.565910816192627,0.5413025383628132,Positive,Negative
bpvYdXVlgvc$_$3,0,-0.2463803078319281,0.16583210229873657,0.3690606567840039,Negative,Positive
bpvYdXVlgvc$_$3,1,1.805109976939116,-0.574730634689331,0.788072620205755,Negative,Positive
bpvYdXVlgvc$_$3,2,-1.7945795197129022,0.8058388829231262,0.11696517906614728,Negative,Positive
bpvYdXVlgvc$_$3,3,0.17918240500008176,0.25959646701812744,0.41697261571366184,Negative,Positive
bpvYdXVlgvc$_$3,4,-0.02488038238323176,0.2801399230957031,0.3448779766987204,Negative,Positive
bpvYdXVlgvc$_$3,5,1.7381121406129707,-0.42846715450286865,0.7766028113437426,Negative,Positive
bpvYdXVlgvc$_$3,6,-0.5980677246761178,0.39530670642852783,0.25085263934915125,Negative,Positive
bpvYdXVlgvc$_$3,7,0.9150046717487987,-0.04186807572841644,0.5895403969224741,Negative,Positive
bpvYdXVlgvc$_$4,0,-0.2463803078319281,0.16583210229873657,0.3690606567840039,Negative,Positive
bpvYdXVlgvc$_$4,1,2.844962860420871,-1.3998010158538818,0.8703114504138506,Negative,Positive
bpvYdXVlgvc$_$4,2,-0.5659004357985817,0.21927380561828613,0.24042335120791974,Negative,Positive
bpvYdXVlgvc$_$4,3,2.2035775131047566,-0.6898404359817505,0.7868936452454827,Negative,Positive
bpvYdXVlgvc$_$4,4,-0.40928649926269134,0.3269473910331726,0.3185128509983061,Negative,Positive
bpvYdXVlgvc$_$4,5,2.7892814155709997,-1.1736228466033936,0.8974080848124864,Negative,Positive
bpvYdXVlgvc$_$4,6,-0.33298558894774666,0.23835060000419617,0.3006527246208112,Negative,Positive
bpvYdXVlgvc$_$4,7,2.5436611962558673,-0.8546956181526184,0.8693342998900129,Negative,Positive
bpvYdXVlgvc$_$6,0,-0.2463803078319281,0.16583210229873657,0.3690606567840039,Negative,Positive
bpvYdXVlgvc$_$6,1,2.8792630196228597,-1.751794457435608,0.9070172466743415,Negative,Positive
bpvYdXVlgvc$_$6,2,-0.7728303162187048,0.35810449719429016,0.22588923416241088,Negative,Positive
bpvYdXVlgvc$_$6,3,2.5560764071046256,-1.2105789184570312,0.887554772660227,Negative,Positive
bpvYdXVlgvc$_$6,4,-0.4589066203458879,0.41929763555526733,0.2869766178385982,Negative,Positive
bpvYdXVlgvc$_$6,5,2.5546786524557663,-1.1512320041656494,0.8944085850433141,Negative,Positive
bpvYdXVlgvc$_$6,6,-0.38063837308930126,0.3331133723258972,0.29324824541430294,Negative,Positive
bpvYdXVlgvc$_$6,7,2.41141800009199,-0.9517282843589783,0.8801399382918885,Negative,Positive
c1a1y9ytHH0$_$0,0,1.089895473409628,0.16583210229873657,0.4721710527798015,Positive,Neutral
c1a1y9ytHH0$_$0,1,0.1381915257034697,0.3004143536090851,0.46716619997127795,Positive,Neutral
c1a1y9ytHH0$_$0,2,1.1030174638213053,0.5928809642791748,0.66107613301123,Positive,Neutral
c1a1y9ytHH0$_$0,3,0.2958239637558193,0.3207366466522217,0.5017050965329358,Positive,Neutral
c1a1y9ytHH0$_$0,4,1.3430631614066109,0.6222966909408569,0.6513925950542884,Positive,Neutral
c1a1y9ytHH0$_$0,5,0.4178953141430376,0.40358078479766846,0.5258279216590881,Positive,Neutral
c1a1y9ytHH0$_$0,6,1.009277778128693,0.5661601424217224,0.6259778816073008,Positive,Neutral
c1a1y9ytHH0$_$0,7,0.3159776028117218,0.37225767970085144,0.49869277296435044,Positive,Neutral
c1a1y9ytHH0$_$3,0,1.089895473409628,0.16583210229873657,0.4721710527798015,Positive,Neutral
c1a1y9ytHH0$_$3,1,-0.3897396469108664,0.17326277494430542,0.34679825546542425,Positive,Neutral
c1a1y9ytHH0$_$3,2,1.1709362115675916,0.6284089088439941,0.6804528760993529,Positive,Neutral
c1a1y9ytHH0$_$3,3,0.10677165375082098,0.2527330815792084,0.4573691728070093,Positive,Neutral
c1a1y9ytHH0$_$3,4,1.180670653121291,0.4632319211959839,0.5942349816009849,Positive,Neutral
c1a1y9ytHH0$_$3,5,-0.13173605310693326,0.26633235812187195,0.3987979975729265,Positive,Neutral
c1a1y9ytHH0$_$3,6,1.058565712963864,0.6012517213821411,0.6457290781939494,Positive,Neutral
c1a1y9ytHH0$_$3,7,0.13538954306427853,0.30281513929367065,0.4582436056262388,Positive,Neutral
c1a1y9ytHH0$_$7,0,1.089895473409628,0.16583210229873657,0.4721710527798015,Positive,Neutral
c1a1y9ytHH0$_$7,1,0.8023837102225059,0.508244514465332,0.627344234462305,Positive,Neutral
c1a1y9ytHH0$_$7,2,0.754265037095956,0.516436755657196,0.5850108152835726,Positive,Neutral
c1a1y9ytHH0$_$7,3,0.5528720422110615,0.4149375557899475,0.566963430352894,Positive,Neutral
c1a1y9ytHH0$_$7,4,1.123968346633641,0.5142651796340942,0.604174318788496,Positive,Neutral
c1a1y9ytHH0$_$7,5,0.639553350050827,0.4610477685928345,0.5818708411060342,Positive,Neutral
c1a1y9ytHH0$_$7,6,0.712110723435937,0.46530359983444214,0.5593695666109219,Positive,Neutral
c1a1y9ytHH0$_$7,7,0.34851958409142303,0.38652464747428894,0.5103582277504493,Positive,Neutral
c5cB7AfVgcE$_$12,0,1.089895473409628,0.16583210229873657,0.4721710527798015,Positive,Neutral
c5cB7AfVgcE$_$12,1,2.0676504882543494,1.2566196918487549,0.826206670596047,Positive,Neutral
c5cB7AfVgcE$_$12,2,1.7111733983170796,0.9726572036743164,0.7356138693536157,Positive,Neutral
c5cB7AfVgcE$_$12,3,1.9937313776600658,1.1822171211242676,0.816819234257635,Positive,Neutral
c5cB7AfVgcE$_$12,4,0.10630896911972376,0.2301838994026184,0.37651467500456076,Positive,Neutral
c5cB7AfVgcE$_$12,5,1.5884461066493878,0.8746972680091858,0.7473636747977528,Positive,Neutral
c5cB7AfVgcE$_$12,6,0.8601015274637086,0.4828684329986572,0.5409091311775966,Positive,Neutral
c5cB7AfVgcE$_$12,7,1.473039661384112,0.8657746315002441,0.7222640607716849,Positive,Neutral
c5cB7AfVgcE$_$5,0,-0.2463803078319281,0.16583210229873657,0.3690606567840039,Negative,Positive
c5cB7AfVgcE$_$5,1,-0.20313073834949602,0.2664223909378052,0.351673125701877,Negative,Positive
c5cB7AfVgcE$_$5,2,-1.5463530693823002,1.0247540473937988,0.15357907845491203,Negative,Positive
c5cB7AfVgcE$_$5,3,-0.41281584416001205,0.4734368920326233,0.31646448593875015,Negative,Positive
c5cB7AfVgcE$_$5,4,-0.45162812052080337,0.3214995265007019,0.28057831310324466,Negative,Positive
c5cB7AfVgcE$_$5,5,0.08772120075145229,0.20264756679534912,0.41348404449799175,Negative,Positive
c5cB7AfVgcE$_$5,6,-0.7080807872324775,0.4939084053039551,0.26571540089363876,Negative,Positive
c5cB7AfVgcE$_$5,7,0.1449649305380808,0.23050469160079956,0.4369455894629008,Negative,Positive
d8BR6hsvzoY$_$1,0,-1.089895473409628,0.16583210229873657,0.15876829043619456,Neutral,Positive
d8BR6hsvzoY$_$1,1,-1.260520152535427,0.7254831790924072,0.20179835536624477,Neutral,Positive
d8BR6hsvzoY$_$1,2,-0.8107389999584367,0.49913573265075684,0.26473892290761314,Neutral,Positive
d8BR6hsvzoY$_$1,3,-0.7893506785953719,0.5123894214630127,0.27944998703226565,Neutral,Positive
d8BR6hsvzoY$_$1,4,0.2290904772595861,0.16286417841911316,0.39731041456767474,Neutral,Positive
d8BR6hsvzoY$_$1,5,-0.07504548158793323,0.3440187871456146,0.407469704829203,Neutral,Positive
d8BR6hsvzoY$_$1,6,0.026883770641257687,0.2373572587966919,0.3863636545055731,Neutral,Positive
d8BR6hsvzoY$_$1,7,0.03523742006221764,0.31315797567367554,0.4249946684327873,Neutral,Positive
d8BR6hsvzoY$_$0,0,-1.089895473409628,0.16583210229873657,0.15876829043619456,Neutral,Positive
d8BR6hsvzoY$_$0,1,0.5009018948249859,0.20333275198936462,0.533650011296632,Neutral,Positive
d8BR6hsvzoY$_$0,2,0.19370219181881998,0.2995792627334595,0.4458598081848072,Neutral,Positive
d8BR6hsvzoY$_$0,3,0.5923174191707036,0.18795889616012573,0.5481689238518099,Neutral,Positive
d8BR6hsvzoY$_$0,4,0.2856011807050076,0.14295464754104614,0.408871950840288,Neutral,Positive
d8BR6hsvzoY$_$0,5,0.8695546327999889,0.17323344945907593,0.5746436121747353,Neutral,Positive
d8BR6hsvzoY$_$0,6,0.5498052113363123,0.136723130941391,0.47352322561254606,Neutral,Positive
d8BR6hsvzoY$_$0,7,0.9303881422221478,0.15608668327331543,0.5825479926043933,Neutral,Positive
d8BR6hsvzoY$_$2,0,-1.089895473409628,0.16583210229873657,0.15876829043619456,Neutral,Positive
d8BR6hsvzoY$_$2,1,-0.9264793852651629,0.5524425506591797,0.25903339094853184,Neutral,Positive
d8BR6hsvzoY$_$2,2,-0.4009778895418916,0.3137434720993042,0.34721391857817985,Neutral,Positive
d8BR6hsvzoY$_$2,3,-0.49194082813138096,0.3760944902896881,0.3410585382786443,Neutral,Positive
d8BR6hsvzoY$_$2,4,0.2333230755590383,0.12153315544128418,0.3875340554439118,Neutral,Positive
d8BR6hsvzoY$_$2,5,0.16858013552304096,0.2771914601325989,0.4641841114531668,Neutral,Positive
d8BR6hsvzoY$_$2,6,0.23628168270365935,0.19020557403564453,0.4407860506533825,Neutral,Positive
d8BR6hsvzoY$_$2,7,0.30856517338579303,0.24622446298599243,0.48953421544302034,Neutral,Positive
d8BR6hsvzoY$_$5,0,-1.089895473409628,0.16583210229873657,0.15876829043619456,Neutral,Positive
d8BR6hsvzoY$_$5,1,0.1615525006888755,0.26331108808517456,0.46558351840229417,Neutral,Positive
d8BR6hsvzoY$_$5,2,-1.255295592638959,0.6937078833580017,0.18957822495067067,Neutral,Positive
d8BR6hsvzoY$_$5,3,-0.1616890139851147,0.3225250840187073,0.39776116309274834,Neutral,Positive
d8BR6hsvzoY$_$5,4,-0.07970574822205778,0.16939330101013184,0.3385781600684407,Neutral,Positive
d8BR6hsvzoY$_$5,5,0.5480370160931346,0.21366485953330994,0.5209377255879037,Neutral,Positive
d8BR6hsvzoY$_$5,6,-0.32825249318986927,0.2861328721046448,0.3169279677794171,Neutral,Positive
d8BR6hsvzoY$_$5,7,0.4178448657819367,0.2210785448551178,0.49362444483667417,Neutral,Positive
d8BR6hsvzoY$_$6,0,-1.089895473409628,0.16583210229873657,0.15876829043619456,Neutral,Positive
d8BR6hsvzoY$_$6,1,0.4863285624377339,0.1722729206085205,0.5372758686789367,Neutral,Positive
d8BR6hsvzoY$_$6,2,-0.383928730986948,0.37202590703964233,0.344209513162408,Neutral,Positive
d8BR6hsvzoY$_$6,3,0.3905242717322148,0.17939752340316772,0.5165752553507517,Neutral,Positive
d8BR6hsvzoY$_$6,4,0.24887406186337957,0.13122156262397766,0.39508384139248104,Neutral,Positive
d8BR6hsvzoY$_$6,5,0.8774405282624603,0.16193097829818726,0.579495443096639,Neutral,Positive
d8BR6hsvzoY$_$6,6,0.2937661735974365,0.17368918657302856,0.43970813811477333,Neutral,Positive
d8BR6hsvzoY$_$6,7,0.812409919252255,0.15928244590759277,0.5702793330199855,Neutral,Positive
d8BR6hsvzoY$_$9,0,-1.089895473409628,0.16583210229873657,0.15876829043619456,Neutral,Positive
d8BR6hsvzoY$_$9,1,-0.12805752975166174,0.2834928333759308,0.40707136980159364,Neutral,Positive
d8BR6hsvzoY$_$9,2,-0.38714350467310454,0.3580048084259033,0.3401615134497841,Neutral,Positive
d8BR6hsvzoY$_$9,3,0.05387601851976853,0.24400115013122559,0.4370630508217044,Neutral,Positive
d8BR6hsvzoY$_$9,4,0.17885891827472833,0.14986860752105713,0.3825971541202432,Neutral,Positive
d8BR6hsvzoY$_$9,5,0.46038866431368564,0.22184741497039795,0.4920078625312601,Neutral,Positive
d8BR6hsvzoY$_$9,6,0.21333331754507667,0.19589239358901978,0.426691439187808,Neutral,Positive
d8BR6hsvzoY$_$9,7,0.47373840080986895,0.2012423276901245,0.49260260798871497,Neutral,Positive
d8BR6hsvzoY$_$8,0,1.089895473409628,0.16583210229873657,0.4721710527798015,Positive,Neutral
d8BR6hsvzoY$_$8,1,1.8785582290448821,1.0169568061828613,0.7928560328312165,Positive,Neutral
d8BR6hsvzoY$_$8,2,0.47983303266372,0.40218478441238403,0.5166139935193187,Positive,Neutral
d8BR6hsvzoY$_$8,3,1.092596068357651,0.6442948579788208,0.6599567638501382,Positive,Neutral
d8BR6hsvzoY$_$8,4,-0.1686183036311727,0.18682488799095154,0.32828997785481673,Positive,Neutral
d8BR6hsvzoY$_$8,5,0.6483806708109433,0.45343565940856934,0.5408317250613166,Positive,Neutral
d8BR6hsvzoY$_$8,6,-0.0491850502529485,0.21295931935310364,0.3700705254950517,Positive,Neutral
d8BR6hsvzoY$_$8,7,0.35287753749958684,0.3559952974319458,0.46073564707753906,Positive,Neutral
dBWvtPeHpWM$_$4,0,1.089895473409628,0.16583210229873657,0.4721710527798015,Positive,Neutral
dBWvtPeHpWM$_$4,1,2.096185998284331,1.3590648174285889,0.822645074536357,Positive,Neutral
dBWvtPeHpWM$_$4,2,0.9945445676128181,0.49947214126586914,0.510919780260244,Positive,Neutral
dBWvtPeHpWM$_$4,3,2.138732641339343,1.2873458862304688,0.8340317789264778,Positive,Neutral
dBWvtPeHpWM$_$4,4,2.2203152527166434,0.9633967876434326,0.7414625555250013,Positive,Neutral
dBWvtPeHpWM$_$4,5,2.2921479792340524,1.3168678283691406,0.8239311334250974,Positive,Neutral
dBWvtPeHpWM$_$4,6,1.6331117507787447,0.6596616506576538,0.6339755264317117,Positive,Neutral
dBWvtPeHpWM$_$4,7,2.169792246561792,1.2269089221954346,0.8240347773974025,Positive,Neutral
dEDbm2ubVRQ$_$0,0,-1.089895473409628,0.16583210229873657,0.15876829043619456,Neutral,Positive
dEDbm2ubVRQ$_$0,1,-0.41846719615150585,0.3649696409702301,0.354725675937456,Neutral,Positive
dEDbm2ubVRQ$_$0,2,-0.6321452683273149,0.39314955472946167,0.29883630204283834,Neutral,Positive
dEDbm2ubVRQ$_$0,3,-0.22456151620534204,0.2909511923789978,0.391922058861181,Neutral,Positive
dEDbm2ubVRQ$_$0,4,-0.4907704066145031,0.2782933712005615,0.2520563566226773,Neutral,Positive
dEDbm2ubVRQ$_$0,5,0.2266841477025393,0.2655002474784851,0.4642788525075823,Neutral,Positive
dEDbm2ubVRQ$_$0,6,-0.10084878905910377,0.2379995882511139,0.3567939503074306,Neutral,Positive
dEDbm2ubVRQ$_$0,7,0.3887908498264635,0.22342681884765625,0.4928665865138385,Neutral,Positive
dEDbm2ubVRQ$_$3,0,-0.2463803078319281,0.16583210229873657,0.3690606567840039,Negative,Positive
dEDbm2ubVRQ$_$3,1,1.5612663196375594,-0.42961907386779785,0.6784390510305803,Negative,Positive
dEDbm2ubVRQ$_$3,2,-1.5276098491464603,0.43129873275756836,0.13137501999645299,Negative,Positive
dEDbm2ubVRQ$_$3,3,0.7021847386159241,-0.033218443393707275,0.4690846594060741,Negative,Positive
dEDbm2ubVRQ$_$3,4,-0.4304213663242712,0.3953011631965637,0.28656577969910846,Negative,Positive
dEDbm2ubVRQ$_$3,5,1.343886494170842,-0.21840223670005798,0.6687982527681451,Negative,Positive
dEDbm2ubVRQ$_$3,6,-0.802463430548565,0.3881586790084839,0.21349853702676572,Negative,Positive
dEDbm2ubVRQ$_$3,7,1.1073339799583815,-0.10630521178245544,0.6116889581530378,Negative,Positive
dEDbm2ubVRQ$_$8,0,1.089895473409628,0.16583210229873657,0.4721710527798015,Positive,Neutral
dEDbm2ubVRQ$_$8,1,0.8748443646962263,0.4941410422325134,0.6425418830410419,Positive,Neutral
dEDbm2ubVRQ$_$8,2,0.6219050950033692,0.4110438823699951,0.5385173271518913,Positive,Neutral
dEDbm2ubVRQ$_$8,3,0.5069083430822243,0.3790926933288574,0.5558345465294142,Positive,Neutral
dEDbm2ubVRQ$_$8,4,0.7706141583596483,0.42775726318359375,0.4986904129425445,Positive,Neutral
dEDbm2ubVRQ$_$8,5,0.4627642078681904,0.4622064232826233,0.5352744466523022,Positive,Neutral
dEDbm2ubVRQ$_$8,6,0.40204679241090624,0.3340364098548889,0.45664098360071614,Positive,Neutral
dEDbm2ubVRQ$_$8,7,0.08567601836168459,0.3470150828361511,0.44236804212552294,Positive,Neutral
dt641WxonBI$_$1,0,1.089895473409628,0.16583210229873657,0.4721710527798015,Positive,Neutral
dt641WxonBI$_$1,1,-0.14172220370130673,0.21457701921463013,0.4066775739551992,Positive,Neutral
dt641WxonBI$_$1,2,1.194911492176842,0.677184522151947,0.6649638712638687,Positive,Neutral
dt641WxonBI$_$1,3,0.18086607659403842,0.32434093952178955,0.47809527363734217,Positive,Neutral
dt641WxonBI$_$1,4,2.0094113344768765,1.1086863279342651,0.7677073741394591,Positive,Neutral
dt641WxonBI$_$1,5,0.44188005052473145,0.4454383850097656,0.5371384480331781,Positive,Neutral
dt641WxonBI$_$1,6,1.2675547607173192,0.7588297128677368,0.6747231000838673,Positive,Neutral
dt641WxonBI$_$1,7,0.11124307546140122,0.3734341263771057,0.45644647396632954,Positive,Neutral
dt641WxonBI$_$3,0,-1.089895473409628,0.16583210229873657,0.15876829043619456,Neutral,Positive
dt641WxonBI$_$3,1,0.1900391286221299,0.23561841249465942,0.4692810828712385,Neutral,Positive
dt641WxonBI$_$3,2,-1.0005411044357255,0.5523257255554199,0.23679055560730783,Neutral,Positive
dt641WxonBI$_$3,3,-0.052230482793515054,0.2766779363155365,0.41750823183324365,Neutral,Positive
dt641WxonBI$_$3,4,-0.8565297212019057,0.5421275496482849,0.24091472469127023,Neutral,Positive
dt641WxonBI$_$3,5,0.22150767887292078,0.27672892808914185,0.4677927287388938,Neutral,Positive
dt641WxonBI$_$3,6,-0.554360407288806,0.43398797512054443,0.3036932050993332,Neutral,Positive
dt641WxonBI$_$3,7,0.18283671570560156,0.2755625247955322,0.45424453341184073,Neutral,Positive
eOiC1kb17P4$_$0,0,1.089895473409628,0.16583210229873657,0.4721710527798015,Positive,Neutral
eOiC1kb17P4$_$0,1,1.869718394181021,1.0066959857940674,0.7967929031073552,Positive,Neutral
eOiC1kb17P4$_$0,2,0.6735362612049306,0.4252053499221802,0.5518920589390189,Positive,Neutral
eOiC1kb17P4$_$0,3,1.4060943163080892,0.7339116334915161,0.7281126476043249,Positive,Neutral
eOiC1kb17P4$_$0,4,2.2698545365171614,1.127039909362793,0.7655703736515522,Positive,Neutral
eOiC1kb17P4$_$0,5,2.239005116345992,1.1450819969177246,0.8221715392761042,Positive,Neutral
eOiC1kb17P4$_$0,6,1.7188320761841895,0.9443526268005371,0.7273353768055372,Positive,Neutral
eOiC1kb17P4$_$0,7,1.9164685345025692,1.0125422477722168,0.7949361058326623,Positive,Neutral
erNDEjQeox8$_$12,0,0.2463803078319281,0.16583210229873657,0.4721710527798015,Positive,Negative
erNDEjQeox8$_$12,1,1.9337360966343373,1.3330209255218506,0.7983558435654289,Positive,Negative
erNDEjQeox8$_$12,2,0.6319956645564893,0.24383574724197388,0.44650645169011766,Positive,Negative
erNDEjQeox8$_$12,3,2.10484496263882,1.27472984790802,0.8107517687391806,Positive,Negative
erNDEjQeox8$_$12,4,0.581173289343402,0.2902030348777771,0.4596952631999587,Positive,Negative
erNDEjQeox8$_$12,5,1.921766727402018,1.1149165630340576,0.7930615357141547,Positive,Negative
erNDEjQeox8$_$12,6,0.3272791591049734,0.20824968814849854,0.41175894032621674,Positive,Negative
erNDEjQeox8$_$12,7,1.8082404317964778,1.0650558471679688,0.7688995070773363,Positive,Negative
ewBrNsyY82Q$_$4,0,-1.089895473409628,0.16583210229873657,0.15876829043619456,Neutral,Positive
ewBrNsyY82Q$_$4,1,-0.524971388231168,0.42641526460647583,0.3234852874061825,Neutral,Positive
ewBrNsyY82Q$_$4,2,-0.6524201348729246,0.43858611583709717,0.2871822384417366,Neutral,Positive
ewBrNsyY82Q$_$4,3,-0.25147662282626304,0.3302759528160095,0.37157441728820545,Neutral,Positive
ewBrNsyY82Q$_$4,4,-0.08829073150759781,0.265453040599823,0.38001107236411497,Neutral,Positive
ewBrNsyY82Q$_$4,5,-0.13471309069749615,0.318876713514328,0.3945640516975121,Neutral,Positive
ewBrNsyY82Q$_$4,6,-0.2153113046344738,0.28889381885528564,0.3527679903156644,Neutral,Positive
ewBrNsyY82Q$_$4,7,0.011121053325182206,0.28167855739593506,0.41328930332538794,Neutral,Positive
fWOIAxzBQFY$_$12,0,1.089895473409628,0.16583210229873657,0.4721710527798015,Positive,Neutral
fWOIAxzBQFY$_$12,1,-0.04005053380617163,0.21974444389343262,0.4303881814580441,Positive,Neutral
fWOIAxzBQFY$_$12,2,0.7805222730636627,0.5337467193603516,0.5930356153379018,Positive,Neutral
fWOIAxzBQFY$_$12,3,0.09042775916421908,0.27177876234054565,0.4559015533858632,Positive,Neutral
fWOIAxzBQFY$_$12,4,1.8895380892872757,0.6859918832778931,0.5765338581697714,Positive,Neutral
fWOIAxzBQFY$_$12,5,0.4197993550080613,0.4289931058883667,0.5192498851537338,Positive,Neutral
fWOIAxzBQFY$_$12,6,1.0318278759694346,0.5846753716468811,0.5841318469415956,Positive,Neutral
fWOIAxzBQFY$_$12,7,0.17066941591596452,0.3572598993778229,0.455580333057055,Positive,Neutral
fWOIAxzBQFY$_$5,0,1.089895473409628,0.16583210229873657,0.4721710527798015,Positive,Neutral
fWOIAxzBQFY$_$5,1,1.458036143679995,0.8205656409263611,0.7448967326659905,Positive,Neutral
fWOIAxzBQFY$_$5,2,1.0757973822594058,0.609345555305481,0.6649809494186488,Positive,Neutral
fWOIAxzBQFY$_$5,3,1.0895742378814193,0.6230602860450745,0.6780952293925104,Positive,Neutral
fWOIAxzBQFY$_$5,4,2.1761237068007495,0.9343726634979248,0.7008568750007378,Positive,Neutral
fWOIAxzBQFY$_$5,5,1.8048102542450815,0.9836025238037109,0.7782305832924837,Positive,Neutral
fWOIAxzBQFY$_$5,6,1.5835652936158875,0.8551449179649353,0.7223974969056757,Positive,Neutral
fWOIAxzBQFY$_$5,7,1.2012196201135605,0.7153077125549316,0.6857352544844695,Positive,Neutral
fWOIAxzBQFY$_$7,0,1.089895473409628,0.16583210229873657,0.4721710527798015,Positive,Neutral
fWOIAxzBQFY$_$7,1,0.7254289908110152,0.43728387355804443,0.6101972143031202,Positive,Neutral
fWOIAxzBQFY$_$7,2,1.0685181287030794,0.6014618873596191,0.6575248157939793,Positive,Neutral
fWOIAxzBQFY$_$7,3,0.5518880542637022,0.38434159755706787,0.5681692842876582,Positive,Neutral
fWOIAxzBQFY$_$7,4,1.5997407482800028,0.6095844507217407,0.6193264693378381,Positive,Neutral
fWOIAxzBQFY$_$7,5,0.7923538403781673,0.49608153104782104,0.6153818904410447,Positive,Neutral
fWOIAxzBQFY$_$7,6,0.9570231306870591,0.5534572005271912,0.60470731308482,Positive,Neutral
fWOIAxzBQFY$_$7,7,0.3305934047799748,0.3778402507305145,0.5063558576532928,Positive,Neutral
f_ZJ7L14oYQ$_$11,0,1.089895473409628,0.16583210229873657,0.4721710527798015,Positive,Neutral
f_ZJ7L14oYQ$_$11,1,1.5446410844724852,0.8756539225578308,0.7540418292289813,Positive,Neutral
f_ZJ7L14oYQ$_$11,2,1.3294798759887967,0.7510932683944702,0.648840276609676,Positive,Neutral
f_ZJ7L14oYQ$_$11,3,1.2720752258408339,0.7550873756408691,0.7000802899492193,Positive,Neutral
f_ZJ7L14oYQ$_$11,4,0.4959965694492916,0.04512129724025726,0.3078320095456613,Positive,Neutral
f_ZJ7L14oYQ$_$11,5,0.8179925923843895,0.5093715190887451,0.5948493606469243,Positive,Neutral
f_ZJ7L14oYQ$_$11,6,0.7597505581451323,0.2854866087436676,0.42803221039954364,Positive,Neutral
f_ZJ7L14oYQ$_$11,7,0.6636340420828041,0.49051350355148315,0.5443303922566978,Positive,Neutral
f_ZJ7L14oYQ$_$27,0,1.089895473409628,0.16583210229873657,0.4721710527798015,Positive,Neutral
f_ZJ7L14oYQ$_$27,1,1.3557137832288024,0.7804138660430908,0.7240898314471068,Positive,Neutral
f_ZJ7L14oYQ$_$27,2,1.4092512778639592,0.8600986003875732,0.6439431862724857,Positive,Neutral
f_ZJ7L14oYQ$_$27,3,1.077192604054496,0.7254179120063782,0.6547864006322754,Positive,Neutral
f_ZJ7L14oYQ$_$27,4,1.2370575091252731,-0.061616554856300354,0.2809620362676218,Positive,Neutral
f_ZJ7L14oYQ$_$27,5,0.8940412314319044,0.4502350091934204,0.554557514404373,Positive,Neutral
f_ZJ7L14oYQ$_$27,6,1.25874948055153,0.29616090655326843,0.4420197594429617,Positive,Neutral
f_ZJ7L14oYQ$_$27,7,0.6916343336808908,0.4515529274940491,0.5020010950728585,Positive,Neutral
f_ZJ7L14oYQ$_$21,0,-0.2463803078319281,0.16583210229873657,0.3690606567840039,Negative,Positive
f_ZJ7L14oYQ$_$21,1,3.099962091786079,-1.9563889503479004,0.9131865612722745,Negative,Positive
f_ZJ7L14oYQ$_$21,2,-1.4262260001421851,0.7754385471343994,0.15693749960168338,Negative,Positive
f_ZJ7L14oYQ$_$21,3,2.892450893530389,-1.5300415754318237,0.9100329987990363,Negative,Positive
f_ZJ7L14oYQ$_$21,4,-0.6864134248707461,0.43841707706451416,0.2608609830589485,Negative,Positive
f_ZJ7L14oYQ$_$21,5,3.1481298074132864,-1.7763314247131348,0.926731130015415,Negative,Positive
f_ZJ7L14oYQ$_$21,6,-0.7881163494839744,0.43365478515625,0.2335505860195266,Negative,Positive
f_ZJ7L14oYQ$_$21,7,3.0949705025448697,-1.6168973445892334,0.9292098418433332,Negative,Positive
f_ZJ7L14oYQ$_$17,0,-0.2463803078319281,0.16583210229873657,0.3690606567840039,Negative,Positive
f_ZJ7L14oYQ$_$17,1,0.7114387520433286,-0.0683339387178421,0.40333087937715506,Negative,Positive
f_ZJ7L14oYQ$_$17,2,-1.2361773967321241,0.7895797491073608,0.1919160171375743,Negative,Positive
f_ZJ7L14oYQ$_$17,3,0.0016018594361117966,0.19047263264656067,0.3140267049224218,Negative,Positive
f_ZJ7L14oYQ$_$17,4,0.018765322926520556,0.22610685229301453,0.4589553294845221,Negative,Positive
f_ZJ7L14oYQ$_$17,5,0.7647288244627055,-0.10851707309484482,0.5382420940408725,Negative,Positive
f_ZJ7L14oYQ$_$17,6,-0.5208804427074438,0.4328955411911011,0.3221171185560532,Negative,Positive
f_ZJ7L14oYQ$_$17,7,0.19223768728376522,0.13174495100975037,0.39133800187913775,Negative,Positive
f_ZJ7L14oYQ$_$9,0,0.2463803078319281,0.16583210229873657,0.4721710527798015,Positive,Negative
f_ZJ7L14oYQ$_$9,1,1.910038214698979,0.948815107345581,0.7540377128608342,Positive,Negative
f_ZJ7L14oYQ$_$9,2,1.390749053809057,0.7658589482307434,0.6496566908815167,Positive,Negative
f_ZJ7L14oYQ$_$9,3,1.6115278769912311,0.7845658659934998,0.675982456261261,Positive,Negative
f_ZJ7L14oYQ$_$9,4,-0.39625217402697444,0.07747143507003784,0.3665078951471595,Positive,Negative
f_ZJ7L14oYQ$_$9,5,0.9914332142643894,0.5436588525772095,0.6185035329747623,Positive,Negative
f_ZJ7L14oYQ$_$9,6,0.4617541193898592,0.40995627641677856,0.5188273130730164,Positive,Negative
f_ZJ7L14oYQ$_$9,7,0.8556818971962684,0.5107168555259705,0.5549774321942778,Positive,Negative
f_ZJ7L14oYQ$_$8,0,0.2463803078319281,0.16583210229873657,0.4721710527798015,Positive,Negative
f_ZJ7L14oYQ$_$8,1,1.6115399493019757,0.7936618328094482,0.6649950394870395,Positive,Negative
f_ZJ7L14oYQ$_$8,2,1.3796603381584327,0.7535136342048645,0.6651726663300684,Positive,Negative
f_ZJ7L14oYQ$_$8,3,1.3446797562305757,0.6657613515853882,0.6018443735337587,Positive,Negative
f_ZJ7L14oYQ$_$8,4,-0.5444050306481366,0.021885141730308533,0.3415033703518052,Positive,Negative
f_ZJ7L14oYQ$_$8,5,0.523110747397695,0.4225502014160156,0.5177190702758238,Positive,Negative
f_ZJ7L14oYQ$_$8,6,0.5006495236230302,0.4297923445701599,0.5367017946014786,Positive,Negative
f_ZJ7L14oYQ$_$8,7,0.6314648618087148,0.441609263420105,0.49047809060138964,Positive,Negative
ffrJ91swyq0$_$1,0,1.089895473409628,0.16583210229873657,0.4721710527798015,Positive,Neutral
ffrJ91swyq0$_$1,1,2.155500106368611,1.2932398319244385,0.8352185368274827,Positive,Neutral
ffrJ91swyq0$_$1,2,0.21960973883247092,0.20977100729942322,0.4582882462477743,Positive,Neutral
ffrJ91swyq0$_$1,3,1.8975668969881978,1.0237406492233276,0.8127119744506093,Positive,Neutral
ffrJ91swyq0$_$1,4,0.04928894141538387,0.26748573780059814,0.3980486134962231,Positive,Neutral
ffrJ91swyq0$_$1,5,1.949630783759,1.0105366706848145,0.808173770638592,Positive,Neutral
ffrJ91swyq0$_$1,6,0.0371225444440878,0.2288137674331665,0.4017801566482058,Positive,Neutral
ffrJ91swyq0$_$1,7,1.5420843065877659,0.829505443572998,0.7539945442553163,Positive,Neutral
g8Cl74tS3oY$_$2,0,-0.2463803078319281,0.16583210229873657,0.3690606567840039,Negative,Positive
g8Cl74tS3oY$_$2,1,2.5403307580509726,-1.1396121978759766,0.8658062724706992,Negative,Positive
g8Cl74tS3oY$_$2,2,-1.0237988429727818,0.23342666029930115,0.16004491853916106,Negative,Positive
g8Cl74tS3oY$_$2,3,1.1081405929390795,-0.15003275871276855,0.5682895132767587,Negative,Positive
g8Cl74tS3oY$_$2,4,-0.9335826636223269,0.53937828540802,0.22420186389194693,Negative,Positive
g8Cl74tS3oY$_$2,5,1.8554505133863328,-0.5573108196258545,0.8034929666457392,Negative,Positive
g8Cl74tS3oY$_$2,6,-0.8898589223123614,0.36868488788604736,0.20307679692505914,Negative,Positive
g8Cl74tS3oY$_$2,7,1.3664586987959406,-0.24671459197998047,0.6904223833377674,Negative,Positive
g8Cl74tS3oY$_$6,0,0.2463803078319281,0.16583210229873657,0.4721710527798015,Positive,Negative
g8Cl74tS3oY$_$6,1,2.0059635677633927,1.3878929615020752,0.8095828832435701,Positive,Negative
g8Cl74tS3oY$_$6,2,0.9624676407221608,0.2490774393081665,0.4471333123663445,Positive,Negative
g8Cl74tS3oY$_$6,3,2.3313051951713666,1.3294830322265625,0.8308666434980234,Positive,Negative
g8Cl74tS3oY$_$6,4,0.6939543531406515,0.37720006704330444,0.48052724563144006,Positive,Negative
g8Cl74tS3oY$_$6,5,1.9911496753405327,1.222691297531128,0.8098029915406258,Positive,Negative
g8Cl74tS3oY$_$6,6,0.7044360422270232,0.2937413454055786,0.444632747324403,Positive,Negative
g8Cl74tS3oY$_$6,7,2.004293574613819,1.147971510887146,0.7945447039378207,Positive,Negative
gR4gM_WXesQ$_$10,0,0.8435151655776999,0.16583210229873657,0.3690606567840039,Negative,Neutral
gR4gM_WXesQ$_$10,1,-0.2836528278548158,-0.06644460558891296,0.3554236475108045,Negative,Neutral
gR4gM_WXesQ$_$10,2,-0.7684944894980893,0.30261948704719543,0.1707291225306135,Negative,Neutral
gR4gM_WXesQ$_$10,3,-0.6515176011778836,0.09533056616783142,0.26353270198184436,Negative,Neutral
gR4gM_WXesQ$_$10,4,0.8639260006766984,0.519444465637207,0.25587980757725404,Negative,Neutral
gR4gM_WXesQ$_$10,5,0.5880857998300945,-0.03524971753358841,0.46566217307853963,Negative,Neutral
gR4gM_WXesQ$_$10,6,-0.16973468045688223,0.4120621681213379,0.20117236687679182,Negative,Neutral
gR4gM_WXesQ$_$10,7,0.10140671440954152,0.0873522013425827,0.37612268407873706,Negative,Neutral
gR4gM_WXesQ$_$26,0,-0.2463803078319281,0.16583210229873657,0.3690606567840039,Negative,Positive
gR4gM_WXesQ$_$26,1,2.5250115559638564,-1.1169286966323853,0.8628427885453758,Negative,Positive
gR4gM_WXesQ$_$26,2,-0.7001191885165168,0.22521615028381348,0.17972838682701164,Negative,Positive
gR4gM_WXesQ$_$26,3,1.455320303459132,-0.2990880608558655,0.6496461935423338,Negative,Positive
gR4gM_WXesQ$_$26,4,-0.5039624191260886,0.2379712462425232,0.2930320077635044,Negative,Positive
gR4gM_WXesQ$_$26,5,2.3363809810193956,-0.945137619972229,0.8622165859464852,Negative,Positive
gR4gM_WXesQ$_$26,6,-0.42143020923423125,0.19475418329238892,0.24584958820249855,Negative,Positive
gR4gM_WXesQ$_$26,7,1.9271182874729895,-0.5669658184051514,0.7887618353814013,Negative,Positive
gR4gM_WXesQ$_$20,0,1.089895473409628,0.16583210229873657,0.4721710527798015,Positive,Neutral
gR4gM_WXesQ$_$20,1,0.4871630102638618,0.47175490856170654,0.5264702039432418,Positive,Neutral
gR4gM_WXesQ$_$20,2,0.6471266946231393,0.4310663342475891,0.5548199471712065,Positive,Neutral
gR4gM_WXesQ$_$20,3,0.3091741930568245,0.37040290236473083,0.4858948638571045,Positive,Neutral
gR4gM_WXesQ$_$20,4,1.3938632678619036,0.5025933980941772,0.6059242970398732,Positive,Neutral
gR4gM_WXesQ$_$20,5,0.7702198316476313,0.5058035850524902,0.5848303657308339,Positive,Neutral
gR4gM_WXesQ$_$20,6,0.8616534031729789,0.4625664949417114,0.560785016675959,Positive,Neutral
gR4gM_WXesQ$_$20,7,0.44055249925230366,0.4164215326309204,0.5045509072089611,Positive,Neutral
gR4gM_WXesQ$_$24,0,0.8435151655776999,0.16583210229873657,0.3690606567840039,Negative,Neutral
gR4gM_WXesQ$_$24,1,2.437827882715405,-1.280811071395874,0.8651230916210143,Negative,Neutral
gR4gM_WXesQ$_$24,2,-1.0016030680407066,0.17263424396514893,0.17636235432436378,Negative,Neutral
gR4gM_WXesQ$_$24,3,0.7955288805323298,-0.24050666391849518,0.5794398488305954,Negative,Neutral
gR4gM_WXesQ$_$24,4,0.15837766750423388,0.09633898735046387,0.3577343185654174,Negative,Neutral
gR4gM_WXesQ$_$24,5,2.744671210538612,-1.1732665300369263,0.8829112548875059,Negative,Neutral
gR4gM_WXesQ$_$24,6,-0.5420541251604766,0.13095936179161072,0.2557007511061261,Negative,Neutral
gR4gM_WXesQ$_$24,7,1.768733183707158,-0.5401300191879272,0.7580408461730616,Negative,Neutral
gR4gM_WXesQ$_$18,0,-0.2463803078319281,0.16583210229873657,0.3690606567840039,Negative,Positive
gR4gM_WXesQ$_$18,1,3.028032780879942,-1.7275736331939697,0.9122445475164662,Negative,Positive
gR4gM_WXesQ$_$18,2,-1.1250558693518475,0.34237855672836304,0.16372296668690636,Negative,Positive
gR4gM_WXesQ$_$18,3,2.4400685059862526,-0.9399675726890564,0.8611630302173192,Negative,Positive
gR4gM_WXesQ$_$18,4,-0.9759850742460453,0.5613100528717041,0.22598739278161856,Negative,Positive
gR4gM_WXesQ$_$18,5,2.863948239383764,-1.424328327178955,0.9134231085749872,Negative,Positive
gR4gM_WXesQ$_$18,6,-0.9238726778961927,0.4014769196510315,0.20449640442481218,Negative,Positive
gR4gM_WXesQ$_$18,7,2.562262858011717,-1.0381380319595337,0.8883174409740534,Negative,Positive
gR4gM_WXesQ$_$3,0,0.8435151655776999,0.16583210229873657,0.3690606567840039,Negative,Neutral
gR4gM_WXesQ$_$3,1,-0.03821117236542393,0.06747236847877502,0.3860654571659272,Negative,Neutral
gR4gM_WXesQ$_$3,2,-0.81013820832609,0.36893585324287415,0.15561569763745942,Negative,Neutral
gR4gM_WXesQ$_$3,3,-0.5656951392732179,0.17958873510360718,0.2630825206735317,Negative,Neutral
gR4gM_WXesQ$_$3,4,0.8137529974604203,0.38743850588798523,0.30842711101561926,Negative,Neutral
gR4gM_WXesQ$_$3,5,0.6632352232754921,0.055909693241119385,0.47182758258218505,Negative,Neutral
gR4gM_WXesQ$_$3,6,-0.2699614070136358,0.3761258125305176,0.21164045824751296,Negative,Neutral
gR4gM_WXesQ$_$3,7,0.0789540541599536,0.15552958846092224,0.36554450174819497,Negative,Neutral
gR4gM_WXesQ$_$4,0,1.089895473409628,0.16583210229873657,0.4721710527798015,Positive,Neutral
gR4gM_WXesQ$_$4,1,1.8518575635815429,1.082468867301941,0.8076959831420754,Positive,Neutral
gR4gM_WXesQ$_$4,2,0.21324662579296605,0.30536749958992004,0.4618224374263865,Positive,Neutral
gR4gM_WXesQ$_$4,3,1.1238722245335984,0.6703150868415833,0.6870942965774549,Positive,Neutral
gR4gM_WXesQ$_$4,4,1.3923642956144693,0.18266737461090088,0.4951573146806979,Positive,Neutral
gR4gM_WXesQ$_$4,5,1.6752695633167247,0.8604989647865295,0.772435216888572,Positive,Neutral
gR4gM_WXesQ$_$4,6,0.4901761940571381,0.26241743564605713,0.4675927896348477,Positive,Neutral
gR4gM_WXesQ$_$4,7,0.8542483684985918,0.570853590965271,0.6169656617067886,Positive,Neutral
gR4gM_WXesQ$_$8,0,1.089895473409628,0.16583210229873657,0.4721710527798015,Positive,Neutral
gR4gM_WXesQ$_$8,1,1.6235056621808717,0.8879688382148743,0.7725717087083387,Positive,Neutral
gR4gM_WXesQ$_$8,2,0.31114750014263726,0.35001814365386963,0.4904676361317274,Positive,Neutral
gR4gM_WXesQ$_$8,3,0.6972076047793676,0.49558699131011963,0.5901079047124791,Positive,Neutral
gR4gM_WXesQ$_$8,4,0.7806226155027091,0.29360997676849365,0.4778808354056383,Positive,Neutral
gR4gM_WXesQ$_$8,5,0.9108990921892788,0.5465584397315979,0.6177068006124131,Positive,Neutral
gR4gM_WXesQ$_$8,6,0.19607419902393353,0.29406172037124634,0.43522055838906765,Positive,Neutral
gR4gM_WXesQ$_$8,7,0.3024369504393437,0.3943008482456207,0.48091647287765454,Positive,Neutral
gVqs4TzqySw$_$1,0,1.089895473409628,0.16583210229873657,0.4721710527798015,Positive,Neutral
gVqs4TzqySw$_$1,1,1.6803815785523382,0.9259264469146729,0.7664041869375314,Positive,Neutral
gVqs4TzqySw$_$1,2,1.9671754159283457,1.099937915802002,0.7567255471840555,Positive,Neutral
gVqs4TzqySw$_$1,3,1.7908118146111645,1.0369117259979248,0.771858452788844,Positive,Neutral
gVqs4TzqySw$_$1,4,0.7228478610465694,0.16236495971679688,0.3822258207488329,Positive,Neutral
gVqs4TzqySw$_$1,5,1.198841942158662,0.6158351898193359,0.6520801672868186,Positive,Neutral
gVqs4TzqySw$_$1,6,1.5728822248208618,0.7090705633163452,0.6251567564918273,Positive,Neutral
gVqs4TzqySw$_$1,7,1.4336147671091637,0.7705392837524414,0.6797320546782188,Positive,Neutral
gVqs4TzqySw$_$3,0,-1.089895473409628,0.16583210229873657,0.15876829043619456,Neutral,Positive
gVqs4TzqySw$_$3,1,0.11320925588031172,0.2434937059879303,0.4434755834685696,Neutral,Positive
gVqs4TzqySw$_$3,2,-1.3844467204452855,0.736414909362793,0.17120809486951274,Neutral,Positive
gVqs4TzqySw$_$3,3,-0.1547966557340711,0.32801127433776855,0.38090286401727874,Neutral,Positive
gVqs4TzqySw$_$3,4,-0.9118537330040208,0.058419570326805115,0.15124111493432,Neutral,Positive
gVqs4TzqySw$_$3,5,0.27036438886572356,0.23683053255081177,0.44996329058278,Neutral,Positive
gVqs4TzqySw$_$3,6,-1.1193520376392705,0.5325531363487244,0.19033292064233628,Neutral,Positive
gVqs4TzqySw$_$3,7,0.0022363694466494,0.29548588395118713,0.38672815700921337,Neutral,Positive
gVqs4TzqySw$_$2,0,1.089895473409628,0.16583210229873657,0.4721710527798015,Positive,Neutral
gVqs4TzqySw$_$2,1,0.8511129917205298,0.5349631905555725,0.6351148921021753,Positive,Neutral
gVqs4TzqySw$_$2,2,1.744238679876567,0.9758777618408203,0.735688956622559,Positive,Neutral
gVqs4TzqySw$_$2,3,1.0882396564708199,0.6467980146408081,0.6766648629423432,Positive,Neutral
gVqs4TzqySw$_$2,4,1.5109096827301876,0.507235050201416,0.5731709906833676,Positive,Neutral
gVqs4TzqySw$_$2,5,0.9292502967419505,0.564631462097168,0.6458666941829989,Positive,Neutral
gVqs4TzqySw$_$2,6,1.6253341418832448,0.8170042037963867,0.6834425751878995,Positive,Neutral
gVqs4TzqySw$_$2,7,0.957975569845507,0.6157599091529846,0.6412319605616363,Positive,Neutral
gVqs4TzqySw$_$4,0,-1.089895473409628,0.16583210229873657,0.15876829043619456,Neutral,Positive
gVqs4TzqySw$_$4,1,-0.6927297762131472,0.4594704508781433,0.29889782412035704,Neutral,Positive
gVqs4TzqySw$_$4,2,-1.6631509881286088,0.8449028730392456,0.13450307051043123,Neutral,Positive
gVqs4TzqySw$_$4,3,-0.992577462535803,0.5867400169372559,0.24476954048861424,Neutral,Positive
gVqs4TzqySw$_$4,4,-0.692528807632147,-0.023215606808662415,0.1648625985744197,Neutral,Positive
gVqs4TzqySw$_$4,5,0.2304138621331948,0.25354573130607605,0.463441455337398,Neutral,Positive
gVqs4TzqySw$_$4,6,-0.9803941717262786,0.269368439912796,0.17709059995357634,Neutral,Positive
gVqs4TzqySw$_$4,7,0.003694139613195424,0.31253719329833984,0.40618589687192935,Neutral,Positive
goMtnNHQ_z4$_$1,0,1.089895473409628,0.16583210229873657,0.4721710527798015,Positive,Neutral
goMtnNHQ_z4$_$1,1,1.5874896432358847,0.9148111343383789,0.7724191367480955,Positive,Neutral
goMtnNHQ_z4$_$1,2,0.36275055656144917,0.36922934651374817,0.48336081344820736,Positive,Neutral
goMtnNHQ_z4$_$1,3,1.139536916269257,0.6838366389274597,0.6943461999720588,Positive,Neutral
goMtnNHQ_z4$_$1,4,2.153140731343265,1.1245990991592407,0.7613495565351872,Positive,Neutral
goMtnNHQ_z4$_$1,5,1.9167530293028696,1.0871639251708984,0.8058966124650238,Positive,Neutral
goMtnNHQ_z4$_$1,6,1.5730385323305058,0.846047580242157,0.7150806715929524,Positive,Neutral
goMtnNHQ_z4$_$1,7,1.4681932287101016,0.8685580492019653,0.7444936467831141,Positive,Neutral
goMtnNHQ_z4$_$2,0,1.089895473409628,0.16583210229873657,0.4721710527798015,Positive,Neutral
goMtnNHQ_z4$_$2,1,2.255612708925109,1.4571232795715332,0.8248345969218843,Positive,Neutral
goMtnNHQ_z4$_$2,2,0.1630433189028333,0.30068010091781616,0.44004774849980843,Positive,Neutral
goMtnNHQ_z4$_$2,3,2.2783856346148705,1.3904294967651367,0.8463705381396234,Positive,Neutral
goMtnNHQ_z4$_$2,4,2.0838968746375035,1.099934458732605,0.7788739450536971,Positive,Neutral
goMtnNHQ_z4$_$2,5,2.3607439131004386,1.3730251789093018,0.830691201252803,Positive,Neutral
goMtnNHQ_z4$_$2,6,1.4528842834451607,0.8267194628715515,0.7134290328400927,Positive,Neutral
goMtnNHQ_z4$_$2,7,2.3473199194960093,1.3690383434295654,0.8500743677341867,Positive,Neutral
goMtnNHQ_z4$_$13,0,1.089895473409628,0.16583210229873657,0.4721710527798015,Positive,Neutral
goMtnNHQ_z4$_$13,1,2.2667328222626675,1.4621601104736328,0.8372200494323057,Positive,Neutral
goMtnNHQ_z4$_$13,2,0.7757323358436049,0.5503921508789062,0.5762758802864066,Positive,Neutral
goMtnNHQ_z4$_$13,3,2.2680369435987076,1.386183261871338,0.8498377672305126,Positive,Neutral
goMtnNHQ_z4$_$13,4,0.32635283836049833,0.2908150553703308,0.4490468835473069,Positive,Neutral
goMtnNHQ_z4$_$13,5,2.185408615131195,1.1989706754684448,0.8264587390654887,Positive,Neutral
goMtnNHQ_z4$_$13,6,0.2213649870506721,0.2959715723991394,0.4312726519472591,Positive,Neutral
goMtnNHQ_z4$_$13,7,2.0316810563671526,1.158470869064331,0.818198534620277,Positive,Neutral
goMtnNHQ_z4$_$12,0,1.089895473409628,0.16583210229873657,0.4721710527798015,Positive,Neutral
goMtnNHQ_z4$_$12,1,-0.11163861248676432,0.24222904443740845,0.4087179341448653,Positive,Neutral
goMtnNHQ_z4$_$12,2,0.5369982407829265,0.428566575050354,0.5146991799572331,Positive,Neutral
goMtnNHQ_z4$_$12,3,-0.18364117944524305,0.2370263636112213,0.38684367980551965,Positive,Neutral
goMtnNHQ_z4$_$12,4,2.0261008878415723,1.0319299697875977,0.759908358665598,Positive,Neutral
goMtnNHQ_z4$_$12,5,0.6009306496869734,0.4728075861930847,0.5708737320242779,Positive,Neutral
goMtnNHQ_z4$_$12,6,1.1976924801993745,0.6643300652503967,0.6406375150263944,Positive,Neutral
goMtnNHQ_z4$_$12,7,0.15437746405711683,0.3629482686519623,0.4587573624256847,Positive,Neutral
hqzF4IDaIYE$_$0,0,-0.2463803078319281,0.16583210229873657,0.3690606567840039,Negative,Positive
hqzF4IDaIYE$_$0,1,2.33682798646411,-0.9886088371276855,0.8628509065518568,Negative,Positive
hqzF4IDaIYE$_$0,2,-1.4644204920572963,0.9645016193389893,0.1640908236273509,Negative,Positive
hqzF4IDaIYE$_$0,3,1.0482264386538938,-0.0799415186047554,0.6592043674007223,Negative,Positive
hqzF4IDaIYE$_$0,4,-1.3326896836137643,0.8883827924728394,0.18489040569298396,Negative,Positive
hqzF4IDaIYE$_$0,5,1.7721898079450986,-0.5091310143470764,0.8148424144882791,Negative,Positive
hqzF4IDaIYE$_$0,6,-1.2740948000786156,0.8527716398239136,0.19096028475461888,Negative,Positive
hqzF4IDaIYE$_$0,7,1.3998526098708335,-0.27587151527404785,0.745959216592167,Negative,Positive
hqzF4IDaIYE$_$3,0,1.089895473409628,0.16583210229873657,0.4721710527798015,Positive,Neutral
hqzF4IDaIYE$_$3,1,2.0265677249121428,1.1600682735443115,0.8262193882402173,Positive,Neutral
hqzF4IDaIYE$_$3,2,1.6539998265389828,0.9636154174804688,0.7129958594883928,Positive,Neutral
hqzF4IDaIYE$_$3,3,2.00032498299648,1.1527352333068848,0.822876166166365,Positive,Neutral
hqzF4IDaIYE$_$3,4,0.8690901915696153,0.154762864112854,0.3855390904983634,Positive,Neutral
hqzF4IDaIYE$_$3,5,1.7941212954712202,0.8951714038848877,0.779649486948241,Positive,Neutral
hqzF4IDaIYE$_$3,6,1.0167024883200342,0.43040215969085693,0.5026596157450962,Positive,Neutral
hqzF4IDaIYE$_$3,7,1.644814031882336,0.9075808525085449,0.7549710820319501,Positive,Neutral
hqzF4IDaIYE$_$2,0,1.089895473409628,0.16583210229873657,0.4721710527798015,Positive,Neutral
hqzF4IDaIYE$_$2,1,2.2584799138679448,1.387146234512329,0.8427301565953366,Positive,Neutral
hqzF4IDaIYE$_$2,2,1.7661224374837845,0.9994384050369263,0.7120387315236907,Positive,Neutral
hqzF4IDaIYE$_$2,3,2.2934038960602434,1.4055407047271729,0.8482040273134338,Positive,Neutral
hqzF4IDaIYE$_$2,4,0.28517814488229654,0.13210146129131317,0.3643632318837767,Positive,Neutral
hqzF4IDaIYE$_$2,5,2.1783885833065324,1.1293343305587769,0.8212236636436999,Positive,Neutral
hqzF4IDaIYE$_$2,6,1.122276704880047,0.43813174962997437,0.5153821989658998,Positive,Neutral
hqzF4IDaIYE$_$2,7,2.106510271007847,1.1845638751983643,0.8125876174837952,Positive,Neutral
hqzF4IDaIYE$_$4,0,1.089895473409628,0.16583210229873657,0.4721710527798015,Positive,Neutral
hqzF4IDaIYE$_$4,1,1.7159743747671397,0.9645442962646484,0.790549834867427,Positive,Neutral
hqzF4IDaIYE$_$4,2,1.5993959303370402,0.9029147624969482,0.7298947973446422,Positive,Neutral
hqzF4IDaIYE$_$4,3,1.519829981251563,0.8648045659065247,0.7575366103576866,Positive,Neutral
hqzF4IDaIYE$_$4,4,0.18623277233681224,0.1471904218196869,0.35919175651637925,Positive,Neutral
hqzF4IDaIYE$_$4,5,0.6485318074826975,0.5219137668609619,0.5700064509879066,Positive,Neutral
hqzF4IDaIYE$_$4,6,0.593778417949256,0.3744671642780304,0.48962584016246224,Positive,Neutral
hqzF4IDaIYE$_$4,7,0.5363394436152119,0.49061107635498047,0.5374272428029938,Positive,Neutral
hqzF4IDaIYE$_$6,0,1.089895473409628,0.16583210229873657,0.4721710527798015,Positive,Neutral
hqzF4IDaIYE$_$6,1,-0.9502795947305246,-0.009356647729873657,0.18506903601795152,Positive,Neutral
hqzF4IDaIYE$_$6,2,1.2740824905631505,0.7037826776504517,0.699598322728257,Positive,Neutral
hqzF4IDaIYE$_$6,3,-0.36672047134376284,0.22331947088241577,0.3266590578212247,Positive,Neutral
hqzF4IDaIYE$_$6,4,1.9687662969340636,1.0096750259399414,0.7586292811153733,Positive,Neutral
hqzF4IDaIYE$_$6,5,0.06333938913773729,0.29081109166145325,0.38405176534130664,Positive,Neutral
hqzF4IDaIYE$_$6,6,1.4305081369509365,0.7921444177627563,0.7177455624869858,Positive,Neutral
hqzF4IDaIYE$_$6,7,0.02931011660940175,0.3315955400466919,0.4023042449856688,Positive,Neutral
hvfaYsv7p8E$_$0,0,-0.2463803078319281,0.16583210229873657,0.3690606567840039,Negative,Positive
hvfaYsv7p8E$_$0,1,2.8502633760360125,-1.480590581893921,0.899808267444935,Negative,Positive
hvfaYsv7p8E$_$0,2,-1.0324821774920676,0.3199708163738251,0.1709486905698762,Negative,Positive
hvfaYsv7p8E$_$0,3,1.4538604514648554,-0.3104496896266937,0.6809955487909024,Negative,Positive
hvfaYsv7p8E$_$0,4,-1.450012091034022,0.528257429599762,0.13726248360512203,Negative,Positive
hvfaYsv7p8E$_$0,5,2.2088647502310823,-0.8259648084640503,0.8473219272661053,Negative,Positive
hvfaYsv7p8E$_$0,6,-1.0256302273273987,0.3178923726081848,0.1661786852600461,Negative,Positive
hvfaYsv7p8E$_$0,7,1.6115049677967064,-0.3957676887512207,0.7339281934953371,Negative,Positive
iUXqlrui25c$_$10,0,-0.2463803078319281,0.16583210229873657,0.3690606567840039,Negative,Positive
iUXqlrui25c$_$10,1,2.0196364252486747,-0.7290612459182739,0.7970611978585888,Negative,Positive
iUXqlrui25c$_$10,2,-1.3033937643447602,0.3478546440601349,0.14090479013011134,Negative,Positive
iUXqlrui25c$_$10,3,1.0623116255224903,-0.15833912789821625,0.5831307724456026,Negative,Positive
iUXqlrui25c$_$10,4,-0.4917161447734355,0.13181602954864502,0.1973217421074938,Negative,Positive
iUXqlrui25c$_$10,5,1.512810726488793,-0.3891946077346802,0.7049832898047876,Negative,Positive
iUXqlrui25c$_$10,6,-0.6701406466832853,0.17350247502326965,0.18579665891553687,Negative,Positive
iUXqlrui25c$_$10,7,1.3677656148575734,-0.2887341380119324,0.6729648660038388,Negative,Positive
iUXqlrui25c$_$21,0,-1.089895473409628,0.16583210229873657,0.15876829043619456,Neutral,Positive
iUXqlrui25c$_$21,1,-0.7107341829121132,0.4724702835083008,0.2676998369744219,Neutral,Positive
iUXqlrui25c$_$21,2,0.031902959330389224,0.2552400529384613,0.42286270832904,Neutral,Positive
iUXqlrui25c$_$21,3,-0.06549323618775127,0.2949557304382324,0.3866093893888936,Neutral,Positive
iUXqlrui25c$_$21,4,0.3277464291925747,0.11392667889595032,0.46694090892817536,Neutral,Positive
iUXqlrui25c$_$21,5,0.07614933713285787,0.20338648557662964,0.4000478708989383,Neutral,Positive
iUXqlrui25c$_$21,6,0.3965982309383781,0.1312805712223053,0.4822856337080621,Neutral,Positive
iUXqlrui25c$_$21,7,0.2580848613309278,0.18103867769241333,0.4283493505321779,Neutral,Positive
iUXqlrui25c$_$23,0,-1.089895473409628,0.16583210229873657,0.15876829043619456,Neutral,Positive
iUXqlrui25c$_$23,1,-0.6622533046441582,0.4386630654335022,0.30088093980587405,Neutral,Positive
iUXqlrui25c$_$23,2,-0.5212446221553197,0.4547463655471802,0.3251724350452545,Neutral,Positive
iUXqlrui25c$_$23,3,-0.350265861252233,0.36139172315597534,0.36297886860156975,Neutral,Positive
iUXqlrui25c$_$23,4,0.056749424684465755,0.2204986810684204,0.42217901630417404,Neutral,Positive
iUXqlrui25c$_$23,5,-0.004702733614824539,0.2828618884086609,0.4271832546591145,Neutral,Positive
iUXqlrui25c$_$23,6,0.006063592359396908,0.2610047459602356,0.41992136629534615,Neutral,Positive
iUXqlrui25c$_$23,7,0.10511416039676413,0.2652300000190735,0.4469743573969034,Neutral,Positive
icbUzboLcDQ$_$0,0,1.089895473409628,0.16583210229873657,0.4721710527798015,Positive,Neutral
icbUzboLcDQ$_$0,1,1.9888747062268175,1.2457515001296997,0.8150609142536959,Positive,Neutral
icbUzboLcDQ$_$0,2,1.4812572800007318,0.8229469060897827,0.7074406428223602,Positive,Neutral
icbUzboLcDQ$_$0,3,2.144403657538976,1.2537468671798706,0.8406742125914111,Positive,Neutral
icbUzboLcDQ$_$0,4,1.1277562220790411,0.12740039825439453,0.37119207151241196,Positive,Neutral
icbUzboLcDQ$_$0,5,2.0315123075545345,1.0528130531311035,0.8025717504309281,Positive,Neutral
icbUzboLcDQ$_$0,6,1.1087173917059459,0.44993799924850464,0.5374368494380544,Positive,Neutral
icbUzboLcDQ$_$0,7,1.8885910208365937,1.038205862045288,0.7932794096580027,Positive,Neutral
ioupaiAuRr0$_$5,0,1.089895473409628,0.16583210229873657,0.4721710527798015,Positive,Neutral
ioupaiAuRr0$_$5,1,1.7957464286640725,0.9837276935577393,0.8020831418302324,Positive,Neutral
ioupaiAuRr0$_$5,2,0.26777487306589276,0.3472234308719635,0.46534509701302945,Positive,Neutral
ioupaiAuRr0$_$5,3,1.3170200519923352,0.7140064239501953,0.7239198149492427,Positive,Neutral
ioupaiAuRr0$_$5,4,-0.16207189356375196,0.13482442498207092,0.32860721363129364,Positive,Neutral
ioupaiAuRr0$_$5,5,1.169198582598358,0.6479077935218811,0.6864571103047167,Positive,Neutral
ioupaiAuRr0$_$5,6,-0.11839576508969707,0.1896171271800995,0.3476576136572435,Positive,Neutral
ioupaiAuRr0$_$5,7,0.7017295674796061,0.5071580410003662,0.5856994056305178,Positive,Neutral
ioupaiAuRr0$_$4,0,1.089895473409628,0.16583210229873657,0.4721710527798015,Positive,Neutral
ioupaiAuRr0$_$4,1,1.5586786541810014,0.8872147798538208,0.7609777658357244,Positive,Neutral
ioupaiAuRr0$_$4,2,0.3604102338442404,0.3655429482460022,0.4683721387462364,Positive,Neutral
ioupaiAuRr0$_$4,3,1.0727581005752471,0.6058816909790039,0.6717685043841862,Positive,Neutral
ioupaiAuRr0$_$4,4,0.1495552241349506,0.22029301524162292,0.3875153399788598,Positive,Neutral
ioupaiAuRr0$_$4,5,1.1172544005714826,0.6201436519622803,0.6699653709239254,Positive,Neutral
ioupaiAuRr0$_$4,6,0.1446544032141046,0.2196294665336609,0.37831665410746934,Positive,Neutral
ioupaiAuRr0$_$4,7,0.6591415303322854,0.4779401421546936,0.5696044749603966,Positive,Neutral
jICmfLeFymA$_$16,0,1.089895473409628,0.16583210229873657,0.4721710527798015,Positive,Neutral
jICmfLeFymA$_$16,1,2.1958094559269816,1.4054917097091675,0.8389505506808909,Positive,Neutral
jICmfLeFymA$_$16,2,1.9006692981563824,1.1174609661102295,0.7720633334369144,Positive,Neutral
jICmfLeFymA$_$16,3,2.3103576390487595,1.4292466640472412,0.8568350173794705,Positive,Neutral
jICmfLeFymA$_$16,4,1.6472084809348548,0.924508810043335,0.7378632018094929,Positive,Neutral
jICmfLeFymA$_$16,5,2.2531748547328223,1.3169487714767456,0.8432709908629765,Positive,Neutral
jICmfLeFymA$_$16,6,1.6462014614203053,0.9745252132415771,0.7413144783077622,Positive,Neutral
jICmfLeFymA$_$16,7,2.248940058327767,1.336042881011963,0.8487160833539568,Positive,Neutral
jPrEKz1rAno$_$11,0,-1.089895473409628,0.16583210229873657,0.15876829043619456,Neutral,Positive
jPrEKz1rAno$_$11,1,-0.5945244077170884,0.42848098278045654,0.31691885261213515,Neutral,Positive
jPrEKz1rAno$_$11,2,0.33168281169709213,0.14961513876914978,0.48389029964223107,Neutral,Positive
jPrEKz1rAno$_$11,3,0.05246083296922066,0.24974721670150757,0.44396548914361883,Neutral,Positive
jPrEKz1rAno$_$11,4,-0.10260931939159801,0.061492711305618286,0.28399163848911924,Neutral,Positive
jPrEKz1rAno$_$11,5,0.24532051185470138,0.25460439920425415,0.4597977516194275,Neutral,Positive
jPrEKz1rAno$_$11,6,0.3708303820160177,0.11877930164337158,0.44024242336018715,Neutral,Positive
jPrEKz1rAno$_$11,7,0.48735198024763904,0.20131224393844604,0.5053593749598482,Neutral,Positive
jPrEKz1rAno$_$7,0,-1.089895473409628,0.16583210229873657,0.15876829043619456,Neutral,Positive
jPrEKz1rAno$_$7,1,-0.5417265121721256,0.38451993465423584,0.327898519822073,Neutral,Positive
jPrEKz1rAno$_$7,2,-0.6023643398102381,0.3983985185623169,0.30579031792003075,Neutral,Positive
jPrEKz1rAno$_$7,3,-0.31318525109120576,0.30615466833114624,0.3698651789089972,Neutral,Positive
jPrEKz1rAno$_$7,4,-0.13850107141042134,0.15702098608016968,0.3038743527044252,Neutral,Positive
jPrEKz1rAno$_$7,5,0.011923701814691823,0.29263484477996826,0.4243664776733154,Neutral,Positive
jPrEKz1rAno$_$7,6,-0.14219621178564956,0.27982771396636963,0.37161144484309444,Neutral,Positive
jPrEKz1rAno$_$7,7,0.011676257190800565,0.2765456438064575,0.42360220374326996,Neutral,Positive
jPrEKz1rAno$_$6,0,-1.089895473409628,0.16583210229873657,0.15876829043619456,Neutral,Positive
jPrEKz1rAno$_$6,1,0.3256501769222512,0.2430410385131836,0.4921583529059079,Neutral,Positive
jPrEKz1rAno$_$6,2,-0.24209394538464446,0.28983932733535767,0.3763219636957229,Neutral,Positive
jPrEKz1rAno$_$6,3,0.2508431478721995,0.20918041467666626,0.47720561578424026,Neutral,Positive
jPrEKz1rAno$_$6,4,0.10809321879695921,0.07090097665786743,0.32764320882656167,Neutral,Positive
jPrEKz1rAno$_$6,5,0.5664638200299614,0.20913687348365784,0.509022548493568,Neutral,Positive
jPrEKz1rAno$_$6,6,0.22145479698996096,0.18520134687423706,0.437121633454072,Neutral,Positive
jPrEKz1rAno$_$6,7,0.4978073412257433,0.20006322860717773,0.5037871936114623,Neutral,Positive
k5ZOshC2LP4$_$1,0,-0.2463803078319281,0.16583210229873657,0.3690606567840039,Negative,Positive
k5ZOshC2LP4$_$1,1,2.2820202046462774,-1.1369551420211792,0.8611324631424184,Negative,Positive
k5ZOshC2LP4$_$1,2,-1.672229974378637,0.5436851978302002,0.11915820384181922,Negative,Positive
k5ZOshC2LP4$_$1,3,1.2114323184583475,-0.25610169768333435,0.6985752692974089,Negative,Positive
k5ZOshC2LP4$_$1,4,-1.8447177366261025,1.300849199295044,0.12434421815113066,Negative,Positive
k5ZOshC2LP4$_$1,5,0.8448709468492183,0.006620734930038452,0.665724071754527,Negative,Positive
k5ZOshC2LP4$_$1,6,-1.9882975411128085,1.0136091709136963,0.10393717468363965,Negative,Positive
k5ZOshC2LP4$_$1,7,1.038582652923637,-0.0816863477230072,0.6944351269481811,Negative,Positive
kbGhEJ4W44o$_$0,0,-0.2463803078319281,0.16583210229873657,0.3690606567840039,Negative,Positive
kbGhEJ4W44o$_$0,1,2.105016465399919,-0.8500068187713623,0.8266711013181584,Negative,Positive
kbGhEJ4W44o$_$0,2,-1.7764112480194578,0.860449492931366,0.12067053244539891,Negative,Positive
kbGhEJ4W44o$_$0,3,0.8477343276192297,-0.04083184897899628,0.5954818399294721,Negative,Positive
kbGhEJ4W44o$_$0,4,-1.8089904328907647,1.129098653793335,0.12622096165276975,Negative,Positive
kbGhEJ4W44o$_$0,5,0.7883104663882464,0.012635082006454468,0.6312246444873577,Negative,Positive
kbGhEJ4W44o$_$0,6,-1.8296075139133718,1.0301082134246826,0.12042875540232281,Negative,Positive
kbGhEJ4W44o$_$0,7,0.5812221770056413,0.11298665404319763,0.5694186984787973,Negative,Positive
kfsO4c0Ekes$_$7,0,0.2463803078319281,0.16583210229873657,0.4721710527798015,Positive,Negative
kfsO4c0Ekes$_$7,1,2.0471677730217777,1.5046582221984863,0.811785146100316,Positive,Negative
kfsO4c0Ekes$_$7,2,0.9178756665830065,0.23700299859046936,0.42037766569642954,Positive,Negative
kfsO4c0Ekes$_$7,3,2.457825162037149,1.5169779062271118,0.8498701871182378,Positive,Negative
kfsO4c0Ekes$_$7,4,-0.13120415695328214,0.1796395480632782,0.3576399296137537,Positive,Negative
kfsO4c0Ekes$_$7,5,1.9749578030752615,1.3642284870147705,0.816310202604021,Positive,Negative
kfsO4c0Ekes$_$7,6,0.15147285750183204,0.2070644497871399,0.34768959053626103,Positive,Negative
kfsO4c0Ekes$_$7,7,2.19752817169819,1.3768467903137207,0.8291265891942474,Positive,Negative
kvUb78Rdzdc$_$3,0,0.2463803078319281,0.16583210229873657,0.4721710527798015,Positive,Negative
kvUb78Rdzdc$_$3,1,2.2302928053524367,1.419189453125,0.826222923335948,Positive,Negative
kvUb78Rdzdc$_$3,2,0.5796442011083713,0.3775324523448944,0.4932417114789766,Positive,Negative
kvUb78Rdzdc$_$3,3,2.400104161613878,1.4426652193069458,0.8438246940443626,Positive,Negative
kvUb78Rdzdc$_$3,4,-1.0043955611286746,-0.13685932755470276,0.2062967730955081,Positive,Negative
kvUb78Rdzdc$_$3,5,2.0586323250607883,1.1470197439193726,0.8083479304322037,Positive,Negative
kvUb78Rdzdc$_$3,6,-0.6179698451183628,-0.046361032873392105,0.27428241836499423,Positive,Negative
kvUb78Rdzdc$_$3,7,2.040187121294882,1.1773473024368286,0.8003281698743756,Positive,Negative
lO87-4Kf0cQ$_$2,0,-1.089895473409628,0.16583210229873657,0.15876829043619456,Neutral,Positive
lO87-4Kf0cQ$_$2,1,0.39876149792140203,0.1914660930633545,0.513455336003121,Neutral,Positive
lO87-4Kf0cQ$_$2,2,-0.6112654880131878,0.42871344089508057,0.281466777886264,Neutral,Positive
lO87-4Kf0cQ$_$2,3,0.3008935491429221,0.20862022042274475,0.48596527732058625,Neutral,Positive
lO87-4Kf0cQ$_$2,4,-0.7936727875670697,0.1447685956954956,0.18768697250353267,Neutral,Positive
lO87-4Kf0cQ$_$2,5,0.5518817120889341,0.1877380907535553,0.5072845577208523,Neutral,Positive
lO87-4Kf0cQ$_$2,6,-0.3914845620014683,0.1715325117111206,0.2756470118928048,Neutral,Positive
lO87-4Kf0cQ$_$2,7,0.5279176375156388,0.1698731780052185,0.49125720254852523,Neutral,Positive
lO87-4Kf0cQ$_$5,0,-1.089895473409628,0.16583210229873657,0.15876829043619456,Neutral,Positive
lO87-4Kf0cQ$_$5,1,0.4506619015379487,0.20961976051330566,0.5210954521390794,Neutral,Positive
lO87-4Kf0cQ$_$5,2,-0.6950847156923827,0.4672107696533203,0.2823405019772333,Neutral,Positive
lO87-4Kf0cQ$_$5,3,0.24267297958478928,0.22213023900985718,0.4768462153030433,Neutral,Positive
lO87-4Kf0cQ$_$5,4,-0.9811941832818767,0.20730483531951904,0.1770723249900692,Neutral,Positive
lO87-4Kf0cQ$_$5,5,0.43417975260961905,0.20928549766540527,0.4905689831332742,Neutral,Positive
lO87-4Kf0cQ$_$5,6,-0.5568669566807759,0.2802024483680725,0.27176255908214697,Neutral,Positive
lO87-4Kf0cQ$_$5,7,0.3663416480965146,0.20929542183876038,0.47337345193294805,Neutral,Positive
lWf5hHRHIDs$_$11,0,1.089895473409628,0.16583210229873657,0.4721710527798015,Positive,Neutral
lWf5hHRHIDs$_$11,1,2.04207594041227,1.2512133121490479,0.8316140406992097,Positive,Neutral
lWf5hHRHIDs$_$11,2,-0.07921279062151332,0.12348923087120056,0.36229767032190185,Positive,Neutral
lWf5hHRHIDs$_$11,3,1.7641790957257917,0.9329702854156494,0.8007137067441523,Positive,Neutral
lWf5hHRHIDs$_$11,4,2.0599727862098174,1.0850145816802979,0.760312133033755,Positive,Neutral
lWf5hHRHIDs$_$11,5,2.1607209603791833,1.2528047561645508,0.8339401003022756,Positive,Neutral
lWf5hHRHIDs$_$11,6,0.9734638631739372,0.545860767364502,0.6001046792013803,Positive,Neutral
lWf5hHRHIDs$_$11,7,1.7303319902009544,0.9517529010772705,0.788896832877468,Positive,Neutral
lawHYX5eB20$_$1,0,-0.2463803078319281,0.16583210229873657,0.3690606567840039,Negative,Positive
lawHYX5eB20$_$1,1,1.7964295531022492,-0.6451756954193115,0.737761895125717,Negative,Positive
lawHYX5eB20$_$1,2,-1.3318115743906098,0.4918086528778076,0.1626720571955663,Negative,Positive
lawHYX5eB20$_$1,3,0.6920619016727769,-0.025669358670711517,0.4964051875755607,Negative,Positive
lawHYX5eB20$_$1,4,-0.19484587115727126,0.09292750060558319,0.33006686719000417,Negative,Positive
lawHYX5eB20$_$1,5,1.8367621098820455,-0.6769390106201172,0.7776192468329927,Negative,Positive
lawHYX5eB20$_$1,6,-0.5012625867013517,0.20896270871162415,0.26928337093296706,Negative,Positive
lawHYX5eB20$_$1,7,1.2299243575083048,-0.2694690227508545,0.6497364552534627,Negative,Positive
lawHYX5eB20$_$2,0,1.089895473409628,0.16583210229873657,0.4721710527798015,Positive,Neutral
lawHYX5eB20$_$2,1,1.2034574715577944,0.6230956315994263,0.7085661906133124,Positive,Neutral
lawHYX5eB20$_$2,2,1.398601605299168,0.7727188467979431,0.6390526193462316,Positive,Neutral
lawHYX5eB20$_$2,3,1.0729581319790178,0.6272692680358887,0.6768506756457437,Positive,Neutral
lawHYX5eB20$_$2,4,0.13136260126189503,0.1934477686882019,0.39008755861575967,Positive,Neutral
lawHYX5eB20$_$2,5,0.41433242157449557,0.38422101736068726,0.5291644729079645,Positive,Neutral
lawHYX5eB20$_$2,6,0.5680065009943415,0.2465798556804657,0.45507160125940815,Positive,Neutral
lawHYX5eB20$_$2,7,0.27833463010269743,0.37331315875053406,0.4854709860373896,Positive,Neutral
mHGaQ_nv9UY$_$13,0,1.089895473409628,0.16583210229873657,0.4721710527798015,Positive,Neutral
mHGaQ_nv9UY$_$13,1,1.0205120366849523,0.5746008157730103,0.6510243629511601,Positive,Neutral
mHGaQ_nv9UY$_$13,2,0.5146097731098966,0.35909950733184814,0.5218387677502633,Positive,Neutral
mHGaQ_nv9UY$_$13,3,0.4623505293174712,0.383043497800827,0.5202795731709599,Positive,Neutral
mHGaQ_nv9UY$_$13,4,0.11144987891266389,0.10158267617225647,0.3377363427251265,Positive,Neutral
mHGaQ_nv9UY$_$13,5,0.3912879353043023,0.36051201820373535,0.4932740830761263,Positive,Neutral
mHGaQ_nv9UY$_$13,6,0.12842879309533928,0.21930089592933655,0.3871300902253527,Positive,Neutral
mHGaQ_nv9UY$_$13,7,0.23375557033197758,0.3277146816253662,0.44381822100558,Positive,Neutral
mHGaQ_nv9UY$_$14,0,-1.089895473409628,0.16583210229873657,0.15876829043619456,Neutral,Positive
mHGaQ_nv9UY$_$14,1,-1.0298789019623618,0.5812077522277832,0.2345422181413184,Neutral,Positive
mHGaQ_nv9UY$_$14,2,-0.13892984812884324,0.27428150177001953,0.3924570756241918,Neutral,Positive
mHGaQ_nv9UY$_$14,3,-0.28595214753785225,0.3436868488788605,0.36879280815974436,Neutral,Positive
mHGaQ_nv9UY$_$14,4,0.1566378056955091,0.08268299698829651,0.36082543259012334,Neutral,Positive
mHGaQ_nv9UY$_$14,5,-0.1190202794967482,0.31168484687805176,0.3842299040506994,Neutral,Positive
mHGaQ_nv9UY$_$14,6,0.23148982687087638,0.17155516147613525,0.4230970574459194,Neutral,Positive
mHGaQ_nv9UY$_$14,7,0.14358654795353776,0.263186514377594,0.43113246581237985,Neutral,Positive
mHGaQ_nv9UY$_$17,0,-1.089895473409628,0.16583210229873657,0.15876829043619456,Neutral,Positive
mHGaQ_nv9UY$_$17,1,0.42061595098037374,0.17141857743263245,0.482651012867467,Neutral,Positive
mHGaQ_nv9UY$_$17,2,-0.7573807421587466,0.4911242723464966,0.27799092426686084,Neutral,Positive
mHGaQ_nv9UY$_$17,3,0.22097866977268077,0.22300302982330322,0.45522446647764675,Neutral,Positive
mHGaQ_nv9UY$_$17,4,0.038047130689913944,0.1112913191318512,0.35135295684270246,Neutral,Positive
mHGaQ_nv9UY$_$17,5,0.4271593518252179,0.12517578899860382,0.44449467081867805,Neutral,Positive
mHGaQ_nv9UY$_$17,6,-0.027415476599882194,0.2429913580417633,0.3876249344507115,Neutral,Positive
mHGaQ_nv9UY$_$17,7,0.3874920367519741,0.17084607481956482,0.4503280758859244,Neutral,Positive
mHGaQ_nv9UY$_$22,0,-0.2463803078319281,0.16583210229873657,0.3690606567840039,Negative,Positive
mHGaQ_nv9UY$_$22,1,2.294142209646834,-0.987809956073761,0.8334397962610808,Negative,Positive
mHGaQ_nv9UY$_$22,2,-0.79984625948369,0.22269386053085327,0.18838702439904884,Negative,Positive
mHGaQ_nv9UY$_$22,3,1.2715009404389876,-0.25658756494522095,0.6214118563007025,Negative,Positive
mHGaQ_nv9UY$_$22,4,0.02563697190086134,0.10889214277267456,0.34959175108961266,Negative,Positive
mHGaQ_nv9UY$_$22,5,2.08172780154026,-0.7258682250976562,0.8257039449536832,Negative,Positive
mHGaQ_nv9UY$_$22,6,-0.25360584049417834,0.16563063859939575,0.2751741238435151,Negative,Positive
mHGaQ_nv9UY$_$22,7,1.6927801854049767,-0.44083303213119507,0.7533381756809867,Negative,Positive
mHGaQ_nv9UY$_$5,0,0.2463803078319281,0.16583210229873657,0.4721710527798015,Positive,Negative
mHGaQ_nv9UY$_$5,1,0.06738036289135996,0.1180911511182785,0.4390202047037405,Positive,Negative
mHGaQ_nv9UY$_$5,2,0.8230024428205364,0.20823407173156738,0.41194449700162383,Positive,Negative
mHGaQ_nv9UY$_$5,3,0.47675224863041155,0.26578235626220703,0.3946147043140649,Positive,Negative
mHGaQ_nv9UY$_$5,4,0.5126368013526075,0.3225935995578766,0.4573259493487307,Positive,Negative
mHGaQ_nv9UY$_$5,5,-0.12879156937265668,0.13067156076431274,0.3907510211650035,Positive,Negative
mHGaQ_nv9UY$_$5,6,0.4700061099039001,0.2337455153465271,0.39378273761386806,Positive,Negative
mHGaQ_nv9UY$_$5,7,0.023150476986075752,0.19409680366516113,0.36649749610304433,Positive,Negative
mHGaQ_nv9UY$_$4,0,-0.2463803078319281,0.16583210229873657,0.3690606567840039,Negative,Positive
mHGaQ_nv9UY$_$4,1,2.5497019615085312,-1.0515174865722656,0.8626470593201091,Negative,Positive
mHGaQ_nv9UY$_$4,2,-1.2517212833411984,0.32990846037864685,0.14467925704122292,Negative,Positive
mHGaQ_nv9UY$_$4,3,0.713734599368098,-0.014503978192806244,0.4583811753994313,Negative,Positive
mHGaQ_nv9UY$_$4,4,0.014152868145222763,0.1109936535358429,0.3580914544755817,Negative,Positive
mHGaQ_nv9UY$_$4,5,2.390099295213889,-0.8748786449432373,0.8621920784021967,Negative,Positive
mHGaQ_nv9UY$_$4,6,-0.573702766864888,0.23569637537002563,0.2202446103580844,Negative,Positive
mHGaQ_nv9UY$_$4,7,1.5272904118724253,-0.3299607038497925,0.7101964784604794,Negative,Positive
mLW-jn67gRE$_$20,0,1.089895473409628,0.16583210229873657,0.4721710527798015,Positive,Neutral
mLW-jn67gRE$_$20,1,1.8864608282018236,1.0881057977676392,0.8111555030608776,Positive,Neutral
mLW-jn67gRE$_$20,2,0.486781002372386,0.3191400170326233,0.5165627947779189,Positive,Neutral
mLW-jn67gRE$_$20,3,1.5919385271013944,0.8125526905059814,0.7722219047360322,Positive,Neutral
mLW-jn67gRE$_$20,4,0.15649949126603557,0.16430628299713135,0.3639833171824545,Positive,Neutral
mLW-jn67gRE$_$20,5,1.706199929669021,0.8719340562820435,0.7807864550532919,Positive,Neutral
mLW-jn67gRE$_$20,6,0.20681923185525253,0.2688758373260498,0.4256923489764003,Positive,Neutral
mLW-jn67gRE$_$20,7,1.3308994935054677,0.7010923624038696,0.7235469963410583,Positive,Neutral
mLW-jn67gRE$_$17,0,0.2463803078319281,0.16583210229873657,0.4721710527798015,Positive,Negative
mLW-jn67gRE$_$17,1,1.9046389891690336,0.7955292463302612,0.7410418075275496,Positive,Negative
mLW-jn67gRE$_$17,2,1.3533056949682414,0.5111404657363892,0.6039167762501727,Positive,Negative
mLW-jn67gRE$_$17,3,1.2153323097312227,0.5356671810150146,0.5956670105495763,Positive,Negative
mLW-jn67gRE$_$17,4,0.09231704144190533,0.14070725440979004,0.3831459588096836,Positive,Negative
mLW-jn67gRE$_$17,5,0.8814367253047877,0.4113349914550781,0.5556731418269004,Positive,Negative
mLW-jn67gRE$_$17,6,0.6123464890865067,0.3065985441207886,0.4620618343154757,Positive,Negative
mLW-jn67gRE$_$17,7,0.2943620093844507,0.2887135148048401,0.44633387393333634,Positive,Negative
mLW-jn67gRE$_$1,0,0.8435151655776999,0.16583210229873657,0.3690606567840039,Negative,Neutral
mLW-jn67gRE$_$1,1,0.2804808227100932,-0.1437581479549408,0.41956987238825655,Negative,Neutral
mLW-jn67gRE$_$1,2,-0.5972438979923353,0.275154709815979,0.201171009502459,Negative,Neutral
mLW-jn67gRE$_$1,3,-0.2607710357385675,0.04499852657318115,0.32167577361433924,Negative,Neutral
mLW-jn67gRE$_$1,4,-0.01961423156809028,0.012170806527137756,0.33165766828476884,Negative,Neutral
mLW-jn67gRE$_$1,5,0.8917702272901946,-0.3278461694717407,0.5677571305794443,Negative,Neutral
mLW-jn67gRE$_$1,6,-0.2954637833285969,0.08454447984695435,0.28775157343332713,Negative,Neutral
mLW-jn67gRE$_$1,7,0.564456172989062,-0.14693593978881836,0.5056962397309289,Negative,Neutral
mLW-jn67gRE$_$3,0,-1.089895473409628,0.16583210229873657,0.15876829043619456,Neutral,Positive
mLW-jn67gRE$_$3,1,0.18870341878353736,0.24108627438545227,0.4683243731030305,Neutral,Positive
mLW-jn67gRE$_$3,2,-0.42305540610592596,0.35924750566482544,0.332800876022836,Neutral,Positive
mLW-jn67gRE$_$3,3,0.22005144663526355,0.21280831098556519,0.4697985026751205,Neutral,Positive
mLW-jn67gRE$_$3,4,-0.2098712137580181,-0.02665993571281433,0.26632650012823994,Neutral,Positive
mLW-jn67gRE$_$3,5,0.5081842879347855,0.18417665362358093,0.5096968301273739,Neutral,Positive
mLW-jn67gRE$_$3,6,0.04139464026234818,0.17432880401611328,0.3785849614468147,Neutral,Positive
mLW-jn67gRE$_$3,7,0.5099536874999799,0.19189396500587463,0.5039502051268162,Neutral,Positive
mLW-jn67gRE$_$5,0,1.089895473409628,0.16583210229873657,0.4721710527798015,Positive,Neutral
mLW-jn67gRE$_$5,1,1.191359906485747,0.6271625757217407,0.7056135269370688,Positive,Neutral
mLW-jn67gRE$_$5,2,0.6523525975012864,0.37731707096099854,0.5247227903984479,Positive,Neutral
mLW-jn67gRE$_$5,3,0.6838228657632893,0.431973934173584,0.5924366667335584,Positive,Neutral
mLW-jn67gRE$_$5,4,0.33122203249286053,0.05399104952812195,0.36292054878537955,Positive,Neutral
mLW-jn67gRE$_$5,5,0.61647821711185,0.4361414909362793,0.5719004633719567,Positive,Neutral
mLW-jn67gRE$_$5,6,0.26092024823075466,0.16733413934707642,0.3943419512503162,Positive,Neutral
mLW-jn67gRE$_$5,7,0.1822342576418975,0.33433297276496887,0.4637746048053199,Positive,Neutral
mLW-jn67gRE$_$6,0,-0.2463803078319281,0.16583210229873657,0.3690606567840039,Negative,Positive
mLW-jn67gRE$_$6,1,2.7486463116628186,-1.4818732738494873,0.8956597939033254,Negative,Positive
mLW-jn67gRE$_$6,2,-0.9461919253329047,0.21431273221969604,0.1742411147077868,Negative,Positive
mLW-jn67gRE$_$6,3,1.9973479108060292,-0.6716660261154175,0.8061000977314682,Negative,Positive
mLW-jn67gRE$_$6,4,0.0035678410618924516,0.1135246753692627,0.3268044487023116,Negative,Positive
mLW-jn67gRE$_$6,5,2.575397825847599,-1.1747559309005737,0.8886216852316396,Negative,Positive
mLW-jn67gRE$_$6,6,-0.3938225229035721,0.17429053783416748,0.2438845523170165,Negative,Positive
mLW-jn67gRE$_$6,7,2.292447726026853,-0.8333911895751953,0.8564298118548387,Negative,Positive
mLW-jn67gRE$_$9,0,-0.2463803078319281,0.16583210229873657,0.3690606567840039,Negative,Positive
mLW-jn67gRE$_$9,1,2.6071900409020867,-1.3929274082183838,0.8847864044714243,Negative,Positive
mLW-jn67gRE$_$9,2,-1.401927403385355,0.4495859146118164,0.13265104141681053,Negative,Positive
mLW-jn67gRE$_$9,3,0.9086988729989564,-0.07492707669734955,0.5825253797510822,Negative,Positive
mLW-jn67gRE$_$9,4,-0.08355463826510778,0.07983997464179993,0.33679129267939323,Negative,Positive
mLW-jn67gRE$_$9,5,2.6006520564765374,-1.3059968948364258,0.89202082208049,Negative,Positive
mLW-jn67gRE$_$9,6,-0.5801079877891041,0.21780413389205933,0.2108005117850362,Negative,Positive
mLW-jn67gRE$_$9,7,2.0086727287836803,-0.6623122692108154,0.8144913159091647,Negative,Positive
mjpCK2Edsv8$_$0,0,1.089895473409628,0.16583210229873657,0.4721710527798015,Positive,Neutral
mjpCK2Edsv8$_$0,1,2.155197733771928,1.4203295707702637,0.8181718259925487,Positive,Neutral
mjpCK2Edsv8$_$0,2,1.5383739078104475,0.9109059572219849,0.7142960339359642,Positive,Neutral
mjpCK2Edsv8$_$0,3,2.288739612809258,1.4455674886703491,0.8447517273491605,Positive,Neutral
mjpCK2Edsv8$_$0,4,0.8984496781838294,0.667281448841095,0.5968314315598072,Positive,Neutral
mjpCK2Edsv8$_$0,5,2.2927748758675586,1.395982265472412,0.8371171218826341,Positive,Neutral
mjpCK2Edsv8$_$0,6,1.0856341299719112,0.7142584323883057,0.6240900606180678,Positive,Neutral
mjpCK2Edsv8$_$0,7,2.307239380050546,1.4167447090148926,0.8473629159972909,Positive,Neutral
nUZYqTRSGDw$_$4,0,-0.2463803078319281,0.16583210229873657,0.3690606567840039,Negative,Positive
nUZYqTRSGDw$_$4,1,3.0561026260054107,-1.8532109260559082,0.9131081354161077,Negative,Positive
nUZYqTRSGDw$_$4,2,-1.6970719505531566,0.8106459975242615,0.12703536553104647,Negative,Positive
nUZYqTRSGDw$_$4,3,2.5629135109373187,-1.1424953937530518,0.8868877334535064,Negative,Positive
nUZYqTRSGDw$_$4,4,-1.410428941764087,0.5949710607528687,0.15004628742964146,Negative,Positive
nUZYqTRSGDw$_$4,5,2.9722851051078703,-1.51750910282135,0.9197918240913869,Negative,Positive
nUZYqTRSGDw$_$4,6,-1.3593751746971634,0.5741758942604065,0.15445751485807835,Negative,Positive
nUZYqTRSGDw$_$4,7,2.6856708502132762,-1.1545003652572632,0.9037723252624315,Negative,Positive
nyzIL6YAonY$_$5,0,1.089895473409628,0.16583210229873657,0.4721710527798015,Positive,Neutral
nyzIL6YAonY$_$5,1,2.25000941598117,1.4062175750732422,0.8398971340787261,Positive,Neutral
nyzIL6YAonY$_$5,2,0.10398045070114437,0.24348685145378113,0.41488304766794976,Positive,Neutral
nyzIL6YAonY$_$5,3,2.173730766520387,1.2291642427444458,0.8435400810637596,Positive,Neutral
nyzIL6YAonY$_$5,4,0.2705594790941368,0.020377755165100098,0.3130759687317598,Positive,Neutral
nyzIL6YAonY$_$5,5,2.223413367346588,1.2160742282867432,0.8301327491703551,Positive,Neutral
nyzIL6YAonY$_$5,6,-0.01817836841068976,0.1042860746383667,0.3287115181985214,Positive,Neutral
nyzIL6YAonY$_$5,7,1.7630213088636106,0.9857896566390991,0.7816466618398753,Positive,Neutral
nyzIL6YAonY$_$6,0,1.089895473409628,0.16583210229873657,0.4721710527798015,Positive,Neutral
nyzIL6YAonY$_$6,1,2.0554869787754413,1.209479570388794,0.8284435997599224,Positive,Neutral
nyzIL6YAonY$_$6,2,0.6320876327019496,0.28137484192848206,0.45495364627408014,Positive,Neutral
nyzIL6YAonY$_$6,3,1.8815923695331764,1.0414550304412842,0.8091947774421093,Positive,Neutral
nyzIL6YAonY$_$6,4,1.1493582071241375,0.4701296091079712,0.47920001060735123,Positive,Neutral
nyzIL6YAonY$_$6,5,2.0748357583293964,1.1229140758514404,0.823450688584881,Positive,Neutral
nyzIL6YAonY$_$6,6,0.8588138043312029,0.2876461148262024,0.4092630515960528,Positive,Neutral
nyzIL6YAonY$_$6,7,1.6279988290286846,0.9295127391815186,0.7566303194761095,Positive,Neutral
ooAF6I-fmTg$_$3,0,-0.2463803078319281,0.16583210229873657,0.3690606567840039,Negative,Positive
ooAF6I-fmTg$_$3,1,1.2625898956861739,-0.4734499752521515,0.6683841240874498,Negative,Positive
ooAF6I-fmTg$_$3,2,-0.7842552525740937,0.26559919118881226,0.18658337880465473,Negative,Positive
ooAF6I-fmTg$_$3,3,0.1859193723144763,0.07276363670825958,0.3576169996134696,Negative,Positive
ooAF6I-fmTg$_$3,4,-0.4952007589803855,0.378240168094635,0.29772878798848695,Negative,Positive
ooAF6I-fmTg$_$3,5,1.3441417293736633,-0.32448577880859375,0.7087690120348163,Negative,Positive
ooAF6I-fmTg$_$3,6,-0.4950811673079535,0.25949448347091675,0.24864397191558968,Negative,Positive
ooAF6I-fmTg$_$3,7,0.7037584663544993,-0.04281213879585266,0.5116365761757548,Negative,Positive
ooAF6I-fmTg$_$5,0,-1.089895473409628,0.16583210229873657,0.15876829043619456,Neutral,Positive
ooAF6I-fmTg$_$5,1,-0.8045660287066536,0.48712390661239624,0.27261569355801113,Neutral,Positive
ooAF6I-fmTg$_$5,2,-0.12273281264097669,0.23823896050453186,0.348885344270413,Neutral,Positive
ooAF6I-fmTg$_$5,3,-0.02061640689030142,0.26481518149375916,0.41242113427322225,Neutral,Positive
ooAF6I-fmTg$_$5,4,-0.6424589254214785,0.008845165371894836,0.1612476196481164,Neutral,Positive
ooAF6I-fmTg$_$5,5,0.01953333735551066,0.26174354553222656,0.3834797633757634,Neutral,Positive
ooAF6I-fmTg$_$5,6,-0.25092874261498666,0.014151260256767273,0.24350421383570275,Neutral,Positive
ooAF6I-fmTg$_$5,7,0.3287714044071267,0.16801726818084717,0.43030376840865603,Neutral,Positive
ooAF6I-fmTg$_$7,0,-0.2463803078319281,0.16583210229873657,0.3690606567840039,Negative,Positive
ooAF6I-fmTg$_$7,1,3.055944705881522,-1.9378329515457153,0.9120547082998542,Negative,Positive
ooAF6I-fmTg$_$7,2,-0.6955875311170661,0.2994537353515625,0.22940108529636857,Negative,Positive
ooAF6I-fmTg$_$7,3,2.857296003221774,-1.5636179447174072,0.9060259792542187,Negative,Positive
ooAF6I-fmTg$_$7,4,-0.6112795500999763,0.4628804326057434,0.29142112231460204,Negative,Positive
ooAF6I-fmTg$_$7,5,3.0331688834955455,-1.6980929374694824,0.9219749883767551,Negative,Positive
ooAF6I-fmTg$_$7,6,-0.48494622443937274,0.29846858978271484,0.28588445805540336,Negative,Positive
ooAF6I-fmTg$_$7,7,2.997610160287845,-1.5815224647521973,0.9232431750552893,Negative,Positive
pOrk7fl1AYo$_$1,0,-1.089895473409628,0.16583210229873657,0.15876829043619456,Neutral,Positive
pOrk7fl1AYo$_$1,1,0.8640144443821381,0.10321855545043945,0.5622275221811521,Neutral,Positive
pOrk7fl1AYo$_$1,2,-1.0993489452359857,0.6656065583229065,0.22115996716107114,Neutral,Positive
pOrk7fl1AYo$_$1,3,0.31300332284276167,0.205308735370636,0.48043531946674123,Neutral,Positive
pOrk7fl1AYo$_$1,4,-1.2434253238979123,0.5724053978919983,0.17224710565707993,Neutral,Positive
pOrk7fl1AYo$_$1,5,0.4017473573598296,0.20995140075683594,0.4737521151238716,Neutral,Positive
pOrk7fl1AYo$_$1,6,-0.8247464228944374,0.5397002696990967,0.25692179053345604,Neutral,Positive
pOrk7fl1AYo$_$1,7,0.24252213720550386,0.25031426548957825,0.4546451772735027,Neutral,Positive
pOrk7fl1AYo$_$3,0,1.089895473409628,0.16583210229873657,0.4721710527798015,Positive,Neutral
pOrk7fl1AYo$_$3,1,1.3966284466966632,0.7590811252593994,0.7195513693782998,Positive,Neutral
pOrk7fl1AYo$_$3,2,0.9384157377827935,0.6033209562301636,0.6254315567563979,Positive,Neutral
pOrk7fl1AYo$_$3,3,0.8662572069458431,0.5618782639503479,0.6187112888986496,Positive,Neutral
pOrk7fl1AYo$_$3,4,1.0054863141042927,0.538361668586731,0.5721537602276763,Positive,Neutral
pOrk7fl1AYo$_$3,5,0.9831983305626537,0.5612273216247559,0.6206156475210906,Positive,Neutral
pOrk7fl1AYo$_$3,6,0.6544963790159836,0.47680962085723877,0.5476405019120045,Positive,Neutral
pOrk7fl1AYo$_$3,7,0.5578250374677194,0.4568263292312622,0.535203691283497,Positive,Neutral
pOrk7fl1AYo$_$2,0,-0.8435151655776999,0.16583210229873657,0.15876829043619456,Neutral,Negative
pOrk7fl1AYo$_$2,1,-0.02273118173001698,-0.28643783926963806,0.4294921645671326,Neutral,Negative
pOrk7fl1AYo$_$2,2,0.17406607836849242,0.7465929985046387,0.19301312281335997,Neutral,Negative
pOrk7fl1AYo$_$2,3,0.5009539618336322,0.06305885314941406,0.4981841365118717,Neutral,Negative
pOrk7fl1AYo$_$2,4,-0.09299156592010704,0.4412332773208618,0.22186732559749847,Neutral,Negative
pOrk7fl1AYo$_$2,5,-0.35656157870043736,-0.06724078953266144,0.3378547287870482,Neutral,Negative
pOrk7fl1AYo$_$2,6,0.252882899623428,0.4086434841156006,0.27904986320869973,Neutral,Negative
pOrk7fl1AYo$_$2,7,0.06127412204027505,0.051627129316329956,0.40505107084450037,Neutral,Negative
pOrk7fl1AYo$_$4,0,0.8435151655776999,0.16583210229873657,0.3690606567840039,Negative,Neutral
pOrk7fl1AYo$_$4,1,2.907772207405421,-1.8335199356079102,0.9126274935936968,Negative,Neutral
pOrk7fl1AYo$_$4,2,-0.7063512141627809,0.3827870488166809,0.18474988532538977,Negative,Neutral
pOrk7fl1AYo$_$4,3,2.2431314544566385,-0.7960616946220398,0.8304562949626343,Negative,Neutral
pOrk7fl1AYo$_$4,4,0.10596020350251989,0.10688066482543945,0.3698965720522963,Negative,Neutral
pOrk7fl1AYo$_$4,5,2.9778714943600075,-1.8008685111999512,0.9166368137926565,Negative,Neutral
pOrk7fl1AYo$_$4,6,-0.7004716530797289,0.34273701906204224,0.19854300965210042,Negative,Neutral
pOrk7fl1AYo$_$4,7,2.2892168267972304,-0.7841203212738037,0.8354093762754805,Negative,Neutral
q9yDL81QppI$_$1,0,-1.089895473409628,0.16583210229873657,0.15876829043619456,Neutral,Positive
q9yDL81QppI$_$1,1,-0.9083465703817337,0.5276280641555786,0.26112961610806706,Neutral,Positive
q9yDL81QppI$_$1,2,-0.3857979893344631,0.3647080361843109,0.3398078586750182,Neutral,Positive
q9yDL81QppI$_$1,3,-0.43608689906223175,0.3835367262363434,0.34785951585209196,Neutral,Positive
q9yDL81QppI$_$1,4,0.39772178484862275,-0.046145156025886536,0.3313749746292389,Neutral,Positive
q9yDL81QppI$_$1,5,0.3373176531618761,0.259951114654541,0.4838049803590445,Neutral,Positive
q9yDL81QppI$_$1,6,0.3042129230681737,0.11986783146858215,0.40587692545632104,Neutral,Positive
q9yDL81QppI$_$1,7,0.35420611461624996,0.24255898594856262,0.48188094111816004,Neutral,Positive
q9yDL81QppI$_$0,0,-1.089895473409628,0.16583210229873657,0.15876829043619456,Neutral,Positive
q9yDL81QppI$_$0,1,-0.6611142946398325,0.4294590950012207,0.3022943620681515,Neutral,Positive
q9yDL81QppI$_$0,2,-0.6122651438417961,0.49778980016708374,0.30292499148554963,Neutral,Positive
q9yDL81QppI$_$0,3,-0.37133482810396146,0.35995593667030334,0.3566790189295084,Neutral,Positive
q9yDL81QppI$_$0,4,-0.43145376019603865,0.11209562420845032,0.21934036591486075,Neutral,Positive
q9yDL81QppI$_$0,5,0.06826358367399699,0.2931753098964691,0.4187587520123778,Neutral,Positive
q9yDL81QppI$_$0,6,-0.22321301387715553,0.2818472981452942,0.3271713162352004,Neutral,Positive
q9yDL81QppI$_$0,7,0.09653334615277287,0.2859971225261688,0.4240191199347794,Neutral,Positive
q9yDL81QppI$_$2,0,-1.089895473409628,0.16583210229873657,0.15876829043619456,Neutral,Positive
q9yDL81QppI$_$2,1,-0.41047983208776695,0.3712519407272339,0.35472550374114353,Neutral,Positive
q9yDL81QppI$_$2,2,-0.6143533074592264,0.3694504201412201,0.298034231814903,Neutral,Positive
q9yDL81QppI$_$2,3,-0.21317193865203254,0.2829684913158417,0.38994841798205504,Neutral,Positive
q9yDL81QppI$_$2,4,-0.13118656938211237,-0.05632973462343216,0.2280346503373246,Neutral,Positive
q9yDL81QppI$_$2,5,0.3854443832938177,0.22917282581329346,0.4914164526280215,Neutral,Positive
q9yDL81QppI$_$2,6,-0.016942432907175675,0.160486102104187,0.34454346933618135,Neutral,Positive
q9yDL81QppI$_$2,7,0.3421930271975724,0.2235364019870758,0.47889813076496757,Neutral,Positive
qK77ZmbqmOM$_$9,0,-0.8435151655776999,0.16583210229873657,0.15876829043619456,Neutral,Negative
qK77ZmbqmOM$_$9,1,0.5315350589357832,0.2165246307849884,0.38188594407006604,Neutral,Negative
qK77ZmbqmOM$_$9,2,0.9496878876339114,0.17211097478866577,0.435036913523383,Neutral,Negative
qK77ZmbqmOM$_$9,3,0.7779327629353946,0.151457279920578,0.48442702880862737,Neutral,Negative
qK77ZmbqmOM$_$9,4,-1.4794201605662924,0.469127357006073,0.08244983010644139,Neutral,Negative
qK77ZmbqmOM$_$9,5,-0.6609776840247523,0.2139684557914734,0.20679754328152117,Neutral,Negative
qK77ZmbqmOM$_$9,6,0.3211952687074142,0.3671146035194397,0.2899199819614897,Neutral,Negative
qK77ZmbqmOM$_$9,7,0.1888018342049973,0.19533157348632812,0.37945289983056424,Neutral,Negative
qK77ZmbqmOM$_$0,0,1.089895473409628,0.16583210229873657,0.4721710527798015,Positive,Neutral
qK77ZmbqmOM$_$0,1,0.4884530958392792,0.33579254150390625,0.5411518833204537,Positive,Neutral
qK77ZmbqmOM$_$0,2,0.05158698673417117,0.2439984679222107,0.4264805578474319,Positive,Neutral
qK77ZmbqmOM$_$0,3,-0.05005146562788221,0.22243288159370422,0.4143937480504698,Positive,Neutral
qK77ZmbqmOM$_$0,4,1.2845802474790275,0.5500159859657288,0.5854703067790397,Positive,Neutral
qK77ZmbqmOM$_$0,5,0.5396805507180155,0.398950457572937,0.537102658983948,Positive,Neutral
qK77ZmbqmOM$_$0,6,0.4064395491570595,0.3577938377857208,0.47525382622085394,Positive,Neutral
qK77ZmbqmOM$_$0,7,0.05368154144127768,0.292764812707901,0.42466531699327564,Positive,Neutral
qY1sXq-YCHs$_$8,0,0.8435151655776999,0.16583210229873657,0.3690606567840039,Negative,Neutral
qY1sXq-YCHs$_$8,1,0.3109852399530324,-0.09692488610744476,0.46452844350584005,Negative,Neutral
qY1sXq-YCHs$_$8,2,-1.0303956102572869,0.2099722921848297,0.17228838096679827,Negative,Neutral
qY1sXq-YCHs$_$8,3,-0.5736989104586782,0.11541187763214111,0.27484042460166125,Negative,Neutral
qY1sXq-YCHs$_$8,4,0.3321643002069061,0.2948698401451111,0.2975878248719905,Negative,Neutral
qY1sXq-YCHs$_$8,5,1.3241235651478354,-0.20351360738277435,0.6270442149631437,Negative,Neutral
qY1sXq-YCHs$_$8,6,-0.5229499789002103,0.2060466706752777,0.23154391363673169,Negative,Neutral
qY1sXq-YCHs$_$8,7,0.3653875893343925,0.0076673924922943115,0.4530136605371432,Negative,Neutral
qmMSumMloAs$_$1,0,0.2463803078319281,0.16583210229873657,0.4721710527798015,Positive,Negative
qmMSumMloAs$_$1,1,2.2617190423816327,1.4692895412445068,0.8255411585741347,Positive,Negative
qmMSumMloAs$_$1,2,1.0224983387464486,0.3142627477645874,0.4947487040638342,Positive,Negative
qmMSumMloAs$_$1,3,2.5592429979689317,1.4238817691802979,0.8523298341377114,Positive,Negative
qmMSumMloAs$_$1,4,-0.42784821559229547,0.06481190025806427,0.35987984065620165,Positive,Negative
qmMSumMloAs$_$1,5,2.0349790497839844,1.336262822151184,0.8201790366921619,Positive,Negative
qmMSumMloAs$_$1,6,0.26772810830361415,0.28494352102279663,0.4426344930795754,Positive,Negative
qmMSumMloAs$_$1,7,2.3372206073803174,1.3741199970245361,0.8432992941258896,Positive,Negative
qmMSumMloAs$_$3,0,0.2463803078319281,0.16583210229873657,0.4721710527798015,Positive,Negative
qmMSumMloAs$_$3,1,2.234086834508776,1.5230995416641235,0.8249783600761553,Positive,Negative
qmMSumMloAs$_$3,2,0.6207556080962711,0.23802703619003296,0.36885589317452955,Positive,Negative
qmMSumMloAs$_$3,3,2.5654727029255984,1.4945926666259766,0.8551668566162156,Positive,Negative
qmMSumMloAs$_$3,4,-0.3672211058963306,0.013685256242752075,0.36079134572091437,Positive,Negative
qmMSumMloAs$_$3,5,1.9428717500460109,1.3355579376220703,0.81140525349436,Positive,Negative
qmMSumMloAs$_$3,6,0.012525381932575907,0.1416141241788864,0.3447263140102165,Positive,Negative
qmMSumMloAs$_$3,7,2.297137990849199,1.3697326183319092,0.83978815103654,Positive,Negative
qmMSumMloAs$_$2,0,0.2463803078319281,0.16583210229873657,0.4721710527798015,Positive,Negative
qmMSumMloAs$_$2,1,1.887684875178066,1.4196321964263916,0.7960762911372731,Positive,Negative
qmMSumMloAs$_$2,2,0.09185026679732533,0.11430877447128296,0.323166166690503,Positive,Negative
qmMSumMloAs$_$2,3,2.161392937174586,1.5086703300476074,0.8336957706726613,Positive,Negative
qmMSumMloAs$_$2,4,-0.6783451544587652,-0.04583088681101799,0.31184769944497065,Positive,Negative
qmMSumMloAs$_$2,5,1.6167473116239153,1.3029539585113525,0.7788488490979745,Positive,Negative
qmMSumMloAs$_$2,6,-0.6457898032626643,-0.03897996246814728,0.2963918387418554,Positive,Negative
qmMSumMloAs$_$2,7,1.845868533944389,1.4462864398956299,0.8112464326383323,Positive,Negative
r13W4H8ZhqI$_$12,0,-1.089895473409628,0.16583210229873657,0.15876829043619456,Neutral,Positive
r13W4H8ZhqI$_$12,1,0.7901455277414057,0.11857560276985168,0.5270619590598881,Neutral,Positive
r13W4H8ZhqI$_$12,2,-0.3634564464766695,0.3291263282299042,0.3498839291526972,Neutral,Positive
r13W4H8ZhqI$_$12,3,0.4978255963924396,0.14541196823120117,0.5091237169111592,Neutral,Positive
r13W4H8ZhqI$_$12,4,-1.6075283520763815,0.4286661148071289,0.1058858039039763,Neutral,Positive
r13W4H8ZhqI$_$12,5,0.0988081936290699,0.1512930989265442,0.34938663039790074,Neutral,Positive
r13W4H8ZhqI$_$12,6,-0.7452218108360714,0.4396074414253235,0.24891493618608568,Neutral,Positive
r13W4H8ZhqI$_$12,7,0.2908050767696855,0.18830108642578125,0.42650784603485603,Neutral,Positive
r13W4H8ZhqI$_$1,0,1.089895473409628,0.16583210229873657,0.4721710527798015,Positive,Neutral
r13W4H8ZhqI$_$1,1,0.6893037602470438,0.4647578001022339,0.5880218993655315,Positive,Neutral
r13W4H8ZhqI$_$1,2,0.6148683086854341,0.42172151803970337,0.5529394648814059,Positive,Neutral
r13W4H8ZhqI$_$1,3,0.35309801199084145,0.3360646963119507,0.5081271323242722,Positive,Neutral
r13W4H8ZhqI$_$1,4,1.9694925936234295,0.7839214205741882,0.6422343515712282,Positive,Neutral
r13W4H8ZhqI$_$1,5,1.2555658893975374,0.6829655766487122,0.6875054985503124,Positive,Neutral
r13W4H8ZhqI$_$1,6,1.3126014355948694,0.7293281555175781,0.6310654549302969,Positive,Neutral
r13W4H8ZhqI$_$1,7,0.7328782851202712,0.5045533180236816,0.577604852465335,Positive,Neutral
r13W4H8ZhqI$_$5,0,-1.089895473409628,0.16583210229873657,0.15876829043619456,Neutral,Positive
r13W4H8ZhqI$_$5,1,-0.7341392584959838,0.5416018962860107,0.29173529022062367,Neutral,Positive
r13W4H8ZhqI$_$5,2,0.18321294494405704,0.16966018080711365,0.4374906831658239,Neutral,Positive
r13W4H8ZhqI$_$5,3,0.07114711026948894,0.2616937756538391,0.44571936679740504,Neutral,Positive
r13W4H8ZhqI$_$5,4,-1.7726986365245128,0.5863629579544067,0.10762235789020405,Neutral,Positive
r13W4H8ZhqI$_$5,5,-0.8071512758356763,0.569546103477478,0.27154363490244077,Neutral,Positive
r13W4H8ZhqI$_$5,6,-0.6073852487794605,0.28054243326187134,0.26205432150723995,Neutral,Positive
r13W4H8ZhqI$_$5,7,0.007440176137306076,0.2969960868358612,0.4147648647001325,Neutral,Positive
r13W4H8ZhqI$_$8,0,1.089895473409628,0.16583210229873657,0.4721710527798015,Positive,Neutral
r13W4H8ZhqI$_$8,1,1.956202779843546,1.1945960521697998,0.8128667124312771,Positive,Neutral
r13W4H8ZhqI$_$8,2,0.18653433535204644,0.2634267508983612,0.4571768407711005,Positive,Neutral
r13W4H8ZhqI$_$8,3,1.276532951005132,0.7363001704216003,0.7091424173657613,Positive,Neutral
r13W4H8ZhqI$_$8,4,1.695962298825751,0.33294370770454407,0.48751683407190993,Positive,Neutral
r13W4H8ZhqI$_$8,5,1.8926885575102115,0.9898735284805298,0.7739817255387395,Positive,Neutral
r13W4H8ZhqI$_$8,6,0.7029030489806997,0.37179744243621826,0.49651180868776645,Positive,Neutral
r13W4H8ZhqI$_$8,7,1.1499657878085405,0.7008353471755981,0.6606509889571615,Positive,Neutral
r5ijC2W9ddk$_$8,0,1.089895473409628,0.16583210229873657,0.4721710527798015,Positive,Neutral
r5ijC2W9ddk$_$8,1,2.1406855489808323,1.2758657932281494,0.830409314401937,Positive,Neutral
r5ijC2W9ddk$_$8,2,0.6777771924615709,0.39951205253601074,0.555908283179484,Positive,Neutral
r5ijC2W9ddk$_$8,3,1.9293382474021459,1.0177624225616455,0.8140183260718596,Positive,Neutral
r5ijC2W9ddk$_$8,4,2.223535017177766,1.050441861152649,0.7299938499896412,Positive,Neutral
r5ijC2W9ddk$_$8,5,2.330059855094197,1.3090920448303223,0.836220798992584,Positive,Neutral
r5ijC2W9ddk$_$8,6,1.6107318126801173,0.8440457582473755,0.7091250393463822,Positive,Neutral
r5ijC2W9ddk$_$8,7,2.180724868881942,1.196307897567749,0.8371303866310741,Positive,Neutral
r5ijC2W9ddk$_$0,0,-1.089895473409628,0.16583210229873657,0.15876829043619456,Neutral,Positive
r5ijC2W9ddk$_$0,1,0.9099938603916232,0.1173173189163208,0.5503006159226471,Neutral,Positive
r5ijC2W9ddk$_$0,2,-1.3416542538643283,0.7112584114074707,0.18314842121168257,Neutral,Positive
r5ijC2W9ddk$_$0,3,0.4550049006101454,0.20425009727478027,0.4897979816223727,Neutral,Positive
r5ijC2W9ddk$_$0,4,-1.013598465165948,0.346332311630249,0.18048576312084927,Neutral,Positive
r5ijC2W9ddk$_$0,5,0.527739212959163,0.10386139154434204,0.438582567891213,Neutral,Positive
r5ijC2W9ddk$_$0,6,-0.8620265580844583,0.44760239124298096,0.23509381215026764,Neutral,Positive
r5ijC2W9ddk$_$0,7,0.4232797052902274,0.17945343255996704,0.4503155523528318,Neutral,Positive
r9tgDqXEcuc$_$4,0,1.089895473409628,0.16583210229873657,0.4721710527798015,Positive,Neutral
r9tgDqXEcuc$_$4,1,1.0074430259471776,0.6243729591369629,0.6630927069208673,Positive,Neutral
r9tgDqXEcuc$_$4,2,1.04783132928223,0.5988339185714722,0.6385030702611119,Positive,Neutral
r9tgDqXEcuc$_$4,3,0.6916964202808746,0.5067551136016846,0.5904061920411995,Positive,Neutral
r9tgDqXEcuc$_$4,4,0.31713376779412583,0.13598765432834625,0.4049597306360609,Positive,Neutral
r9tgDqXEcuc$_$4,5,0.2571077242370804,0.3479364812374115,0.483396000205043,Positive,Neutral
r9tgDqXEcuc$_$4,6,0.20287619984142446,0.24466121196746826,0.4251080431075773,Positive,Neutral
r9tgDqXEcuc$_$4,7,0.036149476697726945,0.3239098787307739,0.426320300864728,Positive,Neutral
rf0yDSeVEUA$_$1,0,1.089895473409628,0.16583210229873657,0.4721710527798015,Positive,Neutral
rf0yDSeVEUA$_$1,1,2.1781130365452226,1.3562452793121338,0.831865173899753,Positive,Neutral
rf0yDSeVEUA$_$1,2,1.5471819990167552,0.7726969122886658,0.6310027257738253,Positive,Neutral
rf0yDSeVEUA$_$1,3,2.295224388797634,1.407528042793274,0.8472064920860628,Positive,Neutral
rf0yDSeVEUA$_$1,4,1.6162820618785878,0.9468731880187988,0.7379774672388236,Positive,Neutral
rf0yDSeVEUA$_$1,5,2.257034879045879,1.3005508184432983,0.8388794256444003,Positive,Neutral
rf0yDSeVEUA$_$1,6,1.550071639645384,0.8703529238700867,0.6852690391177698,Positive,Neutral
rf0yDSeVEUA$_$1,7,2.3129125019320664,1.364274024963379,0.8480021810249166,Positive,Neutral
rf0yDSeVEUA$_$0,0,1.089895473409628,0.16583210229873657,0.4721710527798015,Positive,Neutral
rf0yDSeVEUA$_$0,1,2.150012550112309,1.4192285537719727,0.8300075132039302,Positive,Neutral
rf0yDSeVEUA$_$0,2,0.6854333986792489,0.43242770433425903,0.5583697207998414,Positive,Neutral
rf0yDSeVEUA$_$0,3,2.193993592221263,1.2977123260498047,0.8460353258235795,Positive,Neutral
rf0yDSeVEUA$_$0,4,1.557706388892886,0.8776296973228455,0.727182405872564,Positive,Neutral
rf0yDSeVEUA$_$0,5,2.225139509117655,1.3183705806732178,0.8374514075352542,Positive,Neutral
rf0yDSeVEUA$_$0,6,0.985343138144583,0.557501494884491,0.6220801314956598,Positive,Neutral
rf0yDSeVEUA$_$0,7,2.177748691984197,1.239609718322754,0.8442061608748417,Positive,Neutral
rf0yDSeVEUA$_$3,0,0.2463803078319281,0.16583210229873657,0.4721710527798015,Positive,Negative
rf0yDSeVEUA$_$3,1,1.5351992819519134,1.0072081089019775,0.7530700050789729,Positive,Negative
rf0yDSeVEUA$_$3,2,1.1148695217568134,0.6256201863288879,0.6057308891305052,Positive,Negative
rf0yDSeVEUA$_$3,3,1.292733990662888,0.8937686681747437,0.7059454341154291,Positive,Negative
rf0yDSeVEUA$_$3,4,1.6899863575980962,0.8728397488594055,0.7030748190531331,Positive,Negative
rf0yDSeVEUA$_$3,5,1.680465357519708,1.0430244207382202,0.7699931631565645,Positive,Negative
rf0yDSeVEUA$_$3,6,1.2259838277868034,0.6952331066131592,0.6255616015881165,Positive,Negative
rf0yDSeVEUA$_$3,7,0.9569236461638686,0.800449550151825,0.6478643860675957,Positive,Negative
rojyUp4FPSg$_$26,0,1.089895473409628,0.16583210229873657,0.4721710527798015,Positive,Neutral
rojyUp4FPSg$_$26,1,1.450037950453301,0.7568496465682983,0.749371201753609,Positive,Neutral
rojyUp4FPSg$_$26,2,1.1147194173737462,0.5746941566467285,0.6178233327462114,Positive,Neutral
rojyUp4FPSg$_$26,3,1.1383105581018276,0.5802211761474609,0.6877730422884885,Positive,Neutral
rojyUp4FPSg$_$26,4,0.47039381844816075,0.29615867137908936,0.44683139330695587,Positive,Neutral
rojyUp4FPSg$_$26,5,1.3025550705891074,0.6564709544181824,0.7182646552975535,Positive,Neutral
rojyUp4FPSg$_$26,6,0.7251448792649895,0.36967864632606506,0.49172845728977677,Positive,Neutral
rojyUp4FPSg$_$26,7,0.9067221953690405,0.5355244874954224,0.6313808013200027,Positive,Neutral
rojyUp4FPSg$_$20,0,0.2463803078319281,0.16583210229873657,0.4721710527798015,Positive,Negative
rojyUp4FPSg$_$20,1,1.3999808959720144,0.9316705465316772,0.7097611765267183,Positive,Negative
rojyUp4FPSg$_$20,2,1.2371744369151325,0.65776526927948,0.630241719401454,Positive,Negative
rojyUp4FPSg$_$20,3,1.0855090349558796,0.7161140441894531,0.6141841939697636,Positive,Negative
rojyUp4FPSg$_$20,4,1.1417120647380434,0.514959454536438,0.5805212106969951,Positive,Negative
rojyUp4FPSg$_$20,5,1.0924703144969254,0.6220827102661133,0.6326610296736174,Positive,Negative
rojyUp4FPSg$_$20,6,0.8886851953042333,0.47956353425979614,0.5486277935239869,Positive,Negative
rojyUp4FPSg$_$20,7,0.5849965358738178,0.48600029945373535,0.5155900233165748,Positive,Negative
rojyUp4FPSg$_$21,0,0.2463803078319281,0.16583210229873657,0.4721710527798015,Positive,Negative
rojyUp4FPSg$_$21,1,1.9976326523430175,1.5271623134613037,0.8076882193105004,Positive,Negative
rojyUp4FPSg$_$21,2,1.3950578499349071,0.534687876701355,0.5947071847418458,Positive,Negative
rojyUp4FPSg$_$21,3,2.3872682663664913,1.5185610055923462,0.8417155316865992,Positive,Negative
rojyUp4FPSg$_$21,4,0.6531778971882299,0.2913030982017517,0.4662005360312824,Positive,Negative
rojyUp4FPSg$_$21,5,1.878513527226545,1.3188247680664062,0.8033071361426076,Positive,Negative
rojyUp4FPSg$_$21,6,0.695332232636299,0.2636259198188782,0.4353868121172148,Positive,Negative
rojyUp4FPSg$_$21,7,2.135126591887264,1.31508207321167,0.8166772009105341,Positive,Negative
rojyUp4FPSg$_$23,0,1.089895473409628,0.16583210229873657,0.4721710527798015,Positive,Neutral
rojyUp4FPSg$_$23,1,2.20574299461081,1.5013737678527832,0.8242089454985193,Positive,Neutral
rojyUp4FPSg$_$23,2,0.21100546776987117,0.25933462381362915,0.44987606933069946,Positive,Neutral
rojyUp4FPSg$_$23,3,2.172237703868903,1.3184478282928467,0.840139766236227,Positive,Neutral
rojyUp4FPSg$_$23,4,0.048962272503177084,0.06998451054096222,0.3428871890854432,Positive,Neutral
rojyUp4FPSg$_$23,5,2.146130567934084,1.2274017333984375,0.8158608517793066,Positive,Neutral
rojyUp4FPSg$_$23,6,-0.22820843366482113,0.0774226188659668,0.3200805883157225,Positive,Neutral
rojyUp4FPSg$_$23,7,1.5832401760091914,0.9335052967071533,0.7537261348488832,Positive,Neutral
rojyUp4FPSg$_$5,0,-1.089895473409628,0.16583210229873657,0.15876829043619456,Neutral,Positive
rojyUp4FPSg$_$5,1,0.33331212038128144,0.2425944209098816,0.4974517759898465,Neutral,Positive
rojyUp4FPSg$_$5,2,-0.9392536350599584,0.5093821287155151,0.21809891546332844,Neutral,Positive
rojyUp4FPSg$_$5,3,0.2273950674170362,0.23045676946640015,0.4617253557684241,Neutral,Positive
rojyUp4FPSg$_$5,4,-0.39502874291399015,0.23192119598388672,0.2996842187916534,Neutral,Positive
rojyUp4FPSg$_$5,5,0.46614070270708585,0.1837863326072693,0.5139350465844399,Neutral,Positive
rojyUp4FPSg$_$5,6,-0.5672150441526063,0.22578126192092896,0.2477498419406979,Neutral,Positive
rojyUp4FPSg$_$5,7,0.41178577817210704,0.18540197610855103,0.4797378163213056,Neutral,Positive
rojyUp4FPSg$_$7,0,1.089895473409628,0.16583210229873657,0.4721710527798015,Positive,Neutral
rojyUp4FPSg$_$7,1,2.081443526835955,1.2526757717132568,0.8285787488855901,Positive,Neutral
rojyUp4FPSg$_$7,2,0.6518179837019923,0.4082214832305908,0.5070921055936282,Positive,Neutral
rojyUp4FPSg$_$7,3,1.9248041296295346,1.076962947845459,0.8128808871543497,Positive,Neutral
rojyUp4FPSg$_$7,4,0.7571614472013416,0.3016539216041565,0.43896577409847104,Positive,Neutral
rojyUp4FPSg$_$7,5,2.1189787259499973,1.105764627456665,0.8278803178637839,Positive,Neutral
rojyUp4FPSg$_$7,6,0.7684883822763808,0.28069692850112915,0.4323076718114568,Positive,Neutral
rojyUp4FPSg$_$7,7,1.7657611794105312,0.9660670757293701,0.7821903975275754,Positive,Neutral
rojyUp4FPSg$_$9,0,-0.2463803078319281,0.16583210229873657,0.3690606567840039,Negative,Positive
rojyUp4FPSg$_$9,1,2.7999477477900307,-1.5410584211349487,0.9014027817175633,Negative,Positive
rojyUp4FPSg$_$9,2,-1.1318216335325813,0.6456364393234253,0.20496680512692475,Negative,Positive
rojyUp4FPSg$_$9,3,2.222441790372467,-0.921901524066925,0.858766991644576,Negative,Positive
rojyUp4FPSg$_$9,4,-1.2141066806548042,0.6440502405166626,0.18853319983062103,Negative,Positive
rojyUp4FPSg$_$9,5,2.6796604888042825,-1.239410161972046,0.9051174390786135,Negative,Positive
rojyUp4FPSg$_$9,6,-0.7042004988162567,0.47271233797073364,0.2716291081110562,Negative,Positive
rojyUp4FPSg$_$9,7,2.3804336222714597,-0.9585031867027283,0.8805044118875828,Negative,Positive
rojyUp4FPSg$_$10,0,1.089895473409628,0.16583210229873657,0.4721710527798015,Positive,Neutral
rojyUp4FPSg$_$10,1,2.1850954838121477,1.4720149040222168,0.8300424210844088,Positive,Neutral
rojyUp4FPSg$_$10,2,0.6151678185649045,0.41681039333343506,0.49664242384672697,Positive,Neutral
rojyUp4FPSg$_$10,3,2.003206020217887,1.2486865520477295,0.8176023274209068,Positive,Neutral
rojyUp4FPSg$_$10,4,0.6473030425559846,0.33598560094833374,0.5082778275176557,Positive,Neutral
rojyUp4FPSg$_$10,5,1.9826771025368,1.1390184164047241,0.7988384988507579,Positive,Neutral
rojyUp4FPSg$_$10,6,0.3296267437118968,0.2245337963104248,0.42080074594483463,Positive,Neutral
rojyUp4FPSg$_$10,7,1.5009884451177304,0.9106805324554443,0.7313986349736918,Positive,Neutral
rojyUp4FPSg$_$12,0,1.089895473409628,0.16583210229873657,0.4721710527798015,Positive,Neutral
rojyUp4FPSg$_$12,1,2.289851558011071,1.5115324258804321,0.8233987394916419,Positive,Neutral
rojyUp4FPSg$_$12,2,0.2027765635416554,0.29065030813217163,0.45391220781963404,Positive,Neutral
rojyUp4FPSg$_$12,3,2.2447276302690784,1.3730602264404297,0.8406222593782635,Positive,Neutral
rojyUp4FPSg$_$12,4,0.061722434579075114,0.14051227271556854,0.3951453678439474,Positive,Neutral
rojyUp4FPSg$_$12,5,2.290736023509074,1.2788604497909546,0.819816260254608,Positive,Neutral
rojyUp4FPSg$_$12,6,-0.19556748939020974,0.11629582941532135,0.3544387947883661,Positive,Neutral
rojyUp4FPSg$_$12,7,1.9263265450197828,1.0838205814361572,0.7934508910061696,Positive,Neutral
rojyUp4FPSg$_$16,0,1.089895473409628,0.16583210229873657,0.4721710527798015,Positive,Neutral
rojyUp4FPSg$_$16,1,1.706319926607177,1.154487133026123,0.7642136444190197,Positive,Neutral
rojyUp4FPSg$_$16,2,0.4032835912763967,0.40638649463653564,0.4937143449044782,Positive,Neutral
rojyUp4FPSg$_$16,3,0.8645107298228054,0.6620656251907349,0.6147211922203869,Positive,Neutral
rojyUp4FPSg$_$16,4,0.3255517074696599,0.10241818428039551,0.3998936003479253,Positive,Neutral
rojyUp4FPSg$_$16,5,0.6061822343948106,0.4931955337524414,0.5186151169371438,Positive,Neutral
rojyUp4FPSg$_$16,6,0.08685690628688691,0.16519951820373535,0.3857854153946767,Positive,Neutral
rojyUp4FPSg$_$16,7,0.13008251310790908,0.34742271900177,0.41911200494248263,Positive,Neutral
rojyUp4FPSg$_$18,0,1.089895473409628,0.16583210229873657,0.4721710527798015,Positive,Neutral
rojyUp4FPSg$_$18,1,0.4853934344658951,0.4531877040863037,0.541666613877143,Positive,Neutral
rojyUp4FPSg$_$18,2,0.5883743508050844,0.43204033374786377,0.5312826548992751,Positive,Neutral
rojyUp4FPSg$_$18,3,0.23861277726831243,0.34664443135261536,0.4774603910196929,Positive,Neutral
rojyUp4FPSg$_$18,4,1.6746623666431406,0.7775289416313171,0.6842253301332959,Positive,Neutral
rojyUp4FPSg$_$18,5,0.72656480741398,0.5278046131134033,0.5887580325008022,Positive,Neutral
rojyUp4FPSg$_$18,6,0.8944730380364921,0.5064589977264404,0.5704574747300983,Positive,Neutral
rojyUp4FPSg$_$18,7,0.22018013582228202,0.3697441816329956,0.4627430718984783,Positive,Neutral
rojyUp4FPSg$_$37,0,1.089895473409628,0.16583210229873657,0.4721710527798015,Positive,Neutral
rojyUp4FPSg$_$37,1,2.183990316330965,1.3357173204421997,0.8403644577756523,Positive,Neutral
rojyUp4FPSg$_$37,2,0.4773915792116067,0.4290428161621094,0.5045172857916617,Positive,Neutral
rojyUp4FPSg$_$37,3,2.089083125855004,1.1813950538635254,0.8374261253763479,Positive,Neutral
rojyUp4FPSg$_$37,4,0.22232971412895408,0.16502875089645386,0.397642282204984,Positive,Neutral
rojyUp4FPSg$_$37,5,2.1393484709015484,1.141343355178833,0.8336363815217823,Positive,Neutral
rojyUp4FPSg$_$37,6,0.15477052027297145,0.2064172625541687,0.39870348364768127,Positive,Neutral
rojyUp4FPSg$_$37,7,1.7645805862202233,0.9619096517562866,0.7915757712295431,Positive,Neutral
rojyUp4FPSg$_$36,0,0.2463803078319281,0.16583210229873657,0.4721710527798015,Positive,Negative
rojyUp4FPSg$_$36,1,1.73859237288459,1.437321424484253,0.7793086441799874,Positive,Negative
rojyUp4FPSg$_$36,2,0.2731813300699899,0.2613757848739624,0.40665880475433885,Positive,Negative
rojyUp4FPSg$_$36,3,2.1114012158305986,1.5336408615112305,0.8302371500975277,Positive,Negative
rojyUp4FPSg$_$36,4,0.5058136831138811,0.1823887825012207,0.3916428084370222,Positive,Negative
rojyUp4FPSg$_$36,5,1.625277387632509,1.230309009552002,0.773156642118105,Positive,Negative
rojyUp4FPSg$_$36,6,0.10989996507388322,0.10007435083389282,0.3378620399383951,Positive,Negative
rojyUp4FPSg$_$36,7,1.797948835356217,1.2518682479858398,0.7904536543104824,Positive,Negative
rojyUp4FPSg$_$34,0,1.089895473409628,0.16583210229873657,0.4721710527798015,Positive,Neutral
rojyUp4FPSg$_$34,1,1.9516954615781548,1.1198499202728271,0.8207243393176636,Positive,Neutral
rojyUp4FPSg$_$34,2,0.8412586937466804,0.495100736618042,0.5529996134728719,Positive,Neutral
rojyUp4FPSg$_$34,3,1.849069803426741,1.0015367269515991,0.8094054132749209,Positive,Neutral
rojyUp4FPSg$_$34,4,0.05481132485561402,0.1823199987411499,0.382896457329983,Positive,Neutral
rojyUp4FPSg$_$34,5,1.8051865774422335,0.8967447280883789,0.8007385155378867,Positive,Neutral
rojyUp4FPSg$_$34,6,0.36579978073801134,0.23464825749397278,0.41866924117068993,Positive,Neutral
rojyUp4FPSg$_$34,7,1.4711876301856406,0.7844690680503845,0.7473515241873885,Positive,Neutral
rojyUp4FPSg$_$32,0,1.089895473409628,0.16583210229873657,0.4721710527798015,Positive,Neutral
rojyUp4FPSg$_$32,1,2.264341832775909,1.5125960111618042,0.8173156575617716,Positive,Neutral
rojyUp4FPSg$_$32,2,1.155632106520661,0.6706181168556213,0.6322715128253367,Positive,Neutral
rojyUp4FPSg$_$32,3,2.3447232977334056,1.4789222478866577,0.8438685909784068,Positive,Neutral
rojyUp4FPSg$_$32,4,0.21324581336481674,0.06067642569541931,0.37757440903975215,Positive,Neutral
rojyUp4FPSg$_$32,5,2.314013759812788,1.2625412940979004,0.8137773181734641,Positive,Neutral
rojyUp4FPSg$_$32,6,0.17800868391685343,0.150274395942688,0.39152153664708145,Positive,Neutral
rojyUp4FPSg$_$32,7,2.0943759867190663,1.1845359802246094,0.8070309498904753,Positive,Neutral
rwNlqh0k1j4$_$15,0,0.2463803078319281,0.16583210229873657,0.4721710527798015,Positive,Negative
rwNlqh0k1j4$_$15,1,2.1791293703880052,1.367522954940796,0.8224685183397824,Positive,Negative
rwNlqh0k1j4$_$15,2,0.863542233399563,0.49136900901794434,0.5336453307503068,Positive,Negative
rwNlqh0k1j4$_$15,3,2.258152084492837,1.3124780654907227,0.8235111228750905,Positive,Negative
rwNlqh0k1j4$_$15,4,0.389801858408958,0.46426576375961304,0.5210560756640322,Positive,Negative
rwNlqh0k1j4$_$15,5,1.8010348394872344,1.156777262687683,0.7932835251590505,Positive,Negative
rwNlqh0k1j4$_$15,6,0.5623532384369224,0.47104692459106445,0.5217260700605507,Positive,Negative
rwNlqh0k1j4$_$15,7,1.7785622416949092,1.1222000122070312,0.7773832110917663,Positive,Negative
rwNlqh0k1j4$_$3,0,-0.2463803078319281,0.16583210229873657,0.3690606567840039,Negative,Positive
rwNlqh0k1j4$_$3,1,2.8518171543585655,-1.7769887447357178,0.9041790390796928,Negative,Positive
rwNlqh0k1j4$_$3,2,-0.6857909964372744,0.3697282373905182,0.21888461629854108,Negative,Positive
rwNlqh0k1j4$_$3,3,2.6368931596753273,-1.2613940238952637,0.8973320299435436,Negative,Positive
rwNlqh0k1j4$_$3,4,-0.16563943795483071,0.3867494761943817,0.41144786169671294,Negative,Positive
rwNlqh0k1j4$_$3,5,2.8024500647967465,-1.5724936723709106,0.912355851908885,Negative,Positive
rwNlqh0k1j4$_$3,6,-0.22032269786256198,0.31114381551742554,0.35035050323683015,Negative,Positive
rwNlqh0k1j4$_$3,7,2.7945173348165326,-1.399052619934082,0.9148018056304587,Negative,Positive
rwNlqh0k1j4$_$2,0,-1.089895473409628,0.16583210229873657,0.15876829043619456,Neutral,Positive
rwNlqh0k1j4$_$2,1,0.39379291931155525,0.2184726595878601,0.49763370987060124,Neutral,Positive
rwNlqh0k1j4$_$2,2,-0.8261642034395188,0.5382966995239258,0.24639745069227567,Neutral,Positive
rwNlqh0k1j4$_$2,3,0.22922099961210352,0.25216370820999146,0.458309053402387,Neutral,Positive
rwNlqh0k1j4$_$2,4,-1.3275171464572786,0.23544514179229736,0.10947374424900408,Neutral,Positive
rwNlqh0k1j4$_$2,5,0.12619486936708524,0.27757737040519714,0.401118639192527,Neutral,Positive
rwNlqh0k1j4$_$2,6,-0.904483506961482,0.3449554443359375,0.1847105876053834,Neutral,Positive
rwNlqh0k1j4$_$2,7,0.13618694614014326,0.2698972821235657,0.40061961832762255,Neutral,Positive
rwNlqh0k1j4$_$7,0,-0.2463803078319281,0.16583210229873657,0.3690606567840039,Negative,Positive
rwNlqh0k1j4$_$7,1,1.4188969322994907,-0.2656916379928589,0.6177511872696341,Negative,Positive
rwNlqh0k1j4$_$7,2,-0.8258791782210275,0.4210062623023987,0.2228218707515658,Negative,Positive
rwNlqh0k1j4$_$7,3,0.8847182883996827,-0.02840251475572586,0.5015734162273072,Negative,Positive
rwNlqh0k1j4$_$7,4,-0.05097736623216986,0.41799092292785645,0.45212298011255014,Negative,Positive
rwNlqh0k1j4$_$7,5,1.5212482677873422,-0.3486595153808594,0.7533844824141085,Negative,Positive
rwNlqh0k1j4$_$7,6,-0.2280378769892184,0.37610161304473877,0.3828738684818489,Negative,Positive
rwNlqh0k1j4$_$7,7,1.2313982521586926,-0.1699427366256714,0.6694463763421579,Negative,Positive
sC16n1k66io$_$2,0,1.089895473409628,0.16583210229873657,0.4721710527798015,Positive,Neutral
sC16n1k66io$_$2,1,2.276870019815117,1.428300142288208,0.8362423408784257,Positive,Neutral
sC16n1k66io$_$2,2,0.5963700637453785,0.37133002281188965,0.5029372896468927,Positive,Neutral
sC16n1k66io$_$2,3,2.20497609378468,1.3014206886291504,0.8372340139522989,Positive,Neutral
sC16n1k66io$_$2,4,1.3977194811054343,0.28962957859039307,0.5054957158362637,Positive,Neutral
sC16n1k66io$_$2,5,2.3216273449032836,1.2149748802185059,0.8229354699109811,Positive,Neutral
sC16n1k66io$_$2,6,0.9272257891305494,0.2498304843902588,0.473273162190248,Positive,Neutral
sC16n1k66io$_$2,7,2.1128502175017543,1.1434128284454346,0.807241038298468,Positive,Neutral
sC16n1k66io$_$16,0,1.089895473409628,0.16583210229873657,0.4721710527798015,Positive,Neutral
sC16n1k66io$_$16,1,2.2528222469628223,1.451420783996582,0.833835497866066,Positive,Neutral
sC16n1k66io$_$16,2,-0.18403531975767773,0.17340683937072754,0.3539263749278916,Positive,Neutral
sC16n1k66io$_$16,3,2.0903296404894287,1.1943976879119873,0.8286929125330863,Positive,Neutral
sC16n1k66io$_$16,4,0.7577219294000407,0.10606122016906738,0.39757047141987706,Positive,Neutral
sC16n1k66io$_$16,5,2.1879971024118317,1.177164912223816,0.8099029678854087,Positive,Neutral
sC16n1k66io$_$16,6,0.17358070151091742,0.08356362581253052,0.3528662383227165,Positive,Neutral
sC16n1k66io$_$16,7,1.609753630613142,0.8861047029495239,0.7406706686556521,Positive,Neutral
sPremsknoLM$_$1,0,-1.089895473409628,0.16583210229873657,0.15876829043619456,Neutral,Positive
sPremsknoLM$_$1,1,1.0769375006779538,0.020322725176811218,0.5835559994376125,Neutral,Positive
sPremsknoLM$_$1,2,-1.0459209577657884,0.6740418672561646,0.22872069331482625,Neutral,Positive
sPremsknoLM$_$1,3,0.5963340523709326,0.15469983220100403,0.5316576579742355,Neutral,Positive
sPremsknoLM$_$1,4,-1.089895473409628,0.16583210229873657,0.15876829043619456,Neutral,Positive
sPremsknoLM$_$1,5,1.0769375006779538,0.020322725176811218,0.5835559994376125,Neutral,Positive
sPremsknoLM$_$1,6,-1.0459209577657884,0.6740418672561646,0.22872069331482625,Neutral,Positive
sPremsknoLM$_$1,7,0.5963340523709326,0.15469983220100403,0.5316576579742355,Neutral,Positive
ssqiwP19JhM$_$10,0,-1.089895473409628,0.16583210229873657,0.15876829043619456,Neutral,Positive
ssqiwP19JhM$_$10,1,0.4361359593765224,0.193842351436615,0.4630906143021216,Neutral,Positive
ssqiwP19JhM$_$10,2,-1.2587326455595138,0.6910966634750366,0.1807217739390612,Neutral,Positive
ssqiwP19JhM$_$10,3,0.16561127945842125,0.19916129112243652,0.3822819586975822,Neutral,Positive
ssqiwP19JhM$_$10,4,-0.8978824506492483,0.6656268239021301,0.24346843008775057,Neutral,Positive
ssqiwP19JhM$_$10,5,0.03264906389849542,0.2910092771053314,0.40620228791734386,Neutral,Positive
ssqiwP19JhM$_$10,6,-0.8090465070046687,0.5496252775192261,0.24404635841690317,Neutral,Positive
ssqiwP19JhM$_$10,7,0.006502934191473075,0.22540995478630066,0.3525676204705937,Neutral,Positive
ssqiwP19JhM$_$2,0,-1.089895473409628,0.16583210229873657,0.15876829043619456,Neutral,Positive
ssqiwP19JhM$_$2,1,0.3454582332757673,0.19988101720809937,0.5026507445569414,Neutral,Positive
ssqiwP19JhM$_$2,2,-0.33068220805456405,0.30354827642440796,0.3432405292397689,Neutral,Positive
ssqiwP19JhM$_$2,3,0.35009526070463726,0.1825096607208252,0.4960845741349569,Neutral,Positive
ssqiwP19JhM$_$2,4,-1.5316068759475527,0.9022564888000488,0.15557999486714713,Neutral,Positive
ssqiwP19JhM$_$2,5,-0.16045950672324516,0.3506307601928711,0.40306439845207176,Neutral,Positive
ssqiwP19JhM$_$2,6,-0.6257739330144387,0.47113871574401855,0.29232670127934374,Neutral,Positive
ssqiwP19JhM$_$2,7,0.17530520004394856,0.2799699306488037,0.460564752858538,Neutral,Positive
szic2IB9HB4$_$5,0,-0.2463803078319281,0.16583210229873657,0.3690606567840039,Negative,Positive
szic2IB9HB4$_$5,1,0.9138199843494152,-0.19409391283988953,0.4745436791229221,Negative,Positive
szic2IB9HB4$_$5,2,-1.0377494373257714,0.40442657470703125,0.18508326966565594,Negative,Positive
szic2IB9HB4$_$5,3,0.66816134098817,-0.009629115462303162,0.439078139265975,Negative,Positive
szic2IB9HB4$_$5,4,-0.6785709213740201,0.6319548487663269,0.29946524042329115,Negative,Positive
szic2IB9HB4$_$5,5,1.1917698252648734,-0.22265249490737915,0.6634088997195247,Negative,Positive
szic2IB9HB4$_$5,6,-0.6953746963248084,0.41851937770843506,0.25923200418357756,Negative,Positive
szic2IB9HB4$_$5,7,1.2361159534785362,-0.1771407127380371,0.6497700269856908,Negative,Positive
tQ-CIfgj-Js$_$3,0,-1.089895473409628,0.16583210229873657,0.15876829043619456,Neutral,Positive
tQ-CIfgj-Js$_$3,1,0.1119890086849733,0.2353951632976532,0.3979585469105668,Neutral,Positive
tQ-CIfgj-Js$_$3,2,-0.4995696635401379,0.31794771552085876,0.3114843892198398,Neutral,Positive
tQ-CIfgj-Js$_$3,3,0.1176378019625699,0.2333613634109497,0.3985442954474823,Neutral,Positive
tQ-CIfgj-Js$_$3,4,-1.089895473409628,0.16583210229873657,0.15876829043619456,Neutral,Positive
tQ-CIfgj-Js$_$3,5,0.1119890086849733,0.2353951632976532,0.3979585469105668,Neutral,Positive
tQ-CIfgj-Js$_$3,6,-0.4995696635401379,0.31794771552085876,0.3114843892198398,Neutral,Positive
tQ-CIfgj-Js$_$3,7,0.1176378019625699,0.2333613634109497,0.3985442954474823,Neutral,Positive
tXQpm-nKxNA$_$5,0,0.2463803078319281,0.16583210229873657,0.4721710527798015,Positive,Negative
tXQpm-nKxNA$_$5,1,2.0369460291703065,1.5145697593688965,0.8104293165801837,Positive,Negative
tXQpm-nKxNA$_$5,2,0.9689266605987935,0.2768949270248413,0.4710953028216195,Positive,Negative
tXQpm-nKxNA$_$5,3,2.475731781498022,1.538933515548706,0.855073517470921,Positive,Negative
tXQpm-nKxNA$_$5,4,1.8363630258355579,1.1128182411193848,0.760878627453172,Positive,Negative
tXQpm-nKxNA$_$5,5,2.0899364827881497,1.5246264934539795,0.8259514683081771,Positive,Negative
tXQpm-nKxNA$_$5,6,1.3985159734566102,0.5800747871398926,0.6068139451503042,Positive,Negative
tXQpm-nKxNA$_$5,7,2.406868027275521,1.5518635511398315,0.8537426336616646,Positive,Negative
tXQpm-nKxNA$_$7,0,1.089895473409628,0.16583210229873657,0.4721710527798015,Positive,Neutral
tXQpm-nKxNA$_$7,1,2.2891517573584035,1.4932076930999756,0.8304819852460206,Positive,Neutral
tXQpm-nKxNA$_$7,2,0.5542024278058562,0.3949706554412842,0.5402288122180543,Positive,Neutral
tXQpm-nKxNA$_$7,3,2.288571746871579,1.3945088386535645,0.8511001746544121,Positive,Neutral
tXQpm-nKxNA$_$7,4,1.732276767346077,1.0238364934921265,0.7493902392976728,Positive,Neutral
tXQpm-nKxNA$_$7,5,2.3627719937935776,1.4179195165634155,0.838131176681585,Positive,Neutral
tXQpm-nKxNA$_$7,6,0.961587466061977,0.6048657298088074,0.6262634975342136,Positive,Neutral
tXQpm-nKxNA$_$7,7,2.272781380793602,1.3507169485092163,0.8463552687772667,Positive,Neutral
uacdDoBtT1k$_$0,0,-0.2463803078319281,0.16583210229873657,0.3690606567840039,Negative,Positive
uacdDoBtT1k$_$0,1,2.3646215659037213,-1.090080738067627,0.8598823011472145,Negative,Positive
uacdDoBtT1k$_$0,2,-0.7899034162083404,0.26401808857917786,0.19863761114412273,Negative,Positive
uacdDoBtT1k$_$0,3,1.9349661709428276,-0.616775393486023,0.7985612634230325,Negative,Positive
uacdDoBtT1k$_$0,4,-0.005272552989256218,0.21204626560211182,0.37694397760295517,Negative,Positive
uacdDoBtT1k$_$0,5,2.017968543007726,-0.738239049911499,0.8347711178360226,Negative,Positive
uacdDoBtT1k$_$0,6,-0.18441973822093338,0.21392473578453064,0.3066389637460522,Negative,Positive
uacdDoBtT1k$_$0,7,1.953733239468079,-0.620076060295105,0.8176091639543412,Negative,Positive
uacdDoBtT1k$_$6,0,-0.2463803078319281,0.16583210229873657,0.3690606567840039,Negative,Positive
uacdDoBtT1k$_$6,1,3.02420370714333,-1.82088041305542,0.9140828339839168,Negative,Positive
uacdDoBtT1k$_$6,2,-0.6826989127377668,0.18725088238716125,0.1986171323844385,Negative,Positive
uacdDoBtT1k$_$6,3,2.60662156353167,-1.1225625276565552,0.8816892146433233,Negative,Positive
uacdDoBtT1k$_$6,4,0.02192006839011673,0.15139248967170715,0.36792668154487934,Negative,Positive
uacdDoBtT1k$_$6,5,2.880958129760746,-1.5235651731491089,0.9143743262241762,Negative,Positive
uacdDoBtT1k$_$6,6,-0.10835407877886838,0.1614399552345276,0.30282379718674846,Negative,Positive
uacdDoBtT1k$_$6,7,2.6140277452496608,-1.1136794090270996,0.89104182693526,Negative,Positive
unNY4zIk8MM$_$1,0,1.089895473409628,0.16583210229873657,0.4721710527798015,Positive,Neutral
unNY4zIk8MM$_$1,1,2.241221607487785,1.5008296966552734,0.8240169658395445,Positive,Neutral
unNY4zIk8MM$_$1,2,0.6579340066461139,0.4207247495651245,0.5681851933652717,Positive,Neutral
unNY4zIk8MM$_$1,3,2.2944558581418146,1.4121050834655762,0.8502612174859516,Positive,Neutral
unNY4zIk8MM$_$1,4,0.9501166825530074,0.47919803857803345,0.555076114766883,Positive,Neutral
unNY4zIk8MM$_$1,5,2.3079472180350664,1.4942692518234253,0.8309373933747117,Positive,Neutral
unNY4zIk8MM$_$1,6,0.6648316999057484,0.43022871017456055,0.5668422025610992,Positive,Neutral
unNY4zIk8MM$_$1,7,2.3255126997602567,1.4160704612731934,0.8530933935699005,Positive,Neutral
unNY4zIk8MM$_$3,0,1.089895473409628,0.16583210229873657,0.4721710527798015,Positive,Neutral
unNY4zIk8MM$_$3,1,1.3682795374808006,0.7556903958320618,0.7418375292855286,Positive,Neutral
unNY4zIk8MM$_$3,2,0.6907071009010957,0.44847190380096436,0.5780269083179099,Positive,Neutral
unNY4zIk8MM$_$3,3,0.961620054717057,0.5316653251647949,0.6619909351130921,Positive,Neutral
unNY4zIk8MM$_$3,4,0.5058533125090147,0.19329363107681274,0.4142790094859597,Positive,Neutral
unNY4zIk8MM$_$3,5,1.3238878373585607,0.7211580276489258,0.7340873288651454,Positive,Neutral
unNY4zIk8MM$_$3,6,0.648905790290641,0.4297311305999756,0.5670217103117349,Positive,Neutral
unNY4zIk8MM$_$3,7,0.9022971926885066,0.5093522071838379,0.6490889078134174,Positive,Neutral
unNY4zIk8MM$_$5,0,1.089895473409628,0.16583210229873657,0.4721710527798015,Positive,Neutral
unNY4zIk8MM$_$5,1,1.7371663699974835,1.02463698387146,0.7927958637039858,Positive,Neutral
unNY4zIk8MM$_$5,2,-0.1150710567483072,0.2100076675415039,0.3866399713829027,Positive,Neutral
unNY4zIk8MM$_$5,3,1.0472424610819957,0.5993517637252808,0.6743314375161674,Positive,Neutral
unNY4zIk8MM$_$5,4,1.9584335753177302,0.8837648034095764,0.7345602259458803,Positive,Neutral
unNY4zIk8MM$_$5,5,1.7762020175348505,1.0441371202468872,0.7985024183467789,Positive,Neutral
unNY4zIk8MM$_$5,6,-0.03007227314212324,0.23565298318862915,0.40621940593282135,Positive,Neutral
unNY4zIk8MM$_$5,7,1.0655172886331337,0.6093442440032959,0.6781481244689844,Positive,Neutral
unNY4zIk8MM$_$8,0,-1.089895473409628,0.16583210229873657,0.15876829043619456,Neutral,Positive
unNY4zIk8MM$_$8,1,0.5921911563166768,0.17705830931663513,0.5471775716131271,Neutral,Positive
unNY4zIk8MM$_$8,2,-0.5437757502303,0.4984627366065979,0.31034819977899253,Neutral,Positive
unNY4zIk8MM$_$8,3,0.39805422375120036,0.22157567739486694,0.5062903023044845,Neutral,Positive
unNY4zIk8MM$_$8,4,-1.1999809079817472,0.4655662775039673,0.16588465932179763,Neutral,Positive
unNY4zIk8MM$_$8,5,0.419150174180006,0.21505621075630188,0.4973731550323545,Neutral,Positive
unNY4zIk8MM$_$8,6,-0.5076288148936423,0.3633847236633301,0.29342987871299614,Neutral,Positive
unNY4zIk8MM$_$8,7,0.5012579398272766,0.21205341815948486,0.5090489090400208,Neutral,Positive
uooIiW6dEyg$_$1,0,-0.2463803078319281,0.16583210229873657,0.3690606567840039,Negative,Positive
uooIiW6dEyg$_$1,1,2.4091090057970113,-1.3624988794326782,0.8767217707855008,Negative,Positive
uooIiW6dEyg$_$1,2,-1.7303430993761468,0.695267915725708,0.11664419568905583,Negative,Positive
uooIiW6dEyg$_$1,3,1.0096960321532436,-0.08012354373931885,0.6835361447414768,Negative,Positive
uooIiW6dEyg$_$1,4,-0.09513849611589675,0.14260847866535187,0.3215403848323283,Negative,Positive
uooIiW6dEyg$_$1,5,2.688029107174846,-1.4223690032958984,0.9049819171513365,Negative,Positive
uooIiW6dEyg$_$1,6,-0.6934526568882332,0.29324835538864136,0.21586745512211838,Negative,Positive
uooIiW6dEyg$_$1,7,2.1509590027721943,-0.7815987467765808,0.8578070116755636,Negative,Positive
uooIiW6dEyg$_$5,0,1.089895473409628,0.16583210229873657,0.4721710527798015,Positive,Neutral
uooIiW6dEyg$_$5,1,1.7256915471304286,0.9137401580810547,0.7921754044925767,Positive,Neutral
uooIiW6dEyg$_$5,2,1.310444568654942,0.8012492656707764,0.6940235817904983,Positive,Neutral
uooIiW6dEyg$_$5,3,1.4157074357525021,0.7846035957336426,0.7406056096777831,Positive,Neutral
uooIiW6dEyg$_$5,4,-0.2546550369328896,0.15101009607315063,0.3158441898375132,Positive,Neutral
uooIiW6dEyg$_$5,5,0.9029163384510187,0.5305875539779663,0.6329161539243773,Positive,Neutral
uooIiW6dEyg$_$5,6,0.43630591026213195,0.380328506231308,0.47114509316134795,Positive,Neutral
uooIiW6dEyg$_$5,7,0.7841091004808257,0.5418184995651245,0.6000276975127151,Positive,Neutral
v2Rr-EsJda8$_$0,0,-1.089895473409628,0.16583210229873657,0.15876829043619456,Neutral,Positive
v2Rr-EsJda8$_$0,1,0.8985147666966219,-0.10178151726722717,0.45242748222785195,Neutral,Positive
v2Rr-EsJda8$_$0,2,-1.2359124505815173,0.663490891456604,0.2010612334112356,Neutral,Positive
v2Rr-EsJda8$_$0,3,0.3798146638834323,0.1859939694404602,0.470955923944959,Neutral,Positive
v2Rr-EsJda8$_$0,4,-0.33354177962005216,0.0030565112829208374,0.23395844860419568,Neutral,Positive
v2Rr-EsJda8$_$0,5,0.7668868749042952,-0.149233877658844,0.38707809944659805,Neutral,Positive
v2Rr-EsJda8$_$0,6,-0.9286361526615112,0.5382505059242249,0.24488962944412096,Neutral,Positive
v2Rr-EsJda8$_$0,7,0.4854298133736963,0.1698893904685974,0.4730120001884941,Neutral,Positive
v2Rr-EsJda8$_$6,0,1.089895473409628,0.16583210229873657,0.4721710527798015,Positive,Neutral
v2Rr-EsJda8$_$6,1,1.8976550729368657,1.1359225511550903,0.8091306336979199,Positive,Neutral
v2Rr-EsJda8$_$6,2,0.292591116687009,0.3039904832839966,0.47679439396057,Positive,Neutral
v2Rr-EsJda8$_$6,3,1.528276053480544,0.8388251662254333,0.7628503211580754,Positive,Neutral
v2Rr-EsJda8$_$6,4,0.2741836277333094,0.1062031239271164,0.379087792321912,Positive,Neutral
v2Rr-EsJda8$_$6,5,1.4707952283257468,0.8083692789077759,0.7419926399767296,Positive,Neutral
v2Rr-EsJda8$_$6,6,0.028009812980469784,0.2050398588180542,0.3935075887570274,Positive,Neutral
v2Rr-EsJda8$_$6,7,0.9735961904411108,0.5983666777610779,0.651317275702226,Positive,Neutral
v9gjg7TDlTA$_$0,0,-0.2463803078319281,0.16583210229873657,0.3690606567840039,Negative,Positive
v9gjg7TDlTA$_$0,1,2.8874018452252526,-1.6471024751663208,0.9037152688795339,Negative,Positive
v9gjg7TDlTA$_$0,2,-1.0530858702879882,0.25552085041999817,0.1555428692840737,Negative,Positive
v9gjg7TDlTA$_$0,3,2.1967532633540494,-0.7578423023223877,0.8350455879088984,Negative,Positive
v9gjg7TDlTA$_$0,4,-0.09991890239646428,0.22449365258216858,0.35734255436506285,Negative,Positive
v9gjg7TDlTA$_$0,5,2.9577830034006096,-1.577305793762207,0.919490198197103,Negative,Positive
v9gjg7TDlTA$_$0,6,-0.497015647145555,0.22879081964492798,0.22825839039707752,Negative,Positive
v9gjg7TDlTA$_$0,7,2.6764142369410884,-1.11647367477417,0.8980530983313985,Negative,Positive
v9gjg7TDlTA$_$4,0,-0.2463803078319281,0.16583210229873657,0.3690606567840039,Negative,Positive
v9gjg7TDlTA$_$4,1,2.6233609998165557,-1.3663976192474365,0.8855559354133745,Negative,Positive
v9gjg7TDlTA$_$4,2,-1.033321018739155,0.23199236392974854,0.15891306257950352,Negative,Positive
v9gjg7TDlTA$_$4,3,1.184832053709933,-0.27167168259620667,0.6418799434727167,Negative,Positive
v9gjg7TDlTA$_$4,4,0.4136154531569052,0.0356634259223938,0.39328420428819366,Negative,Positive
v9gjg7TDlTA$_$4,5,2.6909215950515826,-1.2885533571243286,0.8977586810467327,Negative,Positive
v9gjg7TDlTA$_$4,6,-0.2738518345207124,0.15177583694458008,0.23287740476061336,Negative,Positive
v9gjg7TDlTA$_$4,7,2.072535723217403,-0.7081471681594849,0.8242072817571146,Negative,Positive
vHzbn_YW76s$_$3,0,-0.2463803078319281,0.16583210229873657,0.3690606567840039,Negative,Positive
vHzbn_YW76s$_$3,1,1.484116919002096,-0.478598952293396,0.7455067265548069,Negative,Positive
vHzbn_YW76s$_$3,2,-0.8974410489062771,0.3199728727340698,0.17961144250160826,Negative,Positive
vHzbn_YW76s$_$3,3,0.5870547287725684,0.05431324243545532,0.512151412182971,Negative,Positive
vHzbn_YW76s$_$3,4,-0.08558885800238047,0.13713406026363373,0.30608086385731714,Negative,Positive
vHzbn_YW76s$_$3,5,1.8356592106669682,-0.6296930313110352,0.7985843837480401,Negative,Positive
vHzbn_YW76s$_$3,6,-0.334203570385071,0.1841815710067749,0.2420765228648374,Negative,Positive
vHzbn_YW76s$_$3,7,1.3475818311808339,-0.2957915663719177,0.6922875049291862,Negative,Positive
vU0a4F36Ksw$_$13,0,1.089895473409628,0.16583210229873657,0.4721710527798015,Positive,Neutral
vU0a4F36Ksw$_$13,1,0.5485862433247617,0.4109625816345215,0.5599194870624759,Positive,Neutral
vU0a4F36Ksw$_$13,2,0.3814293413060258,0.392890065908432,0.4903591453605406,Positive,Neutral
vU0a4F36Ksw$_$13,3,0.14342421241100034,0.29473501443862915,0.4597213221630224,Positive,Neutral
vU0a4F36Ksw$_$13,4,1.2967087342702968,0.5122983455657959,0.6053922544585619,Positive,Neutral
vU0a4F36Ksw$_$13,5,0.6125986783066767,0.44605231285095215,0.563385292423746,Positive,Neutral
vU0a4F36Ksw$_$13,6,0.7154971873494498,0.38627517223358154,0.5261479958974822,Positive,Neutral
vU0a4F36Ksw$_$13,7,0.2198050499586377,0.33459389209747314,0.4652979034318925,Positive,Neutral
vU0a4F36Ksw$_$12,0,1.089895473409628,0.16583210229873657,0.4721710527798015,Positive,Neutral
vU0a4F36Ksw$_$12,1,1.034934352083863,0.6027216911315918,0.6737014613983704,Positive,Neutral
vU0a4F36Ksw$_$12,2,1.1899764183112778,0.6924123764038086,0.6506093261072518,Positive,Neutral
vU0a4F36Ksw$_$12,3,0.8511822349350838,0.5397630333900452,0.6293416704774217,Positive,Neutral
vU0a4F36Ksw$_$12,4,1.233941155573753,0.4105485677719116,0.5739003613862026,Positive,Neutral
vU0a4F36Ksw$_$12,5,0.7583735218354676,0.4963873624801636,0.6019600538575073,Positive,Neutral
vU0a4F36Ksw$_$12,6,0.9038931991122193,0.39959490299224854,0.5449664600624631,Positive,Neutral
vU0a4F36Ksw$_$12,7,0.4596076538930679,0.4218308925628662,0.5263562041720024,Positive,Neutral
vU0a4F36Ksw$_$17,0,-1.089895473409628,0.16583210229873657,0.15876829043619456,Neutral,Positive
vU0a4F36Ksw$_$17,1,-0.20628995626367785,0.3206790089607239,0.39903400653537263,Neutral,Positive
vU0a4F36Ksw$_$17,2,-0.6122543321930778,0.469555139541626,0.30042837037750325,Neutral,Positive
vU0a4F36Ksw$_$17,3,-0.10392056393596716,0.28302234411239624,0.41677009765370593,Neutral,Positive
vU0a4F36Ksw$_$17,4,-0.9830407435848487,0.26924294233322144,0.19281976766035755,Neutral,Positive
vU0a4F36Ksw$_$17,5,0.01878104259649982,0.26895672082901,0.4348866605705088,Neutral,Positive
vU0a4F36Ksw$_$17,6,-0.4452012471486013,0.28517869114875793,0.3034245332697633,Neutral,Positive
vU0a4F36Ksw$_$17,7,0.21242437792417768,0.23994839191436768,0.46818319604719755,Neutral,Positive
vU0a4F36Ksw$_$0,0,1.089895473409628,0.16583210229873657,0.4721710527798015,Positive,Neutral
vU0a4F36Ksw$_$0,1,2.1250235472528494,1.3275368213653564,0.8261466886278307,Positive,Neutral
vU0a4F36Ksw$_$0,2,0.3230218419300378,0.3342971205711365,0.4574789653663541,Positive,Neutral
vU0a4F36Ksw$_$0,3,2.092267151884696,1.2436891794204712,0.8312222121819679,Positive,Neutral
vU0a4F36Ksw$_$0,4,0.19711982754273816,0.033906370401382446,0.30328071100857257,Positive,Neutral
vU0a4F36Ksw$_$0,5,2.1594110689630077,1.1755414009094238,0.821350846603085,Positive,Neutral
vU0a4F36Ksw$_$0,6,0.26094481853927265,0.13355925679206848,0.351665615665231,Positive,Neutral
vU0a4F36Ksw$_$0,7,1.9740000705302707,1.1225543022155762,0.8059862924823921,Positive,Neutral
vU0a4F36Ksw$_$3,0,1.089895473409628,0.16583210229873657,0.4721710527798015,Positive,Neutral
vU0a4F36Ksw$_$3,1,2.206310264007932,1.5097330808639526,0.8324831902377153,Positive,Neutral
vU0a4F36Ksw$_$3,2,2.1082256255459835,1.1053071022033691,0.7823870300954756,Positive,Neutral
vU0a4F36Ksw$_$3,3,2.362845864820755,1.5122461318969727,0.8534816814861268,Positive,Neutral
vU0a4F36Ksw$_$3,4,0.9468039265502052,0.15386053919792175,0.47638289549298307,Positive,Neutral
vU0a4F36Ksw$_$3,5,2.1912694238964483,1.2226427793502808,0.8216231503380197,Positive,Neutral
vU0a4F36Ksw$_$3,6,1.2234444109287232,0.4585731625556946,0.5933280243723201,Positive,Neutral
vU0a4F36Ksw$_$3,7,2.2076756850524353,1.257913589477539,0.827944925098622,Positive,Neutral
vU0a4F36Ksw$_$5,0,1.089895473409628,0.16583210229873657,0.4721710527798015,Positive,Neutral
vU0a4F36Ksw$_$5,1,0.8925051206835879,0.4790523052215576,0.6317434804724148,Positive,Neutral
vU0a4F36Ksw$_$5,2,1.009890590733989,0.5909931659698486,0.6284936109356712,Positive,Neutral
vU0a4F36Ksw$_$5,3,0.5311727043456249,0.4118431806564331,0.5448769548009754,Positive,Neutral
vU0a4F36Ksw$_$5,4,1.0593679653781454,0.2882314920425415,0.5110519435948916,Positive,Neutral
vU0a4F36Ksw$_$5,5,0.5153247886244435,0.3565737307071686,0.5154519645633809,Positive,Neutral
vU0a4F36Ksw$_$5,6,0.731210680605073,0.34439724683761597,0.5084918500650659,Positive,Neutral
vU0a4F36Ksw$_$5,7,0.27215926538398105,0.32123953104019165,0.4538455937607389,Positive,Neutral
vU0a4F36Ksw$_$7,0,1.089895473409628,0.16583210229873657,0.4721710527798015,Positive,Neutral
vU0a4F36Ksw$_$7,1,1.4762196720423766,0.7820748686790466,0.7568968674905953,Positive,Neutral
vU0a4F36Ksw$_$7,2,0.6672712980163572,0.49703073501586914,0.5423852032225469,Positive,Neutral
vU0a4F36Ksw$_$7,3,1.1428944591970573,0.6288007497787476,0.6933902579466131,Positive,Neutral
vU0a4F36Ksw$_$7,4,0.6042882177876383,-0.29507923126220703,0.24367878616426483,Positive,Neutral
vU0a4F36Ksw$_$7,5,0.6577579008612426,0.471024751663208,0.5769881813223124,Positive,Neutral
vU0a4F36Ksw$_$7,6,0.2843742029410339,0.07221007347106934,0.34501329759467975,Positive,Neutral
vU0a4F36Ksw$_$7,7,0.17081296139509206,0.3593800663948059,0.45447712021694076,Positive,Neutral
vU0a4F36Ksw$_$20,0,-1.089895473409628,0.16583210229873657,0.15876829043619456,Neutral,Positive
vU0a4F36Ksw$_$20,1,-1.4523740189671939,0.8123995661735535,0.17458103216950796,Neutral,Positive
vU0a4F36Ksw$_$20,2,0.11828786826096305,0.2069176435470581,0.41142806146602356,Neutral,Positive
vU0a4F36Ksw$_$20,3,-0.49971122361693654,0.4233435392379761,0.33172829970447704,Neutral,Positive
vU0a4F36Ksw$_$20,4,-0.04936353695127926,-0.07579392194747925,0.2950619591652672,Neutral,Positive
vU0a4F36Ksw$_$20,5,-0.15111744981566488,0.3138974905014038,0.38330698992851364,Neutral,Positive
vU0a4F36Ksw$_$20,6,0.44118093473361775,-0.010524645447731018,0.41355241002615734,Neutral,Positive
vU0a4F36Ksw$_$20,7,0.4397503187737267,0.18820971250534058,0.4879395249520833,Neutral,Positive
vbr3EA8cJTI$_$0,0,1.089895473409628,0.16583210229873657,0.4721710527798015,Positive,Neutral
vbr3EA8cJTI$_$0,1,2.195884762784501,1.4595738649368286,0.8307956999516213,Positive,Neutral
vbr3EA8cJTI$_$0,2,1.1523778989017721,0.7575652599334717,0.659500847501255,Positive,Neutral
vbr3EA8cJTI$_$0,3,2.3104077612980927,1.457664966583252,0.8528185978749103,Positive,Neutral
vbr3EA8cJTI$_$0,4,2.1016332916894007,0.607123851776123,0.5952443098794409,Positive,Neutral
vbr3EA8cJTI$_$0,5,2.416010858189215,1.371416449546814,0.8305830195529771,Positive,Neutral
vbr3EA8cJTI$_$0,6,1.4035531191623638,0.6811602115631104,0.6341313444519334,Positive,Neutral
vbr3EA8cJTI$_$0,7,2.3994277530296726,1.4168424606323242,0.8468591980098104,Positive,Neutral
vbr3EA8cJTI$_$2,0,0.2463803078319281,0.16583210229873657,0.4721710527798015,Positive,Negative
vbr3EA8cJTI$_$2,1,0.6116469739125487,0.508783221244812,0.5867798645532291,Positive,Negative
vbr3EA8cJTI$_$2,2,1.3688326333521394,0.876465916633606,0.6737556190642462,Positive,Negative
vbr3EA8cJTI$_$2,3,0.6831778978377016,0.6323690414428711,0.5732489717828527,Positive,Negative
vbr3EA8cJTI$_$2,4,1.221336960921152,0.8612123727798462,0.6996829657329213,Positive,Negative
vbr3EA8cJTI$_$2,5,0.3598427523002299,0.5090745687484741,0.5482845534903167,Positive,Negative
vbr3EA8cJTI$_$2,6,1.1891655193760573,0.8381115198135376,0.6705613962010607,Positive,Negative
vbr3EA8cJTI$_$2,7,0.003748650840157741,0.3699590563774109,0.4527804236569865,Positive,Negative
vbr3EA8cJTI$_$7,0,1.089895473409628,0.16583210229873657,0.4721710527798015,Positive,Neutral
vbr3EA8cJTI$_$7,1,1.0329898203467966,0.5632240772247314,0.6409969795584429,Positive,Neutral
vbr3EA8cJTI$_$7,2,1.4887961174987916,0.8563758134841919,0.7112753297357086,Positive,Neutral
vbr3EA8cJTI$_$7,3,0.952831761624948,0.6022806763648987,0.6258203372229432,Positive,Neutral
vbr3EA8cJTI$_$7,4,1.5019303050584423,0.6923429369926453,0.7015628711019146,Positive,Neutral
vbr3EA8cJTI$_$7,5,0.9182922490372468,0.4688872694969177,0.6056895503286763,Positive,Neutral
vbr3EA8cJTI$_$7,6,1.2968206012443653,0.6821215152740479,0.6702222473179856,Positive,Neutral
vbr3EA8cJTI$_$7,7,0.661583502337185,0.4457637667655945,0.5370530120826789,Positive,Neutral
vbr3EA8cJTI$_$6,0,1.089895473409628,0.16583210229873657,0.4721710527798015,Positive,Neutral
vbr3EA8cJTI$_$6,1,2.151463316083906,1.3811551332473755,0.8337853635282431,Positive,Neutral
vbr3EA8cJTI$_$6,2,1.3068778542353006,0.8114543557167053,0.6688904601391616,Positive,Neutral
vbr3EA8cJTI$_$6,3,2.202313508435246,1.3476035594940186,0.8465741375104775,Positive,Neutral
vbr3EA8cJTI$_$6,4,2.1840730097433187,1.027630090713501,0.7525187507772612,Positive,Neutral
vbr3EA8cJTI$_$6,5,2.3227418535793607,1.316211462020874,0.8397319632921041,Positive,Neutral
vbr3EA8cJTI$_$6,6,1.7923633038191433,0.9356764554977417,0.7188484037378379,Positive,Neutral
vbr3EA8cJTI$_$6,7,2.2670492505755675,1.306044578552246,0.8431397711600365,Positive,Neutral
wF8980oGklk$_$24,0,1.089895473409628,0.16583210229873657,0.4721710527798015,Positive,Neutral
wF8980oGklk$_$24,1,1.666937148007607,0.9184889793395996,0.7871263723256515,Positive,Neutral
wF8980oGklk$_$24,2,-0.27666319421927377,0.1558583378791809,0.3601952513169686,Positive,Neutral
wF8980oGklk$_$24,3,0.7069820879323274,0.46305692195892334,0.6031354504628164,Positive,Neutral
wF8980oGklk$_$24,4,1.515750485024172,0.6038448810577393,0.6131735662270336,Positive,Neutral
wF8980oGklk$_$24,5,1.6329313878820453,0.8680377006530762,0.7718473683988402,Positive,Neutral
wF8980oGklk$_$24,6,0.14130522288477476,0.29096999764442444,0.43310903027587194,Positive,Neutral
wF8980oGklk$_$24,7,0.5663840137050082,0.48474401235580444,0.5636460385858458,Positive,Neutral
wF8980oGklk$_$25,0,1.089895473409628,0.16583210229873657,0.4721710527798015,Positive,Neutral
wF8980oGklk$_$25,1,2.221952345731176,1.5151150226593018,0.8280669077849572,Positive,Neutral
wF8980oGklk$_$25,2,-0.5874319883925431,0.10271385312080383,0.28913663809254275,Positive,Neutral
wF8980oGklk$_$25,3,2.033950687029298,1.203897476196289,0.8285114130997102,Positive,Neutral
wF8980oGklk$_$25,4,1.4858921661437807,0.3806013762950897,0.5188340332116175,Positive,Neutral
wF8980oGklk$_$25,5,2.4015618246551202,1.3514957427978516,0.8242158616738888,Positive,Neutral
wF8980oGklk$_$25,6,-0.05632228556200336,0.18049192428588867,0.36886953490317814,Positive,Neutral
wF8980oGklk$_$25,7,1.924603940616654,1.1015294790267944,0.8005044478591495,Positive,Neutral
wF8980oGklk$_$1,0,-1.089895473409628,0.16583210229873657,0.15876829043619456,Neutral,Positive
wF8980oGklk$_$1,1,0.8357153742741952,0.14265941083431244,0.582543201472067,Neutral,Positive
wF8980oGklk$_$1,2,-0.3864102271428195,0.40368378162384033,0.3500118793898506,Neutral,Positive
wF8980oGklk$_$1,3,0.5321990675551475,0.1874891221523285,0.5317241027657638,Neutral,Positive
wF8980oGklk$_$1,4,-1.79920166735007,0.5764897465705872,0.0973425411691676,Neutral,Positive
wF8980oGklk$_$1,5,0.42483259437284204,0.23422670364379883,0.49315734616271856,Neutral,Positive
wF8980oGklk$_$1,6,-0.6679441434444724,0.46964502334594727,0.28374897196204574,Neutral,Positive
wF8980oGklk$_$1,7,0.5652467394104284,0.21642187237739563,0.5267695706520898,Neutral,Positive
wF8980oGklk$_$0,0,-1.089895473409628,0.16583210229873657,0.15876829043619456,Neutral,Positive
wF8980oGklk$_$0,1,0.03731515182872236,0.26978880167007446,0.44000614759976653,Neutral,Positive
wF8980oGklk$_$0,2,-0.3507311787686309,0.34456273913383484,0.35009383420756196,Neutral,Positive
wF8980oGklk$_$0,3,0.08966727052546097,0.23634755611419678,0.4478203763823203,Neutral,Positive
wF8980oGklk$_$0,4,-0.14301624832408022,0.1948215365409851,0.29251403693438616,Neutral,Positive
wF8980oGklk$_$0,5,0.2892878501749562,0.2413475513458252,0.48515198344068056,Neutral,Positive
wF8980oGklk$_$0,6,-0.12407406753659322,0.3185889720916748,0.3831868445406374,Neutral,Positive
wF8980oGklk$_$0,7,0.27454322387619545,0.22572270035743713,0.4793125677820853,Neutral,Positive
wF8980oGklk$_$3,0,-1.089895473409628,0.16583210229873657,0.15876829043619456,Neutral,Positive
wF8980oGklk$_$3,1,0.7170512372237514,0.16550058126449585,0.5557069298142866,Neutral,Positive
wF8980oGklk$_$3,2,0.2000491868497828,0.1586184799671173,0.46211772759878866,Neutral,Positive
wF8980oGklk$_$3,3,0.6251153451546683,0.13699787855148315,0.5428893681515115,Neutral,Positive
wF8980oGklk$_$3,4,-1.9410239342028608,0.375754714012146,0.07402042174408822,Neutral,Positive
wF8980oGklk$_$3,5,0.2632382160070036,0.23991429805755615,0.4553322361050419,Neutral,Positive
wF8980oGklk$_$3,6,-0.4644015604981342,0.3213401436805725,0.3087329052642645,Neutral,Positive
wF8980oGklk$_$3,7,0.5472177355558182,0.18934398889541626,0.5131392741917733,Neutral,Positive
wF8980oGklk$_$2,0,-0.2463803078319281,0.16583210229873657,0.3690606567840039,Negative,Positive
wF8980oGklk$_$2,1,2.99665133608424,-1.809429407119751,0.9026763787448571,Negative,Positive
wF8980oGklk$_$2,2,-1.019418636330566,0.2241283655166626,0.1439611588330774,Negative,Positive
wF8980oGklk$_$2,3,2.4711290005214672,-1.0508747100830078,0.8552365489172108,Negative,Positive
wF8980oGklk$_$2,4,-1.0733222151548203,0.7230545282363892,0.2298783061960234,Negative,Positive
wF8980oGklk$_$2,5,3.0177704793155,-1.6552562713623047,0.9209000099986043,Negative,Positive
wF8980oGklk$_$2,6,-1.08050356967068,0.39352598786354065,0.1738044551414467,Negative,Positive
wF8980oGklk$_$2,7,2.9113927904195003,-1.3681657314300537,0.9141017960415566,Negative,Positive
wF8980oGklk$_$6,0,1.089895473409628,0.16583210229873657,0.4721710527798015,Positive,Neutral
wF8980oGklk$_$6,1,1.637633903324214,0.9228851795196533,0.7781804556568157,Positive,Neutral
wF8980oGklk$_$6,2,-0.29893901102741294,0.187196284532547,0.35435602375361946,Positive,Neutral
wF8980oGklk$_$6,3,0.7902004130314435,0.5020314455032349,0.618033269501399,Positive,Neutral
wF8980oGklk$_$6,4,1.5244346745294217,0.44938886165618896,0.5664744587057523,Positive,Neutral
wF8980oGklk$_$6,5,1.529868188864361,0.8135448098182678,0.74985044213792,Positive,Neutral
wF8980oGklk$_$6,6,0.22422018223962592,0.29385608434677124,0.441726687501346,Positive,Neutral
wF8980oGklk$_$6,7,0.6204105065250476,0.49070727825164795,0.5714053871296871,Positive,Neutral
wF8980oGklk$_$17,0,1.089895473409628,0.16583210229873657,0.4721710527798015,Positive,Neutral
wF8980oGklk$_$17,1,2.181003848481404,1.4502028226852417,0.8330420372635329,Positive,Neutral
wF8980oGklk$_$17,2,0.6316146503884333,0.40319716930389404,0.5654469841345998,Positive,Neutral
wF8980oGklk$_$17,3,2.0868941923087663,1.212083339691162,0.8363287636042958,Positive,Neutral
wF8980oGklk$_$17,4,0.7373011295584779,0.39156752824783325,0.51983612375676,Positive,Neutral
wF8980oGklk$_$17,5,2.2977840613436347,1.3787140846252441,0.844859188222849,Positive,Neutral
wF8980oGklk$_$17,6,0.47509556843248524,0.38018301129341125,0.5236359403513399,Positive,Neutral
wF8980oGklk$_$17,7,2.0742169369600827,1.1681071519851685,0.8335032229482348,Positive,Neutral
wosolsrH3sM$_$6,0,0.2463803078319281,0.16583210229873657,0.4721710527798015,Positive,Negative
wosolsrH3sM$_$6,1,1.259432030979701,1.1187312602996826,0.7199463628504901,Positive,Negative
wosolsrH3sM$_$6,2,1.1117577532593617,0.627779483795166,0.6065782246021753,Positive,Negative
wosolsrH3sM$_$6,3,1.478250747780054,1.2690988779067993,0.7597517138818796,Positive,Negative
wosolsrH3sM$_$6,4,-0.9153912186877027,-0.08260367810726166,0.2642020496883232,Positive,Negative
wosolsrH3sM$_$6,5,0.7608137529910061,0.9011776447296143,0.6437013666424862,Positive,Negative
wosolsrH3sM$_$6,6,-0.06412496372295085,0.30208736658096313,0.4197918203644891,Positive,Negative
wosolsrH3sM$_$6,7,0.8044270113370601,1.0054972171783447,0.6528824057393977,Positive,Negative
x-zGBp7axao$_$3,0,0.2463803078319281,0.16583210229873657,0.4721710527798015,Positive,Negative
x-zGBp7axao$_$3,1,0.3042492787043447,0.4205400347709656,0.5300651344270534,Positive,Negative
x-zGBp7axao$_$3,2,1.8619086172273593,1.1148144006729126,0.771340370463317,Positive,Negative
x-zGBp7axao$_$3,3,0.8617113910639267,0.8291394710540771,0.6495331443238567,Positive,Negative
x-zGBp7axao$_$3,4,0.5184172610300797,0.23951762914657593,0.344961160414137,Positive,Negative
x-zGBp7axao$_$3,5,0.3931172722046373,0.5089040994644165,0.5470137738278219,Positive,Negative
x-zGBp7axao$_$3,6,1.195906866928349,0.6083168983459473,0.6062490973690108,Positive,Negative
x-zGBp7axao$_$3,7,0.31771258886432996,0.5569067001342773,0.5342740458545612,Positive,Negative
x2lOwQaAn4g$_$4,0,1.089895473409628,0.16583210229873657,0.4721710527798015,Positive,Neutral
x2lOwQaAn4g$_$4,1,2.1603627722582766,1.4131157398223877,0.8350303562027332,Positive,Neutral
x2lOwQaAn4g$_$4,2,0.913902325717712,0.5431362390518188,0.6354763135114424,Positive,Neutral
x2lOwQaAn4g$_$4,3,2.0456333400640947,1.2016003131866455,0.8330929017352766,Positive,Neutral
x2lOwQaAn4g$_$4,4,2.146919763603928,1.1992369890213013,0.7780758011749379,Positive,Neutral
x2lOwQaAn4g$_$4,5,2.3118325403941062,1.4390320777893066,0.842485045221075,Positive,Neutral
x2lOwQaAn4g$_$4,6,1.5057786190881,0.8660870790481567,0.737760502088541,Positive,Neutral
x2lOwQaAn4g$_$4,7,2.162854263042026,1.2835294008255005,0.8421408821382655,Positive,Neutral
xUgAP84vsg4$_$15,0,1.089895473409628,0.16583210229873657,0.4721710527798015,Positive,Neutral
xUgAP84vsg4$_$15,1,2.2502190015065997,1.5165438652038574,0.8282527212929097,Positive,Neutral
xUgAP84vsg4$_$15,2,0.2525716167895937,0.30851519107818604,0.4701687695680454,Positive,Neutral
xUgAP84vsg4$_$15,3,2.2961625640314756,1.4278873205184937,0.8521503083909296,Positive,Neutral
xUgAP84vsg4$_$15,4,1.7435328076892151,0.6752606630325317,0.6446240771335486,Positive,Neutral
xUgAP84vsg4$_$15,5,2.382156637860542,1.4840693473815918,0.8366689153773307,Positive,Neutral
xUgAP84vsg4$_$15,6,0.8635732423832755,0.5360596776008606,0.5852522281731866,Positive,Neutral
xUgAP84vsg4$_$15,7,2.380728049773488,1.4459859132766724,0.8572740801125323,Positive,Neutral
xUgAP84vsg4$_$4,0,1.089895473409628,0.16583210229873657,0.4721710527798015,Positive,Neutral
xUgAP84vsg4$_$4,1,2.1976803179786835,1.400860071182251,0.8326661342065864,Positive,Neutral
xUgAP84vsg4$_$4,2,0.3524595440374956,0.35114586353302,0.502290933688121,Positive,Neutral
xUgAP84vsg4$_$4,3,2.1107025064316116,1.234180212020874,0.8387719609264991,Positive,Neutral
xUgAP84vsg4$_$4,4,2.1356779749116046,0.7158862352371216,0.6482963517252046,Positive,Neutral
xUgAP84vsg4$_$4,5,2.39817632068049,1.3797259330749512,0.8378357978799369,Positive,Neutral
xUgAP84vsg4$_$4,6,1.4121384685237373,0.7211843729019165,0.6690810468002657,Positive,Neutral
xUgAP84vsg4$_$4,7,2.2981838738320794,1.3222739696502686,0.8497248661492912,Positive,Neutral
xUgAP84vsg4$_$8,0,1.089895473409628,0.16583210229873657,0.4721710527798015,Positive,Neutral
xUgAP84vsg4$_$8,1,1.9401280700661943,1.186528205871582,0.8206568163632247,Positive,Neutral
xUgAP84vsg4$_$8,2,0.38697961006381965,0.36308276653289795,0.5140899152775643,Positive,Neutral
xUgAP84vsg4$_$8,3,1.4869906377643791,0.8226086497306824,0.7598096699475703,Positive,Neutral
xUgAP84vsg4$_$8,4,1.551761024312655,-0.05966368317604065,0.4044149524834902,Positive,Neutral
xUgAP84vsg4$_$8,5,1.8583901629664958,0.98204505443573,0.7983593952324618,Positive,Neutral
xUgAP84vsg4$_$8,6,0.5342249905572966,0.32922613620758057,0.4937585966168941,Positive,Neutral
xUgAP84vsg4$_$8,7,1.063809622243168,0.6376025676727295,0.6735608463681697,Positive,Neutral
xivYoEUQ5sk$_$5,0,1.089895473409628,0.16583210229873657,0.4721710527798015,Positive,Neutral
xivYoEUQ5sk$_$5,1,2.143699416963379,1.346294641494751,0.8287769644190922,Positive,Neutral
xivYoEUQ5sk$_$5,2,1.046131517136623,0.6050556302070618,0.6335306614988951,Positive,Neutral
xivYoEUQ5sk$_$5,3,2.1203658117745445,1.2554240226745605,0.8346632526801461,Positive,Neutral
xivYoEUQ5sk$_$5,4,1.7393652865719273,0.8926843404769897,0.7214300612758627,Positive,Neutral
xivYoEUQ5sk$_$5,5,2.215773292917043,1.2701659202575684,0.832051669121422,Positive,Neutral
xivYoEUQ5sk$_$5,6,1.3210532482342405,0.7102338671684265,0.6587725579382936,Positive,Neutral
xivYoEUQ5sk$_$5,7,2.122911024461589,1.2261812686920166,0.8296854112853502,Positive,Neutral
xivYoEUQ5sk$_$4,0,0.2463803078319281,0.16583210229873657,0.4721710527798015,Positive,Negative
xivYoEUQ5sk$_$4,1,2.0833714240067818,1.5063934326171875,0.8130030816367679,Positive,Negative
xivYoEUQ5sk$_$4,2,1.8543983933306465,0.7609516978263855,0.7051789070774012,Positive,Negative
xivYoEUQ5sk$_$4,3,2.4502849215254603,1.5480027198791504,0.8502254534820956,Positive,Negative
xivYoEUQ5sk$_$4,4,1.162821655116432,0.595667839050293,0.6250226027697275,Positive,Negative
xivYoEUQ5sk$_$4,5,2.1309147490545084,1.442739725112915,0.8276826251428703,Positive,Negative
xivYoEUQ5sk$_$4,6,1.3996902709520227,0.6005088090896606,0.6304681270471448,Positive,Negative
xivYoEUQ5sk$_$4,7,2.4027228207326075,1.507951259613037,0.8516195983013375,Positive,Negative
xjsaS-LeZ14$_$20,0,-1.089895473409628,0.16583210229873657,0.15876829043619456,Neutral,Positive
xjsaS-LeZ14$_$20,1,-0.056611619155297443,0.2893284559249878,0.4232820601562098,Neutral,Positive
xjsaS-LeZ14$_$20,2,-0.8172535092355981,0.4625382423400879,0.2546430758543858,Neutral,Positive
xjsaS-LeZ14$_$20,3,0.026058598233361208,0.25615739822387695,0.4340227219520959,Neutral,Positive
xjsaS-LeZ14$_$20,4,-1.0174389274852706,0.3956224322319031,0.18514135441454507,Neutral,Positive
xjsaS-LeZ14$_$20,5,0.06962260938510456,0.2970980703830719,0.4296610460256654,Neutral,Positive
xjsaS-LeZ14$_$20,6,-0.664511924306158,0.30228325724601746,0.24509641052302528,Neutral,Positive
xjsaS-LeZ14$_$20,7,0.2617701577538011,0.24330458045005798,0.4583126176005209,Neutral,Positive
xjsaS-LeZ14$_$14,0,1.089895473409628,0.16583210229873657,0.4721710527798015,Positive,Neutral
xjsaS-LeZ14$_$14,1,1.5362798502199992,0.8442001342773438,0.7682919497666892,Positive,Neutral
xjsaS-LeZ14$_$14,2,1.887169057973642,1.0771665573120117,0.7677205510137645,Positive,Neutral
xjsaS-LeZ14$_$14,3,1.698744766239944,0.913844108581543,0.7930404112818212,Positive,Neutral
xjsaS-LeZ14$_$14,4,0.6791886305874106,-0.0351690873503685,0.2997923800695644,Positive,Neutral
xjsaS-LeZ14$_$14,5,1.168844321182563,0.6500673890113831,0.6951358289447226,Positive,Neutral
xjsaS-LeZ14$_$14,6,1.3411684495138143,0.6577087640762329,0.6031880217790964,Positive,Neutral
xjsaS-LeZ14$_$14,7,1.2138621976137047,0.706951916217804,0.701498784296787,Positive,Neutral
xjsaS-LeZ14$_$6,0,1.089895473409628,0.16583210229873657,0.4721710527798015,Positive,Neutral
xjsaS-LeZ14$_$6,1,1.4687067523678672,0.8499824404716492,0.7289939805960336,Positive,Neutral
xjsaS-LeZ14$_$6,2,1.7987905822120616,0.9783313274383545,0.7478333518524863,Positive,Neutral
xjsaS-LeZ14$_$6,3,1.5669090565188784,0.9040507078170776,0.7425168086893692,Positive,Neutral
xjsaS-LeZ14$_$6,4,1.5474284249354617,0.6324957013130188,0.5920370197695413,Positive,Neutral
xjsaS-LeZ14$_$6,5,1.6788028109533821,0.8233468532562256,0.7369120829716448,Positive,Neutral
xjsaS-LeZ14$_$6,6,1.64448111113609,0.7836386561393738,0.6661760429811561,Positive,Neutral
xjsaS-LeZ14$_$6,7,1.5815151883614424,0.8432372808456421,0.7194942802834838,Positive,Neutral
y8HXGm1-Ecw$_$7,0,-0.2463803078319281,0.16583210229873657,0.3690606567840039,Negative,Positive
y8HXGm1-Ecw$_$7,1,2.4430134818255196,-0.9721622467041016,0.8580078003960301,Negative,Positive
y8HXGm1-Ecw$_$7,2,-1.7056748954961813,0.5837118625640869,0.11637248914762525,Negative,Positive
y8HXGm1-Ecw$_$7,3,0.9084775702174753,-0.02022308111190796,0.5644089234962977,Negative,Positive
y8HXGm1-Ecw$_$7,4,-1.3266042237120281,0.854049563407898,0.1866587820978596,Negative,Positive
y8HXGm1-Ecw$_$7,5,1.8055980510449625,-0.4237514138221741,0.8128569609163974,Negative,Positive
y8HXGm1-Ecw$_$7,6,-1.4730305852920407,0.707722544670105,0.15070481043362974,Negative,Positive
y8HXGm1-Ecw$_$7,7,1.1539373974155545,-0.09628660976886749,0.6719816317383002,Negative,Positive
y9FyTEyGy5Y$_$1,0,1.089895473409628,0.16583210229873657,0.4721710527798015,Positive,Neutral
y9FyTEyGy5Y$_$1,1,2.157096999476807,1.3601247072219849,0.8400582443181087,Positive,Neutral
y9FyTEyGy5Y$_$1,2,0.6996947826852978,0.4636823534965515,0.5831565210045712,Positive,Neutral
y9FyTEyGy5Y$_$1,3,1.8802502755101551,1.0698984861373901,0.8148365548883021,Positive,Neutral
y9FyTEyGy5Y$_$1,4,1.679127482556786,0.9204663038253784,0.7249584048633263,Positive,Neutral
y9FyTEyGy5Y$_$1,5,2.2120330193040942,1.2836813926696777,0.8399405748241677,Positive,Neutral
y9FyTEyGy5Y$_$1,6,0.9774345379256886,0.6038862466812134,0.6304344244889297,Positive,Neutral
y9FyTEyGy5Y$_$1,7,1.79279724447944,1.0156043767929077,0.7982779379472378,Positive,Neutral
zhE_68GMJIk$_$8,0,1.089895473409628,0.16583210229873657,0.4721710527798015,Positive,Neutral
zhE_68GMJIk$_$8,1,1.797335918829035,0.9653441905975342,0.7778739857909882,Positive,Neutral
zhE_68GMJIk$_$8,2,-0.06952793577807392,0.21185004711151123,0.37318007643630335,Positive,Neutral
zhE_68GMJIk$_$8,3,0.6227062736360264,0.47003811597824097,0.5553549716097543,Positive,Neutral
zhE_68GMJIk$_$8,4,1.6299948703970462,0.6374720335006714,0.6031992913245972,Positive,Neutral
zhE_68GMJIk$_$8,5,1.6383883686459753,0.7991639971733093,0.7124323516489082,Positive,Neutral
zhE_68GMJIk$_$8,6,0.7102356512106976,0.4004918336868286,0.490568222102257,Positive,Neutral
zhE_68GMJIk$_$8,7,0.6975233740312768,0.49743062257766724,0.5407114430581372,Positive,Neutral
zhE_68GMJIk$_$5,0,1.089895473409628,0.16583210229873657,0.4721710527798015,Positive,Neutral
zhE_68GMJIk$_$5,1,0.0844960136417422,0.2564491629600525,0.3846630273862828,Positive,Neutral
zhE_68GMJIk$_$5,2,-0.06691084447002538,0.15741628408432007,0.38280124082150874,Positive,Neutral
zhE_68GMJIk$_$5,3,-0.2551702876729752,0.17951947450637817,0.32495540386662525,Positive,Neutral
zhE_68GMJIk$_$5,4,1.9863722853952182,0.9218431711196899,0.7178141951703817,Positive,Neutral
zhE_68GMJIk$_$5,5,0.9982743325932459,0.47528576850891113,0.543016844216174,Positive,Neutral
zhE_68GMJIk$_$5,6,1.0239484781326218,0.5403904318809509,0.5928585946071203,Positive,Neutral
zhE_68GMJIk$_$5,7,0.29578550490359534,0.29835647344589233,0.40719615189630526,Positive,Neutral
zjYEBwXGD8I$_$13,0,1.089895473409628,0.16583210229873657,0.4721710527798015,Positive,Neutral
zjYEBwXGD8I$_$13,1,1.8412897147551586,1.028273105621338,0.8038924857575143,Positive,Neutral
zjYEBwXGD8I$_$13,2,0.23849250092323337,0.3177848756313324,0.4694621144385417,Positive,Neutral
zjYEBwXGD8I$_$13,3,1.267633855898465,0.6704485416412354,0.7133874216895006,Positive,Neutral
zjYEBwXGD8I$_$13,4,1.1921879195788079,0.1349017471075058,0.4538313405030108,Positive,Neutral
zjYEBwXGD8I$_$13,5,1.6640035806160576,0.8193770051002502,0.7690577570764094,Positive,Neutral
zjYEBwXGD8I$_$13,6,0.4948195279766907,0.29819387197494507,0.48133101559066677,Positive,Neutral
zjYEBwXGD8I$_$13,7,1.0878053859302403,0.6045262813568115,0.6699579762777372,Positive,Neutral
zjYEBwXGD8I$_$15,0,1.089895473409628,0.16583210229873657,0.4721710527798015,Positive,Neutral
zjYEBwXGD8I$_$15,1,0.20407449568620273,0.32777541875839233,0.4770311037992299,Positive,Neutral
zjYEBwXGD8I$_$15,2,0.6790202419504148,0.4679873585700989,0.5728427937216569,Positive,Neutral
zjYEBwXGD8I$_$15,3,0.12943973979637013,0.30771538615226746,0.45806898308845045,Positive,Neutral
zjYEBwXGD8I$_$15,4,-0.12551516566095833,0.006079152226448059,0.2747063601639291,Positive,Neutral
zjYEBwXGD8I$_$15,5,0.11739144514846411,0.31557679176330566,0.4554350167560941,Positive,Neutral
zjYEBwXGD8I$_$15,6,0.5936090305568552,0.4464467763900757,0.551007955782878,Positive,Neutral
zjYEBwXGD8I$_$15,7,0.07439017757788191,0.30216872692108154,0.443993645113431,Positive,Neutral
zjYEBwXGD8I$_$0,0,1.089895473409628,0.16583210229873657,0.4721710527798015,Positive,Neutral
zjYEBwXGD8I$_$0,1,1.5987045368747719,0.926132082939148,0.7712881848176588,Positive,Neutral
zjYEBwXGD8I$_$0,2,0.6281686151501382,0.4838700294494629,0.5667163111829281,Positive,Neutral
zjYEBwXGD8I$_$0,3,1.2257249772382248,0.6776012778282166,0.7143351391509458,Positive,Neutral
zjYEBwXGD8I$_$0,4,1.2818454098341485,0.5817211270332336,0.6080783754673271,Positive,Neutral
zjYEBwXGD8I$_$0,5,1.4124102742471998,0.779130220413208,0.7356818044248932,Positive,Neutral
zjYEBwXGD8I$_$0,6,0.5332725110833344,0.4494364261627197,0.5210574599750345,Positive,Neutral
zjYEBwXGD8I$_$0,7,0.7769782032757542,0.5485502481460571,0.613798635735431,Positive,Neutral
zjYEBwXGD8I$_$2,0,1.089895473409628,0.16583210229873657,0.4721710527798015,Positive,Neutral
zjYEBwXGD8I$_$2,1,1.9418772452537207,1.1798508167266846,0.8125070688017059,Positive,Neutral
zjYEBwXGD8I$_$2,2,-0.017183528918834567,0.30355262756347656,0.4162502038507188,Positive,Neutral
zjYEBwXGD8I$_$2,3,1.4773313405793975,0.831355631351471,0.7538256409486892,Positive,Neutral
zjYEBwXGD8I$_$2,4,1.5784450469140086,0.28790122270584106,0.5512861807392483,Positive,Neutral
zjYEBwXGD8I$_$2,5,1.9253027506898956,1.0099084377288818,0.8006090234825376,Positive,Neutral
zjYEBwXGD8I$_$2,6,0.44803686110414265,0.2908404469490051,0.4837629369653767,Positive,Neutral
zjYEBwXGD8I$_$2,7,1.23479625311648,0.7080870270729065,0.7034186568052085,Positive,Neutral
zjYEBwXGD8I$_$4,0,1.089895473409628,0.16583210229873657,0.4721710527798015,Positive,Neutral
zjYEBwXGD8I$_$4,1,0.7821002266260015,0.47521036863327026,0.6073927616223842,Positive,Neutral
zjYEBwXGD8I$_$4,2,0.751775838007017,0.4625437259674072,0.5741364289326844,Positive,Neutral
zjYEBwXGD8I$_$4,3,0.4270279975603072,0.34567567706108093,0.52504489440094,Positive,Neutral
zjYEBwXGD8I$_$4,4,1.089895473409628,0.16583210229873657,0.4721710527798015,Positive,Neutral
zjYEBwXGD8I$_$4,5,0.7821002266260015,0.47521036863327026,0.6073927616223842,Positive,Neutral
zjYEBwXGD8I$_$4,6,0.751775838007017,0.4625437259674072,0.5741364289326844,Positive,Neutral
zjYEBwXGD8I$_$4,7,0.4270279975603072,0.34567567706108093,0.52504489440094,Positive,Neutral
zjYEBwXGD8I$_$9,0,1.089895473409628,0.16583210229873657,0.4721710527798015,Positive,Neutral
zjYEBwXGD8I$_$9,1,1.7216987520448066,0.9135472774505615,0.7941202095459301,Positive,Neutral
zjYEBwXGD8I$_$9,2,0.07987026577786516,0.2998616099357605,0.42861287823519095,Positive,Neutral
zjYEBwXGD8I$_$9,3,1.1208306257700373,0.6267781257629395,0.6899893261031064,Positive,Neutral
zjYEBwXGD8I$_$9,4,1.60734457196986,0.43262046575546265,0.536117728580832,Positive,Neutral
zjYEBwXGD8I$_$9,5,1.7682446259868132,0.9231829643249512,0.7939556755373028,Positive,Neutral
zjYEBwXGD8I$_$9,6,0.5323411584667581,0.37842798233032227,0.5016842248861255,Positive,Neutral
zjYEBwXGD8I$_$9,7,1.0568184295953358,0.6303049325942993,0.6722343533113087,Positive,Neutral
zk2jTlAtvSU$_$3,0,-1.089895473409628,0.16583210229873657,0.15876829043619456,Neutral,Positive
zk2jTlAtvSU$_$3,1,0.6321255114445593,0.19327035546302795,0.5366386057959273,Neutral,Positive
zk2jTlAtvSU$_$3,2,-0.2656885242932078,0.27484235167503357,0.34553175314335055,Neutral,Positive
zk2jTlAtvSU$_$3,3,0.5575045621759275,0.1602182388305664,0.5164386489573528,Neutral,Positive
zk2jTlAtvSU$_$3,4,-1.7533887790423748,0.7804728746414185,0.11837860117560343,Neutral,Positive
zk2jTlAtvSU$_$3,5,-0.1175209813361886,0.36935216188430786,0.3934667568072377,Neutral,Positive
zk2jTlAtvSU$_$3,6,-1.0658397386134006,0.5660296082496643,0.20830040205422734,Neutral,Positive
zk2jTlAtvSU$_$3,7,0.13234734214417976,0.2959757447242737,0.4325922118759494,Neutral,Positive
