sample_id,text_token_ids_match_raw,text_content_rows,audio_observed_rows,vision_observed_rows,at_50_token_limit,av_alignment_status
-3g5yACwYnA$_$4,True,39,39,39,False,unverified: separate modality axes
-HwX2H8Z4hY$_$3,True,18,18,3,False,unverified: separate modality axes
-HwX2H8Z4hY$_$9,True,24,24,18,False,unverified: separate modality axes
-NFrJFQijFE$_$0,True,10,10,0,False,unverified: separate modality axes
-THoVjtIkeU$_$2,True,11,11,11,False,unverified: separate modality axes
-UuX1xuaiiE$_$9,True,18,18,18,False,unverified: separate modality axes
-WXXTNIJcVM$_$0,True,8,8,0,False,unverified: separate modality axes
-a55Q6RWvTA$_$3,True,48,48,48,True,unverified: separate modality axes
-aNfi7CP8vM$_$10,True,28,28,28,False,unverified: separate modality axes
-aqamKhZ1Ec$_$1,True,29,29,29,False,unverified: separate modality axes
-aqamKhZ1Ec$_$0,True,16,16,16,False,unverified: separate modality axes
-dxfTGcXJoc$_$0,True,48,48,48,True,unverified: separate modality axes
-dxfTGcXJoc$_$6,True,32,32,32,False,unverified: separate modality axes
-egA8-b7-3M$_$3,True,21,21,21,False,unverified: separate modality axes
-lqc32Zpr7M$_$18,True,29,29,29,False,unverified: separate modality axes
-lzEya4AM_4$_$6,True,48,48,48,True,unverified: separate modality axes
-mJ2ud6oKI8$_$9,True,29,29,29,False,unverified: separate modality axes
-mqbVkbCndg$_$1,True,8,8,8,False,unverified: separate modality axes
-mqbVkbCndg$_$4,True,21,21,21,False,unverified: separate modality axes
-tPCytz4rww$_$16,True,17,17,17,False,unverified: separate modality axes
-vxjVxOeScU$_$2,True,19,19,19,False,unverified: separate modality axes
-wny0OAz3g8$_$0,True,11,11,11,False,unverified: separate modality axes
-wny0OAz3g8$_$5,True,27,27,27,False,unverified: separate modality axes
03X1FwF6udc$_$22,True,21,21,21,False,unverified: separate modality axes
07Z16yRBFUQ$_$5,True,39,39,39,False,unverified: separate modality axes
0BVed2nBq1g$_$0,True,8,8,8,False,unverified: separate modality axes
0BVed2nBq1g$_$3,True,11,11,11,False,unverified: separate modality axes
0BVed2nBq1g$_$2,True,26,26,26,False,unverified: separate modality axes
0DBfvvIVmqY$_$13,True,8,8,8,False,unverified: separate modality axes
0DBfvvIVmqY$_$14,True,16,16,16,False,unverified: separate modality axes
0DBfvvIVmqY$_$4,True,9,9,9,False,unverified: separate modality axes
0DBfvvIVmqY$_$8,True,11,11,11,False,unverified: separate modality axes
0EphpADwdPg$_$6,True,14,14,14,False,unverified: separate modality axes
0FA32bEZ6xI$_$24,True,30,30,30,False,unverified: separate modality axes
0FA32bEZ6xI$_$25,True,18,18,18,False,unverified: separate modality axes
0FA32bEZ6xI$_$28,True,18,18,18,False,unverified: separate modality axes
0FA32bEZ6xI$_$3,True,12,12,12,False,unverified: separate modality axes
0FA32bEZ6xI$_$6,True,12,12,12,False,unverified: separate modality axes
0FA32bEZ6xI$_$15,True,35,35,35,False,unverified: separate modality axes
0FA32bEZ6xI$_$14,True,11,11,11,False,unverified: separate modality axes
0FA32bEZ6xI$_$18,True,8,8,8,False,unverified: separate modality axes
0JuRmhhgMw8$_$0,True,15,15,15,False,unverified: separate modality axes
0OC3wf9x3zQ$_$7,True,19,19,19,False,unverified: separate modality axes
0OC3wf9x3zQ$_$6,True,26,26,26,False,unverified: separate modality axes
0OXeN3MhFeA$_$19,True,29,29,29,False,unverified: separate modality axes
0OXeN3MhFeA$_$18,True,15,15,15,False,unverified: separate modality axes
0OXeN3MhFeA$_$15,True,20,20,20,False,unverified: separate modality axes
0Svu5BldR5A$_$0,True,36,36,36,False,unverified: separate modality axes
0YdYFtVdlWE$_$7,True,4,4,4,False,unverified: separate modality axes
0YdYFtVdlWE$_$6,True,10,10,10,False,unverified: separate modality axes
0YdYFtVdlWE$_$8,True,14,14,14,False,unverified: separate modality axes
0YdYFtVdlWE$_$10,True,19,19,19,False,unverified: separate modality axes
0YdYFtVdlWE$_$15,True,37,37,34,False,unverified: separate modality axes
0YdYFtVdlWE$_$14,True,15,15,15,False,unverified: separate modality axes
0bsTzavb-AE$_$3,True,15,15,15,False,unverified: separate modality axes
0hCOCt6fWas$_$15,True,31,31,31,False,unverified: separate modality axes
0hCOCt6fWas$_$2,True,33,33,33,False,unverified: separate modality axes
0hCihQ5Kep0$_$3,True,19,19,19,False,unverified: separate modality axes
0hCihQ5Kep0$_$4,True,7,7,7,False,unverified: separate modality axes
0jtdrsmVzYQ$_$5,True,25,25,25,False,unverified: separate modality axes
0mXv97u2OCM$_$7,True,18,18,18,False,unverified: separate modality axes
0p9XKC_J3hU$_$2,True,29,29,29,False,unverified: separate modality axes
0rE8jEvQW_I$_$3,True,20,20,20,False,unverified: separate modality axes
0rE8jEvQW_I$_$4,True,21,21,21,False,unverified: separate modality axes
0rE8jEvQW_I$_$9,True,6,6,6,False,unverified: separate modality axes
0tkWa2skSmA$_$8,True,48,48,48,True,unverified: separate modality axes
0tkWa2skSmA$_$6,True,17,17,17,False,unverified: separate modality axes
100499$_$5,True,48,48,48,True,unverified: separate modality axes
100499$_$4,True,18,18,18,False,unverified: separate modality axes
101851$_$13,True,17,17,17,False,unverified: separate modality axes
101851$_$14,True,8,8,1,False,unverified: separate modality axes
101851$_$16,True,18,18,18,False,unverified: separate modality axes
101851$_$0,True,20,20,15,False,unverified: separate modality axes
102184$_$12,True,46,46,46,False,unverified: separate modality axes
102184$_$1,True,19,19,19,False,unverified: separate modality axes
102184$_$3,True,29,29,29,False,unverified: separate modality axes
102184$_$7,True,14,14,14,False,unverified: separate modality axes
10223$_$1,True,16,16,16,False,unverified: separate modality axes
10223$_$9,True,17,17,17,False,unverified: separate modality axes
106077$_$1,True,12,12,12,False,unverified: separate modality axes
106077$_$2,True,18,18,18,False,unverified: separate modality axes
106077$_$7,True,11,11,11,False,unverified: separate modality axes
106514$_$10,True,25,25,25,False,unverified: separate modality axes
106514$_$2,True,20,20,20,False,unverified: separate modality axes
106514$_$9,True,4,4,4,False,unverified: separate modality axes
106941$_$10,True,30,30,30,False,unverified: separate modality axes
106941$_$12,True,26,26,26,False,unverified: separate modality axes
106941$_$3,True,29,29,29,False,unverified: separate modality axes
106941$_$2,True,11,11,11,False,unverified: separate modality axes
106941$_$7,True,11,11,11,False,unverified: separate modality axes
106941$_$9,True,9,9,9,False,unverified: separate modality axes
106941$_$8,True,12,12,12,False,unverified: separate modality axes
107551$_$1,True,27,27,27,False,unverified: separate modality axes
107551$_$3,True,12,12,12,False,unverified: separate modality axes
107551$_$5,True,48,48,48,True,unverified: separate modality axes
107551$_$6,True,9,9,9,False,unverified: separate modality axes
108793$_$10,True,28,28,28,False,unverified: separate modality axes
108793$_$17,True,21,21,10,False,unverified: separate modality axes
108793$_$1,True,15,15,15,False,unverified: separate modality axes
108793$_$0,True,3,3,3,False,unverified: separate modality axes
108793$_$8,True,12,12,12,False,unverified: separate modality axes
110203$_$2,True,48,48,17,True,unverified: separate modality axes
110203$_$7,True,13,13,3,False,unverified: separate modality axes
110754$_$3,True,23,23,20,False,unverified: separate modality axes
110754$_$2,True,23,23,14,False,unverified: separate modality axes
110766$_$8,True,7,7,7,False,unverified: separate modality axes
110788$_$0,True,13,13,13,False,unverified: separate modality axes
110788$_$5,True,15,15,15,False,unverified: separate modality axes
112148$_$12,True,16,16,16,False,unverified: separate modality axes
112148$_$5,True,11,11,11,False,unverified: separate modality axes
112148$_$4,True,11,11,11,False,unverified: separate modality axes
112148$_$7,True,19,19,19,False,unverified: separate modality axes
112169$_$7,True,8,8,8,False,unverified: separate modality axes
112604$_$1,True,48,48,48,True,unverified: separate modality axes
112631$_$1,True,48,48,48,True,unverified: separate modality axes
112631$_$6,True,20,20,20,False,unverified: separate modality axes
112903$_$0,True,30,30,30,False,unverified: separate modality axes
112903$_$3,True,27,27,27,False,unverified: separate modality axes
112903$_$6,True,48,48,48,True,unverified: separate modality axes
113265$_$3,True,18,18,18,False,unverified: separate modality axes
113265$_$4,True,33,33,33,False,unverified: separate modality axes
114624$_$11,True,5,5,5,False,unverified: separate modality axes
114624$_$6,True,18,18,18,False,unverified: separate modality axes
114624$_$8,True,9,9,9,False,unverified: separate modality axes
11650$_$0,True,4,4,4,False,unverified: separate modality axes
11650$_$3,True,25,25,25,False,unverified: separate modality axes
11650$_$4,True,33,33,33,False,unverified: separate modality axes
11650$_$13,True,10,10,10,False,unverified: separate modality axes
11650$_$18,True,22,22,22,False,unverified: separate modality axes
119348$_$11,True,20,20,20,False,unverified: separate modality axes
119348$_$3,True,24,24,24,False,unverified: separate modality axes
119348$_$2,True,20,20,8,False,unverified: separate modality axes
120vnZnmhq4$_$2,True,29,29,29,False,unverified: separate modality axes
121358$_$1,True,8,8,8,False,unverified: separate modality axes
121358$_$4,True,5,5,5,False,unverified: separate modality axes
121358$_$10,True,14,14,14,False,unverified: separate modality axes
121358$_$13,True,7,7,7,False,unverified: separate modality axes
121358$_$15,True,18,18,18,False,unverified: separate modality axes
121358$_$14,True,18,18,18,False,unverified: separate modality axes
122439$_$4,True,27,27,27,False,unverified: separate modality axes
122602$_$12,True,33,33,33,False,unverified: separate modality axes
122602$_$15,True,12,12,12,False,unverified: separate modality axes
122602$_$0,True,14,14,14,False,unverified: separate modality axes
122602$_$4,True,9,9,9,False,unverified: separate modality axes
122842$_$1,True,10,10,0,False,unverified: separate modality axes
122842$_$6,True,28,28,28,False,unverified: separate modality axes
125730$_$12,True,22,22,22,False,unverified: separate modality axes
125730$_$1,True,24,24,24,False,unverified: separate modality axes
125730$_$0,True,28,28,28,False,unverified: separate modality axes
125730$_$2,True,7,7,7,False,unverified: separate modality axes
125730$_$8,True,18,18,18,False,unverified: separate modality axes
125845$_$1,True,43,43,43,False,unverified: separate modality axes
125845$_$3,True,41,41,41,False,unverified: separate modality axes
125845$_$5,True,38,38,38,False,unverified: separate modality axes
126542$_$11,True,31,31,31,False,unverified: separate modality axes
126542$_$12,True,4,4,4,False,unverified: separate modality axes
126542$_$17,True,13,13,13,False,unverified: separate modality axes
126542$_$16,True,19,19,19,False,unverified: separate modality axes
126542$_$3,True,10,10,10,False,unverified: separate modality axes
126831$_$10,True,26,26,26,False,unverified: separate modality axes
126831$_$3,True,25,25,25,False,unverified: separate modality axes
127470$_$5,True,10,10,10,False,unverified: separate modality axes
127470$_$6,True,16,16,16,False,unverified: separate modality axes
127539$_$5,True,13,13,13,False,unverified: separate modality axes
127539$_$7,True,35,35,35,False,unverified: separate modality axes
127539$_$6,True,31,31,31,False,unverified: separate modality axes
127539$_$9,True,17,17,17,False,unverified: separate modality axes
127539$_$8,True,43,43,43,False,unverified: separate modality axes
12812$_$3,True,48,48,48,True,unverified: separate modality axes
12812$_$6,True,45,45,45,False,unverified: separate modality axes
128258$_$13,True,36,36,36,False,unverified: separate modality axes
128258$_$1,True,27,27,27,False,unverified: separate modality axes
128752$_$15,True,22,22,22,False,unverified: separate modality axes
128752$_$16,True,8,8,8,False,unverified: separate modality axes
128752$_$3,True,27,27,27,False,unverified: separate modality axes
128752$_$7,True,22,22,22,False,unverified: separate modality axes
128752$_$9,True,23,23,23,False,unverified: separate modality axes
128949$_$2,True,32,32,32,False,unverified: separate modality axes
129733$_$7,True,36,36,36,False,unverified: separate modality axes
130149$_$3,True,13,13,13,False,unverified: separate modality axes
130149$_$6,True,23,23,23,False,unverified: separate modality axes
130426$_$0,True,28,28,28,False,unverified: separate modality axes
130426$_$6,True,31,31,31,False,unverified: separate modality axes
130633$_$5,True,48,48,48,True,unverified: separate modality axes
130633$_$7,True,16,16,16,False,unverified: separate modality axes
131650$_$1,True,38,38,38,False,unverified: separate modality axes
131650$_$0,True,19,19,19,False,unverified: separate modality axes
131650$_$3,True,14,14,14,False,unverified: separate modality axes
131650$_$9,True,3,3,3,False,unverified: separate modality axes
131871$_$1,True,31,31,31,False,unverified: separate modality axes
131936$_$2,True,9,9,9,False,unverified: separate modality axes
131936$_$4,True,30,30,30,False,unverified: separate modality axes
134252$_$1,True,19,19,17,False,unverified: separate modality axes
134252$_$0,True,1,1,1,False,unverified: separate modality axes
136205$_$12,True,11,11,11,False,unverified: separate modality axes
136205$_$0,True,13,13,13,False,unverified: separate modality axes
136205$_$6,True,6,6,6,False,unverified: separate modality axes
136211$_$3,True,14,14,14,False,unverified: separate modality axes
136211$_$2,True,45,45,45,False,unverified: separate modality axes
137827$_$1,True,12,12,12,False,unverified: separate modality axes
137827$_$2,True,31,31,31,False,unverified: separate modality axes
137827$_$4,True,24,24,24,False,unverified: separate modality axes
139006$_$12,True,48,48,48,True,unverified: separate modality axes
139006$_$3,True,16,16,16,False,unverified: separate modality axes
139032$_$16,True,7,7,7,False,unverified: separate modality axes
139032$_$3,True,28,28,28,False,unverified: separate modality axes
13JpsLvddoY$_$8,True,16,16,16,False,unverified: separate modality axes
13JpsLvddoY$_$7,True,30,30,30,False,unverified: separate modality axes
140293$_$0,True,18,18,17,False,unverified: separate modality axes
140317$_$5,True,10,10,0,False,unverified: separate modality axes
140317$_$7,True,48,48,48,True,unverified: separate modality axes
154449$_$2,True,19,19,19,False,unverified: separate modality axes
154449$_$4,True,3,3,3,False,unverified: separate modality axes
154449$_$6,True,20,20,20,False,unverified: separate modality axes
154449$_$8,True,20,20,20,False,unverified: separate modality axes
15837$_$1,True,15,15,15,False,unverified: separate modality axes
15837$_$9,True,38,38,11,False,unverified: separate modality axes
15Wu4U2VPLw$_$2,True,15,15,15,False,unverified: separate modality axes
15Wu4U2VPLw$_$4,True,27,27,25,False,unverified: separate modality axes
15Wu4U2VPLw$_$6,True,15,15,0,False,unverified: separate modality axes
15ktF-6wutk$_$4,True,17,17,3,False,unverified: separate modality axes
180923$_$14,True,13,13,13,False,unverified: separate modality axes
180923$_$5,True,4,4,4,False,unverified: separate modality axes
180923$_$4,True,17,17,17,False,unverified: separate modality axes
180923$_$6,True,48,48,48,True,unverified: separate modality axes
184784$_$6,True,42,42,38,False,unverified: separate modality axes
186631$_$10,True,36,36,36,False,unverified: separate modality axes
186631$_$6,True,48,48,48,True,unverified: separate modality axes
188122$_$12,True,23,23,23,False,unverified: separate modality axes
188122$_$16,True,38,38,18,False,unverified: separate modality axes
188122$_$9,True,29,29,29,False,unverified: separate modality axes
189966$_$21,True,6,6,6,False,unverified: separate modality axes
189966$_$22,True,7,7,7,False,unverified: separate modality axes
189966$_$2,True,12,12,12,False,unverified: separate modality axes
189966$_$4,True,10,10,10,False,unverified: separate modality axes
189966$_$6,True,12,12,12,False,unverified: separate modality axes
189966$_$12,True,9,9,9,False,unverified: separate modality axes
189966$_$14,True,29,29,29,False,unverified: separate modality axes
189966$_$16,True,40,40,40,False,unverified: separate modality axes
189966$_$19,True,5,5,5,False,unverified: separate modality axes
18JTkk8JbeU$_$6,True,26,26,26,False,unverified: separate modality axes
18QjfdhJEM4$_$14,True,33,33,33,False,unverified: separate modality axes
18QjfdhJEM4$_$17,True,12,12,12,False,unverified: separate modality axes
18QjfdhJEM4$_$23,True,14,14,12,False,unverified: separate modality axes
18QjfdhJEM4$_$4,True,32,32,32,False,unverified: separate modality axes
190740$_$2,True,37,37,37,False,unverified: separate modality axes
190740$_$4,True,22,22,22,False,unverified: separate modality axes
190740$_$7,True,30,30,30,False,unverified: separate modality axes
190740$_$6,True,14,14,14,False,unverified: separate modality axes
192799$_$10,True,31,31,31,False,unverified: separate modality axes
192799$_$17,True,28,28,28,False,unverified: separate modality axes
192799$_$7,True,14,14,14,False,unverified: separate modality axes
192799$_$8,True,29,29,29,False,unverified: separate modality axes
194625$_$16,True,9,9,9,False,unverified: separate modality axes
194625$_$18,True,48,48,45,True,unverified: separate modality axes
194625$_$5,True,11,11,11,False,unverified: separate modality axes
194625$_$7,True,39,39,37,False,unverified: separate modality axes
197778$_$11,True,28,28,28,False,unverified: separate modality axes
197778$_$2,True,15,15,15,False,unverified: separate modality axes
197778$_$4,True,21,21,21,False,unverified: separate modality axes
197778$_$9,True,15,15,15,False,unverified: separate modality axes
19k6sEC7814$_$10,True,15,15,15,False,unverified: separate modality axes
19k6sEC7814$_$4,True,18,18,18,False,unverified: separate modality axes
1A-aRhYx-GQ$_$15,True,43,43,43,False,unverified: separate modality axes
1A-aRhYx-GQ$_$31,True,23,23,23,False,unverified: separate modality axes
1A-aRhYx-GQ$_$7,True,22,22,22,False,unverified: separate modality axes
1A7dqFxx8wU$_$0,True,7,7,7,False,unverified: separate modality axes
1CjUHNYzW1E$_$11,True,9,9,9,False,unverified: separate modality axes
1ESU5ONMMxs$_$14,True,27,27,25,False,unverified: separate modality axes
1ESU5ONMMxs$_$0,True,18,18,15,False,unverified: separate modality axes
1ESU5ONMMxs$_$6,True,16,16,0,False,unverified: separate modality axes
1ESU5ONMMxs$_$8,True,36,36,0,False,unverified: separate modality axes
1F0qH0EEBfo$_$21,True,42,42,42,False,unverified: separate modality axes
1F0qH0EEBfo$_$1,True,11,11,11,False,unverified: separate modality axes
1F0qH0EEBfo$_$0,True,25,25,25,False,unverified: separate modality axes
1F0qH0EEBfo$_$5,True,12,12,12,False,unverified: separate modality axes
1F0qH0EEBfo$_$9,True,31,31,31,False,unverified: separate modality axes
1F0qH0EEBfo$_$15,True,16,16,16,False,unverified: separate modality axes
1F0qH0EEBfo$_$14,True,10,10,8,False,unverified: separate modality axes
1JQ9UCBEmCU$_$1,True,12,12,3,False,unverified: separate modality axes
1JQ9UCBEmCU$_$0,True,6,6,0,False,unverified: separate modality axes
1W38PnuWIkM$_$3,True,21,21,14,False,unverified: separate modality axes
1W38PnuWIkM$_$5,True,27,27,6,False,unverified: separate modality axes
1W38PnuWIkM$_$4,True,25,25,25,False,unverified: separate modality axes
1W38PnuWIkM$_$6,True,5,5,5,False,unverified: separate modality axes
1bzS0YF5hfs$_$1,True,18,18,18,False,unverified: separate modality axes
1dWsw38VDjY$_$9,True,31,31,31,False,unverified: separate modality axes
1fqNb8cfLFE$_$2,True,48,48,48,True,unverified: separate modality axes
1k7br8xXMSU$_$11,True,45,45,45,False,unverified: separate modality axes
1k7br8xXMSU$_$12,True,48,48,48,True,unverified: separate modality axes
1mHjMNZZvFo$_$1,True,27,27,27,False,unverified: separate modality axes
1mHjMNZZvFo$_$5,True,17,17,17,False,unverified: separate modality axes
1pvK0_9SQns$_$10,True,31,31,31,False,unverified: separate modality axes
1pvK0_9SQns$_$8,True,35,35,35,False,unverified: separate modality axes
1sJjdaXXuJg$_$4,True,28,28,28,False,unverified: separate modality axes
1tuMFJnlXJc$_$20,True,32,32,32,False,unverified: separate modality axes
1tuMFJnlXJc$_$1,True,14,14,14,False,unverified: separate modality axes
1tuMFJnlXJc$_$3,True,48,48,48,True,unverified: separate modality axes
1tuMFJnlXJc$_$4,True,20,20,20,False,unverified: separate modality axes
2-4autDbHVQ$_$12,True,13,13,13,False,unverified: separate modality axes
2-4autDbHVQ$_$19,True,10,10,10,False,unverified: separate modality axes
2-4autDbHVQ$_$8,True,15,15,15,False,unverified: separate modality axes
2-5hH_k2VFk$_$9,True,48,48,48,True,unverified: separate modality axes
201582$_$2,True,48,48,48,True,unverified: separate modality axes
201582$_$6,True,21,21,21,False,unverified: separate modality axes
202431$_$6,True,48,48,42,True,unverified: separate modality axes
202810$_$7,True,11,11,11,False,unverified: separate modality axes
202810$_$8,True,27,27,27,False,unverified: separate modality axes
202990$_$5,True,30,30,30,False,unverified: separate modality axes
202990$_$6,True,38,38,38,False,unverified: separate modality axes
206049$_$0,True,17,17,17,False,unverified: separate modality axes
206049$_$3,True,35,35,35,False,unverified: separate modality axes
206051$_$2,True,9,9,9,False,unverified: separate modality axes
206376$_$2,True,11,11,11,False,unverified: separate modality axes
206507$_$2,True,11,11,11,False,unverified: separate modality axes
206507$_$6,True,35,35,35,False,unverified: separate modality axes
206606$_$5,True,23,23,23,False,unverified: separate modality axes
206606$_$7,True,37,37,37,False,unverified: separate modality axes
207812$_$3,True,24,24,24,False,unverified: separate modality axes
207812$_$9,True,11,11,11,False,unverified: separate modality axes
207812$_$8,True,22,22,22,False,unverified: separate modality axes
208148$_$11,True,19,19,19,False,unverified: separate modality axes
208148$_$6,True,34,34,34,False,unverified: separate modality axes
208299$_$5,True,48,48,48,True,unverified: separate modality axes
208299$_$4,True,43,43,42,False,unverified: separate modality axes
208299$_$6,True,39,39,39,False,unverified: separate modality axes
208299$_$8,True,13,13,13,False,unverified: separate modality axes
208416$_$11,True,29,29,29,False,unverified: separate modality axes
208416$_$13,True,9,9,9,False,unverified: separate modality axes
208416$_$16,True,6,6,6,False,unverified: separate modality axes
208416$_$0,True,2,2,0,False,unverified: separate modality axes
208416$_$2,True,15,15,15,False,unverified: separate modality axes
208416$_$7,True,38,38,38,False,unverified: separate modality axes
208416$_$9,True,17,17,17,False,unverified: separate modality axes
208416$_$8,True,31,31,31,False,unverified: separate modality axes
209354$_$1,True,26,26,0,False,unverified: separate modality axes
209354$_$2,True,38,38,38,False,unverified: separate modality axes
209775$_$10,True,26,26,17,False,unverified: separate modality axes
209775$_$1,True,19,19,19,False,unverified: separate modality axes
209775$_$0,True,9,9,0,False,unverified: separate modality axes
209775$_$5,True,33,33,33,False,unverified: separate modality axes
210238$_$13,True,11,11,11,False,unverified: separate modality axes
210238$_$14,True,48,48,48,True,unverified: separate modality axes
210238$_$16,True,41,41,41,False,unverified: separate modality axes
210238$_$18,True,8,8,8,False,unverified: separate modality axes
210238$_$1,True,2,2,2,False,unverified: separate modality axes
210618$_$11,True,13,13,13,False,unverified: separate modality axes
210618$_$10,True,11,11,11,False,unverified: separate modality axes
210618$_$15,True,13,13,13,False,unverified: separate modality axes
210618$_$5,True,15,15,15,False,unverified: separate modality axes
210618$_$9,True,17,17,17,False,unverified: separate modality axes
210618$_$8,True,18,18,17,False,unverified: separate modality axes
21137$_$1,True,6,6,0,False,unverified: separate modality axes
21137$_$0,True,13,13,5,False,unverified: separate modality axes
21137$_$3,True,5,5,5,False,unverified: separate modality axes
21137$_$2,True,18,18,18,False,unverified: separate modality axes
21137$_$9,True,13,13,13,False,unverified: separate modality axes
212532$_$10,True,23,23,23,False,unverified: separate modality axes
212532$_$9,True,21,21,18,False,unverified: separate modality axes
213619$_$0,True,6,6,0,False,unverified: separate modality axes
213619$_$3,True,5,5,0,False,unverified: separate modality axes
214095$_$11,True,9,9,9,False,unverified: separate modality axes
214095$_$1,True,19,19,19,False,unverified: separate modality axes
214095$_$4,True,8,8,8,False,unverified: separate modality axes
215259$_$5,True,35,35,35,False,unverified: separate modality axes
215259$_$4,True,4,4,4,False,unverified: separate modality axes
216007$_$24,True,16,16,16,False,unverified: separate modality axes
216007$_$28,True,3,3,3,False,unverified: separate modality axes
216007$_$29,True,9,9,9,False,unverified: separate modality axes
216007$_$1,True,41,41,41,False,unverified: separate modality axes
216007$_$2,True,21,21,21,False,unverified: separate modality axes
216007$_$5,True,14,14,14,False,unverified: separate modality axes
216007$_$9,True,23,23,23,False,unverified: separate modality axes
216007$_$12,True,48,48,48,True,unverified: separate modality axes
21638$_$1,True,17,17,17,False,unverified: separate modality axes
21638$_$0,True,17,17,17,False,unverified: separate modality axes
21638$_$6,True,24,24,24,False,unverified: separate modality axes
216857$_$1,True,9,9,1,False,unverified: separate modality axes
216857$_$3,True,12,12,12,False,unverified: separate modality axes
216857$_$6,True,6,6,6,False,unverified: separate modality axes
216857$_$10,True,26,26,26,False,unverified: separate modality axes
218708$_$13,True,48,48,47,True,unverified: separate modality axes
218708$_$12,True,33,33,33,False,unverified: separate modality axes
218708$_$15,True,19,19,19,False,unverified: separate modality axes
218708$_$17,True,8,8,8,False,unverified: separate modality axes
218708$_$1,True,14,14,0,False,unverified: separate modality axes
218708$_$0,True,1,1,1,False,unverified: separate modality axes
218708$_$8,True,12,12,12,False,unverified: separate modality axes
219310$_$0,True,11,11,10,False,unverified: separate modality axes
219310$_$2,True,23,23,23,False,unverified: separate modality axes
219775$_$0,True,15,15,5,False,unverified: separate modality axes
219775$_$5,True,14,14,1,False,unverified: separate modality axes
220134$_$27,True,48,48,48,True,unverified: separate modality axes
220134$_$21,True,32,32,32,False,unverified: separate modality axes
220134$_$8,True,41,41,41,False,unverified: separate modality axes
220134$_$17,True,38,38,38,False,unverified: separate modality axes
220548$_$20,True,20,20,20,False,unverified: separate modality axes
220548$_$1,True,48,48,48,True,unverified: separate modality axes
220548$_$7,True,14,14,14,False,unverified: separate modality axes
221740$_$0,True,3,3,3,False,unverified: separate modality axes
221740$_$5,True,36,36,36,False,unverified: separate modality axes
222116$_$1,True,27,27,27,False,unverified: separate modality axes
222116$_$7,True,36,36,36,False,unverified: separate modality axes
222116$_$6,True,45,45,45,False,unverified: separate modality axes
223926$_$1,True,29,29,29,False,unverified: separate modality axes
224599$_$1,True,14,14,14,False,unverified: separate modality axes
224599$_$2,True,19,19,19,False,unverified: separate modality axes
224599$_$5,True,38,38,38,False,unverified: separate modality axes
224599$_$8,True,10,10,10,False,unverified: separate modality axes
224772$_$12,True,6,6,6,False,unverified: separate modality axes
224772$_$14,True,11,11,11,False,unverified: separate modality axes
224772$_$1,True,9,9,9,False,unverified: separate modality axes
224772$_$6,True,48,48,48,True,unverified: separate modality axes
224869$_$10,True,27,27,27,False,unverified: separate modality axes
224869$_$0,True,1,1,1,False,unverified: separate modality axes
224869$_$3,True,48,48,48,True,unverified: separate modality axes
224869$_$5,True,11,11,11,False,unverified: separate modality axes
225343$_$10,True,13,13,13,False,unverified: separate modality axes
225343$_$14,True,24,24,24,False,unverified: separate modality axes
225343$_$3,True,48,48,48,True,unverified: separate modality axes
225343$_$9,True,9,9,9,False,unverified: separate modality axes
225416$_$14,True,31,31,31,False,unverified: separate modality axes
225416$_$1,True,21,21,21,False,unverified: separate modality axes
225416$_$3,True,10,10,10,False,unverified: separate modality axes
225416$_$8,True,20,20,20,False,unverified: separate modality axes
225768$_$6,True,31,31,31,False,unverified: separate modality axes
227173$_$12,True,17,17,3,False,unverified: separate modality axes
227173$_$6,True,22,22,18,False,unverified: separate modality axes
227416$_$1,True,20,20,20,False,unverified: separate modality axes
227416$_$0,True,28,28,28,False,unverified: separate modality axes
227416$_$3,True,48,48,48,True,unverified: separate modality axes
227416$_$5,True,29,29,9,False,unverified: separate modality axes
227416$_$8,True,31,31,9,False,unverified: separate modality axes
227426$_$19,True,13,13,13,False,unverified: separate modality axes
227426$_$18,True,18,18,18,False,unverified: separate modality axes
227426$_$0,True,17,17,17,False,unverified: separate modality axes
227426$_$8,True,26,26,26,False,unverified: separate modality axes
22821$_$14,True,16,16,16,False,unverified: separate modality axes
22821$_$1,True,25,25,25,False,unverified: separate modality axes
22821$_$0,True,6,6,6,False,unverified: separate modality axes
22821$_$4,True,26,26,26,False,unverified: separate modality axes
22821$_$9,True,34,34,25,False,unverified: separate modality axes
22880$_$2,True,6,6,6,False,unverified: separate modality axes
22880$_$6,True,10,10,10,False,unverified: separate modality axes
229090$_$15,True,48,48,48,True,unverified: separate modality axes
229090$_$16,True,11,11,11,False,unverified: separate modality axes
229090$_$18,True,34,34,34,False,unverified: separate modality axes
229903$_$0,True,12,12,12,False,unverified: separate modality axes
229903$_$3,True,47,47,47,False,unverified: separate modality axes
229967$_$2,True,6,6,6,False,unverified: separate modality axes
230252$_$1,True,14,14,14,False,unverified: separate modality axes
231025$_$11,True,13,13,13,False,unverified: separate modality axes
231025$_$15,True,18,18,18,False,unverified: separate modality axes
231025$_$14,True,9,9,9,False,unverified: separate modality axes
231025$_$16,True,24,24,24,False,unverified: separate modality axes
231025$_$0,True,7,7,7,False,unverified: separate modality axes
231025$_$9,True,1,1,1,False,unverified: separate modality axes
233171$_$1,True,46,46,46,False,unverified: separate modality axes
233171$_$7,True,8,8,8,False,unverified: separate modality axes
233356$_$1,True,11,11,11,False,unverified: separate modality axes
233356$_$3,True,13,13,13,False,unverified: separate modality axes
233366$_$4,True,20,20,20,False,unverified: separate modality axes
233389$_$0,True,1,1,1,False,unverified: separate modality axes
233389$_$5,True,37,37,37,False,unverified: separate modality axes
234053$_$26,True,5,5,5,False,unverified: separate modality axes
234053$_$21,True,7,7,7,False,unverified: separate modality axes
234053$_$1,True,12,12,12,False,unverified: separate modality axes
234053$_$11,True,37,37,12,False,unverified: separate modality axes
234053$_$17,True,5,5,0,False,unverified: separate modality axes
234053$_$19,True,11,11,9,False,unverified: separate modality axes
234053$_$18,True,15,15,11,False,unverified: separate modality axes
234587$_$2,True,16,16,16,False,unverified: separate modality axes
234587$_$5,True,22,22,22,False,unverified: separate modality axes
234587$_$11,True,27,27,27,False,unverified: separate modality axes
234587$_$14,True,24,24,24,False,unverified: separate modality axes
234587$_$16,True,10,10,9,False,unverified: separate modality axes
234587$_$19,True,19,19,19,False,unverified: separate modality axes
236399$_$4,True,8,8,7,False,unverified: separate modality axes
236696$_$7,True,8,8,8,False,unverified: separate modality axes
238023$_$22,True,31,31,31,False,unverified: separate modality axes
238023$_$1,True,18,18,18,False,unverified: separate modality axes
238023$_$37,True,45,45,45,False,unverified: separate modality axes
238039$_$6,True,19,19,19,False,unverified: separate modality axes
238060$_$13,True,43,43,43,False,unverified: separate modality axes
238060$_$18,True,37,37,37,False,unverified: separate modality axes
238060$_$5,True,23,23,23,False,unverified: separate modality axes
238060$_$7,True,48,48,48,True,unverified: separate modality axes
238100$_$3,True,14,14,14,False,unverified: separate modality axes
238645$_$20,True,21,21,21,False,unverified: separate modality axes
238645$_$23,True,23,23,23,False,unverified: separate modality axes
238645$_$0,True,3,3,3,False,unverified: separate modality axes
238645$_$6,True,5,5,5,False,unverified: separate modality axes
238645$_$8,True,7,7,7,False,unverified: separate modality axes
238889$_$2,True,24,24,24,False,unverified: separate modality axes
238889$_$5,True,13,13,13,False,unverified: separate modality axes
238889$_$4,True,25,25,25,False,unverified: separate modality axes
238889$_$6,True,22,22,22,False,unverified: separate modality axes
239235$_$11,True,18,18,18,False,unverified: separate modality axes
239235$_$13,True,19,19,19,False,unverified: separate modality axes
239235$_$1,True,13,13,13,False,unverified: separate modality axes
239235$_$4,True,18,18,18,False,unverified: separate modality axes
239235$_$8,True,10,10,9,False,unverified: separate modality axes
239572$_$2,True,48,48,48,True,unverified: separate modality axes
239572$_$4,True,5,5,5,False,unverified: separate modality axes
23YlZoucbyM$_$4,True,30,30,30,False,unverified: separate modality axes
240915$_$1,True,19,19,19,False,unverified: separate modality axes
240915$_$2,True,27,27,27,False,unverified: separate modality axes
240915$_$8,True,10,10,10,False,unverified: separate modality axes
241164$_$10,True,34,34,34,False,unverified: separate modality axes
241164$_$1,True,19,19,19,False,unverified: separate modality axes
241164$_$0,True,19,19,19,False,unverified: separate modality axes
241164$_$9,True,10,10,10,False,unverified: separate modality axes
241172$_$3,True,42,42,42,False,unverified: separate modality axes
241172$_$7,True,23,23,23,False,unverified: separate modality axes
24202$_$10,True,21,21,21,False,unverified: separate modality axes
24202$_$5,True,16,16,16,False,unverified: separate modality axes
24202$_$4,True,8,8,8,False,unverified: separate modality axes
24202$_$9,True,13,13,13,False,unverified: separate modality axes
243338$_$20,True,16,16,16,False,unverified: separate modality axes
243338$_$21,True,5,5,5,False,unverified: separate modality axes
243338$_$22,True,48,48,25,True,unverified: separate modality axes
243338$_$9,True,32,32,25,False,unverified: separate modality axes
243341$_$23,True,12,12,12,False,unverified: separate modality axes
243341$_$2,True,12,12,12,False,unverified: separate modality axes
243341$_$7,True,13,13,13,False,unverified: separate modality axes
243341$_$10,True,9,9,9,False,unverified: separate modality axes
243341$_$14,True,23,23,9,False,unverified: separate modality axes
244180$_$20,True,30,30,30,False,unverified: separate modality axes
244180$_$4,True,11,11,11,False,unverified: separate modality axes
244180$_$19,True,14,14,14,False,unverified: separate modality axes
244180$_$18,True,5,5,5,False,unverified: separate modality axes
244261$_$24,True,7,7,0,False,unverified: separate modality axes
244261$_$20,True,22,22,7,False,unverified: separate modality axes
244261$_$4,True,24,24,24,False,unverified: separate modality axes
244261$_$7,True,14,14,14,False,unverified: separate modality axes
244261$_$12,True,48,48,48,True,unverified: separate modality axes
244261$_$14,True,19,19,19,False,unverified: separate modality axes
244623$_$4,True,5,5,5,False,unverified: separate modality axes
244623$_$9,True,4,4,4,False,unverified: separate modality axes
244623$_$11,True,17,17,17,False,unverified: separate modality axes
244623$_$17,True,33,33,33,False,unverified: separate modality axes
244623$_$37,True,5,5,5,False,unverified: separate modality axes
244817$_$2,True,15,15,15,False,unverified: separate modality axes
244817$_$5,True,26,26,26,False,unverified: separate modality axes
244817$_$9,True,32,32,32,False,unverified: separate modality axes
245243$_$4,True,47,47,47,False,unverified: separate modality axes
245276$_$2,True,9,9,9,False,unverified: separate modality axes
245276$_$4,True,9,9,9,False,unverified: separate modality axes
245276$_$7,True,16,16,6,False,unverified: separate modality axes
245497$_$1,True,48,48,48,True,unverified: separate modality axes
245497$_$2,True,30,30,30,False,unverified: separate modality axes
245497$_$4,True,27,27,27,False,unverified: separate modality axes
247382$_$1,True,17,17,0,False,unverified: separate modality axes
247382$_$2,True,42,42,42,False,unverified: separate modality axes
247382$_$6,True,21,21,21,False,unverified: separate modality axes
247382$_$9,True,9,9,9,False,unverified: separate modality axes
247382$_$11,True,33,33,33,False,unverified: separate modality axes
247382$_$13,True,26,26,26,False,unverified: separate modality axes
247382$_$14,True,23,23,23,False,unverified: separate modality axes
248837$_$12,True,18,18,4,False,unverified: separate modality axes
248837$_$6,True,8,8,0,False,unverified: separate modality axes
24xayGF5yYA$_$24,True,46,46,41,False,unverified: separate modality axes
24xayGF5yYA$_$26,True,26,26,26,False,unverified: separate modality axes
24xayGF5yYA$_$3,True,6,6,6,False,unverified: separate modality axes
24xayGF5yYA$_$2,True,22,22,12,False,unverified: separate modality axes
24xayGF5yYA$_$10,True,27,27,27,False,unverified: separate modality axes
24xayGF5yYA$_$15,True,13,13,13,False,unverified: separate modality axes
24xayGF5yYA$_$16,True,31,31,29,False,unverified: separate modality axes
250430$_$11,True,19,19,19,False,unverified: separate modality axes
250430$_$10,True,11,11,11,False,unverified: separate modality axes
250430$_$6,True,23,23,23,False,unverified: separate modality axes
251417$_$1,True,7,7,7,False,unverified: separate modality axes
251417$_$0,True,18,18,18,False,unverified: separate modality axes
251646$_$13,True,22,22,22,False,unverified: separate modality axes
251646$_$2,True,20,20,20,False,unverified: separate modality axes
251646$_$4,True,10,10,10,False,unverified: separate modality axes
251646$_$7,True,48,48,48,True,unverified: separate modality axes
251826$_$6,True,13,13,13,False,unverified: separate modality axes
251839$_$13,True,25,25,25,False,unverified: separate modality axes
252177$_$2,True,9,9,9,False,unverified: separate modality axes
252177$_$4,True,48,48,48,True,unverified: separate modality axes
252177$_$9,True,9,9,9,False,unverified: separate modality axes
25271$_$10,True,10,10,10,False,unverified: separate modality axes
25271$_$0,True,36,36,35,False,unverified: separate modality axes
254298$_$14,True,12,12,12,False,unverified: separate modality axes
254298$_$0,True,3,3,0,False,unverified: separate modality axes
254298$_$2,True,30,30,30,False,unverified: separate modality axes
25522$_$0,True,11,11,11,False,unverified: separate modality axes
25522$_$3,True,38,38,38,False,unverified: separate modality axes
25522$_$5,True,38,38,38,False,unverified: separate modality axes
255224$_$1,True,44,44,44,False,unverified: separate modality axes
255224$_$5,True,23,23,23,False,unverified: separate modality axes
255224$_$9,True,48,48,48,True,unverified: separate modality axes
255224$_$8,True,17,17,17,False,unverified: separate modality axes
255226$_$5,True,48,48,48,True,unverified: separate modality axes
255226$_$8,True,29,29,29,False,unverified: separate modality axes
255338$_$1,True,9,9,9,False,unverified: separate modality axes
255338$_$2,True,6,6,6,False,unverified: separate modality axes
255338$_$5,True,48,48,48,True,unverified: separate modality axes
255338$_$7,True,18,18,18,False,unverified: separate modality axes
255338$_$8,True,9,9,9,False,unverified: separate modality axes
255343$_$0,True,22,22,22,False,unverified: separate modality axes
255343$_$5,True,12,12,12,False,unverified: separate modality axes
255343$_$8,True,12,12,12,False,unverified: separate modality axes
255852$_$0,True,1,1,1,False,unverified: separate modality axes
255852$_$6,True,21,21,21,False,unverified: separate modality axes
255852$_$8,True,31,31,31,False,unverified: separate modality axes
256174$_$6,True,17,17,17,False,unverified: separate modality axes
256935$_$0,True,14,14,14,False,unverified: separate modality axes
256935$_$4,True,25,25,25,False,unverified: separate modality axes
256935$_$9,True,20,20,20,False,unverified: separate modality axes
256935$_$10,True,18,18,18,False,unverified: separate modality axes
256976$_$12,True,34,34,34,False,unverified: separate modality axes
256976$_$2,True,23,23,15,False,unverified: separate modality axes
256976$_$4,True,25,25,25,False,unverified: separate modality axes
257045$_$11,True,14,14,14,False,unverified: separate modality axes
257045$_$1,True,20,20,18,False,unverified: separate modality axes
257531$_$15,True,25,25,25,False,unverified: separate modality axes
257531$_$17,True,12,12,12,False,unverified: separate modality axes
257531$_$1,True,12,12,12,False,unverified: separate modality axes
257531$_$2,True,15,15,15,False,unverified: separate modality axes
257771$_$15,True,12,12,12,False,unverified: separate modality axes
257771$_$0,True,18,18,18,False,unverified: separate modality axes
257771$_$3,True,18,18,18,False,unverified: separate modality axes
257771$_$8,True,13,13,13,False,unverified: separate modality axes
259260$_$26,True,13,13,13,False,unverified: separate modality axes
259260$_$20,True,23,23,23,False,unverified: separate modality axes
259260$_$22,True,4,4,4,False,unverified: separate modality axes
259260$_$1,True,10,10,8,False,unverified: separate modality axes
259260$_$37,True,13,13,13,False,unverified: separate modality axes
25t8nrkUfRY$_$1,True,29,29,26,False,unverified: separate modality axes
260011$_$20,True,11,11,10,False,unverified: separate modality axes
260011$_$16,True,9,9,9,False,unverified: separate modality axes
260011$_$0,True,5,5,5,False,unverified: separate modality axes
260011$_$3,True,8,8,8,False,unverified: separate modality axes
261267$_$11,True,24,24,24,False,unverified: separate modality axes
261267$_$12,True,34,34,34,False,unverified: separate modality axes
261267$_$15,True,29,29,29,False,unverified: separate modality axes
261267$_$16,True,10,10,10,False,unverified: separate modality axes
261267$_$19,True,17,17,17,False,unverified: separate modality axes
261267$_$18,True,46,46,46,False,unverified: separate modality axes
261267$_$2,True,4,4,4,False,unverified: separate modality axes
261267$_$4,True,9,9,9,False,unverified: separate modality axes
261267$_$8,True,12,12,12,False,unverified: separate modality axes
261326$_$0,True,2,2,2,False,unverified: separate modality axes
261326$_$3,True,48,48,48,True,unverified: separate modality axes
261900$_$24,True,21,21,21,False,unverified: separate modality axes
261900$_$27,True,25,25,25,False,unverified: separate modality axes
261900$_$7,True,9,9,9,False,unverified: separate modality axes
261900$_$9,True,11,11,11,False,unverified: separate modality axes
261900$_$8,True,16,16,16,False,unverified: separate modality axes
261900$_$30,True,12,12,12,False,unverified: separate modality axes
261900$_$36,True,15,15,15,False,unverified: separate modality axes
261900$_$34,True,8,8,8,False,unverified: separate modality axes
261900$_$33,True,32,32,32,False,unverified: separate modality axes
261902$_$0,True,4,4,4,False,unverified: separate modality axes
261902$_$10,True,14,14,14,False,unverified: separate modality axes
261902$_$15,True,35,35,35,False,unverified: separate modality axes
261902$_$18,True,14,14,14,False,unverified: separate modality axes
262165$_$22,True,7,7,3,False,unverified: separate modality axes
262165$_$2,True,4,4,4,False,unverified: separate modality axes
262165$_$4,True,48,48,42,True,unverified: separate modality axes
262165$_$7,True,48,48,47,True,unverified: separate modality axes
262165$_$6,True,31,31,30,False,unverified: separate modality axes
262165$_$8,True,45,45,32,False,unverified: separate modality axes
262165$_$13,True,14,14,5,False,unverified: separate modality axes
262165$_$15,True,21,21,21,False,unverified: separate modality axes
262165$_$17,True,12,12,8,False,unverified: separate modality axes
262165$_$19,True,48,48,39,True,unverified: separate modality axes
262165$_$18,True,17,17,17,False,unverified: separate modality axes
264418$_$10,True,15,15,15,False,unverified: separate modality axes
264418$_$13,True,6,6,6,False,unverified: separate modality axes
264418$_$15,True,10,10,10,False,unverified: separate modality axes
264418$_$4,True,29,29,29,False,unverified: separate modality axes
264418$_$6,True,48,48,48,True,unverified: separate modality axes
264446$_$23,True,31,31,31,False,unverified: separate modality axes
264446$_$44,True,9,9,9,False,unverified: separate modality axes
264446$_$43,True,13,13,13,False,unverified: separate modality axes
264446$_$2,True,25,25,25,False,unverified: separate modality axes
264446$_$38,True,31,31,31,False,unverified: separate modality axes
264446$_$15,True,40,40,40,False,unverified: separate modality axes
264446$_$14,True,37,37,37,False,unverified: separate modality axes
265959$_$11,True,23,23,23,False,unverified: separate modality axes
265959$_$15,True,5,5,5,False,unverified: separate modality axes
265959$_$16,True,6,6,6,False,unverified: separate modality axes
265959$_$0,True,26,26,26,False,unverified: separate modality axes
265959$_$2,True,22,22,22,False,unverified: separate modality axes
265959$_$5,True,35,35,35,False,unverified: separate modality axes
265959$_$7,True,48,48,48,True,unverified: separate modality axes
265959$_$9,True,33,33,33,False,unverified: separate modality axes
266366$_$14,True,19,19,19,False,unverified: separate modality axes
266366$_$16,True,4,4,4,False,unverified: separate modality axes
266366$_$1,True,19,19,19,False,unverified: separate modality axes
266366$_$0,True,1,1,1,False,unverified: separate modality axes
266366$_$7,True,48,48,48,True,unverified: separate modality axes
266366$_$8,True,48,48,48,True,unverified: separate modality axes
266396$_$55,True,7,7,0,False,unverified: separate modality axes
266396$_$82,True,4,4,4,False,unverified: separate modality axes
266396$_$80,True,5,5,5,False,unverified: separate modality axes
266396$_$87,True,6,6,6,False,unverified: separate modality axes
266396$_$85,True,14,14,14,False,unverified: separate modality axes
266396$_$33,True,7,7,7,False,unverified: separate modality axes
266396$_$91,True,9,9,9,False,unverified: separate modality axes
266396$_$93,True,4,4,4,False,unverified: separate modality axes
266396$_$10,True,14,14,14,False,unverified: separate modality axes
266396$_$18,True,11,11,11,False,unverified: separate modality axes
266396$_$44,True,23,23,23,False,unverified: separate modality axes
266396$_$45,True,8,8,8,False,unverified: separate modality axes
266396$_$43,True,23,23,19,False,unverified: separate modality axes
266396$_$74,True,12,12,12,False,unverified: separate modality axes
266852$_$25,True,16,16,16,False,unverified: separate modality axes
266852$_$20,True,48,48,48,True,unverified: separate modality axes
266852$_$2,True,17,17,17,False,unverified: separate modality axes
266852$_$13,True,32,32,32,False,unverified: separate modality axes
266938$_$42,True,10,10,10,False,unverified: separate modality axes
266938$_$43,True,9,9,9,False,unverified: separate modality axes
266938$_$23,True,48,48,48,True,unverified: separate modality axes
266938$_$25,True,34,34,34,False,unverified: separate modality axes
266938$_$20,True,8,8,8,False,unverified: separate modality axes
266938$_$49,True,29,29,29,False,unverified: separate modality axes
266938$_$29,True,31,31,30,False,unverified: separate modality axes
266938$_$0,True,11,11,11,False,unverified: separate modality axes
266938$_$8,True,33,33,33,False,unverified: separate modality axes
266938$_$38,True,33,33,33,False,unverified: separate modality axes
266938$_$10,True,28,28,28,False,unverified: separate modality axes
266938$_$15,True,19,19,19,False,unverified: separate modality axes
266938$_$16,True,9,9,9,False,unverified: separate modality axes
266938$_$54,True,10,10,10,False,unverified: separate modality axes
267252$_$10,True,12,12,12,False,unverified: separate modality axes
267252$_$13,True,25,25,25,False,unverified: separate modality axes
267255$_$10,True,19,19,19,False,unverified: separate modality axes
267255$_$13,True,10,10,10,False,unverified: separate modality axes
267255$_$15,True,46,46,46,False,unverified: separate modality axes
267255$_$16,True,15,15,15,False,unverified: separate modality axes
267255$_$3,True,11,11,11,False,unverified: separate modality axes
267255$_$7,True,48,48,48,True,unverified: separate modality axes
267255$_$9,True,17,17,17,False,unverified: separate modality axes
267278$_$1,True,14,14,14,False,unverified: separate modality axes
267278$_$4,True,10,10,10,False,unverified: separate modality axes
267278$_$9,True,24,24,24,False,unverified: separate modality axes
267278$_$11,True,9,9,9,False,unverified: separate modality axes
267278$_$14,True,15,15,15,False,unverified: separate modality axes
267278$_$19,True,12,12,12,False,unverified: separate modality axes
267799$_$2,True,14,14,14,False,unverified: separate modality axes
267799$_$6,True,28,28,28,False,unverified: separate modality axes
268836$_$2,True,17,17,17,False,unverified: separate modality axes
268836$_$7,True,9,9,9,False,unverified: separate modality axes
268836$_$6,True,1,1,0,False,unverified: separate modality axes
268836$_$12,True,3,3,2,False,unverified: separate modality axes
268836$_$15,True,17,17,17,False,unverified: separate modality axes
268836$_$18,True,14,14,14,False,unverified: separate modality axes
268836$_$34,True,13,13,13,False,unverified: separate modality axes
270416$_$11,True,37,37,37,False,unverified: separate modality axes
270416$_$13,True,28,28,28,False,unverified: separate modality axes
270444$_$5,True,24,24,24,False,unverified: separate modality axes
270449$_$10,True,14,14,14,False,unverified: separate modality axes
270449$_$4,True,13,13,13,False,unverified: separate modality axes
270628$_$24,True,30,30,30,False,unverified: separate modality axes
270628$_$26,True,33,33,33,False,unverified: separate modality axes
270628$_$21,True,46,46,46,False,unverified: separate modality axes
270628$_$22,True,16,16,16,False,unverified: separate modality axes
270628$_$0,True,4,4,4,False,unverified: separate modality axes
270628$_$14,True,12,12,12,False,unverified: separate modality axes
270665$_$25,True,32,32,32,False,unverified: separate modality axes
270665$_$20,True,15,15,15,False,unverified: separate modality axes
270665$_$22,True,8,8,8,False,unverified: separate modality axes
270665$_$0,True,31,31,31,False,unverified: separate modality axes
270665$_$6,True,38,38,38,False,unverified: separate modality axes
270665$_$9,True,9,9,9,False,unverified: separate modality axes
270665$_$13,True,6,6,6,False,unverified: separate modality axes
270956$_$3,True,20,20,20,False,unverified: separate modality axes
270956$_$9,True,25,25,25,False,unverified: separate modality axes
270956$_$8,True,12,12,12,False,unverified: separate modality axes
271366$_$26,True,37,37,37,False,unverified: separate modality axes
271366$_$21,True,48,48,48,True,unverified: separate modality axes
271366$_$41,True,7,7,1,False,unverified: separate modality axes
271366$_$3,True,6,6,6,False,unverified: separate modality axes
271366$_$5,True,14,14,13,False,unverified: separate modality axes
271366$_$7,True,18,18,18,False,unverified: separate modality axes
271366$_$38,True,20,20,13,False,unverified: separate modality axes
271366$_$13,True,6,6,6,False,unverified: separate modality axes
271366$_$17,True,13,13,13,False,unverified: separate modality axes
271366$_$35,True,48,48,48,True,unverified: separate modality axes
271366$_$34,True,17,17,17,False,unverified: separate modality axes
271594$_$24,True,7,7,7,False,unverified: separate modality axes
271594$_$23,True,15,15,15,False,unverified: separate modality axes
271594$_$37,True,6,6,6,False,unverified: separate modality axes
271594$_$34,True,14,14,14,False,unverified: separate modality axes
271598$_$28,True,12,12,12,False,unverified: separate modality axes
271598$_$10,True,1,1,1,False,unverified: separate modality axes
271598$_$13,True,7,7,7,False,unverified: separate modality axes
271598$_$17,True,16,16,16,False,unverified: separate modality axes
271598$_$16,True,35,35,35,False,unverified: separate modality axes
272375$_$11,True,33,33,33,False,unverified: separate modality axes
272375$_$18,True,14,14,14,False,unverified: separate modality axes
272375$_$0,True,10,10,10,False,unverified: separate modality axes
273171$_$15,True,33,33,33,False,unverified: separate modality axes
273171$_$1,True,13,13,13,False,unverified: separate modality axes
273237$_$23,True,48,48,48,True,unverified: separate modality axes
273237$_$1,True,13,13,8,False,unverified: separate modality axes
273237$_$3,True,47,47,47,False,unverified: separate modality axes
273237$_$11,True,6,6,6,False,unverified: separate modality axes
273237$_$13,True,30,30,30,False,unverified: separate modality axes
273237$_$12,True,39,39,39,False,unverified: separate modality axes
273237$_$14,True,31,31,31,False,unverified: separate modality axes
273237$_$17,True,20,20,20,False,unverified: separate modality axes
273314$_$1,True,48,48,48,True,unverified: separate modality axes
273314$_$4,True,12,12,12,False,unverified: separate modality axes
273531$_$2,True,19,19,19,False,unverified: separate modality axes
273531$_$7,True,14,14,14,False,unverified: separate modality axes
273531$_$10,True,48,48,48,True,unverified: separate modality axes
273531$_$19,True,18,18,18,False,unverified: separate modality axes
274219$_$11,True,27,27,27,False,unverified: separate modality axes
274219$_$3,True,6,6,6,False,unverified: separate modality axes
274219$_$2,True,48,48,48,True,unverified: separate modality axes
274219$_$4,True,13,13,13,False,unverified: separate modality axes
275248$_$0,True,48,48,48,True,unverified: separate modality axes
275620$_$3,True,25,25,20,False,unverified: separate modality axes
275620$_$4,True,6,6,6,False,unverified: separate modality axes
275620$_$12,True,17,17,0,False,unverified: separate modality axes
275620$_$19,True,13,13,10,False,unverified: separate modality axes
276217$_$24,True,15,15,15,False,unverified: separate modality axes
276217$_$22,True,7,7,7,False,unverified: separate modality axes
276217$_$6,True,10,10,10,False,unverified: separate modality axes
276217$_$9,True,15,15,15,False,unverified: separate modality axes
276217$_$38,True,22,22,22,False,unverified: separate modality axes
276217$_$12,True,23,23,23,False,unverified: separate modality axes
276217$_$32,True,12,12,12,False,unverified: separate modality axes
276217$_$36,True,18,18,18,False,unverified: separate modality axes
276217$_$19,True,14,14,14,False,unverified: separate modality axes
276217$_$18,True,10,10,10,False,unverified: separate modality axes
27798$_$11,True,14,14,14,False,unverified: separate modality axes
27798$_$12,True,48,48,48,True,unverified: separate modality axes
27798$_$15,True,15,15,15,False,unverified: separate modality axes
27798$_$5,True,25,25,25,False,unverified: separate modality axes
278474$_$3,True,12,12,7,False,unverified: separate modality axes
278474$_$4,True,13,13,13,False,unverified: separate modality axes
27ubp7CLLKQ$_$14,True,18,18,16,False,unverified: separate modality axes
282560$_$15,True,8,8,8,False,unverified: separate modality axes
282560$_$1,True,12,12,12,False,unverified: separate modality axes
282560$_$3,True,15,15,15,False,unverified: separate modality axes
282560$_$5,True,9,9,9,False,unverified: separate modality axes
282560$_$4,True,28,28,28,False,unverified: separate modality axes
282560$_$7,True,26,26,26,False,unverified: separate modality axes
282560$_$6,True,5,5,5,False,unverified: separate modality axes
282560$_$9,True,23,23,23,False,unverified: separate modality axes
282586$_$25,True,6,6,6,False,unverified: separate modality axes
282586$_$22,True,5,5,5,False,unverified: separate modality axes
282586$_$3,True,12,12,12,False,unverified: separate modality axes
282586$_$4,True,6,6,6,False,unverified: separate modality axes
282586$_$12,True,17,17,17,False,unverified: separate modality axes
282586$_$16,True,32,32,32,False,unverified: separate modality axes
283495$_$7,True,13,13,13,False,unverified: separate modality axes
284673$_$14,True,3,3,3,False,unverified: separate modality axes
284673$_$18,True,12,12,12,False,unverified: separate modality axes
284673$_$5,True,23,23,23,False,unverified: separate modality axes
284673$_$8,True,39,39,39,False,unverified: separate modality axes
288714$_$15,True,11,11,9,False,unverified: separate modality axes
288714$_$17,True,20,20,20,False,unverified: separate modality axes
288714$_$5,True,8,8,8,False,unverified: separate modality axes
288714$_$8,True,7,7,7,False,unverified: separate modality axes
288766$_$21,True,13,13,13,False,unverified: separate modality axes
288766$_$2,True,40,40,40,False,unverified: separate modality axes
288766$_$7,True,20,20,20,False,unverified: separate modality axes
288766$_$17,True,31,31,31,False,unverified: separate modality axes
290088$_$4,True,9,9,9,False,unverified: separate modality axes
29044$_$12,True,23,23,23,False,unverified: separate modality axes
29044$_$3,True,25,25,25,False,unverified: separate modality axes
29044$_$2,True,26,26,14,False,unverified: separate modality axes
29044$_$4,True,11,11,11,False,unverified: separate modality axes
291121$_$7,True,34,34,34,False,unverified: separate modality axes
292277$_$10,True,21,21,21,False,unverified: separate modality axes
292277$_$2,True,14,14,14,False,unverified: separate modality axes
292277$_$5,True,10,10,10,False,unverified: separate modality axes
292277$_$4,True,46,46,46,False,unverified: separate modality axes
294178$_$11,True,8,8,8,False,unverified: separate modality axes
294178$_$14,True,4,4,4,False,unverified: separate modality axes
294178$_$1,True,19,19,19,False,unverified: separate modality axes
294178$_$0,True,8,8,8,False,unverified: separate modality axes
294178$_$3,True,17,17,17,False,unverified: separate modality axes
294178$_$7,True,19,19,19,False,unverified: separate modality axes
295793$_$14,True,8,8,8,False,unverified: separate modality axes
295793$_$3,True,25,25,21,False,unverified: separate modality axes
295793$_$9,True,23,23,23,False,unverified: separate modality axes
298736$_$26,True,12,12,12,False,unverified: separate modality axes
298736$_$22,True,4,4,4,False,unverified: separate modality axes
298736$_$28,True,15,15,15,False,unverified: separate modality axes
298736$_$0,True,10,10,10,False,unverified: separate modality axes
298736$_$7,True,16,16,16,False,unverified: separate modality axes
298736$_$17,True,19,19,19,False,unverified: separate modality axes
298736$_$16,True,8,8,8,False,unverified: separate modality axes
298736$_$32,True,39,39,39,False,unverified: separate modality axes
298774$_$12,True,17,17,17,False,unverified: separate modality axes
298774$_$15,True,10,10,10,False,unverified: separate modality axes
298774$_$17,True,6,6,6,False,unverified: separate modality axes
298774$_$1,True,12,12,12,False,unverified: separate modality axes
298774$_$4,True,13,13,9,False,unverified: separate modality axes
2Crezdbre6I$_$10,True,34,34,34,False,unverified: separate modality axes
2HmBM3GGTlg$_$2,True,5,5,0,False,unverified: separate modality axes
2HmBM3GGTlg$_$5,True,6,6,6,False,unverified: separate modality axes
2HmBM3GGTlg$_$7,True,19,19,19,False,unverified: separate modality axes
2JY5HXBWO84$_$20,True,16,16,16,False,unverified: separate modality axes
2JY5HXBWO84$_$14,True,25,25,25,False,unverified: separate modality axes
2LpVvLemgvw$_$5,True,5,5,5,False,unverified: separate modality axes
2PgJok07td4$_$3,True,27,27,27,False,unverified: separate modality axes
2RDubrUjI-k$_$8,True,22,22,22,False,unverified: separate modality axes
2RDubrUjI-k$_$4,True,17,17,17,False,unverified: separate modality axes
2YwgSmmLibs$_$6,True,48,48,47,True,unverified: separate modality axes
2ahFSMFvs_c$_$0,True,22,22,22,False,unverified: separate modality axes
2c2fhh_Dsoo$_$4,True,29,29,29,False,unverified: separate modality axes
2c6Gb73nx4E$_$2,True,38,38,38,False,unverified: separate modality axes
2cwNG0YuwtQ$_$23,True,17,17,17,False,unverified: separate modality axes
2cwNG0YuwtQ$_$1,True,21,21,21,False,unverified: separate modality axes
2cwNG0YuwtQ$_$15,True,22,22,22,False,unverified: separate modality axes
2f6ZHqJ76EU$_$8,True,41,41,41,False,unverified: separate modality axes
2h9VVQUZjK0$_$12,True,9,9,9,False,unverified: separate modality axes
2h9VVQUZjK0$_$8,True,14,14,14,False,unverified: separate modality axes
2lj0BaPsJpM$_$7,True,19,19,19,False,unverified: separate modality axes
2mWPHvbKzL8$_$10,True,22,22,22,False,unverified: separate modality axes
2mWPHvbKzL8$_$15,True,21,21,21,False,unverified: separate modality axes
2mWPHvbKzL8$_$19,True,39,39,39,False,unverified: separate modality axes
2mWPHvbKzL8$_$3,True,29,29,29,False,unverified: separate modality axes
2mWPHvbKzL8$_$2,True,21,21,21,False,unverified: separate modality axes
2mWPHvbKzL8$_$4,True,25,25,25,False,unverified: separate modality axes
2mWPHvbKzL8$_$6,True,12,12,12,False,unverified: separate modality axes
2qKajMu7Vhc$_$2,True,18,18,18,False,unverified: separate modality axes
2qKajMu7Vhc$_$4,True,8,8,8,False,unverified: separate modality axes
2vX-ZRQQDwo$_$3,True,18,18,16,False,unverified: separate modality axes
2vX-ZRQQDwo$_$4,True,15,15,10,False,unverified: separate modality axes
2w7rpDe-HoA$_$1,True,18,18,18,False,unverified: separate modality axes
2w7rpDe-HoA$_$3,True,48,48,48,True,unverified: separate modality axes
2w7rpDe-HoA$_$5,True,48,48,48,True,unverified: separate modality axes
2w7rpDe-HoA$_$7,True,26,26,26,False,unverified: separate modality axes
30763$_$13,True,17,17,17,False,unverified: separate modality axes
30763$_$15,True,21,21,21,False,unverified: separate modality axes
30763$_$0,True,1,1,1,False,unverified: separate modality axes
31197$_$3,True,28,28,28,False,unverified: separate modality axes
31tcuDMQ_H8$_$11,True,17,17,17,False,unverified: separate modality axes
31tcuDMQ_H8$_$1,True,48,48,48,True,unverified: separate modality axes
327283$_$3,True,11,11,11,False,unverified: separate modality axes
327283$_$2,True,15,15,15,False,unverified: separate modality axes
327283$_$6,True,6,6,6,False,unverified: separate modality axes
33312$_$0,True,2,2,2,False,unverified: separate modality axes
33312$_$7,True,35,35,35,False,unverified: separate modality axes
33312$_$6,True,47,47,47,False,unverified: separate modality axes
33312$_$8,True,44,44,44,False,unverified: separate modality axes
33439$_$10,True,21,21,21,False,unverified: separate modality axes
33439$_$0,True,9,9,0,False,unverified: separate modality axes
33439$_$3,True,39,39,39,False,unverified: separate modality axes
33439$_$2,True,35,35,35,False,unverified: separate modality axes
33439$_$9,True,10,10,10,False,unverified: separate modality axes
33ueXDUn3mA$_$11,True,19,19,19,False,unverified: separate modality axes
33ueXDUn3mA$_$1,True,29,29,29,False,unverified: separate modality axes
34-ogj6rh6w$_$0,True,24,24,1,False,unverified: separate modality axes
34-ogj6rh6w$_$2,True,6,6,6,False,unverified: separate modality axes
34-ogj6rh6w$_$7,True,25,25,14,False,unverified: separate modality axes
34-ogj6rh6w$_$8,True,14,14,14,False,unverified: separate modality axes
34346$_$11,True,15,15,15,False,unverified: separate modality axes
34346$_$14,True,21,21,21,False,unverified: separate modality axes
34346$_$1,True,9,9,9,False,unverified: separate modality axes
34346$_$0,True,16,16,16,False,unverified: separate modality axes
34346$_$7,True,10,10,10,False,unverified: separate modality axes
36098$_$1,True,5,5,5,False,unverified: separate modality axes
36098$_$2,True,7,7,7,False,unverified: separate modality axes
367506$_$10,True,9,9,9,False,unverified: separate modality axes
367506$_$13,True,11,11,11,False,unverified: separate modality axes
367506$_$15,True,6,6,6,False,unverified: separate modality axes
367506$_$14,True,45,45,45,False,unverified: separate modality axes
367506$_$1,True,1,1,1,False,unverified: separate modality axes
367506$_$5,True,41,41,25,False,unverified: separate modality axes
367576$_$2,True,40,40,40,False,unverified: separate modality axes
367576$_$4,True,46,46,46,False,unverified: separate modality axes
367576$_$9,True,27,27,27,False,unverified: separate modality axes
36o2cux9kfQ$_$13,True,19,19,19,False,unverified: separate modality axes
37117$_$1,True,48,48,48,True,unverified: separate modality axes
37117$_$4,True,10,10,10,False,unverified: separate modality axes
37117$_$6,True,15,15,15,False,unverified: separate modality axes
37117$_$9,True,48,48,48,True,unverified: separate modality axes
37117$_$8,True,48,48,48,True,unverified: separate modality axes
37459$_$3,True,33,33,33,False,unverified: separate modality axes
37459$_$2,True,27,27,27,False,unverified: separate modality axes
37459$_$6,True,31,31,31,False,unverified: separate modality axes
38019$_$0,True,31,31,29,False,unverified: separate modality axes
38374$_$3,True,23,23,23,False,unverified: separate modality axes
38374$_$7,True,48,48,48,True,unverified: separate modality axes
38374$_$9,True,48,48,48,True,unverified: separate modality axes
39lcRCFvV-s$_$21,True,28,28,28,False,unverified: separate modality axes
39lcRCFvV-s$_$22,True,25,25,25,False,unverified: separate modality axes
39lcRCFvV-s$_$46,True,17,17,17,False,unverified: separate modality axes
39lcRCFvV-s$_$39,True,23,23,23,False,unverified: separate modality axes
39lcRCFvV-s$_$13,True,44,44,44,False,unverified: separate modality axes
39lcRCFvV-s$_$12,True,31,31,31,False,unverified: separate modality axes
39lcRCFvV-s$_$19,True,27,27,27,False,unverified: separate modality axes
39lcRCFvV-s$_$18,True,5,5,5,False,unverified: separate modality axes
39lcRCFvV-s$_$30,True,9,9,9,False,unverified: separate modality axes
3B1zIUj-k3o$_$10,True,42,42,42,False,unverified: separate modality axes
3DOrdP4H8SA$_$13,True,7,7,7,False,unverified: separate modality axes
3DOrdP4H8SA$_$3,True,13,13,13,False,unverified: separate modality axes
3DgOMTs3A1E$_$24,True,6,6,6,False,unverified: separate modality axes
3DgOMTs3A1E$_$22,True,9,9,9,False,unverified: separate modality axes
3DgOMTs3A1E$_$23,True,43,43,43,False,unverified: separate modality axes
3DgOMTs3A1E$_$1,True,17,17,17,False,unverified: separate modality axes
3DgOMTs3A1E$_$7,True,12,12,12,False,unverified: separate modality axes
3DgOMTs3A1E$_$17,True,27,27,27,False,unverified: separate modality axes
3FpmKxZgihw$_$0,True,26,26,26,False,unverified: separate modality axes
3GyEnzE1NTQ$_$14,True,26,26,26,False,unverified: separate modality axes
3GyEnzE1NTQ$_$3,True,35,35,35,False,unverified: separate modality axes
3GyEnzE1NTQ$_$4,True,16,16,16,False,unverified: separate modality axes
3OMgvtWNHp4$_$10,True,10,10,0,False,unverified: separate modality axes
3OuNMjZo5wg$_$13,True,32,32,32,False,unverified: separate modality axes
3VsrcbjPwZY$_$0,True,33,33,33,False,unverified: separate modality axes
3VsrcbjPwZY$_$7,True,47,47,47,False,unverified: separate modality axes
3Wi0if_L6Ug$_$13,True,14,14,14,False,unverified: separate modality axes
3Wi0if_L6Ug$_$12,True,24,24,24,False,unverified: separate modality axes
3Wi0if_L6Ug$_$17,True,21,21,21,False,unverified: separate modality axes
3Wi0if_L6Ug$_$4,True,22,22,22,False,unverified: separate modality axes
3Wi0if_L6Ug$_$9,True,22,22,22,False,unverified: separate modality axes
3aD0xAgxxyw$_$11,True,29,29,29,False,unverified: separate modality axes
3aD0xAgxxyw$_$0,True,29,29,29,False,unverified: separate modality axes
3aIQUQgawaI$_$12,True,26,9,7,False,unverified: separate modality axes
3aIQUQgawaI$_$19,True,26,17,9,False,unverified: separate modality axes
3aIQUQgawaI$_$5,True,43,43,36,False,unverified: separate modality axes
3aIQUQgawaI$_$4,True,46,46,46,False,unverified: separate modality axes
3aIQUQgawaI$_$7,True,48,48,48,True,unverified: separate modality axes
3fhCxePBuZY$_$10,True,42,42,42,False,unverified: separate modality axes
3fhCxePBuZY$_$4,True,16,16,16,False,unverified: separate modality axes
3gA34VxBijI$_$1,True,21,21,0,False,unverified: separate modality axes
3kNPvhdF1NA$_$0,True,48,48,48,True,unverified: separate modality axes
3lkn8MS3n8Q$_$27,True,28,28,28,False,unverified: separate modality axes
3lkn8MS3n8Q$_$6,True,24,24,24,False,unverified: separate modality axes
3n44IP3tCVE$_$13,True,31,31,31,False,unverified: separate modality axes
3n44IP3tCVE$_$0,True,21,21,21,False,unverified: separate modality axes
3n44IP3tCVE$_$5,True,48,48,48,True,unverified: separate modality axes
3n44IP3tCVE$_$6,True,24,24,24,False,unverified: separate modality axes
3ocpWAmSNUE$_$5,True,22,22,22,False,unverified: separate modality axes
3ocpWAmSNUE$_$6,True,12,12,12,False,unverified: separate modality axes
3paDwuRQP1w$_$0,True,18,18,18,False,unverified: separate modality axes
3sUS8vXbRwg$_$13,True,20,20,20,False,unverified: separate modality axes
40181$_$21,True,22,22,22,False,unverified: separate modality axes
40181$_$9,True,19,19,19,False,unverified: separate modality axes
40181$_$13,True,48,48,48,True,unverified: separate modality axes
40181$_$19,True,4,4,4,False,unverified: separate modality axes
40260$_$8,True,26,26,26,False,unverified: separate modality axes
40260$_$19,True,38,38,35,False,unverified: separate modality axes
40260$_$18,True,48,48,48,True,unverified: separate modality axes
41692$_$1,True,16,16,16,False,unverified: separate modality axes
43371$_$6,True,34,34,34,False,unverified: separate modality axes
43371$_$8,True,13,13,13,False,unverified: separate modality axes
43456$_$2,True,29,29,29,False,unverified: separate modality axes
43456$_$8,True,15,15,15,False,unverified: separate modality axes
44780$_$1,True,24,24,18,False,unverified: separate modality axes
44780$_$0,True,2,2,2,False,unverified: separate modality axes
44780$_$3,True,48,48,44,True,unverified: separate modality axes
44780$_$2,True,10,10,0,False,unverified: separate modality axes
44780$_$7,True,48,48,48,True,unverified: separate modality axes
44780$_$6,True,18,18,0,False,unverified: separate modality axes
45175$_$9,True,22,22,22,False,unverified: separate modality axes
45184$_$2,True,36,36,36,False,unverified: separate modality axes
45184$_$5,True,48,48,48,True,unverified: separate modality axes
45186$_$3,True,42,42,42,False,unverified: separate modality axes
45186$_$2,True,23,23,23,False,unverified: separate modality axes
45676$_$6,True,40,40,40,False,unverified: separate modality axes
45c3QQzGakM$_$5,True,24,24,24,False,unverified: separate modality axes
46497$_$1,True,10,10,10,False,unverified: separate modality axes
46497$_$3,True,48,48,17,True,unverified: separate modality axes
46604$_$3,True,12,12,12,False,unverified: separate modality axes
46604$_$2,True,13,13,0,False,unverified: separate modality axes
46604$_$4,True,9,9,9,False,unverified: separate modality axes
46618$_$1,True,36,36,36,False,unverified: separate modality axes
46618$_$0,True,16,16,16,False,unverified: separate modality axes
46618$_$2,True,33,33,33,False,unverified: separate modality axes
47472$_$10,True,29,29,7,False,unverified: separate modality axes
47472$_$1,True,13,13,13,False,unverified: separate modality axes
47472$_$4,True,9,9,0,False,unverified: separate modality axes
47472$_$6,True,42,42,42,False,unverified: separate modality axes
47472$_$8,True,36,36,36,False,unverified: separate modality axes
49358$_$4,True,13,13,13,False,unverified: separate modality axes
49358$_$6,True,19,19,19,False,unverified: separate modality axes
49358$_$9,True,31,31,31,False,unverified: separate modality axes
4AQC7_uCuEE$_$27,True,24,24,24,False,unverified: separate modality axes
4AQC7_uCuEE$_$22,True,16,16,16,False,unverified: separate modality axes
4AQC7_uCuEE$_$23,True,18,18,18,False,unverified: separate modality axes
4BoE-woHtwA$_$12,True,34,34,34,False,unverified: separate modality axes
4BoE-woHtwA$_$1,True,20,20,20,False,unverified: separate modality axes
4BoE-woHtwA$_$5,True,17,17,10,False,unverified: separate modality axes
4CKhrjuuofk$_$1,True,30,30,30,False,unverified: separate modality axes
4CKhrjuuofk$_$5,True,25,25,25,False,unverified: separate modality axes
4EEru3cZwXo$_$3,True,24,24,24,False,unverified: separate modality axes
4GYfmpEEtl4$_$1,True,21,21,21,False,unverified: separate modality axes
4GYfmpEEtl4$_$7,True,25,25,25,False,unverified: separate modality axes
4GYfmpEEtl4$_$6,True,16,16,16,False,unverified: separate modality axes
4H9RfQuqsvg$_$1,True,12,12,12,False,unverified: separate modality axes
4H9RfQuqsvg$_$12,True,14,14,14,False,unverified: separate modality axes
4H9RfQuqsvg$_$6,True,23,23,23,False,unverified: separate modality axes
4HAC00EAdno$_$10,True,48,48,48,True,unverified: separate modality axes
4HAC00EAdno$_$12,True,12,12,12,False,unverified: separate modality axes
4HAC00EAdno$_$9,True,16,16,16,False,unverified: separate modality axes
4Kh5N9W-Jr4$_$0,True,9,9,9,False,unverified: separate modality axes
4Q7OkrJLzAc$_$1,True,18,18,18,False,unverified: separate modality axes
4Q7OkrJLzAc$_$0,True,17,17,17,False,unverified: separate modality axes
4Q95Lg3Icho$_$24,True,17,17,17,False,unverified: separate modality axes
4Ry6M_ZfJQc$_$5,True,27,27,27,False,unverified: separate modality axes
4VA4kqMnEqA$_$4,True,9,9,9,False,unverified: separate modality axes
4VA4kqMnEqA$_$8,True,11,11,11,False,unverified: separate modality axes
4hEWns7JBg0$_$25,True,21,21,21,False,unverified: separate modality axes
4hEWns7JBg0$_$29,True,7,7,7,False,unverified: separate modality axes
4iG0ffmnCOw$_$2,True,22,22,22,False,unverified: separate modality axes
4iG0ffmnCOw$_$7,True,14,14,14,False,unverified: separate modality axes
4iw1jTY-X3A$_$14,True,9,9,9,False,unverified: separate modality axes
4iw1jTY-X3A$_$3,True,8,8,8,False,unverified: separate modality axes
4jTUcNlxlYA$_$0,True,19,19,19,False,unverified: separate modality axes
4jTUcNlxlYA$_$4,True,18,18,18,False,unverified: separate modality axes
4jTUcNlxlYA$_$6,True,48,48,48,True,unverified: separate modality axes
4jTUcNlxlYA$_$9,True,38,38,38,False,unverified: separate modality axes
4kF0U8kIMp4$_$0,True,24,24,4,False,unverified: separate modality axes
4kF0U8kIMp4$_$5,True,32,32,32,False,unverified: separate modality axes
4kF0U8kIMp4$_$4,True,34,34,34,False,unverified: separate modality axes
4lKz4xyCmkk$_$14,True,18,18,18,False,unverified: separate modality axes
4poXF3xo6Z8$_$13,True,12,12,12,False,unverified: separate modality axes
4poXF3xo6Z8$_$1,True,28,28,28,False,unverified: separate modality axes
4poXF3xo6Z8$_$0,True,14,14,14,False,unverified: separate modality axes
4poXF3xo6Z8$_$3,True,21,21,21,False,unverified: separate modality axes
4poXF3xo6Z8$_$6,True,29,29,29,False,unverified: separate modality axes
4qjz4BQCZyM$_$5,True,26,26,26,False,unverified: separate modality axes
4qoB5a6dR3w$_$1,True,15,15,15,False,unverified: separate modality axes
4wdeBJ39Cuw$_$0,True,30,30,30,False,unverified: separate modality axes
4wdeBJ39Cuw$_$5,True,15,15,15,False,unverified: separate modality axes
4wuug3-5cWo$_$5,True,22,22,3,False,unverified: separate modality axes
50453$_$4,True,22,22,22,False,unverified: separate modality axes
50453$_$8,True,6,6,6,False,unverified: separate modality axes
51224$_$1,True,48,48,42,True,unverified: separate modality axes
51224$_$9,True,18,18,18,False,unverified: separate modality axes
52068$_$21,True,1,1,1,False,unverified: separate modality axes
52068$_$2,True,11,11,11,False,unverified: separate modality axes
52839$_$11,True,6,6,6,False,unverified: separate modality axes
52839$_$13,True,20,20,20,False,unverified: separate modality axes
52839$_$12,True,26,26,26,False,unverified: separate modality axes
52839$_$0,True,3,3,3,False,unverified: separate modality axes
52839$_$7,True,37,37,37,False,unverified: separate modality axes
53742$_$1,True,15,15,15,False,unverified: separate modality axes
53742$_$2,True,16,16,16,False,unverified: separate modality axes
53742$_$5,True,48,48,48,True,unverified: separate modality axes
55156$_$2,True,15,15,15,False,unverified: separate modality axes
55156$_$8,True,30,30,25,False,unverified: separate modality axes
56006$_$4,True,18,18,18,False,unverified: separate modality axes
56276$_$11,True,48,48,48,True,unverified: separate modality axes
56276$_$15,True,29,29,29,False,unverified: separate modality axes
56276$_$1,True,20,20,20,False,unverified: separate modality axes
56276$_$4,True,4,4,4,False,unverified: separate modality axes
56276$_$7,True,31,31,28,False,unverified: separate modality axes
57618$_$1,True,9,9,9,False,unverified: separate modality axes
57618$_$3,True,20,20,20,False,unverified: separate modality axes
59333$_$10,True,11,11,11,False,unverified: separate modality axes
59333$_$19,True,8,8,8,False,unverified: separate modality axes
59333$_$7,True,12,12,5,False,unverified: separate modality axes
59333$_$9,True,7,7,7,False,unverified: separate modality axes
5Fs_7A_V2kA$_$9,True,29,29,29,False,unverified: separate modality axes
5JMpMKAO-Mk$_$5,True,19,19,19,False,unverified: separate modality axes
5R5fDxZUL8M$_$2,True,26,26,26,False,unverified: separate modality axes
5R5fDxZUL8M$_$5,True,27,27,27,False,unverified: separate modality axes
5Tqu1IXJjGY$_$7,True,14,14,14,False,unverified: separate modality axes
5XX0csik6VQ$_$0,True,47,47,47,False,unverified: separate modality axes
5YnYGjrhzF4$_$0,True,48,48,48,True,unverified: separate modality axes
5YnYGjrhzF4$_$8,True,27,27,27,False,unverified: separate modality axes
5eA5HpyFsIk$_$0,True,32,32,32,False,unverified: separate modality axes
5oEuiBPUTYc$_$6,True,34,34,32,False,unverified: separate modality axes
5qQs9Cfydo4$_$9,True,38,38,38,False,unverified: separate modality axes
5qxZFmIaynE$_$24,True,29,29,0,False,unverified: separate modality axes
5qxZFmIaynE$_$15,True,21,21,15,False,unverified: separate modality axes
5qxZFmIaynE$_$17,True,27,27,0,False,unverified: separate modality axes
5qxZFmIaynE$_$28,True,18,18,13,False,unverified: separate modality axes
5qxZFmIaynE$_$7,True,15,15,0,False,unverified: separate modality axes
5qxZFmIaynE$_$9,True,18,18,0,False,unverified: separate modality axes
5tV5rZZJDCE$_$7,True,18,18,18,False,unverified: separate modality axes
5wpCKY2U1NE$_$10,True,18,18,18,False,unverified: separate modality axes
5wpCKY2U1NE$_$5,True,20,20,20,False,unverified: separate modality axes
60037$_$16,True,28,28,28,False,unverified: separate modality axes
60037$_$1,True,17,17,17,False,unverified: separate modality axes
65kkuNV921k$_$15,True,23,23,23,False,unverified: separate modality axes
65kkuNV921k$_$22,True,22,22,22,False,unverified: separate modality axes
65kkuNV921k$_$30,True,20,20,20,False,unverified: separate modality axes
65kkuNV921k$_$26,True,15,15,15,False,unverified: separate modality axes
65kkuNV921k$_$34,True,23,23,23,False,unverified: separate modality axes
65kkuNV921k$_$3,True,24,24,24,False,unverified: separate modality axes
65kkuNV921k$_$5,True,25,25,25,False,unverified: separate modality axes
65kkuNV921k$_$7,True,26,26,26,False,unverified: separate modality axes
65kkuNV921k$_$6,True,15,15,15,False,unverified: separate modality axes
69707$_$2,True,40,40,40,False,unverified: separate modality axes
6G8JJ69aN6o$_$4,True,14,14,14,False,unverified: separate modality axes
6IUj6jyoTl0$_$0,True,22,22,1,False,unverified: separate modality axes
6J_yzh1LNAE$_$0,True,21,21,21,False,unverified: separate modality axes
6MYUY5tC2Us$_$0,True,11,11,4,False,unverified: separate modality axes
6MYUY5tC2Us$_$2,True,16,16,16,False,unverified: separate modality axes
6MloL1gIccs$_$4,True,25,25,25,False,unverified: separate modality axes
6PLlauWxF5E$_$0,True,24,24,24,False,unverified: separate modality axes
6PLlauWxF5E$_$2,True,28,28,28,False,unverified: separate modality axes
6T1GHj7qwYs$_$5,True,41,41,41,False,unverified: separate modality axes
6TDXQtGUNEs$_$11,True,26,26,26,False,unverified: separate modality axes
6Vg10LxmWUY$_$0,True,19,19,14,False,unverified: separate modality axes
6YNAmRjpxlA$_$0,True,35,35,35,False,unverified: separate modality axes
6c7vAwDSVGc$_$2,True,30,30,30,False,unverified: separate modality axes
6ng8CZ0ULK4$_$11,True,6,6,6,False,unverified: separate modality axes
6ng8CZ0ULK4$_$1,True,33,33,33,False,unverified: separate modality axes
6ng8CZ0ULK4$_$2,True,20,20,20,False,unverified: separate modality axes
6q5uKCgairk$_$10,True,15,15,15,False,unverified: separate modality axes
6q5uKCgairk$_$13,True,19,19,16,False,unverified: separate modality axes
6q5uKCgairk$_$8,True,29,29,29,False,unverified: separate modality axes
6qPjYvdZiLA$_$7,True,20,20,20,False,unverified: separate modality axes
6rkV4QRcVnk$_$3,True,13,13,13,False,unverified: separate modality axes
6slq62RwH3Q$_$10,True,21,21,21,False,unverified: separate modality axes
6slq62RwH3Q$_$2,True,19,19,19,False,unverified: separate modality axes
6slq62RwH3Q$_$7,True,20,20,20,False,unverified: separate modality axes
6xvVFYR5di0$_$0,True,23,23,23,False,unverified: separate modality axes
6xvVFYR5di0$_$9,True,11,11,0,False,unverified: separate modality axes
6zjv1TLqfF0$_$11,True,7,7,7,False,unverified: separate modality axes
6zjv1TLqfF0$_$10,True,6,6,6,False,unverified: separate modality axes
6zjv1TLqfF0$_$1,True,15,15,15,False,unverified: separate modality axes
6zjv1TLqfF0$_$3,True,6,6,6,False,unverified: separate modality axes
6zjv1TLqfF0$_$7,True,7,7,7,False,unverified: separate modality axes
70420$_$15,True,15,15,15,False,unverified: separate modality axes
70420$_$4,True,7,7,7,False,unverified: separate modality axes
70420$_$6,True,16,16,16,False,unverified: separate modality axes
70710$_$3,True,41,41,41,False,unverified: separate modality axes
70710$_$2,True,48,48,48,True,unverified: separate modality axes
708sewcSXVY$_$3,True,33,33,33,False,unverified: separate modality axes
72017$_$9,True,11,11,0,False,unverified: separate modality axes
72385$_$24,True,23,23,23,False,unverified: separate modality axes
72385$_$20,True,13,13,13,False,unverified: separate modality axes
72385$_$21,True,15,15,15,False,unverified: separate modality axes
72385$_$2,True,13,13,13,False,unverified: separate modality axes
72385$_$5,True,14,14,14,False,unverified: separate modality axes
72385$_$6,True,20,20,20,False,unverified: separate modality axes
72385$_$12,True,15,15,15,False,unverified: separate modality axes
72tXTrSXoMk$_$6,True,8,8,0,False,unverified: separate modality axes
73447$_$16,True,11,11,11,False,unverified: separate modality axes
73447$_$1,True,11,11,9,False,unverified: separate modality axes
73447$_$0,True,1,1,1,False,unverified: separate modality axes
73447$_$3,True,3,3,3,False,unverified: separate modality axes
73447$_$6,True,18,18,18,False,unverified: separate modality axes
73447$_$8,True,31,31,25,False,unverified: separate modality axes
73449$_$13,True,17,17,17,False,unverified: separate modality axes
73449$_$14,True,6,6,6,False,unverified: separate modality axes
73449$_$2,True,11,11,5,False,unverified: separate modality axes
73449$_$4,True,8,8,0,False,unverified: separate modality axes
73449$_$8,True,48,48,33,True,unverified: separate modality axes
74101$_$1,True,16,16,16,False,unverified: separate modality axes
74101$_$6,True,47,47,22,False,unverified: separate modality axes
74184$_$11,True,8,8,8,False,unverified: separate modality axes
74184$_$7,True,44,44,44,False,unverified: separate modality axes
74184$_$8,True,20,20,20,False,unverified: separate modality axes
74870$_$3,True,19,19,19,False,unverified: separate modality axes
74870$_$4,True,10,10,10,False,unverified: separate modality axes
75938$_$1,True,28,28,28,False,unverified: separate modality axes
76124$_$10,True,46,46,46,False,unverified: separate modality axes
76124$_$1,True,20,20,20,False,unverified: separate modality axes
76124$_$3,True,32,32,32,False,unverified: separate modality axes
76124$_$2,True,34,34,34,False,unverified: separate modality axes
76124$_$8,True,27,27,27,False,unverified: separate modality axes
76sN4tvbPGk$_$9,True,15,15,15,False,unverified: separate modality axes
76sN4tvbPGk$_$4,True,27,27,27,False,unverified: separate modality axes
78577$_$11,True,16,16,16,False,unverified: separate modality axes
78577$_$3,True,19,19,19,False,unverified: separate modality axes
78577$_$8,True,16,16,16,False,unverified: separate modality axes
79644$_$2,True,24,24,24,False,unverified: separate modality axes
79934$_$5,True,18,18,5,False,unverified: separate modality axes
79935$_$13,True,11,11,11,False,unverified: separate modality axes
79935$_$15,True,6,6,6,False,unverified: separate modality axes
79935$_$7,True,25,25,25,False,unverified: separate modality axes
79935$_$6,True,13,13,13,False,unverified: separate modality axes
79935$_$8,True,20,20,20,False,unverified: separate modality axes
7EWOMjaKlus$_$12,True,25,25,25,False,unverified: separate modality axes
7EWOMjaKlus$_$14,True,24,24,24,False,unverified: separate modality axes
7R70kKqtGh0$_$1,True,26,26,26,False,unverified: separate modality axes
7U_z0JfleAw$_$8,True,13,13,13,False,unverified: separate modality axes
7UlSX-syPeo$_$18,True,40,40,39,False,unverified: separate modality axes
7UlSX-syPeo$_$22,True,48,48,43,True,unverified: separate modality axes
7UlSX-syPeo$_$4,True,13,13,13,False,unverified: separate modality axes
7ZzbemE4QEE$_$25,True,22,22,22,False,unverified: separate modality axes
7ZzbemE4QEE$_$27,True,15,15,15,False,unverified: separate modality axes
7ZzbemE4QEE$_$21,True,10,10,10,False,unverified: separate modality axes
7ZzbemE4QEE$_$3,True,35,35,35,False,unverified: separate modality axes
7ZzbemE4QEE$_$2,True,32,32,32,False,unverified: separate modality axes
7ZzbemE4QEE$_$39,True,20,20,20,False,unverified: separate modality axes
7ZzbemE4QEE$_$15,True,15,15,15,False,unverified: separate modality axes
7ZzbemE4QEE$_$33,True,6,6,6,False,unverified: separate modality axes
7ZzbemE4QEE$_$34,True,4,4,4,False,unverified: separate modality axes
7ZzbemE4QEE$_$32,True,14,14,14,False,unverified: separate modality axes
7eJqqvvziQo$_$1,True,8,8,8,False,unverified: separate modality axes
7eJqqvvziQo$_$0,True,28,28,28,False,unverified: separate modality axes
7eJqqvvziQo$_$5,True,21,21,21,False,unverified: separate modality axes
7eJqqvvziQo$_$7,True,23,23,23,False,unverified: separate modality axes
7eWclVCXOtk$_$0,True,21,21,0,False,unverified: separate modality axes
7eWclVCXOtk$_$4,True,12,12,12,False,unverified: separate modality axes
7eWclVCXOtk$_$8,True,24,24,0,False,unverified: separate modality axes
7fPYpqzw1iY$_$12,True,17,17,17,False,unverified: separate modality axes
7hSWYI99-24$_$3,True,8,8,8,False,unverified: separate modality axes
7hSWYI99-24$_$6,True,26,26,26,False,unverified: separate modality axes
7pZPQbMKGkY$_$0,True,18,18,18,False,unverified: separate modality axes
7pZPQbMKGkY$_$5,True,15,15,15,False,unverified: separate modality axes
7rMLN0KKE5k$_$28,True,48,48,48,True,unverified: separate modality axes
7rMLN0KKE5k$_$19,True,43,43,43,False,unverified: separate modality axes
7rMLN0KKE5k$_$32,True,48,48,48,True,unverified: separate modality axes
7sgAWvbLtiM$_$1,True,11,11,11,False,unverified: separate modality axes
7sgAWvbLtiM$_$6,True,10,10,10,False,unverified: separate modality axes
8-Hi9NmF4rM$_$1,True,19,19,19,False,unverified: separate modality axes
8-Hi9NmF4rM$_$2,True,17,17,17,False,unverified: separate modality axes
80620$_$0,True,1,1,1,False,unverified: separate modality axes
80620$_$2,True,11,11,11,False,unverified: separate modality axes
80620$_$5,True,9,9,9,False,unverified: separate modality axes
80627$_$11,True,3,3,3,False,unverified: separate modality axes
80627$_$13,True,28,28,28,False,unverified: separate modality axes
80866$_$13,True,7,7,7,False,unverified: separate modality axes
80866$_$12,True,12,12,12,False,unverified: separate modality axes
80866$_$14,True,31,31,31,False,unverified: separate modality axes
80866$_$1,True,15,15,13,False,unverified: separate modality axes
80866$_$3,True,9,9,9,False,unverified: separate modality axes
80866$_$2,True,16,16,0,False,unverified: separate modality axes
80866$_$5,True,17,17,17,False,unverified: separate modality axes
80866$_$4,True,23,23,23,False,unverified: separate modality axes
80866$_$6,True,5,5,5,False,unverified: separate modality axes
80914$_$3,True,10,10,10,False,unverified: separate modality axes
81406$_$0,True,32,32,32,False,unverified: separate modality axes
81406$_$2,True,7,7,7,False,unverified: separate modality axes
81615$_$3,True,19,19,19,False,unverified: separate modality axes
81615$_$7,True,8,8,1,False,unverified: separate modality axes
81615$_$6,True,48,48,20,True,unverified: separate modality axes
83310$_$1,True,48,48,48,True,unverified: separate modality axes
83859$_$25,True,15,15,15,False,unverified: separate modality axes
83859$_$29,True,14,14,14,False,unverified: separate modality axes
83859$_$1,True,36,36,36,False,unverified: separate modality axes
83859$_$3,True,29,29,29,False,unverified: separate modality axes
83859$_$11,True,6,6,6,False,unverified: separate modality axes
83859$_$12,True,20,20,20,False,unverified: separate modality axes
83859$_$16,True,10,10,10,False,unverified: separate modality axes
8404$_$11,True,25,25,25,False,unverified: separate modality axes
8404$_$4,True,18,18,18,False,unverified: separate modality axes
84133$_$23,True,23,23,23,False,unverified: separate modality axes
84133$_$2,True,17,17,17,False,unverified: separate modality axes
84133$_$9,True,4,4,4,False,unverified: separate modality axes
84133$_$16,True,14,14,14,False,unverified: separate modality axes
84133$_$19,True,4,4,4,False,unverified: separate modality axes
84176$_$10,True,45,45,45,False,unverified: separate modality axes
84176$_$1,True,14,14,14,False,unverified: separate modality axes
84176$_$8,True,39,39,39,False,unverified: separate modality axes
856LGms_0s0$_$9,True,29,29,29,False,unverified: separate modality axes
87161$_$3,True,34,34,34,False,unverified: separate modality axes
87161$_$2,True,18,18,18,False,unverified: separate modality axes
87161$_$5,True,9,9,9,False,unverified: separate modality axes
87400$_$13,True,4,4,4,False,unverified: separate modality axes
87400$_$12,True,14,14,14,False,unverified: separate modality axes
87400$_$14,True,12,12,12,False,unverified: separate modality axes
88245$_$6,True,36,36,36,False,unverified: separate modality axes
88797$_$12,True,6,6,6,False,unverified: separate modality axes
88797$_$0,True,4,4,4,False,unverified: separate modality axes
88797$_$3,True,14,14,14,False,unverified: separate modality axes
88797$_$7,True,32,32,32,False,unverified: separate modality axes
88888$_$4,True,11,11,11,False,unverified: separate modality axes
88S1BjwMfdw$_$7,True,13,13,13,False,unverified: separate modality axes
88oSn21TFcA$_$0,True,20,20,20,False,unverified: separate modality axes
88oSn21TFcA$_$8,True,30,30,30,False,unverified: separate modality axes
89747$_$9,True,48,48,45,True,unverified: separate modality axes
89787$_$14,True,15,15,15,False,unverified: separate modality axes
89787$_$4,True,27,27,27,False,unverified: separate modality axes
89787$_$7,True,48,48,41,True,unverified: separate modality axes
89951$_$10,True,20,20,20,False,unverified: separate modality axes
89951$_$8,True,33,33,33,False,unverified: separate modality axes
8Cp8c-eQELQ$_$11,True,21,21,21,False,unverified: separate modality axes
8Cp8c-eQELQ$_$16,True,25,25,25,False,unverified: separate modality axes
8EHEEXex5D8$_$11,True,24,24,24,False,unverified: separate modality axes
8EHEEXex5D8$_$23,True,16,16,16,False,unverified: separate modality axes
8EHEEXex5D8$_$18,True,19,19,19,False,unverified: separate modality axes
8Lmqsakmw3M$_$20,True,23,23,23,False,unverified: separate modality axes
8P0zm2oYDyY$_$1,True,22,22,22,False,unverified: separate modality axes
8P0zm2oYDyY$_$6,True,16,16,16,False,unverified: separate modality axes
8VB6pdJTpX4$_$1,True,23,23,18,False,unverified: separate modality axes
8VP1qxX9mh4$_$0,True,24,24,24,False,unverified: separate modality axes
8X5tGQLBqPo$_$11,True,45,45,45,False,unverified: separate modality axes
8X5tGQLBqPo$_$10,True,33,33,33,False,unverified: separate modality axes
8X5tGQLBqPo$_$13,True,18,18,18,False,unverified: separate modality axes
8X5tGQLBqPo$_$15,True,38,38,38,False,unverified: separate modality axes
8XODJwsvBa0$_$2,True,48,48,48,True,unverified: separate modality axes
8YsIvz4qnk4$_$1,True,19,19,19,False,unverified: separate modality axes
8ovb-GaZ3QE$_$3,True,12,12,12,False,unverified: separate modality axes
8ovb-GaZ3QE$_$5,True,15,15,15,False,unverified: separate modality axes
8qCNtqjygW8$_$10,True,8,8,8,False,unverified: separate modality axes
8qCNtqjygW8$_$12,True,12,12,12,False,unverified: separate modality axes
8qCNtqjygW8$_$1,True,7,7,7,False,unverified: separate modality axes
8qCNtqjygW8$_$0,True,20,20,20,False,unverified: separate modality axes
8qCNtqjygW8$_$7,True,9,9,0,False,unverified: separate modality axes
8qCNtqjygW8$_$8,True,18,18,0,False,unverified: separate modality axes
8u5aet7s9_w$_$8,True,48,48,48,True,unverified: separate modality axes
8x81fzwcJko$_$5,True,19,19,9,False,unverified: separate modality axes
8xfW_azeNPk$_$12,True,8,8,8,False,unverified: separate modality axes
8xfW_azeNPk$_$1,True,38,38,38,False,unverified: separate modality axes
8xfW_azeNPk$_$8,True,15,15,15,False,unverified: separate modality axes
9-EO2oCAGA4$_$10,True,31,31,31,False,unverified: separate modality axes
9-EO2oCAGA4$_$0,True,27,27,27,False,unverified: separate modality axes
9-EO2oCAGA4$_$3,True,39,39,39,False,unverified: separate modality axes
9-EO2oCAGA4$_$4,True,24,24,20,False,unverified: separate modality axes
9-EO2oCAGA4$_$7,True,9,9,9,False,unverified: separate modality axes
9-K1CXCXui4$_$15,True,48,48,48,True,unverified: separate modality axes
9-K1CXCXui4$_$16,True,7,7,7,False,unverified: separate modality axes
90172$_$11,True,48,48,48,True,unverified: separate modality axes
90172$_$14,True,14,14,14,False,unverified: separate modality axes
90172$_$0,True,46,46,46,False,unverified: separate modality axes
90172$_$3,True,48,48,48,True,unverified: separate modality axes
90172$_$7,True,9,9,9,False,unverified: separate modality axes
90wZz0thye4$_$11,True,19,19,19,False,unverified: separate modality axes
90wZz0thye4$_$10,True,14,14,14,False,unverified: separate modality axes
90wZz0thye4$_$2,True,36,36,36,False,unverified: separate modality axes
91276$_$1,True,4,4,4,False,unverified: separate modality axes
91276$_$7,True,39,39,38,False,unverified: separate modality axes
91276$_$8,True,4,4,4,False,unverified: separate modality axes
91y7nPEWdmQ$_$5,True,48,48,48,True,unverified: separate modality axes
92221$_$11,True,23,23,23,False,unverified: separate modality axes
92221$_$12,True,22,22,22,False,unverified: separate modality axes
92221$_$18,True,2,2,2,False,unverified: separate modality axes
92221$_$5,True,19,19,19,False,unverified: separate modality axes
92331$_$20,True,27,27,27,False,unverified: separate modality axes
92331$_$21,True,7,7,7,False,unverified: separate modality axes
92331$_$22,True,10,10,10,False,unverified: separate modality axes
92331$_$1,True,14,14,14,False,unverified: separate modality axes
92331$_$2,True,19,19,19,False,unverified: separate modality axes
92331$_$8,True,17,17,17,False,unverified: separate modality axes
92331$_$10,True,14,14,14,False,unverified: separate modality axes
92331$_$18,True,9,9,9,False,unverified: separate modality axes
92521$_$0,True,16,16,8,False,unverified: separate modality axes
92521$_$6,True,23,23,23,False,unverified: separate modality axes
92533$_$7,True,7,7,7,False,unverified: separate modality axes
92533$_$6,True,19,19,19,False,unverified: separate modality axes
93821$_$1,True,14,14,14,False,unverified: separate modality axes
93821$_$7,True,20,20,20,False,unverified: separate modality axes
93839$_$11,True,27,27,27,False,unverified: separate modality axes
93839$_$1,True,19,19,19,False,unverified: separate modality axes
93839$_$7,True,32,32,32,False,unverified: separate modality axes
94215$_$1,True,15,15,7,False,unverified: separate modality axes
94983$_$11,True,20,20,20,False,unverified: separate modality axes
94983$_$6,True,7,7,7,False,unverified: separate modality axes
94ULum9MYX0$_$11,True,27,10,9,False,unverified: separate modality axes
96099$_$3,True,24,24,24,False,unverified: separate modality axes
96099$_$9,True,31,31,31,False,unverified: separate modality axes
96179$_$13,True,15,15,15,False,unverified: separate modality axes
96179$_$14,True,4,4,4,False,unverified: separate modality axes
96179$_$5,True,22,22,22,False,unverified: separate modality axes
96194$_$12,True,13,13,13,False,unverified: separate modality axes
96194$_$6,True,23,23,23,False,unverified: separate modality axes
96350$_$2,True,19,19,19,False,unverified: separate modality axes
96350$_$5,True,22,22,22,False,unverified: separate modality axes
96350$_$7,True,37,37,37,False,unverified: separate modality axes
96350$_$9,True,48,48,48,True,unverified: separate modality axes
96350$_$8,True,1,1,1,False,unverified: separate modality axes
96361$_$4,True,7,7,7,False,unverified: separate modality axes
96361$_$7,True,27,27,27,False,unverified: separate modality axes
96361$_$6,True,48,48,48,True,unverified: separate modality axes
96361$_$8,True,6,6,6,False,unverified: separate modality axes
97095$_$24,True,5,5,5,False,unverified: separate modality axes
97095$_$20,True,11,11,11,False,unverified: separate modality axes
97095$_$29,True,12,12,12,False,unverified: separate modality axes
97095$_$0,True,1,1,1,False,unverified: separate modality axes
97095$_$2,True,20,20,20,False,unverified: separate modality axes
97095$_$5,True,7,7,7,False,unverified: separate modality axes
97095$_$11,True,4,4,4,False,unverified: separate modality axes
97095$_$17,True,26,26,26,False,unverified: separate modality axes
97095$_$16,True,17,17,17,False,unverified: separate modality axes
97095$_$33,True,17,17,17,False,unverified: separate modality axes
97095$_$32,True,11,11,11,False,unverified: separate modality axes
97992$_$10,True,12,12,12,False,unverified: separate modality axes
97992$_$9,True,5,5,5,False,unverified: separate modality axes
98187$_$11,True,16,16,13,False,unverified: separate modality axes
98187$_$12,True,6,6,0,False,unverified: separate modality axes
98187$_$1,True,10,10,4,False,unverified: separate modality axes
98442$_$10,True,17,17,17,False,unverified: separate modality axes
984VkHzXl8w$_$7,True,25,25,25,False,unverified: separate modality axes
9BceQC_SdTM$_$3,True,48,48,48,True,unverified: separate modality axes
9BceQC_SdTM$_$6,True,29,29,29,False,unverified: separate modality axes
9K5mYSaoBL4$_$4,True,28,28,2,False,unverified: separate modality axes
9K5mYSaoBL4$_$9,True,32,32,0,False,unverified: separate modality axes
9Un1O2ypJmI$_$5,True,48,48,48,True,unverified: separate modality axes
9VZ4cpoTFbo$_$2,True,18,18,18,False,unverified: separate modality axes
9VZ4cpoTFbo$_$5,True,15,15,15,False,unverified: separate modality axes
9cSJglGi9Pg$_$6,True,22,22,22,False,unverified: separate modality axes
9cxlcpbmrH0$_$11,True,33,33,33,False,unverified: separate modality axes
9dFEGb_RfwE$_$11,True,48,26,19,True,unverified: separate modality axes
9f6A3ucYArQ$_$3,True,23,23,23,False,unverified: separate modality axes
9pdyTplXwM4$_$5,True,17,17,17,False,unverified: separate modality axes
9pzn93kdP_g$_$11,True,48,48,48,True,unverified: separate modality axes
9pzn93kdP_g$_$17,True,12,12,12,False,unverified: separate modality axes
9pzn93kdP_g$_$3,True,16,16,16,False,unverified: separate modality axes
9tX18DNC74w$_$4,True,23,23,23,False,unverified: separate modality axes
9zWeMrfr-l0$_$0,True,9,9,9,False,unverified: separate modality axes
A4dzxgHDhF0$_$1,True,43,43,43,False,unverified: separate modality axes
A8plGi4rbxM$_$4,True,22,22,22,False,unverified: separate modality axes
ABSC1JNdpTw$_$9,True,44,44,44,False,unverified: separate modality axes
ABSC1JNdpTw$_$11,True,20,20,20,False,unverified: separate modality axes
ADYia28RrFU$_$4,True,11,11,11,False,unverified: separate modality axes
ADYia28RrFU$_$7,True,28,28,3,False,unverified: separate modality axes
ADYia28RrFU$_$9,True,17,17,17,False,unverified: separate modality axes
ADYia28RrFU$_$8,True,19,19,19,False,unverified: separate modality axes
AGFgaKPzjMQ$_$2,True,37,37,37,False,unverified: separate modality axes
AIPqRuTjI4E$_$14,True,22,22,22,False,unverified: separate modality axes
AIPqRuTjI4E$_$16,True,16,16,16,False,unverified: separate modality axes
AKofHsmxa1I$_$6,True,29,29,29,False,unverified: separate modality axes
APYv5s4ucd0$_$9,True,29,29,29,False,unverified: separate modality axes
AVScVfLgNmw$_$1,True,21,21,0,False,unverified: separate modality axes
AVScVfLgNmw$_$2,True,19,19,15,False,unverified: separate modality axes
AepwIhSbAws$_$2,True,23,23,23,False,unverified: separate modality axes
AggyS1coOb8$_$1,True,48,48,48,True,unverified: separate modality axes
AmGocfFQfVE$_$1,True,19,19,19,False,unverified: separate modality axes
AuPCZlKBzq8$_$11,True,29,29,29,False,unverified: separate modality axes
Az3e1Opu0LE$_$1,True,16,16,16,False,unverified: separate modality axes
Az3e1Opu0LE$_$5,True,9,9,9,False,unverified: separate modality axes
BAi3ZJo5Vwg$_$11,True,42,42,42,False,unverified: separate modality axes
BAi3ZJo5Vwg$_$7,True,48,48,48,True,unverified: separate modality axes
BB_VwJSg3AI$_$6,True,38,38,38,False,unverified: separate modality axes
BBoe8-HWPSw$_$4,True,33,33,28,False,unverified: separate modality axes
BBoe8-HWPSw$_$7,True,27,27,27,False,unverified: separate modality axes
BDCFV4EqHjY$_$1,True,32,32,32,False,unverified: separate modality axes
BMhG11CXgww$_$5,True,19,19,19,False,unverified: separate modality axes
BRdw-_dbJXc$_$19,True,16,16,16,False,unverified: separate modality axes
BRzjQHYWbSs$_$11,True,26,26,26,False,unverified: separate modality axes
BRzjQHYWbSs$_$15,True,29,29,29,False,unverified: separate modality axes
BRzjQHYWbSs$_$16,True,14,14,14,False,unverified: separate modality axes
BdqoZ5qpz0E$_$7,True,24,24,24,False,unverified: separate modality axes
BdqoZ5qpz0E$_$6,True,25,25,25,False,unverified: separate modality axes
BdqoZ5qpz0E$_$15,True,17,17,17,False,unverified: separate modality axes
Bf5owLv3X98$_$4,True,22,22,22,False,unverified: separate modality axes
Bg-PA5KTjNs$_$1,True,36,36,36,False,unverified: separate modality axes
Bg-PA5KTjNs$_$3,True,17,17,17,False,unverified: separate modality axes
Bg-PA5KTjNs$_$6,True,16,16,16,False,unverified: separate modality axes
Bg-PA5KTjNs$_$8,True,40,40,40,False,unverified: separate modality axes
BnWvk0YRgE4$_$0,True,48,48,48,True,unverified: separate modality axes
Bo5IDtP8_Fk$_$11,True,48,48,48,True,unverified: separate modality axes
BseI8-TYWm8$_$1,True,24,24,24,False,unverified: separate modality axes
BseI8-TYWm8$_$2,True,22,22,22,False,unverified: separate modality axes
BseI8-TYWm8$_$4,True,26,26,26,False,unverified: separate modality axes
BuPhjBayua8$_$7,True,47,47,47,False,unverified: separate modality axes
BuPhjBayua8$_$6,True,21,21,21,False,unverified: separate modality axes
C03473pYcRM$_$7,True,48,48,48,True,unverified: separate modality axes
C3lDRFu1ZcI$_$1,True,21,21,18,False,unverified: separate modality axes
C3lDRFu1ZcI$_$3,True,15,15,0,False,unverified: separate modality axes
CBYQDIqucxE$_$0,True,29,29,29,False,unverified: separate modality axes
CE9yV4SearE$_$11,True,42,42,42,False,unverified: separate modality axes
CHh6hWo1AFE$_$2,True,13,13,13,False,unverified: separate modality axes
CIqRibqChDQ$_$0,True,38,38,38,False,unverified: separate modality axes
CIqRibqChDQ$_$8,True,28,28,28,False,unverified: separate modality axes
CK31s0kfp-k$_$16,True,25,25,25,False,unverified: separate modality axes
CL4hDu95Eqw$_$0,True,38,38,38,False,unverified: separate modality axes
CL4hDu95Eqw$_$3,True,14,14,14,False,unverified: separate modality axes
CLkTjujFVKU$_$12,True,24,24,24,False,unverified: separate modality axes
CLkTjujFVKU$_$0,True,48,48,48,True,unverified: separate modality axes
CT7QOWbhfv4$_$3,True,39,39,39,False,unverified: separate modality axes
CVx494kExvc$_$2,True,33,33,33,False,unverified: separate modality axes
CVx494kExvc$_$6,True,21,21,21,False,unverified: separate modality axes
CVx494kExvc$_$15,True,38,38,38,False,unverified: separate modality axes
CVx494kExvc$_$8,True,24,24,24,False,unverified: separate modality axes
CXojk-oSaEw$_$2,True,48,48,48,True,unverified: separate modality axes
CZigX1ntOsI$_$3,True,17,17,17,False,unverified: separate modality axes
Cb8ay6WtJuM$_$1,True,10,10,0,False,unverified: separate modality axes
Cb8ay6WtJuM$_$4,True,7,7,0,False,unverified: separate modality axes
Cd0JH1AreDw$_$5,True,14,14,14,False,unverified: separate modality axes
CdB8QBhFccs$_$1,True,13,13,13,False,unverified: separate modality axes
CdB8QBhFccs$_$2,True,20,20,20,False,unverified: separate modality axes
CdB8QBhFccs$_$4,True,29,29,29,False,unverified: separate modality axes
Ceu9AkIjuLY$_$13,True,18,18,18,False,unverified: separate modality axes
Ceu9AkIjuLY$_$2,True,30,30,30,False,unverified: separate modality axes
Ceu9AkIjuLY$_$4,True,13,13,13,False,unverified: separate modality axes
Ceu9AkIjuLY$_$8,True,16,16,16,False,unverified: separate modality axes
Cj7R36s4dbM$_$10,True,14,14,14,False,unverified: separate modality axes
Ctc23Icfzvg$_$3,True,12,12,3,False,unverified: separate modality axes
Ctc23Icfzvg$_$5,True,27,27,23,False,unverified: separate modality axes
CvW0Mh1EWFA$_$3,True,48,48,45,True,unverified: separate modality axes
CzstrpOTtgo$_$4,True,38,38,38,False,unverified: separate modality axes
D5cQWqYcBAE$_$0,True,40,40,40,False,unverified: separate modality axes
D5cQWqYcBAE$_$2,True,14,14,14,False,unverified: separate modality axes
DEFDuYyc-Xw$_$7,True,12,12,12,False,unverified: separate modality axes
DGeBPk1op3E$_$2,True,9,9,9,False,unverified: separate modality axes
DGeBPk1op3E$_$5,True,30,30,13,False,unverified: separate modality axes
DQ7QKE3hzVg$_$1,True,25,25,25,False,unverified: separate modality axes
DXQGngge7vU$_$4,True,8,8,8,False,unverified: separate modality axes
DZBpdzrMelA$_$3,True,24,24,24,False,unverified: separate modality axes
DZBpdzrMelA$_$5,True,32,32,21,False,unverified: separate modality axes
DZIFCYOhosQ$_$5,True,44,44,44,False,unverified: separate modality axes
DZIFCYOhosQ$_$6,True,21,21,21,False,unverified: separate modality axes
DaXkixKFEvE$_$4,True,13,13,13,False,unverified: separate modality axes
DatH-ra0VKY$_$12,True,48,48,48,True,unverified: separate modality axes
DatH-ra0VKY$_$3,True,48,48,48,True,unverified: separate modality axes
DatH-ra0VKY$_$4,True,48,48,48,True,unverified: separate modality axes
DbAppk7xT0Y$_$0,True,12,12,0,False,unverified: separate modality axes
DfTMoqwMHVE$_$0,True,36,36,36,False,unverified: separate modality axes
DhXBaBOB4E8$_$5,True,29,29,29,False,unverified: separate modality axes
DiOw-w5LDJ0$_$1,True,32,32,32,False,unverified: separate modality axes
DiOw-w5LDJ0$_$0,True,36,36,36,False,unverified: separate modality axes
Drhrzj1yhVs$_$8,True,30,30,30,False,unverified: separate modality axes
Drhrzj1yhVs$_$5,True,24,24,24,False,unverified: separate modality axes
Dws8ZrzF7xQ$_$7,True,22,22,22,False,unverified: separate modality axes
E0g6nae4Ae4$_$24,True,48,48,48,True,unverified: separate modality axes
E0g6nae4Ae4$_$22,True,48,48,48,True,unverified: separate modality axes
E0g6nae4Ae4$_$23,True,38,38,31,False,unverified: separate modality axes
E0g6nae4Ae4$_$1,True,45,45,45,False,unverified: separate modality axes
E0g6nae4Ae4$_$4,True,9,9,9,False,unverified: separate modality axes
E0g6nae4Ae4$_$8,True,24,24,24,False,unverified: separate modality axes
E0g6nae4Ae4$_$19,True,8,8,7,False,unverified: separate modality axes
E0g6nae4Ae4$_$33,True,27,27,27,False,unverified: separate modality axes
E8L1Z71vKG8$_$3,True,23,23,23,False,unverified: separate modality axes
EEUGfVTyTQM$_$1,True,41,41,41,False,unverified: separate modality axes
EHbZ2EeVags$_$1,True,13,13,13,False,unverified: separate modality axes
EJT25p7JahU$_$7,True,33,33,33,False,unverified: separate modality axes
EJT25p7JahU$_$6,True,16,16,16,False,unverified: separate modality axes
EO_SN04Xef0$_$2,True,24,24,24,False,unverified: separate modality axes
EOkdFMw0pmk$_$11,True,5,5,5,False,unverified: separate modality axes
EOkdFMw0pmk$_$9,True,25,25,2,False,unverified: separate modality axes
ERnYvxojeu0$_$1,True,19,19,15,False,unverified: separate modality axes
ERnYvxojeu0$_$2,True,28,28,3,False,unverified: separate modality axes
ERnYvxojeu0$_$4,True,19,19,19,False,unverified: separate modality axes
EULEL3QhKD0$_$3,True,17,17,17,False,unverified: separate modality axes
E_ocLuUw-1I$_$1,True,17,17,17,False,unverified: separate modality axes
Ea_Huc2-lwo$_$2,True,22,22,22,False,unverified: separate modality axes
Emi9cw9xa00$_$9,True,21,21,21,False,unverified: separate modality axes
Emjv2cDzW1E$_$0,True,17,17,17,False,unverified: separate modality axes
EoC83JhkCAw$_$10,True,23,23,0,False,unverified: separate modality axes
EoC83JhkCAw$_$5,True,14,14,14,False,unverified: separate modality axes
EoC83JhkCAw$_$4,True,25,25,12,False,unverified: separate modality axes
EpadyoYlAjQ$_$0,True,5,5,5,False,unverified: separate modality axes
ExDLNkDVsxY$_$4,True,16,16,16,False,unverified: separate modality axes
ExDLNkDVsxY$_$6,True,12,12,9,False,unverified: separate modality axes
F2M7WbPXRps$_$11,True,26,26,26,False,unverified: separate modality axes
F2M7WbPXRps$_$12,True,20,20,20,False,unverified: separate modality axes
F4OhXQTMOEc$_$3,True,16,16,16,False,unverified: separate modality axes
F59hwsm4Ld0$_$23,True,13,13,13,False,unverified: separate modality axes
F59hwsm4Ld0$_$49,True,23,23,23,False,unverified: separate modality axes
F59hwsm4Ld0$_$0,True,15,15,15,False,unverified: separate modality axes
F59hwsm4Ld0$_$7,True,8,8,8,False,unverified: separate modality axes
F59hwsm4Ld0$_$6,True,6,6,6,False,unverified: separate modality axes
F59hwsm4Ld0$_$11,True,24,24,24,False,unverified: separate modality axes
F59hwsm4Ld0$_$14,True,39,39,39,False,unverified: separate modality axes
F59hwsm4Ld0$_$17,True,11,11,11,False,unverified: separate modality axes
F59hwsm4Ld0$_$16,True,4,4,4,False,unverified: separate modality axes
F59hwsm4Ld0$_$36,True,22,22,22,False,unverified: separate modality axes
F5SGdvSRJmo$_$10,True,9,9,9,False,unverified: separate modality axes
F5SGdvSRJmo$_$3,True,9,9,9,False,unverified: separate modality axes
F5SGdvSRJmo$_$7,True,15,15,15,False,unverified: separate modality axes
F6Ci45lP5aA$_$0,True,15,15,15,False,unverified: separate modality axes
F8KE2ZhoUe4$_$16,True,21,21,21,False,unverified: separate modality axes
F8KE2ZhoUe4$_$19,True,20,20,20,False,unverified: separate modality axes
F8KE2ZhoUe4$_$4,True,35,35,35,False,unverified: separate modality axes
F8KE2ZhoUe4$_$20,True,23,23,23,False,unverified: separate modality axes
FHlzZ2VxuGQ$_$13,True,25,25,25,False,unverified: separate modality axes
FHlzZ2VxuGQ$_$7,True,28,28,28,False,unverified: separate modality axes
FHlzZ2VxuGQ$_$9,True,20,20,20,False,unverified: separate modality axes
FLyWn2DCci4$_$1,True,30,30,30,False,unverified: separate modality axes
FLyWn2DCci4$_$3,True,7,7,7,False,unverified: separate modality axes
FMW6diQ9rMo$_$4,True,15,15,15,False,unverified: separate modality axes
FMW6diQ9rMo$_$8,True,21,21,14,False,unverified: separate modality axes
FOMXt3lStco$_$1,True,42,42,42,False,unverified: separate modality axes
FR0B64ID-hA$_$5,True,18,18,18,False,unverified: separate modality axes
FRKwvmrwrZA$_$24,True,15,15,15,False,unverified: separate modality axes
FRKwvmrwrZA$_$22,True,18,18,18,False,unverified: separate modality axes
FX-YgVKC1AI$_$5,True,21,21,21,False,unverified: separate modality axes
FX-YgVKC1AI$_$7,True,45,45,45,False,unverified: separate modality axes
FaHosBIr0xY$_$3,True,22,22,22,False,unverified: separate modality axes
FdTczBnXtYU$_$3,True,23,23,23,False,unverified: separate modality axes
FmIS69vB12I$_$13,True,17,17,0,False,unverified: separate modality axes
FmIS69vB12I$_$0,True,16,16,1,False,unverified: separate modality axes
FmIS69vB12I$_$3,True,16,16,16,False,unverified: separate modality axes
FmIS69vB12I$_$2,True,8,8,8,False,unverified: separate modality axes
FmIS69vB12I$_$7,True,9,9,9,False,unverified: separate modality axes
Fmwc7wkIc4Q$_$10,True,8,8,8,False,unverified: separate modality axes
Fmwc7wkIc4Q$_$13,True,20,20,20,False,unverified: separate modality axes
Fmwc7wkIc4Q$_$14,True,19,19,19,False,unverified: separate modality axes
FphtHpVV-7w$_$0,True,13,13,13,False,unverified: separate modality axes
FphtHpVV-7w$_$3,True,48,48,48,True,unverified: separate modality axes
FsmNLTdE2p0$_$0,True,18,18,18,False,unverified: separate modality axes
FvoZgWvc3gc$_$11,True,18,18,18,False,unverified: separate modality axes
FylhSeozvG8$_$3,True,20,20,1,False,unverified: separate modality axes
FylhSeozvG8$_$2,True,15,15,5,False,unverified: separate modality axes
FylhSeozvG8$_$5,True,18,18,0,False,unverified: separate modality axes
FylhSeozvG8$_$6,True,9,9,0,False,unverified: separate modality axes
G1Z_JUTgZqo$_$0,True,24,24,24,False,unverified: separate modality axes
G1Z_JUTgZqo$_$3,True,25,25,25,False,unverified: separate modality axes
G1Z_JUTgZqo$_$2,True,24,24,24,False,unverified: separate modality axes
G38DwNDQ8Cc$_$26,True,34,34,34,False,unverified: separate modality axes
G38DwNDQ8Cc$_$1,True,35,35,35,False,unverified: separate modality axes
G38DwNDQ8Cc$_$0,True,14,14,14,False,unverified: separate modality axes
G38DwNDQ8Cc$_$2,True,32,32,32,False,unverified: separate modality axes
G38DwNDQ8Cc$_$5,True,26,26,26,False,unverified: separate modality axes
G4HMKRdIva0$_$10,True,43,43,43,False,unverified: separate modality axes
G4HMKRdIva0$_$18,True,38,38,38,False,unverified: separate modality axes
G4HMKRdIva0$_$15,True,17,17,17,False,unverified: separate modality axes
G8p4QMjLUXI$_$7,True,13,13,10,False,unverified: separate modality axes
G8p4QMjLUXI$_$9,True,25,25,21,False,unverified: separate modality axes
GAY5ICoVnA8$_$12,True,35,35,35,False,unverified: separate modality axes
GAY5ICoVnA8$_$3,True,45,45,45,False,unverified: separate modality axes
GAY5ICoVnA8$_$5,True,40,40,40,False,unverified: separate modality axes
GCOFujDHDx0$_$10,True,14,14,14,False,unverified: separate modality axes
GCOFujDHDx0$_$2,True,21,21,21,False,unverified: separate modality axes
GCOFujDHDx0$_$5,True,25,25,25,False,unverified: separate modality axes
GCOFujDHDx0$_$9,True,20,20,20,False,unverified: separate modality axes
GICVzJMDfv0$_$1,True,18,18,18,False,unverified: separate modality axes
GJyzeK-Cn-0$_$6,True,48,48,48,True,unverified: separate modality axes
GMnoxaqqReQ$_$1,True,23,23,23,False,unverified: separate modality axes
GOj7TBcEA8E$_$3,True,13,13,13,False,unverified: separate modality axes
GOj7TBcEA8E$_$4,True,27,27,27,False,unverified: separate modality axes
GOj7TBcEA8E$_$8,True,44,44,44,False,unverified: separate modality axes
GRFXnnrQaB4$_$0,True,14,14,0,False,unverified: separate modality axes
GSnt_fW8qjI$_$4,True,48,48,46,True,unverified: separate modality axes
GTGtVdAuyRc$_$10,True,17,17,17,False,unverified: separate modality axes
GTGtVdAuyRc$_$0,True,19,19,18,False,unverified: separate modality axes
GTGtVdAuyRc$_$5,True,6,6,6,False,unverified: separate modality axes
GUffC7vu9zA$_$26,True,12,12,12,False,unverified: separate modality axes
GUffC7vu9zA$_$37,True,17,17,17,False,unverified: separate modality axes
GUffC7vu9zA$_$43,True,12,12,12,False,unverified: separate modality axes
GUffC7vu9zA$_$41,True,14,14,14,False,unverified: separate modality axes
G_M3lYn6hAA$_$5,True,21,21,21,False,unverified: separate modality axes
GcfETVXgtg0$_$3,True,25,25,25,False,unverified: separate modality axes
Gg9ZcRlwnbc$_$14,True,29,29,29,False,unverified: separate modality axes
Gg9ZcRlwnbc$_$16,True,15,15,15,False,unverified: separate modality axes
GkoBk5K-FH0$_$21,True,48,48,48,True,unverified: separate modality axes
Gljee9uq_Rc$_$11,True,40,40,40,False,unverified: separate modality axes
Gljee9uq_Rc$_$12,True,26,26,26,False,unverified: separate modality axes
Gljee9uq_Rc$_$16,True,17,17,17,False,unverified: separate modality axes
Gljee9uq_Rc$_$6,True,28,28,28,False,unverified: separate modality axes
Gmhi58erY6k$_$0,True,15,15,2,False,unverified: separate modality axes
GpRDC-S88dM$_$25,True,27,27,27,False,unverified: separate modality axes
GpRDC-S88dM$_$1,True,13,13,13,False,unverified: separate modality axes
GpRDC-S88dM$_$18,True,11,11,11,False,unverified: separate modality axes
GtRxTvuF6J0$_$7,True,32,32,32,False,unverified: separate modality axes
Gv0kKbfwPpI$_$2,True,19,19,2,False,unverified: separate modality axes
H-AJ-grXvgQ$_$0,True,17,17,17,False,unverified: separate modality axes
H26MMmrHTlQ$_$7,True,8,8,0,False,unverified: separate modality axes
H26MMmrHTlQ$_$8,True,13,13,13,False,unverified: separate modality axes
H4RysMUSQD8$_$7,True,19,19,19,False,unverified: separate modality axes
H4w9mU8B3Mc$_$7,True,28,28,28,False,unverified: separate modality axes
HByf7qiO-Kg$_$3,True,6,6,6,False,unverified: separate modality axes
HIsJqphLCyw$_$1,True,18,18,18,False,unverified: separate modality axes
HLFaW4oVP9E$_$13,True,26,26,26,False,unverified: separate modality axes
HOCsiS0pmf0$_$2,True,48,48,48,True,unverified: separate modality axes
HQ2LwfRcrVc$_$11,True,33,33,33,False,unverified: separate modality axes
HQ2LwfRcrVc$_$8,True,11,11,11,False,unverified: separate modality axes
HUH9BXVmAig$_$2,True,37,37,37,False,unverified: separate modality axes
HUOMbK1x7MI$_$6,True,10,10,10,False,unverified: separate modality axes
HVksxaUzv9Y$_$5,True,27,27,27,False,unverified: separate modality axes
HXuRR2eBHHQ$_$2,True,32,32,27,False,unverified: separate modality axes
Ha7DMd_iKyM$_$3,True,28,28,28,False,unverified: separate modality axes
Ha7DMd_iKyM$_$4,True,13,13,13,False,unverified: separate modality axes
HgDdU_RB9UA$_$10,True,48,48,39,True,unverified: separate modality axes
HgDdU_RB9UA$_$7,True,22,22,22,False,unverified: separate modality axes
HhpziYYP2Vg$_$16,True,26,26,26,False,unverified: separate modality axes
Hkt_kncJGVM$_$2,True,21,21,21,False,unverified: separate modality axes
I--8nRKCkJI$_$4,True,48,48,48,True,unverified: separate modality axes
I--8nRKCkJI$_$7,True,45,45,45,False,unverified: separate modality axes
I3SPlbTGuNc$_$5,True,35,35,35,False,unverified: separate modality axes
I5cS_TlV5B8$_$2,True,16,16,16,False,unverified: separate modality axes
IB0lGIxP8YY$_$11,True,18,18,18,False,unverified: separate modality axes
IB0lGIxP8YY$_$5,True,14,14,14,False,unverified: separate modality axes
IB0lGIxP8YY$_$8,True,43,43,43,False,unverified: separate modality axes
ICeSewdyf34$_$5,True,34,34,34,False,unverified: separate modality axes
ITQTVfk9Iqo$_$5,True,24,24,24,False,unverified: separate modality axes
IW7IssCKgmI$_$9,True,17,17,17,False,unverified: separate modality axes
I_r2CP56toU$_$6,True,22,22,18,False,unverified: separate modality axes
IawsOlEKRf0$_$11,True,38,38,38,False,unverified: separate modality axes
IawsOlEKRf0$_$26,True,30,30,30,False,unverified: separate modality axes
IawsOlEKRf0$_$28,True,21,21,21,False,unverified: separate modality axes
IawsOlEKRf0$_$3,True,19,19,19,False,unverified: separate modality axes
IawsOlEKRf0$_$5,True,16,16,15,False,unverified: separate modality axes
IkvL4IAiZog$_$8,True,28,28,28,False,unverified: separate modality axes
IlgnbEdOhmI$_$9,True,48,48,48,True,unverified: separate modality axes
IlgnbEdOhmI$_$1,True,12,12,12,False,unverified: separate modality axes
IsAtAzltJNM$_$6,True,8,8,8,False,unverified: separate modality axes
IsAtAzltJNM$_$8,True,25,25,25,False,unverified: separate modality axes
Itqbc2TBXWY$_$26,True,29,29,29,False,unverified: separate modality axes
Itqbc2TBXWY$_$23,True,13,13,13,False,unverified: separate modality axes
Itqbc2TBXWY$_$1,True,34,34,34,False,unverified: separate modality axes
Itqbc2TBXWY$_$0,True,38,38,38,False,unverified: separate modality axes
Itqbc2TBXWY$_$6,True,15,15,15,False,unverified: separate modality axes
Itqbc2TBXWY$_$13,True,48,48,48,True,unverified: separate modality axes
Itqbc2TBXWY$_$18,True,23,23,23,False,unverified: separate modality axes
IwQWibE8EOM$_$3,True,48,48,48,True,unverified: separate modality axes
Iz_PDdyXr-8$_$3,True,25,25,25,False,unverified: separate modality axes
J3-NEG8uoiE$_$11,True,13,13,13,False,unverified: separate modality axes
J3-NEG8uoiE$_$1,True,25,25,25,False,unverified: separate modality axes
J3-NEG8uoiE$_$3,True,46,46,46,False,unverified: separate modality axes
J3JU1zBQ4RM$_$2,True,20,20,20,False,unverified: separate modality axes
J7UduuBfnrE$_$4,True,17,17,17,False,unverified: separate modality axes
J7UduuBfnrE$_$7,True,13,13,13,False,unverified: separate modality axes
J7UduuBfnrE$_$6,True,17,17,17,False,unverified: separate modality axes
J7UduuBfnrE$_$8,True,8,8,8,False,unverified: separate modality axes
JAbFsRxxnFo$_$0,True,20,20,20,False,unverified: separate modality axes
JCg26b8EO48$_$4,True,24,24,24,False,unverified: separate modality axes
JCg26b8EO48$_$6,True,20,20,20,False,unverified: separate modality axes
JDgqyOkzXHw$_$0,True,11,11,11,False,unverified: separate modality axes
JDgqyOkzXHw$_$7,True,48,48,48,True,unverified: separate modality axes
JDgqyOkzXHw$_$9,True,19,19,19,False,unverified: separate modality axes
JF-5nlUNx_g$_$20,True,15,15,15,False,unverified: separate modality axes
JF-5nlUNx_g$_$21,True,48,48,48,True,unverified: separate modality axes
JF-5nlUNx_g$_$2,True,9,9,9,False,unverified: separate modality axes
JF-5nlUNx_g$_$5,True,13,13,13,False,unverified: separate modality axes
JF-5nlUNx_g$_$13,True,31,31,31,False,unverified: separate modality axes
JF-5nlUNx_g$_$16,True,45,45,45,False,unverified: separate modality axes
JF-5nlUNx_g$_$18,True,13,13,13,False,unverified: separate modality axes
JGEEA_JVriE$_$0,True,48,48,48,True,unverified: separate modality axes
JHW3nD6flgU$_$4,True,25,25,25,False,unverified: separate modality axes
JHW3nD6flgU$_$8,True,6,6,6,False,unverified: separate modality axes
JLqBVj6f5gI$_$21,True,15,15,15,False,unverified: separate modality axes
JLqBVj6f5gI$_$17,True,28,28,28,False,unverified: separate modality axes
JLqBVj6f5gI$_$8,True,23,23,23,False,unverified: separate modality axes
JMb18N7lQ0A$_$1,True,17,17,17,False,unverified: separate modality axes
JMzilFvwNXE$_$4,True,16,16,16,False,unverified: separate modality axes
JP95Fby6qLE$_$23,True,31,31,31,False,unverified: separate modality axes
JP95Fby6qLE$_$1,True,21,21,21,False,unverified: separate modality axes
JSlTJsUulH0$_$2,True,19,19,19,False,unverified: separate modality axes
JW3OfSCZlhc$_$5,True,11,11,0,False,unverified: separate modality axes
JX-mwjSw0dk$_$8,True,18,18,18,False,unverified: separate modality axes
JYdfUNjyYxo$_$5,True,28,28,28,False,unverified: separate modality axes
JYsAacFmXEo$_$11,True,20,20,20,False,unverified: separate modality axes
JYsAacFmXEo$_$17,True,34,34,34,False,unverified: separate modality axes
J_DtcW86D9c$_$2,True,24,24,24,False,unverified: separate modality axes
J_DtcW86D9c$_$9,True,28,28,28,False,unverified: separate modality axes
Ja7phs8EbWk$_$10,True,25,25,25,False,unverified: separate modality axes
Ja7phs8EbWk$_$6,True,16,16,16,False,unverified: separate modality axes
JcmqmLaL_MQ$_$7,True,32,32,4,False,unverified: separate modality axes
JdFaSggG58c$_$5,True,17,17,17,False,unverified: separate modality axes
JdFaSggG58c$_$6,True,9,9,9,False,unverified: separate modality axes
Jh1uDYOJMwk$_$1,True,25,25,25,False,unverified: separate modality axes
Jh1uDYOJMwk$_$4,True,15,15,15,False,unverified: separate modality axes
JlmpDdm1A1Y$_$3,True,43,43,43,False,unverified: separate modality axes
JvgofTcCSEc$_$15,True,34,34,34,False,unverified: separate modality axes
JvgofTcCSEc$_$19,True,23,23,23,False,unverified: separate modality axes
JwzxqrD8tIo$_$9,True,32,32,32,False,unverified: separate modality axes
JzydLJw6y6o$_$14,True,9,9,6,False,unverified: separate modality axes
JzydLJw6y6o$_$0,True,31,31,22,False,unverified: separate modality axes
JzydLJw6y6o$_$8,True,14,14,13,False,unverified: separate modality axes
K5cGfs3i-tk$_$0,True,15,15,15,False,unverified: separate modality axes
K62NK2KYhws$_$10,True,15,15,15,False,unverified: separate modality axes
K62NK2KYhws$_$15,True,15,15,15,False,unverified: separate modality axes
K62NK2KYhws$_$3,True,29,29,29,False,unverified: separate modality axes
K62NK2KYhws$_$8,True,19,19,19,False,unverified: separate modality axes
K7FiMf-Dmwo$_$2,True,15,15,15,False,unverified: separate modality axes
K7KEtrgBkz4$_$9,True,34,34,34,False,unverified: separate modality axes
K9-KyChw8RM$_$8,True,18,18,18,False,unverified: separate modality axes
K9U2TAF9DDY$_$6,True,13,13,13,False,unverified: separate modality axes
K9faaGel838$_$0,True,16,16,16,False,unverified: separate modality axes
KD0w4BrNXQg$_$11,True,26,26,26,False,unverified: separate modality axes
KD0w4BrNXQg$_$7,True,13,13,13,False,unverified: separate modality axes
KEUVzxC7T3E$_$4,True,26,26,26,False,unverified: separate modality axes
KI2sU-mhM44$_$16,True,46,46,46,False,unverified: separate modality axes
KLy4aBLqwCk$_$15,True,27,27,27,False,unverified: separate modality axes
KLy4aBLqwCk$_$17,True,29,29,29,False,unverified: separate modality axes
KPeos6f4HuQ$_$6,True,17,17,17,False,unverified: separate modality axes
KQ86HmgwUns$_$11,True,48,48,48,True,unverified: separate modality axes
KR4MpF0YtgE$_$1,True,17,17,17,False,unverified: separate modality axes
K_5u2Wh_wGk$_$5,True,24,24,24,False,unverified: separate modality axes
Kep_mLLXsqk$_$3,True,25,25,25,False,unverified: separate modality axes
Kep_mLLXsqk$_$7,True,27,27,27,False,unverified: separate modality axes
Kmtib-wZ0jM$_$0,True,28,28,28,False,unverified: separate modality axes
L0WUuWYNeCo$_$26,True,35,35,35,False,unverified: separate modality axes
L0WUuWYNeCo$_$27,True,11,11,11,False,unverified: separate modality axes
L0WUuWYNeCo$_$2,True,17,17,17,False,unverified: separate modality axes
L0WUuWYNeCo$_$5,True,25,25,25,False,unverified: separate modality axes
L0WUuWYNeCo$_$8,True,42,42,42,False,unverified: separate modality axes
L0WUuWYNeCo$_$11,True,32,32,32,False,unverified: separate modality axes
L0WUuWYNeCo$_$10,True,37,37,37,False,unverified: separate modality axes
L2uC4_Co9uw$_$0,True,30,30,30,False,unverified: separate modality axes
L382XZ6iZmM$_$7,True,21,21,21,False,unverified: separate modality axes
L5a2ijeWpUI$_$4,True,12,12,12,False,unverified: separate modality axes
L6pg3DQKoH4$_$0,True,14,14,14,False,unverified: separate modality axes
LHC7ZKJy4Zw$_$1,True,7,7,7,False,unverified: separate modality axes
LUKIYWa0UGA$_$7,True,6,6,6,False,unverified: separate modality axes
LUf9vbe0TcQ$_$1,True,25,25,25,False,unverified: separate modality axes
LX2rT5C3sJs$_$5,True,28,28,28,False,unverified: separate modality axes
LX2rT5C3sJs$_$6,True,42,42,42,False,unverified: separate modality axes
LZl9Sj1safM$_$0,True,23,23,23,False,unverified: separate modality axes
L_XttWZBKss$_$3,True,23,23,19,False,unverified: separate modality axes
LityRNuQihc$_$13,True,27,27,27,False,unverified: separate modality axes
LityRNuQihc$_$1,True,20,20,20,False,unverified: separate modality axes
LityRNuQihc$_$2,True,25,25,25,False,unverified: separate modality axes
LityRNuQihc$_$5,True,18,18,18,False,unverified: separate modality axes
LpbSYaPRTqI$_$1,True,10,10,10,False,unverified: separate modality axes
LppEvM60-xo$_$9,True,33,33,33,False,unverified: separate modality axes
Lxs_6Tvq12E$_$3,True,16,16,16,False,unverified: separate modality axes
M2Pb2kx77ww$_$8,True,24,24,24,False,unverified: separate modality axes
M2Pb2kx77ww$_$35,True,20,20,20,False,unverified: separate modality axes
MBDZbACupsc$_$11,True,15,15,15,False,unverified: separate modality axes
MBDZbACupsc$_$7,True,13,13,13,False,unverified: separate modality axes
MCRCXXPqFOI$_$2,True,14,14,14,False,unverified: separate modality axes
MFrwi-RibUk$_$13,True,9,9,9,False,unverified: separate modality axes
MFrwi-RibUk$_$0,True,13,13,13,False,unverified: separate modality axes
MFrwi-RibUk$_$6,True,43,43,43,False,unverified: separate modality axes
MIuJDn_0yVU$_$3,True,17,17,17,False,unverified: separate modality axes
MJnc4GUhUuY$_$3,True,8,8,8,False,unverified: separate modality axes
MJnc4GUhUuY$_$4,True,7,7,7,False,unverified: separate modality axes
MJnc4GUhUuY$_$9,True,8,8,8,False,unverified: separate modality axes
MKShLlJ7X7g$_$1,True,22,22,22,False,unverified: separate modality axes
MKShLlJ7X7g$_$2,True,13,13,13,False,unverified: separate modality axes
MMaEsDdBsvM$_$0,True,48,48,48,True,unverified: separate modality axes
MNXBOeiPhec$_$2,True,28,28,28,False,unverified: separate modality axes
MNXBOeiPhec$_$7,True,20,20,20,False,unverified: separate modality axes
MOfEl_1dh-g$_$4,True,21,21,21,False,unverified: separate modality axes
MPRqaQqrd9Y$_$7,True,34,34,34,False,unverified: separate modality axes
MTU_thei3-c$_$8,True,19,19,19,False,unverified: separate modality axes
MWCNzYUCys0$_$0,True,19,19,19,False,unverified: separate modality axes
MZoLQD83R-4$_$5,True,44,44,44,False,unverified: separate modality axes
MZoLQD83R-4$_$8,True,39,39,39,False,unverified: separate modality axes
MbpPBLUjpV4$_$16,True,22,22,22,False,unverified: separate modality axes
MbpPBLUjpV4$_$0,True,15,15,15,False,unverified: separate modality axes
MnFRVJtHAeo$_$0,True,23,23,20,False,unverified: separate modality axes
MroQfGehC84$_$1,True,25,25,25,False,unverified: separate modality axes
MsjnLoTKAXo$_$0,True,5,5,0,False,unverified: separate modality axes
MsjnLoTKAXo$_$2,True,12,12,12,False,unverified: separate modality axes
MsjnLoTKAXo$_$5,True,14,14,14,False,unverified: separate modality axes
MvFFYObY9A8$_$2,True,48,48,48,True,unverified: separate modality axes
Mw4EZYZAd9c$_$5,True,33,33,33,False,unverified: separate modality axes
MyfRrTjglm8$_$1,True,22,22,22,False,unverified: separate modality axes
MyfRrTjglm8$_$0,True,19,19,6,False,unverified: separate modality axes
MyfRrTjglm8$_$2,True,22,22,22,False,unverified: separate modality axes
N0pKIn6VhOw$_$2,True,12,12,12,False,unverified: separate modality axes
N3QuD26DuCI$_$1,True,19,19,19,False,unverified: separate modality axes
N3QuD26DuCI$_$0,True,17,17,17,False,unverified: separate modality axes
N3QuD26DuCI$_$2,True,9,9,9,False,unverified: separate modality axes
N3QuD26DuCI$_$5,True,6,6,0,False,unverified: separate modality axes
N7tS7A0WWpM$_$1,True,15,15,15,False,unverified: separate modality axes
N7tS7A0WWpM$_$3,True,14,14,14,False,unverified: separate modality axes
NCJTV5KaJJc$_$1,True,17,17,17,False,unverified: separate modality axes
NCJTV5KaJJc$_$9,True,12,12,10,False,unverified: separate modality axes
NG7QLq4XlWo$_$15,True,48,48,48,True,unverified: separate modality axes
NG7QLq4XlWo$_$1,True,16,16,16,False,unverified: separate modality axes
NG7QLq4XlWo$_$3,True,48,48,48,True,unverified: separate modality axes
NG7QLq4XlWo$_$5,True,13,13,13,False,unverified: separate modality axes
NKindd5Xn3s$_$4,True,29,29,29,False,unverified: separate modality axes
NOl0v54DaXo$_$10,True,7,7,0,False,unverified: separate modality axes
NOl0v54DaXo$_$3,True,7,7,4,False,unverified: separate modality axes
NSihgq4R8Z0$_$2,True,14,14,14,False,unverified: separate modality axes
NSihgq4R8Z0$_$16,True,20,20,20,False,unverified: separate modality axes
NYuY6HVjMZQ$_$1,True,48,48,48,True,unverified: separate modality axes
NYuY6HVjMZQ$_$6,True,34,34,34,False,unverified: separate modality axes
Na6170hd8po$_$11,True,38,38,38,False,unverified: separate modality axes
NkbRuTJaj_M$_$18,True,30,30,30,False,unverified: separate modality axes
O0Nn-5UkfoA$_$2,True,22,22,22,False,unverified: separate modality axes
O2CEvvYWWbU$_$10,True,40,40,22,False,unverified: separate modality axes
O3whFU2lAAk$_$8,True,31,31,31,False,unverified: separate modality axes
O3whFU2lAAk$_$2,True,48,48,44,True,unverified: separate modality axes
O3whFU2lAAk$_$5,True,24,24,24,False,unverified: separate modality axes
O3whFU2lAAk$_$11,True,48,48,48,True,unverified: separate modality axes
O8IJh_L0EfM$_$5,True,31,31,31,False,unverified: separate modality axes
OAV6KKf60bQ$_$10,True,8,8,8,False,unverified: separate modality axes
OAV6KKf60bQ$_$0,True,9,9,9,False,unverified: separate modality axes
OAV6KKf60bQ$_$6,True,10,10,10,False,unverified: separate modality axes
OBaMn1-x7jQ$_$7,True,6,6,0,False,unverified: separate modality axes
OEOkmrKvTUo$_$0,True,39,39,39,False,unverified: separate modality axes
OEOkmrKvTUo$_$6,True,47,47,47,False,unverified: separate modality axes
OEesmAnTpeA$_$10,True,17,17,17,False,unverified: separate modality axes
OFBc3z99bIc$_$12,True,33,33,33,False,unverified: separate modality axes
OFBc3z99bIc$_$15,True,45,45,45,False,unverified: separate modality axes
OFBc3z99bIc$_$14,True,13,13,13,False,unverified: separate modality axes
OGXUtVG0Y9w$_$1,True,48,48,48,True,unverified: separate modality axes
OHWyYVux-yw$_$10,True,21,21,21,False,unverified: separate modality axes
OHWyYVux-yw$_$14,True,26,26,26,False,unverified: separate modality axes
OHWyYVux-yw$_$18,True,12,12,12,False,unverified: separate modality axes
OHWyYVux-yw$_$2,True,46,46,46,False,unverified: separate modality axes
OKSx1zxHGpQ$_$5,True,4,4,4,False,unverified: separate modality axes
OKSx1zxHGpQ$_$4,True,19,19,19,False,unverified: separate modality axes
OKSx1zxHGpQ$_$8,True,29,29,29,False,unverified: separate modality axes
OKSx1zxHGpQ$_$15,True,44,44,34,False,unverified: separate modality axes
OKSx1zxHGpQ$_$16,True,17,17,17,False,unverified: separate modality axes
OKSx1zxHGpQ$_$19,True,4,4,4,False,unverified: separate modality axes
OOh1_ffKOKk$_$2,True,18,18,18,False,unverified: separate modality axes
OPXmk49KyiU$_$1,True,46,46,46,False,unverified: separate modality axes
OSyKmOye5Uo$_$4,True,48,48,48,True,unverified: separate modality axes
O_fTDhCtAhw$_$8,True,35,35,35,False,unverified: separate modality axes
O_fTDhCtAhw$_$7,True,48,48,48,True,unverified: separate modality axes
O_fTDhCtAhw$_$6,True,17,17,17,False,unverified: separate modality axes
Ob8vPQCPDX0$_$1,True,38,38,38,False,unverified: separate modality axes
Ob8vPQCPDX0$_$2,True,48,48,48,True,unverified: separate modality axes
OcqJx_cRc3Y$_$2,True,48,48,48,True,unverified: separate modality axes
OdKp0hYomgs$_$10,True,34,34,34,False,unverified: separate modality axes
OdKp0hYomgs$_$3,True,18,18,18,False,unverified: separate modality axes
Oj3XwBBrzXc$_$1,True,14,14,14,False,unverified: separate modality axes
Op3CnqRLD9w$_$3,True,48,48,48,True,unverified: separate modality axes
OwYfPi9St0w$_$1,True,30,30,30,False,unverified: separate modality axes
OxyQSJMvWBo$_$11,True,12,12,12,False,unverified: separate modality axes
OxyQSJMvWBo$_$13,True,9,9,9,False,unverified: separate modality axes
OxyQSJMvWBo$_$12,True,23,23,23,False,unverified: separate modality axes
P0WaXnH37uI$_$5,True,18,18,18,False,unverified: separate modality axes
P0WaXnH37uI$_$4,True,6,6,6,False,unverified: separate modality axes
P35dyIit1yM$_$4,True,26,26,26,False,unverified: separate modality axes
P4qxfjZlIrY$_$4,True,16,16,16,False,unverified: separate modality axes
P4qxfjZlIrY$_$6,True,17,17,17,False,unverified: separate modality axes
PANWQeBKStk$_$0,True,48,48,48,True,unverified: separate modality axes
PGBrZLC15yA$_$0,True,36,36,36,False,unverified: separate modality axes
PHJ8eybXJdw$_$5,True,38,38,38,False,unverified: separate modality axes
PMH4mdJeojE$_$3,True,22,22,22,False,unverified: separate modality axes
PMH4mdJeojE$_$2,True,19,19,19,False,unverified: separate modality axes
PN3ApHIGopo$_$6,True,15,15,15,False,unverified: separate modality axes
PQYmOknHA4c$_$5,True,17,17,17,False,unverified: separate modality axes
PQYmOknHA4c$_$4,True,15,15,11,False,unverified: separate modality axes
PUIsiLk8etk$_$11,True,9,9,9,False,unverified: separate modality axes
PYylJk8R9Ak$_$1,True,18,18,18,False,unverified: separate modality axes
PYylJk8R9Ak$_$4,True,47,47,47,False,unverified: separate modality axes
PbyI-sUzLZY$_$5,True,11,11,11,False,unverified: separate modality axes
PbyI-sUzLZY$_$4,True,22,22,22,False,unverified: separate modality axes
PmemTgQHagk$_$1,True,44,44,44,False,unverified: separate modality axes
PmemTgQHagk$_$7,True,48,48,48,True,unverified: separate modality axes
PoKZEKOf1dA$_$1,True,22,22,22,False,unverified: separate modality axes
PoKZEKOf1dA$_$4,True,12,12,12,False,unverified: separate modality axes
PohW-isYMK0$_$16,True,19,19,19,False,unverified: separate modality axes
PohW-isYMK0$_$1,True,16,16,16,False,unverified: separate modality axes
PohW-isYMK0$_$7,True,30,30,30,False,unverified: separate modality axes
Q5fZk_jPjBI$_$9,True,26,26,26,False,unverified: separate modality axes
Q5fZk_jPjBI$_$0,True,48,48,48,True,unverified: separate modality axes
Q7nhtfkIPN4$_$3,True,13,13,13,False,unverified: separate modality axes
Q7nhtfkIPN4$_$6,True,21,21,21,False,unverified: separate modality axes
QDRtKv8PvFs$_$3,True,33,33,33,False,unverified: separate modality axes
QE0pAVSPsKQ$_$26,True,32,32,32,False,unverified: separate modality axes
QE0pAVSPsKQ$_$12,True,24,24,24,False,unverified: separate modality axes
QE0pAVSPsKQ$_$2,True,21,21,21,False,unverified: separate modality axes
QE0pAVSPsKQ$_$7,True,28,28,28,False,unverified: separate modality axes
QI-TTqj0KnA$_$7,True,22,22,22,False,unverified: separate modality axes
QI-TTqj0KnA$_$6,True,48,48,48,True,unverified: separate modality axes
QLEOYF7Mju0$_$11,True,47,47,47,False,unverified: separate modality axes
QLEOYF7Mju0$_$2,True,15,15,15,False,unverified: separate modality axes
QMAztkqnvws$_$6,True,42,42,42,False,unverified: separate modality axes
QNxiqu1y1N0$_$1,True,33,33,33,False,unverified: separate modality axes
QOxIdbNwpx0$_$6,True,12,12,12,False,unverified: separate modality axes
QQVRIGEUa_Q$_$5,True,48,48,48,True,unverified: separate modality axes
QUpI5kMw_nA$_$10,True,34,34,34,False,unverified: separate modality axes
QUpI5kMw_nA$_$17,True,27,27,27,False,unverified: separate modality axes
QYp0lGhyL6A$_$13,True,28,28,28,False,unverified: separate modality axes
QYp0lGhyL6A$_$14,True,16,16,16,False,unverified: separate modality axes
QYp0lGhyL6A$_$4,True,28,28,28,False,unverified: separate modality axes
QkMTYY69JYQ$_$1,True,11,11,11,False,unverified: separate modality axes
QkMTYY69JYQ$_$4,True,12,12,12,False,unverified: separate modality axes
QoIsjc4-GIg$_$8,True,20,20,20,False,unverified: separate modality axes
QzdEjKQFisQ$_$8,True,14,14,14,False,unverified: separate modality axes
R0o37yJ1PP0$_$3,True,25,25,25,False,unverified: separate modality axes
R0o37yJ1PP0$_$5,True,47,47,47,False,unverified: separate modality axes
R0o37yJ1PP0$_$6,True,29,29,29,False,unverified: separate modality axes
R0uRDh-engU$_$10,True,38,38,38,False,unverified: separate modality axes
R0uRDh-engU$_$5,True,48,48,48,True,unverified: separate modality axes
R5a3TP-l_n4$_$1,True,25,25,25,False,unverified: separate modality axes
R9ypacCuEZo$_$4,True,48,48,48,True,unverified: separate modality axes
R9ypacCuEZo$_$7,True,25,25,25,False,unverified: separate modality axes
RE-LIPOFnrE$_$4,True,19,19,19,False,unverified: separate modality axes
REkPZ77s3Vc$_$0,True,30,30,16,False,unverified: separate modality axes
REkPZ77s3Vc$_$4,True,33,33,32,False,unverified: separate modality axes
REkPZ77s3Vc$_$7,True,22,22,22,False,unverified: separate modality axes
RImmdklTOW0$_$10,True,42,42,42,False,unverified: separate modality axes
RImmdklTOW0$_$15,True,6,6,6,False,unverified: separate modality axes
RImmdklTOW0$_$8,True,19,19,19,False,unverified: separate modality axes
RLHZ6xtIWSM$_$2,True,28,28,28,False,unverified: separate modality axes
RLHZ6xtIWSM$_$6,True,18,18,18,False,unverified: separate modality axes
RRKez9BR-94$_$12,True,22,22,22,False,unverified: separate modality axes
RS5WM3q2ZZQ$_$11,True,48,48,48,True,unverified: separate modality axes
RS5WM3q2ZZQ$_$10,True,48,48,48,True,unverified: separate modality axes
RS5WM3q2ZZQ$_$2,True,42,42,42,False,unverified: separate modality axes
RS5WM3q2ZZQ$_$6,True,7,7,7,False,unverified: separate modality axes
RST6PgpsLws$_$2,True,45,45,45,False,unverified: separate modality axes
RTzDzj4NxIM$_$7,True,7,7,7,False,unverified: separate modality axes
RaTQZrdICKo$_$2,True,27,27,27,False,unverified: separate modality axes
RadU51t1kL0$_$8,True,7,7,7,False,unverified: separate modality axes
Rdf0Psjyrwc$_$3,True,24,24,24,False,unverified: separate modality axes
Rdf0Psjyrwc$_$2,True,37,37,37,False,unverified: separate modality axes
RgubFcmvgDE$_$0,True,23,23,23,False,unverified: separate modality axes
RgubFcmvgDE$_$3,True,26,26,26,False,unverified: separate modality axes
Rse6laKf1i8$_$6,True,25,25,25,False,unverified: separate modality axes
Rt9rN1ntS3E$_$1,True,32,32,32,False,unverified: separate modality axes
Rt9rN1ntS3E$_$2,True,23,23,23,False,unverified: separate modality axes
Rugd2NMu4bA$_$11,True,32,32,32,False,unverified: separate modality axes
Rugd2NMu4bA$_$5,True,4,4,4,False,unverified: separate modality axes
RvIohowRPAk$_$11,True,33,33,33,False,unverified: separate modality axes
RvIohowRPAk$_$2,True,25,25,25,False,unverified: separate modality axes
Rw2pzFGosmw$_$7,True,24,24,17,False,unverified: separate modality axes
RwcTz-tOIeo$_$2,True,28,28,28,False,unverified: separate modality axes
Ry2NJPd4N3s$_$14,True,20,20,20,False,unverified: separate modality axes
S21ApRNQ9Ko$_$15,True,40,40,40,False,unverified: separate modality axes
S21ApRNQ9Ko$_$14,True,29,29,29,False,unverified: separate modality axes
S21ApRNQ9Ko$_$3,True,48,48,48,True,unverified: separate modality axes
S21ApRNQ9Ko$_$2,True,37,37,37,False,unverified: separate modality axes
S2znq3iRPwE$_$10,True,13,13,13,False,unverified: separate modality axes
S2znq3iRPwE$_$13,True,39,39,39,False,unverified: separate modality axes
S2znq3iRPwE$_$19,True,48,48,48,True,unverified: separate modality axes
S6S2XL0-ZpM$_$1,True,21,21,21,False,unverified: separate modality axes
S9PDgK7fpJI$_$14,True,7,7,7,False,unverified: separate modality axes
SGsiGz2fdpo$_$23,True,21,21,21,False,unverified: separate modality axes
SGsiGz2fdpo$_$29,True,18,18,18,False,unverified: separate modality axes
SGsiGz2fdpo$_$5,True,14,14,14,False,unverified: separate modality axes
SGsiGz2fdpo$_$4,True,22,22,22,False,unverified: separate modality axes
SGsiGz2fdpo$_$6,True,14,14,14,False,unverified: separate modality axes
SGsiGz2fdpo$_$9,True,4,4,4,False,unverified: separate modality axes
SGsiGz2fdpo$_$8,True,9,9,9,False,unverified: separate modality axes
SGsiGz2fdpo$_$11,True,20,20,20,False,unverified: separate modality axes
SGsiGz2fdpo$_$15,True,8,8,8,False,unverified: separate modality axes
SGsiGz2fdpo$_$33,True,11,11,11,False,unverified: separate modality axes
SH0wXyhsx9s$_$0,True,25,25,25,False,unverified: separate modality axes
SI39azgVUR8$_$2,True,11,11,11,False,unverified: separate modality axes
SLi2gT5H6m8$_$3,True,20,20,20,False,unverified: separate modality axes
SLi2gT5H6m8$_$5,True,21,21,21,False,unverified: separate modality axes
SMr2DprlLu4$_$1,True,11,11,2,False,unverified: separate modality axes
SMzV26l6iA0$_$0,True,24,24,24,False,unverified: separate modality axes
STeqtJLakQQ$_$2,True,33,33,31,False,unverified: separate modality axes
STeqtJLakQQ$_$5,True,19,19,17,False,unverified: separate modality axes
SWHmteF5Rlk$_$2,True,23,23,23,False,unverified: separate modality axes
SWHmteF5Rlk$_$6,True,23,23,23,False,unverified: separate modality axes
SWhfaL7AdEc$_$2,True,33,33,33,False,unverified: separate modality axes
SWhfaL7AdEc$_$4,True,48,48,48,True,unverified: separate modality axes
SYnygYs-fAg$_$14,True,20,20,11,False,unverified: separate modality axes
SYnygYs-fAg$_$0,True,31,31,31,False,unverified: separate modality axes
SYnygYs-fAg$_$6,True,14,14,14,False,unverified: separate modality axes
SYnygYs-fAg$_$8,True,48,48,48,True,unverified: separate modality axes
S_mxvk4LEh0$_$12,True,19,19,19,False,unverified: separate modality axes
S_mxvk4LEh0$_$5,True,11,11,11,False,unverified: separate modality axes
Sb2xMPwNKPo$_$18,True,15,15,15,False,unverified: separate modality axes
Sb2xMPwNKPo$_$5,True,12,12,12,False,unverified: separate modality axes
ShgrdU9WAJE$_$12,True,27,27,27,False,unverified: separate modality axes
ShgrdU9WAJE$_$2,True,29,29,29,False,unverified: separate modality axes
ShgrdU9WAJE$_$5,True,22,22,22,False,unverified: separate modality axes
Sir2QeCh4B0$_$5,True,28,28,28,False,unverified: separate modality axes
So3bPzg2bq0$_$10,True,18,18,18,False,unverified: separate modality axes
So3bPzg2bq0$_$2,True,14,14,14,False,unverified: separate modality axes
SrMN3rwvCsE$_$1,True,26,26,26,False,unverified: separate modality axes
StgqrTr0JqU$_$10,True,44,44,44,False,unverified: separate modality axes
StgqrTr0JqU$_$0,True,29,29,29,False,unverified: separate modality axes
SxbTZjZD0vU$_$5,True,8,8,8,False,unverified: separate modality axes
SzJf6viBWBg$_$2,True,17,17,17,False,unverified: separate modality axes
SzJf6viBWBg$_$4,True,18,18,18,False,unverified: separate modality axes
T-8TvJcS78w$_$3,True,48,48,48,True,unverified: separate modality axes
T-8TvJcS78w$_$7,True,13,13,13,False,unverified: separate modality axes
T1icdxz0TNs$_$0,True,31,31,31,False,unverified: separate modality axes
T4e4Ba1sRg0$_$0,True,28,28,28,False,unverified: separate modality axes
T4e4Ba1sRg0$_$3,True,27,27,27,False,unverified: separate modality axes
T4e4Ba1sRg0$_$9,True,48,48,48,True,unverified: separate modality axes
TBCjKGYBNIo$_$24,True,14,14,14,False,unverified: separate modality axes
TBCjKGYBNIo$_$20,True,11,11,11,False,unverified: separate modality axes
TBCjKGYBNIo$_$3,True,48,48,48,True,unverified: separate modality axes
TBCjKGYBNIo$_$19,True,24,24,24,False,unverified: separate modality axes
TBwetweXRb4$_$5,True,14,14,9,False,unverified: separate modality axes
TFKgo5JlPro$_$1,True,45,45,45,False,unverified: separate modality axes
TFKgo5JlPro$_$0,True,48,48,48,True,unverified: separate modality axes
TM7cHOHfF70$_$30,True,24,24,18,False,unverified: separate modality axes
TM7cHOHfF70$_$5,True,21,21,21,False,unverified: separate modality axes
TNwwVWA-oAE$_$22,True,48,48,48,True,unverified: separate modality axes
TNwwVWA-oAE$_$16,True,23,23,23,False,unverified: separate modality axes
TO5HjoK8Iu8$_$10,True,24,24,24,False,unverified: separate modality axes
TO5HjoK8Iu8$_$12,True,17,17,17,False,unverified: separate modality axes
TSDC7CCyeGY$_$5,True,11,11,6,False,unverified: separate modality axes
TUY83eDK5jc$_$17,True,23,23,2,False,unverified: separate modality axes
TVhXqAI9gyA$_$1,True,14,14,14,False,unverified: separate modality axes
TWMFQED1Myk$_$1,True,28,28,1,False,unverified: separate modality axes
TWMFQED1Myk$_$3,True,5,5,0,False,unverified: separate modality axes
TWMFQED1Myk$_$6,True,19,19,0,False,unverified: separate modality axes
TWf0XFpXwfs$_$0,True,29,29,29,False,unverified: separate modality axes
TZXcQemh8n8$_$11,True,17,17,17,False,unverified: separate modality axes
Ta_IgA3XJ3s$_$27,True,16,16,16,False,unverified: separate modality axes
Ta_IgA3XJ3s$_$21,True,28,28,28,False,unverified: separate modality axes
TahiuVpcROM$_$2,True,35,35,35,False,unverified: separate modality axes
TfBVq9oWBmM$_$1,True,18,18,18,False,unverified: separate modality axes
Tiq67-bAV3M$_$5,True,24,24,24,False,unverified: separate modality axes
TwTLsgfpKvA$_$0,True,19,19,19,False,unverified: separate modality axes
TwTLsgfpKvA$_$9,True,9,9,9,False,unverified: separate modality axes
TxJjAK0WrOY$_$10,True,33,33,33,False,unverified: separate modality axes
U8Ewftg_8CI$_$2,True,26,26,26,False,unverified: separate modality axes
UK_IXtJ2BqI$_$17,True,15,15,15,False,unverified: separate modality axes
UK_IXtJ2BqI$_$3,True,10,10,10,False,unverified: separate modality axes
UK_IXtJ2BqI$_$7,True,7,7,7,False,unverified: separate modality axes
ULtBuI6nMaY$_$10,True,36,36,36,False,unverified: separate modality axes
ULtBuI6nMaY$_$1,True,47,47,47,False,unverified: separate modality axes
UUukBV82P9A$_$11,True,38,38,38,False,unverified: separate modality axes
UUukBV82P9A$_$10,True,18,18,18,False,unverified: separate modality axes
UUukBV82P9A$_$2,True,19,19,10,False,unverified: separate modality axes
UXvMaHD9kmA$_$10,True,12,12,12,False,unverified: separate modality axes
UXvMaHD9kmA$_$18,True,24,24,24,False,unverified: separate modality axes
UXvMaHD9kmA$_$14,True,16,16,16,False,unverified: separate modality axes
Ua4g9q0r-dI$_$24,True,25,25,25,False,unverified: separate modality axes
Ua4g9q0r-dI$_$15,True,21,21,21,False,unverified: separate modality axes
Ua4g9q0r-dI$_$31,True,19,19,19,False,unverified: separate modality axes
Ua4g9q0r-dI$_$14,True,18,18,18,False,unverified: separate modality axes
Uc-0G7RRxoY$_$16,True,16,16,16,False,unverified: separate modality axes
Uc-0G7RRxoY$_$6,True,17,17,17,False,unverified: separate modality axes
UeOIb6s0pVM$_$6,True,7,7,7,False,unverified: separate modality axes
UeOIb6s0pVM$_$8,True,30,30,30,False,unverified: separate modality axes
UgTM9y2rD38$_$2,True,13,13,13,False,unverified: separate modality axes
UkqTwAuA8jI$_$7,True,5,5,5,False,unverified: separate modality axes
UmB5c_QqUPs$_$11,True,44,44,44,False,unverified: separate modality axes
UtjenieM1Ak$_$6,True,16,16,16,False,unverified: separate modality axes
UtuTyW9pUN8$_$6,True,30,30,30,False,unverified: separate modality axes
Uw1nWfSuyo8$_$2,True,17,17,17,False,unverified: separate modality axes
VAFdgtqZz4g$_$4,True,15,15,15,False,unverified: separate modality axes
VAr7gJydnys$_$13,True,28,28,28,False,unverified: separate modality axes
VAr7gJydnys$_$1,True,8,8,8,False,unverified: separate modality axes
VAr7gJydnys$_$0,True,28,28,28,False,unverified: separate modality axes
VAr7gJydnys$_$6,True,7,7,7,False,unverified: separate modality axes
VDjnKdFxuBE$_$0,True,36,36,36,False,unverified: separate modality axes
VN1IPN1TL3Q$_$0,True,48,48,48,True,unverified: separate modality axes
VN1IPN1TL3Q$_$5,True,20,20,20,False,unverified: separate modality axes
VUrTT7xsrec$_$1,True,17,17,17,False,unverified: separate modality axes
VWik5oKP6IU$_$3,True,6,6,6,False,unverified: separate modality axes
VZqkWIPmH6w$_$4,True,18,18,18,False,unverified: separate modality axes
Va54WZgPTdY$_$6,True,29,29,29,False,unverified: separate modality axes
VbSsGRXIwjc$_$2,True,30,30,30,False,unverified: separate modality axes
Ve-mmCM8TI0$_$15,True,12,12,12,False,unverified: separate modality axes
Ve-mmCM8TI0$_$2,True,22,22,22,False,unverified: separate modality axes
Ve-mmCM8TI0$_$4,True,23,23,23,False,unverified: separate modality axes
Ve-mmCM8TI0$_$7,True,21,21,21,False,unverified: separate modality axes
Ve-mmCM8TI0$_$6,True,20,20,20,False,unverified: separate modality axes
VhKJm_jiciU$_$10,True,21,21,20,False,unverified: separate modality axes
VjAvqFXEmmk$_$3,True,17,17,17,False,unverified: separate modality axes
VjAvqFXEmmk$_$2,True,12,12,12,False,unverified: separate modality axes
VjAvqFXEmmk$_$4,True,23,23,23,False,unverified: separate modality axes
VoETCD8fBLI$_$5,True,16,16,16,False,unverified: separate modality axes
Vv2DTPyyw90$_$0,True,28,28,28,False,unverified: separate modality axes
Vw4-ae-ucHE$_$0,True,18,18,18,False,unverified: separate modality axes
Vw4-ae-ucHE$_$3,True,26,26,26,False,unverified: separate modality axes
Vw4-ae-ucHE$_$2,True,23,23,23,False,unverified: separate modality axes
Vx8npmcFxak$_$5,True,23,23,23,False,unverified: separate modality axes
VybXjsmsjAY$_$13,True,17,17,17,False,unverified: separate modality axes
W-pA0lOGLR0$_$5,True,18,18,18,False,unverified: separate modality axes
W-ptEZFARVo$_$2,True,16,16,1,False,unverified: separate modality axes
W-q9bPlMIVI$_$14,True,29,29,29,False,unverified: separate modality axes
W40BaML7mzc$_$0,True,22,22,22,False,unverified: separate modality axes
W53uRqITk2I$_$0,True,6,6,6,False,unverified: separate modality axes
W53uRqITk2I$_$6,True,37,37,37,False,unverified: separate modality axes
WAXJRnJXmOA$_$18,True,30,30,30,False,unverified: separate modality axes
WAXJRnJXmOA$_$5,True,12,12,12,False,unverified: separate modality axes
WBCRTcMJZZc$_$3,True,23,23,23,False,unverified: separate modality axes
WGfGxoI05ew$_$3,True,30,30,30,False,unverified: separate modality axes
WHUHTmtBJWU$_$14,True,20,20,20,False,unverified: separate modality axes
WMzvDL7b4sM$_$0,True,12,12,12,False,unverified: separate modality axes
WTF9xgqLIvI$_$2,True,6,6,0,False,unverified: separate modality axes
WTF9xgqLIvI$_$7,True,7,7,0,False,unverified: separate modality axes
WUeSV0Z23Kg$_$1,True,15,15,15,False,unverified: separate modality axes
WXKgBIiP8IA$_$10,True,21,21,21,False,unverified: separate modality axes
WXKgBIiP8IA$_$1,True,11,11,10,False,unverified: separate modality axes
WXKgBIiP8IA$_$2,True,29,29,14,False,unverified: separate modality axes
WXKgBIiP8IA$_$5,True,29,29,3,False,unverified: separate modality axes
Wfn7XvSEwUA$_$1,True,11,11,11,False,unverified: separate modality axes
Wfn7XvSEwUA$_$3,True,22,22,22,False,unverified: separate modality axes
Wh6sht7xwqQ$_$11,True,25,25,25,False,unverified: separate modality axes
Wh6sht7xwqQ$_$0,True,16,16,16,False,unverified: separate modality axes
Wn8nz8GPKkI$_$1,True,18,18,18,False,unverified: separate modality axes
Wn8nz8GPKkI$_$0,True,21,21,21,False,unverified: separate modality axes
Wnw1IAEDwDM$_$0,True,25,25,25,False,unverified: separate modality axes
Wo1RxRjXyYw$_$3,True,32,32,32,False,unverified: separate modality axes
Wo1RxRjXyYw$_$2,True,21,21,0,False,unverified: separate modality axes
Wo1RxRjXyYw$_$6,True,14,14,8,False,unverified: separate modality axes
Wo1RxRjXyYw$_$8,True,24,24,24,False,unverified: separate modality axes
WtiBpLt2wuA$_$2,True,28,28,28,False,unverified: separate modality axes
Wx9nThz5z_Y$_$31,True,22,22,22,False,unverified: separate modality axes
WxYb2x_irTM$_$2,True,36,36,36,False,unverified: separate modality axes
X0jMZoxUL2A$_$4,True,5,5,5,False,unverified: separate modality axes
X0jMZoxUL2A$_$7,True,8,8,8,False,unverified: separate modality axes
X0jMZoxUL2A$_$8,True,24,24,24,False,unverified: separate modality axes
X2leyjuolDM$_$8,True,23,23,23,False,unverified: separate modality axes
X6-jJO00DMg$_$8,True,40,40,40,False,unverified: separate modality axes
X7-Gbk8gAD0$_$0,True,9,9,0,False,unverified: separate modality axes
X7-Gbk8gAD0$_$2,True,9,9,9,False,unverified: separate modality axes
X7-Gbk8gAD0$_$6,True,18,18,18,False,unverified: separate modality axes
XAT2IfFFAU0$_$3,True,22,22,22,False,unverified: separate modality axes
XAgD-xoil40$_$16,True,15,15,15,False,unverified: separate modality axes
XAgD-xoil40$_$2,True,23,23,23,False,unverified: separate modality axes
XCyngF93SmU$_$5,True,7,7,7,False,unverified: separate modality axes
XCyngF93SmU$_$4,True,25,25,25,False,unverified: separate modality axes
XDVkhOziCkg$_$1,True,7,7,7,False,unverified: separate modality axes
XEZ7e4pf1xE$_$11,True,12,12,12,False,unverified: separate modality axes
XEZ7e4pf1xE$_$12,True,6,6,4,False,unverified: separate modality axes
XFGHTk_3hGg$_$9,True,24,24,24,False,unverified: separate modality axes
XFGHTk_3hGg$_$5,True,21,21,21,False,unverified: separate modality axes
XFGHTk_3hGg$_$6,True,13,13,13,False,unverified: separate modality axes
XPoY4LD-A1I$_$12,True,9,9,1,False,unverified: separate modality axes
XPoY4LD-A1I$_$8,True,27,27,0,False,unverified: separate modality axes
XQOUZhWI1B0$_$3,True,48,48,39,True,unverified: separate modality axes
XQxnAPleuCE$_$3,True,36,36,36,False,unverified: separate modality axes
XVSDfgstFUQ$_$1,True,34,34,34,False,unverified: separate modality axes
XVSDfgstFUQ$_$3,True,14,14,14,False,unverified: separate modality axes
XVSDfgstFUQ$_$4,True,33,33,33,False,unverified: separate modality axes
XXvSLz8QmGk$_$10,True,27,27,19,False,unverified: separate modality axes
XXvSLz8QmGk$_$7,True,48,48,1,True,unverified: separate modality axes
XbolrpSc0KU$_$5,True,26,26,26,False,unverified: separate modality axes
XcHLB-qfv5M$_$0,True,28,28,28,False,unverified: separate modality axes
XcHLB-qfv5M$_$3,True,14,14,14,False,unverified: separate modality axes
XgT2WWcXip4$_$7,True,24,24,24,False,unverified: separate modality axes
Xo6-V2RlWss$_$1,True,21,21,21,False,unverified: separate modality axes
Xo6-V2RlWss$_$0,True,21,21,21,False,unverified: separate modality axes
Xq7zLxYHxd8$_$10,True,25,25,25,False,unverified: separate modality axes
XsEPZydHWdo$_$4,True,38,38,38,False,unverified: separate modality axes
XwOdPYlyqXA$_$12,True,24,24,24,False,unverified: separate modality axes
Xx7Y2YIbleA$_$16,True,23,23,23,False,unverified: separate modality axes
Xx7Y2YIbleA$_$9,True,32,32,14,False,unverified: separate modality axes
Xx7Y2YIbleA$_$8,True,13,13,13,False,unverified: separate modality axes
XyBU_gZtU0M$_$23,True,12,12,12,False,unverified: separate modality axes
XyBU_gZtU0M$_$4,True,26,26,26,False,unverified: separate modality axes
XyBU_gZtU0M$_$9,True,18,18,18,False,unverified: separate modality axes
XzhRYIeczg4$_$6,True,16,16,16,False,unverified: separate modality axes
Y6zyM1nDhN0$_$2,True,9,9,9,False,unverified: separate modality axes
Y6zyM1nDhN0$_$4,True,19,19,13,False,unverified: separate modality axes
YAYfMkxhRiQ$_$3,True,26,26,26,False,unverified: separate modality axes
YB9EUgrzCCo$_$10,True,22,22,22,False,unverified: separate modality axes
YB9EUgrzCCo$_$5,True,15,15,15,False,unverified: separate modality axes
YGeVGXXK3ao$_$1,True,23,23,23,False,unverified: separate modality axes
YGeVGXXK3ao$_$4,True,18,18,0,False,unverified: separate modality axes
YITXOmhQhYE$_$0,True,42,42,42,False,unverified: separate modality axes
YITXOmhQhYE$_$3,True,19,19,19,False,unverified: separate modality axes
YITXOmhQhYE$_$5,True,16,16,16,False,unverified: separate modality axes
YITXOmhQhYE$_$7,True,25,25,25,False,unverified: separate modality axes
YITXOmhQhYE$_$6,True,14,14,14,False,unverified: separate modality axes
YJJoYkFPmds$_$10,True,14,14,7,False,unverified: separate modality axes
YJJoYkFPmds$_$5,True,24,24,22,False,unverified: separate modality axes
YJJoYkFPmds$_$7,True,13,13,9,False,unverified: separate modality axes
YLA7h1RTa9w$_$4,True,13,13,13,False,unverified: separate modality axes
YRmjALBdTdE$_$7,True,9,9,4,False,unverified: separate modality axes
YVBsDJtAbk4$_$7,True,17,17,17,False,unverified: separate modality axes
YVHJpAROBvQ$_$2,True,6,6,6,False,unverified: separate modality axes
YWjTWl0oNLk$_$11,True,14,14,14,False,unverified: separate modality axes
YWjTWl0oNLk$_$1,True,9,9,9,False,unverified: separate modality axes
YWjTWl0oNLk$_$3,True,8,8,8,False,unverified: separate modality axes
YWjTWl0oNLk$_$4,True,22,22,22,False,unverified: separate modality axes
YWjTWl0oNLk$_$7,True,21,21,21,False,unverified: separate modality axes
YWjTWl0oNLk$_$9,True,23,23,23,False,unverified: separate modality axes
YWxvIFmYnNU$_$13,True,23,23,23,False,unverified: separate modality axes
YWxvIFmYnNU$_$20,True,15,15,15,False,unverified: separate modality axes
YWxvIFmYnNU$_$26,True,20,20,20,False,unverified: separate modality axes
YcJ5RJYUr7Y$_$17,True,22,22,22,False,unverified: separate modality axes
YcJ5RJYUr7Y$_$19,True,48,48,48,True,unverified: separate modality axes
YcJ5RJYUr7Y$_$2,True,22,22,22,False,unverified: separate modality axes
YcyHQQXGXWA$_$4,True,8,8,0,False,unverified: separate modality axes
YfxtwXXkCmc$_$0,True,8,8,8,False,unverified: separate modality axes
Yi6Qyn4X8is$_$16,True,48,48,48,True,unverified: separate modality axes
Yi6Qyn4X8is$_$7,True,24,24,24,False,unverified: separate modality axes
YmGfjU5PGyE$_$5,True,22,22,22,False,unverified: separate modality axes
Yn8vNC41UMg$_$10,True,28,28,28,False,unverified: separate modality axes
YodtMIsjM0c$_$7,True,8,8,8,False,unverified: separate modality axes
Z-26eyME6Co$_$10,True,16,16,16,False,unverified: separate modality axes
Z3fcd1wdzr0$_$2,True,21,21,20,False,unverified: separate modality axes
Z3fcd1wdzr0$_$5,True,12,12,12,False,unverified: separate modality axes
Z3fcd1wdzr0$_$4,True,19,19,19,False,unverified: separate modality axes
Z3fcd1wdzr0$_$7,True,6,6,6,False,unverified: separate modality axes
ZDz8Qr-sJ3E$_$3,True,27,27,27,False,unverified: separate modality axes
ZDz8Qr-sJ3E$_$4,True,13,13,13,False,unverified: separate modality axes
ZJGzEeDXbyM$_$0,True,7,7,3,False,unverified: separate modality axes
ZQuGizjoCTY$_$4,True,11,11,0,False,unverified: separate modality axes
ZQuGizjoCTY$_$8,True,18,18,0,False,unverified: separate modality axes
ZSBoSJaD2tQ$_$1,True,25,25,25,False,unverified: separate modality axes
ZSBoSJaD2tQ$_$8,True,16,16,16,False,unverified: separate modality axes
ZW4Oe_fKJM0$_$7,True,22,22,22,False,unverified: separate modality axes
ZXHX_e6HCI0$_$0,True,26,26,26,False,unverified: separate modality axes
ZZ1IyZaMTWQ$_$0,True,20,20,20,False,unverified: separate modality axes
ZZ1IyZaMTWQ$_$5,True,16,16,16,False,unverified: separate modality axes
Zae-zQ3VBpY$_$2,True,48,48,4,True,unverified: separate modality axes
Zg9DKOHJdw8$_$3,True,29,29,29,False,unverified: separate modality axes
Zj_4YmbMWtg$_$10,True,19,19,19,False,unverified: separate modality axes
Zo8jCDGMWjw$_$0,True,17,17,17,False,unverified: separate modality axes
Zs8x712Y-CM$_$8,True,21,21,0,False,unverified: separate modality axes
ZtuTCuh9C1M$_$11,True,36,36,36,False,unverified: separate modality axes
ZtuTCuh9C1M$_$8,True,18,18,18,False,unverified: separate modality axes
ZzL2sHtTWRc$_$1,True,17,17,17,False,unverified: separate modality axes
_26JmJnPKfM$_$5,True,30,30,30,False,unverified: separate modality axes
_26JmJnPKfM$_$8,True,33,33,33,False,unverified: separate modality axes
_26JmJnPKfM$_$11,True,31,31,31,False,unverified: separate modality axes
_26JmJnPKfM$_$13,True,18,18,18,False,unverified: separate modality axes
_26JmJnPKfM$_$12,True,42,42,42,False,unverified: separate modality axes
_26JmJnPKfM$_$15,True,22,22,22,False,unverified: separate modality axes
_26JmJnPKfM$_$14,True,5,5,5,False,unverified: separate modality axes
_4PNh8dIILI$_$3,True,34,34,34,False,unverified: separate modality axes
_8pvMpMdGM4$_$1,True,10,10,10,False,unverified: separate modality axes
_8pvMpMdGM4$_$0,True,12,12,12,False,unverified: separate modality axes
_8pvMpMdGM4$_$4,True,22,22,22,False,unverified: separate modality axes
_8pvMpMdGM4$_$6,True,31,31,31,False,unverified: separate modality axes
_HabvL0VnrQ$_$31,True,25,25,25,False,unverified: separate modality axes
_HabvL0VnrQ$_$0,True,13,13,13,False,unverified: separate modality axes
_HabvL0VnrQ$_$9,True,48,48,48,True,unverified: separate modality axes
_HanACduNJk$_$10,True,22,22,0,False,unverified: separate modality axes
_HanACduNJk$_$12,True,19,19,0,False,unverified: separate modality axes
_HanACduNJk$_$2,True,27,27,0,False,unverified: separate modality axes
_JcML8u5Wes$_$3,True,48,48,48,True,unverified: separate modality axes
_PKP676ez2c$_$4,True,20,20,20,False,unverified: separate modality axes
_PKP676ez2c$_$7,True,23,23,23,False,unverified: separate modality axes
_UNQDdiAbWI$_$4,True,16,16,16,False,unverified: separate modality axes
_XWUKMkxa-Q$_$4,True,18,18,18,False,unverified: separate modality axes
_YzIvwvyIq4$_$5,True,36,36,36,False,unverified: separate modality axes
_bIJOxiIJFk$_$5,True,21,21,14,False,unverified: separate modality axes
_bIJOxiIJFk$_$4,True,32,32,32,False,unverified: separate modality axes
_iRAn6feOmw$_$25,True,34,34,34,False,unverified: separate modality axes
_iRAn6feOmw$_$15,True,37,37,37,False,unverified: separate modality axes
_iRAn6feOmw$_$14,True,26,26,26,False,unverified: separate modality axes
_iy7ftq27xE$_$11,True,16,16,16,False,unverified: separate modality axes
_iy7ftq27xE$_$6,True,42,42,42,False,unverified: separate modality axes
_iy7ftq27xE$_$9,True,26,26,26,False,unverified: separate modality axes
_qVgNLJCYdA$_$0,True,22,22,22,False,unverified: separate modality axes
_qVgNLJCYdA$_$6,True,14,14,14,False,unverified: separate modality axes
_t8ETpf2LnM$_$0,True,8,8,8,False,unverified: separate modality axes
_v8c7iWkYz0$_$4,True,29,29,29,False,unverified: separate modality axes
_xjBqNfiEY4$_$0,True,37,37,37,False,unverified: separate modality axes
a4vRa-_nuJw$_$11,True,33,33,29,False,unverified: separate modality axes
a4vRa-_nuJw$_$10,True,28,28,28,False,unverified: separate modality axes
a4vRa-_nuJw$_$4,True,48,48,48,True,unverified: separate modality axes
a5CSKvCAhbs$_$11,True,22,22,22,False,unverified: separate modality axes
a5CSKvCAhbs$_$7,True,6,6,6,False,unverified: separate modality axes
a5CSKvCAhbs$_$6,True,18,18,18,False,unverified: separate modality axes
a5FKWiI90hk$_$3,True,20,20,20,False,unverified: separate modality axes
a7HHg_JygJo$_$5,True,23,23,23,False,unverified: separate modality axes
a7HHg_JygJo$_$6,True,17,17,17,False,unverified: separate modality axes
a8WV5KEMKSw$_$1,True,29,29,29,False,unverified: separate modality axes
a8WV5KEMKSw$_$0,True,23,23,23,False,unverified: separate modality axes
aCwLQrJz4Bo$_$0,True,25,25,0,False,unverified: separate modality axes
aDvgbBqTWWE$_$10,True,18,18,18,False,unverified: separate modality axes
aDvgbBqTWWE$_$23,True,26,26,26,False,unverified: separate modality axes
aDvgbBqTWWE$_$30,True,20,20,17,False,unverified: separate modality axes
aE7sckIAWuw$_$4,True,11,11,11,False,unverified: separate modality axes
aE7sckIAWuw$_$8,True,32,32,32,False,unverified: separate modality axes
aFjMWlR1QAY$_$0,True,14,14,14,False,unverified: separate modality axes
aFjMWlR1QAY$_$3,True,13,13,13,False,unverified: separate modality axes
aFjMWlR1QAY$_$2,True,15,15,15,False,unverified: separate modality axes
aFjMWlR1QAY$_$9,True,13,13,13,False,unverified: separate modality axes
aI1tdJPHz2I$_$1,True,11,11,0,False,unverified: separate modality axes
aIUF3QJJOF4$_$12,True,28,28,0,False,unverified: separate modality axes
aIUF3QJJOF4$_$0,True,40,40,40,False,unverified: separate modality axes
aIUF3QJJOF4$_$3,True,15,15,15,False,unverified: separate modality axes
aIUF3QJJOF4$_$2,True,33,33,33,False,unverified: separate modality axes
aIUF3QJJOF4$_$7,True,46,46,46,False,unverified: separate modality axes
aNOuoSVlunM$_$8,True,8,8,1,False,unverified: separate modality axes
aNOuoSVlunM$_$0,True,15,15,15,False,unverified: separate modality axes
afCsKTHteg4$_$5,True,25,25,25,False,unverified: separate modality axes
ahcAFnY6iAY$_$1,True,8,8,1,False,unverified: separate modality axes
aiUq5xksJy0$_$5,True,27,27,27,False,unverified: separate modality axes
aiUq5xksJy0$_$7,True,20,20,20,False,unverified: separate modality axes
ak7N0BqMluI$_$3,True,11,11,11,False,unverified: separate modality axes
ak7N0BqMluI$_$2,True,21,21,21,False,unverified: separate modality axes
amem5EmRG3s$_$2,True,28,28,28,False,unverified: separate modality axes
ap465Tlzf88$_$1,True,21,21,21,False,unverified: separate modality axes
aqmRPNfeOy8$_$0,True,22,22,22,False,unverified: separate modality axes
aqmRPNfeOy8$_$2,True,19,19,7,False,unverified: separate modality axes
asWraTfIqq0$_$11,True,7,7,7,False,unverified: separate modality axes
asWraTfIqq0$_$4,True,25,25,25,False,unverified: separate modality axes
asWraTfIqq0$_$6,True,7,7,7,False,unverified: separate modality axes
assx_NKo-L8$_$14,True,7,7,7,False,unverified: separate modality axes
assx_NKo-L8$_$4,True,15,15,15,False,unverified: separate modality axes
assx_NKo-L8$_$9,True,23,23,23,False,unverified: separate modality axes
assx_NKo-L8$_$20,True,44,44,44,False,unverified: separate modality axes
atxoi7pB5TM$_$2,True,18,18,18,False,unverified: separate modality axes
avW2m6VHTyg$_$2,True,21,21,21,False,unverified: separate modality axes
b1Il3Nf6BrU$_$6,True,48,48,48,True,unverified: separate modality axes
b8xmgi4VV0M$_$9,True,17,17,17,False,unverified: separate modality axes
bBJ0BxmIocQ$_$1,True,27,27,27,False,unverified: separate modality axes
bBJ0BxmIocQ$_$0,True,48,48,48,True,unverified: separate modality axes
bBJ0BxmIocQ$_$12,True,19,19,19,False,unverified: separate modality axes
bBJ0BxmIocQ$_$19,True,35,35,35,False,unverified: separate modality axes
bBJ0BxmIocQ$_$18,True,35,35,35,False,unverified: separate modality axes
bCDfIJ12oqM$_$0,True,21,21,21,False,unverified: separate modality axes
bQcJVJcpgAs$_$1,True,39,39,39,False,unverified: separate modality axes
bU6CgE_kMRY$_$5,True,27,27,27,False,unverified: separate modality axes
bUFAN2TgPaU$_$11,True,6,6,1,False,unverified: separate modality axes
bVhWpCvpSs4$_$1,True,14,14,4,False,unverified: separate modality axes
bVhWpCvpSs4$_$3,True,12,12,6,False,unverified: separate modality axes
bVhWpCvpSs4$_$2,True,16,16,16,False,unverified: separate modality axes
bVhWpCvpSs4$_$6,True,12,12,12,False,unverified: separate modality axes
bYt4wybVLRQ$_$3,True,37,37,37,False,unverified: separate modality axes
bYt4wybVLRQ$_$16,True,19,19,19,False,unverified: separate modality axes
bZ2ytqPtyK4$_$14,True,25,25,18,False,unverified: separate modality axes
b_SffSbPVJM$_$5,True,48,48,48,True,unverified: separate modality axes
babuyKl7EAw$_$5,True,34,34,34,False,unverified: separate modality axes
badtXoOJaf8$_$7,True,15,15,15,False,unverified: separate modality axes
bcns0Gu66D8$_$3,True,22,22,12,False,unverified: separate modality axes
bdtwQxwySN0$_$15,True,24,24,24,False,unverified: separate modality axes
bdtwQxwySN0$_$2,True,25,25,25,False,unverified: separate modality axes
bfy28AlY-TQ$_$3,True,18,18,18,False,unverified: separate modality axes
bh4_Kd4hhd4$_$1,True,48,48,48,True,unverified: separate modality axes
bhFK-xy76U4$_$1,True,19,19,5,False,unverified: separate modality axes
bhPB19tr-JY$_$0,True,15,15,15,False,unverified: separate modality axes
bhPB19tr-JY$_$6,True,30,30,30,False,unverified: separate modality axes
bkP-BNW4oMg$_$0,True,22,22,0,False,unverified: separate modality axes
c5-L8vC6_sk$_$8,True,33,33,33,False,unverified: separate modality axes
c6wuh0NRG1s$_$1,True,23,23,0,False,unverified: separate modality axes
c6wuh0NRG1s$_$0,True,15,15,11,False,unverified: separate modality axes
c6wuh0NRG1s$_$9,True,29,29,0,False,unverified: separate modality axes
c7xUcM68IFE$_$2,True,34,34,34,False,unverified: separate modality axes
c7xUcM68IFE$_$5,True,28,28,13,False,unverified: separate modality axes
c7xUcM68IFE$_$9,True,10,10,0,False,unverified: separate modality axes
c805Td8A_Ek$_$22,True,34,34,34,False,unverified: separate modality axes
c805Td8A_Ek$_$17,True,12,12,12,False,unverified: separate modality axes
c805Td8A_Ek$_$16,True,15,15,15,False,unverified: separate modality axes
c9jD33baJ60$_$1,True,16,16,16,False,unverified: separate modality axes
c9jD33baJ60$_$0,True,47,47,47,False,unverified: separate modality axes
cAA2mONG98w$_$2,True,31,31,31,False,unverified: separate modality axes
cEXJ2zFbC9I$_$4,True,27,27,27,False,unverified: separate modality axes
cKUPgzZu-Fk$_$4,True,48,48,48,True,unverified: separate modality axes
cKldvZeyRDA$_$2,True,46,46,46,False,unverified: separate modality axes
cKxNJY7sA8s$_$1,True,37,37,37,False,unverified: separate modality axes
cM1Zuji24dI$_$3,True,35,35,35,False,unverified: separate modality axes
cM1Zuji24dI$_$2,True,41,41,41,False,unverified: separate modality axes
cOcNe3L4VAg$_$10,True,13,13,13,False,unverified: separate modality axes
cOcNe3L4VAg$_$13,True,30,30,30,False,unverified: separate modality axes
cOcNe3L4VAg$_$2,True,12,12,12,False,unverified: separate modality axes
cRFiXLzcCOA$_$3,True,37,37,37,False,unverified: separate modality axes
cS3BDGNDu_8$_$10,True,19,19,19,False,unverified: separate modality axes
cS3BDGNDu_8$_$2,True,48,48,48,True,unverified: separate modality axes
cUm0TN3vXRc$_$2,True,20,20,20,False,unverified: separate modality axes
cZVM4svwE90$_$25,True,38,38,38,False,unverified: separate modality axes
cZVM4svwE90$_$26,True,23,23,23,False,unverified: separate modality axes
cZVM4svwE90$_$1,True,5,5,5,False,unverified: separate modality axes
cZVM4svwE90$_$3,True,6,6,6,False,unverified: separate modality axes
cZVM4svwE90$_$4,True,12,12,12,False,unverified: separate modality axes
cZVM4svwE90$_$6,True,22,22,22,False,unverified: separate modality axes
cZVM4svwE90$_$13,True,26,26,26,False,unverified: separate modality axes
cZVM4svwE90$_$12,True,15,15,15,False,unverified: separate modality axes
cZVM4svwE90$_$15,True,42,42,33,False,unverified: separate modality axes
c_FJuhSte8Q$_$5,True,25,25,25,False,unverified: separate modality axes
c_FJuhSte8Q$_$7,True,28,28,28,False,unverified: separate modality axes
c_FJuhSte8Q$_$8,True,38,38,38,False,unverified: separate modality axes
caLWajc18Y4$_$5,True,20,20,20,False,unverified: separate modality axes
caLWajc18Y4$_$6,True,18,18,18,False,unverified: separate modality axes
caLWajc18Y4$_$9,True,25,25,25,False,unverified: separate modality axes
cfX_iuhCbRY$_$1,True,21,21,21,False,unverified: separate modality axes
cfX_iuhCbRY$_$5,True,28,28,28,False,unverified: separate modality axes
cjgq9d8Zn9g$_$2,True,14,14,1,False,unverified: separate modality axes
cmJW6mkspkI$_$0,True,35,35,35,False,unverified: separate modality axes
cnllFPRyBFs$_$0,True,21,21,11,False,unverified: separate modality axes
ctMCSUT2LlQ$_$4,True,13,13,13,False,unverified: separate modality axes
d0QNH2vcDgU$_$3,True,6,6,6,False,unverified: separate modality axes
d0QNH2vcDgU$_$13,True,48,48,46,True,unverified: separate modality axes
d38u9n5GOLM$_$26,True,18,18,18,False,unverified: separate modality axes
d38u9n5GOLM$_$18,True,23,23,23,False,unverified: separate modality axes
d38u9n5GOLM$_$28,True,23,23,22,False,unverified: separate modality axes
d38u9n5GOLM$_$6,True,20,20,20,False,unverified: separate modality axes
d3I7Ug-_3L0$_$0,True,35,35,35,False,unverified: separate modality axes
d3I7Ug-_3L0$_$5,True,13,13,13,False,unverified: separate modality axes
d3I7Ug-_3L0$_$6,True,19,19,19,False,unverified: separate modality axes
d89Z_olwc2Y$_$24,True,15,15,15,False,unverified: separate modality axes
d99mfGIenCo$_$15,True,25,25,25,False,unverified: separate modality axes
d99mfGIenCo$_$16,True,33,33,33,False,unverified: separate modality axes
d99mfGIenCo$_$1,True,17,17,17,False,unverified: separate modality axes
d99mfGIenCo$_$2,True,15,15,15,False,unverified: separate modality axes
dCDAcBR505Q$_$14,True,16,16,16,False,unverified: separate modality axes
dJ5MXl66-UQ$_$1,True,23,23,23,False,unverified: separate modality axes
dQ56b0bqmc8$_$5,True,33,33,33,False,unverified: separate modality axes
dSax_7klbfE$_$17,True,18,18,18,False,unverified: separate modality axes
dSax_7klbfE$_$1,True,48,48,48,True,unverified: separate modality axes
dWfgSGnd9zM$_$6,True,33,33,33,False,unverified: separate modality axes
dXMAS2tIknw$_$6,True,15,15,0,False,unverified: separate modality axes
dYyg91d7zjY$_$2,True,9,9,9,False,unverified: separate modality axes
damyXH7mBic$_$11,True,30,30,30,False,unverified: separate modality axes
dbpGH5iP0GE$_$2,True,22,22,22,False,unverified: separate modality axes
dbpGH5iP0GE$_$3,True,13,13,13,False,unverified: separate modality axes
dcUlt6zk_S0$_$5,True,40,40,40,False,unverified: separate modality axes
ddix4XuaUlY$_$4,True,48,48,48,True,unverified: separate modality axes
dqragS38hCk$_$10,True,7,7,7,False,unverified: separate modality axes
dqragS38hCk$_$2,True,24,24,24,False,unverified: separate modality axes
dqragS38hCk$_$8,True,14,14,14,False,unverified: separate modality axes
dsob2MgUPpA$_$13,True,14,14,14,False,unverified: separate modality axes
dsob2MgUPpA$_$3,True,4,4,4,False,unverified: separate modality axes
dsob2MgUPpA$_$2,True,18,18,18,False,unverified: separate modality axes
dsob2MgUPpA$_$5,True,26,26,26,False,unverified: separate modality axes
dyZdiWNflko$_$6,True,10,10,10,False,unverified: separate modality axes
e-2QlzFeyNU$_$4,True,20,20,20,False,unverified: separate modality axes
e0hYEr848TE$_$0,True,14,14,13,False,unverified: separate modality axes
e0ltF8zpEcw$_$9,True,11,11,11,False,unverified: separate modality axes
e0ltF8zpEcw$_$8,True,12,12,12,False,unverified: separate modality axes
e1E5W_ZefmY$_$10,True,24,24,24,False,unverified: separate modality axes
e1E5W_ZefmY$_$3,True,21,21,21,False,unverified: separate modality axes
e7_2U4lm6TE$_$38,True,27,27,27,False,unverified: separate modality axes
e7_2U4lm6TE$_$28,True,20,20,20,False,unverified: separate modality axes
e7_2U4lm6TE$_$7,True,18,18,18,False,unverified: separate modality axes
eJwZfdtlks8$_$15,True,18,18,18,False,unverified: separate modality axes
ePtlUYCdrNM$_$1,True,24,24,24,False,unverified: separate modality axes
eSHOcLD5T58$_$7,True,16,16,16,False,unverified: separate modality axes
eSHOcLD5T58$_$9,True,19,19,19,False,unverified: separate modality axes
eTCnM472-cQ$_$0,True,38,38,38,False,unverified: separate modality axes
eTn2P4wmFr4$_$12,True,42,42,42,False,unverified: separate modality axes
eTn2P4wmFr4$_$15,True,16,16,16,False,unverified: separate modality axes
eTn2P4wmFr4$_$3,True,25,25,25,False,unverified: separate modality axes
eTn2P4wmFr4$_$7,True,30,30,30,False,unverified: separate modality axes
eTn2P4wmFr4$_$9,True,16,16,16,False,unverified: separate modality axes
eW1vgHE6FRM$_$14,True,44,44,44,False,unverified: separate modality axes
eW1vgHE6FRM$_$3,True,17,17,17,False,unverified: separate modality axes
eY64P27khzk$_$0,True,34,34,11,False,unverified: separate modality axes
eY64P27khzk$_$3,True,8,8,8,False,unverified: separate modality axes
eeN7l4R3nPc$_$10,True,37,37,37,False,unverified: separate modality axes
efLrpnuLwyU$_$1,True,21,21,21,False,unverified: separate modality axes
emtvrtk-jsU$_$7,True,29,29,29,False,unverified: separate modality axes
ep3IasggD3k$_$10,True,12,12,12,False,unverified: separate modality axes
esR-tOjT6KM$_$0,True,9,9,9,False,unverified: separate modality axes
esR-tOjT6KM$_$3,True,13,13,12,False,unverified: separate modality axes
esR-tOjT6KM$_$6,True,47,47,41,False,unverified: separate modality axes
esnOE1LefKA$_$1,True,14,14,14,False,unverified: separate modality axes
f49boM5fb8U$_$6,True,13,13,13,False,unverified: separate modality axes
f5k5cF80aUE$_$4,True,16,16,16,False,unverified: separate modality axes
f5k5cF80aUE$_$6,True,24,24,24,False,unverified: separate modality axes
f6S2XNPIiFk$_$19,True,31,31,31,False,unverified: separate modality axes
f6S2XNPIiFk$_$2,True,26,26,26,False,unverified: separate modality axes
f6S2XNPIiFk$_$5,True,25,25,25,False,unverified: separate modality axes
fB816aeHRFk$_$0,True,27,27,27,False,unverified: separate modality axes
fGYbbP8RDLQ$_$5,True,21,21,21,False,unverified: separate modality axes
fOxg1NstCHA$_$4,True,15,15,15,False,unverified: separate modality axes
fTNOAssiTYk$_$3,True,36,36,36,False,unverified: separate modality axes
fTNOAssiTYk$_$6,True,22,22,22,False,unverified: separate modality axes
fW1pK2L6RgM$_$3,True,39,39,39,False,unverified: separate modality axes
faXGVcVcVsE$_$14,True,8,8,8,False,unverified: separate modality axes
faXGVcVcVsE$_$9,True,26,26,26,False,unverified: separate modality axes
faXGVcVcVsE$_$8,True,48,48,48,True,unverified: separate modality axes
fbHlBmq7Ipo$_$10,True,6,6,6,False,unverified: separate modality axes
fbHlBmq7Ipo$_$8,True,18,18,18,False,unverified: separate modality axes
fbSxct2JcKU$_$5,True,33,33,33,False,unverified: separate modality axes
fdK_tsvBXJ8$_$5,True,33,33,33,False,unverified: separate modality axes
fi7g4GoK-z4$_$4,True,31,31,31,False,unverified: separate modality axes
fjE2EZKgQm8$_$5,True,15,15,12,False,unverified: separate modality axes
fjE2EZKgQm8$_$4,True,15,15,15,False,unverified: separate modality axes
flBtk736di4$_$8,True,19,19,19,False,unverified: separate modality axes
frNJdG0GkYw$_$1,True,32,32,32,False,unverified: separate modality axes
fzuTEKwNS94$_$8,True,8,8,8,False,unverified: separate modality axes
fzuTEKwNS94$_$16,True,24,24,24,False,unverified: separate modality axes
g99kISQbyuI$_$11,True,20,20,7,False,unverified: separate modality axes
g99kISQbyuI$_$0,True,8,8,3,False,unverified: separate modality axes
g99kISQbyuI$_$3,True,9,9,9,False,unverified: separate modality axes
g99kISQbyuI$_$5,True,31,31,31,False,unverified: separate modality axes
g9rNhtFG9aU$_$12,True,21,21,7,False,unverified: separate modality axes
gAMbkJk6gnE$_$2,True,34,34,0,False,unverified: separate modality axes
gAMbkJk6gnE$_$4,True,21,21,21,False,unverified: separate modality axes
gC_wF3uKFW0$_$2,True,10,10,10,False,unverified: separate modality axes
gC_wF3uKFW0$_$5,True,9,9,9,False,unverified: separate modality axes
gC_wF3uKFW0$_$4,True,21,21,21,False,unverified: separate modality axes
gEgcpVY8WK4$_$27,True,18,18,18,False,unverified: separate modality axes
gEgcpVY8WK4$_$21,True,18,18,18,False,unverified: separate modality axes
gEgcpVY8WK4$_$22,True,26,26,26,False,unverified: separate modality axes
gEgcpVY8WK4$_$28,True,29,29,29,False,unverified: separate modality axes
gEgcpVY8WK4$_$8,True,10,10,10,False,unverified: separate modality axes
gEgcpVY8WK4$_$14,True,33,33,33,False,unverified: separate modality axes
gEgcpVY8WK4$_$17,True,12,12,12,False,unverified: separate modality axes
gEgcpVY8WK4$_$30,True,14,14,14,False,unverified: separate modality axes
gFAOKuqpUq4$_$0,True,48,48,48,True,unverified: separate modality axes
gPWyANEm0eE$_$10,True,48,48,48,True,unverified: separate modality axes
gPWyANEm0eE$_$2,True,13,13,13,False,unverified: separate modality axes
gPWyANEm0eE$_$4,True,26,26,26,False,unverified: separate modality axes
gRAmIaSlm80$_$0,True,40,40,31,False,unverified: separate modality axes
gU7McujYYPY$_$1,True,30,30,25,False,unverified: separate modality axes
gU7McujYYPY$_$3,True,22,22,22,False,unverified: separate modality axes
gU7McujYYPY$_$8,True,7,7,7,False,unverified: separate modality axes
gXDRWhJbfFU$_$1,True,47,47,47,False,unverified: separate modality axes
gXDRWhJbfFU$_$4,True,32,32,32,False,unverified: separate modality axes
gXDRWhJbfFU$_$9,True,15,15,15,False,unverified: separate modality axes
gXDRWhJbfFU$_$8,True,48,48,48,True,unverified: separate modality axes
gXuiIWRxrw4$_$19,True,18,18,18,False,unverified: separate modality axes
gXuiIWRxrw4$_$18,True,17,17,17,False,unverified: separate modality axes
gXuiIWRxrw4$_$0,True,11,11,0,False,unverified: separate modality axes
gXuiIWRxrw4$_$6,True,29,29,29,False,unverified: separate modality axes
gZDyk95Xob4$_$11,True,48,48,39,True,unverified: separate modality axes
gZDyk95Xob4$_$12,True,17,17,17,False,unverified: separate modality axes
gZDyk95Xob4$_$9,True,48,48,48,True,unverified: separate modality axes
gZF-YNQHqwI$_$13,True,7,7,0,False,unverified: separate modality axes
gZF-YNQHqwI$_$1,True,11,11,1,False,unverified: separate modality axes
gZF-YNQHqwI$_$9,True,6,6,3,False,unverified: separate modality axes
gcpsSao7kHM$_$10,True,18,18,18,False,unverified: separate modality axes
gcpsSao7kHM$_$1,True,22,22,22,False,unverified: separate modality axes
ge071m9bGeY$_$1,True,24,24,24,False,unverified: separate modality axes
ge071m9bGeY$_$0,True,17,17,0,False,unverified: separate modality axes
ge071m9bGeY$_$5,True,21,21,21,False,unverified: separate modality axes
ge071m9bGeY$_$4,True,17,17,0,False,unverified: separate modality axes
gjEYmdWrBLM$_$24,True,48,48,48,True,unverified: separate modality axes
gjEYmdWrBLM$_$26,True,25,25,25,False,unverified: separate modality axes
gjEYmdWrBLM$_$0,True,5,5,5,False,unverified: separate modality axes
gjEYmdWrBLM$_$3,True,48,48,48,True,unverified: separate modality axes
gjEYmdWrBLM$_$9,True,48,48,48,True,unverified: separate modality axes
gjEYmdWrBLM$_$18,True,25,25,25,False,unverified: separate modality axes
gjGL6YY6oMs$_$2,True,22,22,22,False,unverified: separate modality axes
gjSyl6evrWk$_$12,True,29,29,29,False,unverified: separate modality axes
gr9YU-UTJzQ$_$15,True,16,16,16,False,unverified: separate modality axes
grePRQ8zonA$_$2,True,31,31,31,False,unverified: separate modality axes
guRD0zQC6Q0$_$7,True,44,44,44,False,unverified: separate modality axes
gv43BPYYxKQ$_$2,True,24,24,24,False,unverified: separate modality axes
gvrfI9e5xHQ$_$9,True,48,48,48,True,unverified: separate modality axes
gzZ8NTeTzRs$_$1,True,21,21,21,False,unverified: separate modality axes
h4LrwMn94ss$_$9,True,15,15,15,False,unverified: separate modality axes
h7p5URoookk$_$27,True,9,9,9,False,unverified: separate modality axes
h7p5URoookk$_$2,True,19,19,19,False,unverified: separate modality axes
hASTLbFHrEs$_$0,True,10,10,10,False,unverified: separate modality axes
hASTLbFHrEs$_$7,True,30,30,30,False,unverified: separate modality axes
hCFV5VLgS0A$_$8,True,23,23,23,False,unverified: separate modality axes
hF6kFQPdBjY$_$13,True,17,17,17,False,unverified: separate modality axes
hF6kFQPdBjY$_$2,True,19,19,19,False,unverified: separate modality axes
hF6kFQPdBjY$_$9,True,20,20,20,False,unverified: separate modality axes
hGRRlXfH0BY$_$11,True,22,22,22,False,unverified: separate modality axes
hGRRlXfH0BY$_$1,True,48,48,48,True,unverified: separate modality axes
hGRRlXfH0BY$_$8,True,39,39,39,False,unverified: separate modality axes
hIQhkTjNaQc$_$11,True,46,46,46,False,unverified: separate modality axes
hOp6I4jGvu4$_$1,True,28,28,28,False,unverified: separate modality axes
hOp6I4jGvu4$_$4,True,28,28,28,False,unverified: separate modality axes
hSgKOKK3L8M$_$0,True,25,25,0,False,unverified: separate modality axes
hSgKOKK3L8M$_$5,True,14,14,0,False,unverified: separate modality axes
hawztAtYHCE$_$9,True,48,48,48,True,unverified: separate modality axes
he475nnmMi0$_$14,True,48,48,48,True,unverified: separate modality axes
he475nnmMi0$_$9,True,24,24,24,False,unverified: separate modality axes
hfVXx8hfKak$_$16,True,13,13,13,False,unverified: separate modality axes
hfVXx8hfKak$_$0,True,36,36,36,False,unverified: separate modality axes
hfvmQuhqMmY$_$8,True,20,20,20,False,unverified: separate modality axes
hh04W3xXa5s$_$0,True,7,7,7,False,unverified: separate modality axes
hh04W3xXa5s$_$2,True,26,26,1,False,unverified: separate modality axes
hj1ph17-0jE$_$2,True,25,25,25,False,unverified: separate modality axes
hjBQmIWiWgw$_$2,True,26,26,26,False,unverified: separate modality axes
hlBOP5NskhM$_$10,True,9,9,9,False,unverified: separate modality axes
hlBOP5NskhM$_$12,True,15,15,15,False,unverified: separate modality axes
hlBOP5NskhM$_$2,True,7,7,0,False,unverified: separate modality axes
hlBOP5NskhM$_$8,True,28,28,0,False,unverified: separate modality axes
hlYDicOj2m0$_$2,True,11,11,11,False,unverified: separate modality axes
hlYDicOj2m0$_$6,True,16,16,16,False,unverified: separate modality axes
hmjfBZGGZR8$_$1,True,38,38,22,False,unverified: separate modality axes
hntnelpiyl8$_$13,True,20,20,20,False,unverified: separate modality axes
hp3nsb_eIc0$_$18,True,48,48,48,True,unverified: separate modality axes
hp3nsb_eIc0$_$1,True,22,22,22,False,unverified: separate modality axes
hyazktfsZew$_$26,True,12,12,9,False,unverified: separate modality axes
hyazktfsZew$_$22,True,20,20,0,False,unverified: separate modality axes
hyazktfsZew$_$28,True,11,11,11,False,unverified: separate modality axes
hyazktfsZew$_$9,True,15,15,15,False,unverified: separate modality axes
hyazktfsZew$_$11,True,8,8,1,False,unverified: separate modality axes
hyazktfsZew$_$30,True,10,10,5,False,unverified: separate modality axes
i5bmKlHv-SA$_$3,True,23,23,23,False,unverified: separate modality axes
iEOBNT0HFtU$_$12,True,33,33,33,False,unverified: separate modality axes
iEOBNT0HFtU$_$17,True,29,29,29,False,unverified: separate modality axes
iEOBNT0HFtU$_$0,True,16,16,16,False,unverified: separate modality axes
iEOBNT0HFtU$_$2,True,15,15,15,False,unverified: separate modality axes
iH04VOkbof0$_$1,True,32,32,32,False,unverified: separate modality axes
iH04VOkbof0$_$4,True,21,21,21,False,unverified: separate modality axes
iM3wSwoAtwk$_$3,True,35,35,35,False,unverified: separate modality axes
iMss8xBhFiI$_$12,True,15,15,15,False,unverified: separate modality axes
iO34hER47xA$_$3,True,28,28,28,False,unverified: separate modality axes
iR1Os7FVGHs$_$6,True,48,48,48,True,unverified: separate modality axes
iREkcXde5ds$_$0,True,7,7,0,False,unverified: separate modality axes
iS91daVpH2E$_$10,True,18,18,18,False,unverified: separate modality axes
iS91daVpH2E$_$7,True,22,22,22,False,unverified: separate modality axes
iYtD_ArCdKw$_$3,True,16,16,16,False,unverified: separate modality axes
iYtD_ArCdKw$_$9,True,48,48,48,True,unverified: separate modality axes
icIS9VfbzMw$_$25,True,24,24,24,False,unverified: separate modality axes
icIS9VfbzMw$_$17,True,24,24,13,False,unverified: separate modality axes
icIS9VfbzMw$_$1,True,40,40,40,False,unverified: separate modality axes
icIS9VfbzMw$_$3,True,30,30,30,False,unverified: separate modality axes
icehEYAiimM$_$0,True,48,48,48,True,unverified: separate modality axes
iex7I7iVnLk$_$3,True,12,12,12,False,unverified: separate modality axes
ihuGFUrzD30$_$8,True,20,20,20,False,unverified: separate modality axes
ipLoS44xfO4$_$1,True,7,7,0,False,unverified: separate modality axes
ipLoS44xfO4$_$0,True,5,5,5,False,unverified: separate modality axes
ipLoS44xfO4$_$3,True,14,14,14,False,unverified: separate modality axes
ixQbCXLUUj8$_$1,True,16,16,13,False,unverified: separate modality axes
ixZAEncExWI$_$1,True,31,31,31,False,unverified: separate modality axes
izFBeXMTgds$_$1,True,31,31,31,False,unverified: separate modality axes
j6R1NTrosuM$_$0,True,13,13,13,False,unverified: separate modality axes
j7fRIGphgtk$_$1,True,8,8,8,False,unverified: separate modality axes
j7fRIGphgtk$_$0,True,29,29,29,False,unverified: separate modality axes
jEQoBvc7V1o$_$12,True,19,19,9,False,unverified: separate modality axes
jFNgOznarMo$_$9,True,19,19,19,False,unverified: separate modality axes
jFNgOznarMo$_$10,True,48,48,48,True,unverified: separate modality axes
jFpRdhl3fgw$_$2,True,18,18,18,False,unverified: separate modality axes
jNdvceZ4etc$_$2,True,15,15,15,False,unverified: separate modality axes
jNdvceZ4etc$_$7,True,16,16,16,False,unverified: separate modality axes
jPf0LjZAS14$_$0,True,28,28,28,False,unverified: separate modality axes
jQ3EmbRIe58$_$14,True,13,13,13,False,unverified: separate modality axes
jT3FSTBA8Us$_$2,True,34,34,1,False,unverified: separate modality axes
jV6qzF2YROc$_$0,True,19,19,19,False,unverified: separate modality axes
jVayR0VClxQ$_$12,True,16,16,16,False,unverified: separate modality axes
jVayR0VClxQ$_$0,True,19,19,19,False,unverified: separate modality axes
jVayR0VClxQ$_$9,True,31,31,31,False,unverified: separate modality axes
jYT3-RQFy1U$_$10,True,25,25,25,False,unverified: separate modality axes
jYT3-RQFy1U$_$1,True,35,35,35,False,unverified: separate modality axes
jakiZQd4boM$_$3,True,48,48,48,True,unverified: separate modality axes
jbKDW9URnvM$_$0,True,16,16,16,False,unverified: separate modality axes
jcQi90n008o$_$20,True,15,15,15,False,unverified: separate modality axes
jcQi90n008o$_$23,True,9,9,9,False,unverified: separate modality axes
jcQi90n008o$_$2,True,14,14,14,False,unverified: separate modality axes
jcQi90n008o$_$5,True,30,30,30,False,unverified: separate modality axes
jcQi90n008o$_$18,True,11,11,11,False,unverified: separate modality axes
jgNu58Da9cs$_$2,True,27,27,27,False,unverified: separate modality axes
jgNu58Da9cs$_$6,True,27,27,27,False,unverified: separate modality axes
jjb1cWmkhI8$_$2,True,28,28,28,False,unverified: separate modality axes
jjbOD6u7V34$_$3,True,46,46,31,False,unverified: separate modality axes
jlCFLG6rKKY$_$2,True,11,11,11,False,unverified: separate modality axes
jnG9zog4NCs$_$2,True,18,18,18,False,unverified: separate modality axes
jnG9zog4NCs$_$4,True,30,30,12,False,unverified: separate modality axes
jqKzaEniiKo$_$13,True,48,48,0,True,unverified: separate modality axes
jqKzaEniiKo$_$8,True,43,43,43,False,unverified: separate modality axes
juI9KoLA87A$_$5,True,24,24,24,False,unverified: separate modality axes
jzNIU-w0MVo$_$15,True,36,36,36,False,unverified: separate modality axes
jzNIU-w0MVo$_$16,True,32,32,32,False,unverified: separate modality axes
jzNIU-w0MVo$_$7,True,41,41,41,False,unverified: separate modality axes
k1ca_xbhohk$_$13,True,24,24,24,False,unverified: separate modality axes
k4T6GaDrcjs$_$2,True,12,12,6,False,unverified: separate modality axes
k4T6GaDrcjs$_$4,True,10,10,10,False,unverified: separate modality axes
k4T6GaDrcjs$_$7,True,21,21,3,False,unverified: separate modality axes
k4T6GaDrcjs$_$9,True,17,17,2,False,unverified: separate modality axes
k5-3KuvCFms$_$0,True,20,20,20,False,unverified: separate modality axes
k8NgVOCDYKM$_$10,True,48,48,48,True,unverified: separate modality axes
k8NgVOCDYKM$_$19,True,21,21,21,False,unverified: separate modality axes
k8NgVOCDYKM$_$2,True,11,11,11,False,unverified: separate modality axes
kCQqLNiO0mk$_$11,True,44,44,44,False,unverified: separate modality axes
kCQqLNiO0mk$_$12,True,15,15,15,False,unverified: separate modality axes
kCQqLNiO0mk$_$15,True,47,47,47,False,unverified: separate modality axes
kCQqLNiO0mk$_$17,True,41,41,41,False,unverified: separate modality axes
kCQqLNiO0mk$_$6,True,23,23,23,False,unverified: separate modality axes
kCQqLNiO0mk$_$8,True,31,31,31,False,unverified: separate modality axes
kKMfsWrigTE$_$1,True,20,20,20,False,unverified: separate modality axes
kKkZihSbxF4$_$2,True,25,25,18,False,unverified: separate modality axes
kPn-t6NSxfQ$_$11,True,14,14,14,False,unverified: separate modality axes
kPn-t6NSxfQ$_$14,True,48,48,48,True,unverified: separate modality axes
kPn-t6NSxfQ$_$0,True,13,13,13,False,unverified: separate modality axes
kPn-t6NSxfQ$_$4,True,48,48,48,True,unverified: separate modality axes
kRs39SO-neY$_$17,True,48,48,48,True,unverified: separate modality axes
kU6YY2z7z0I$_$10,True,14,14,14,False,unverified: separate modality axes
kU6YY2z7z0I$_$5,True,21,21,21,False,unverified: separate modality axes
kU6YY2z7z0I$_$4,True,12,12,12,False,unverified: separate modality axes
kU6YY2z7z0I$_$9,True,5,5,5,False,unverified: separate modality axes
kU6YY2z7z0I$_$8,True,7,7,7,False,unverified: separate modality axes
kY64gXOapYk$_$0,True,34,34,34,False,unverified: separate modality axes
kZfcQ4a0kx4$_$21,True,26,26,26,False,unverified: separate modality axes
kZfcQ4a0kx4$_$0,True,28,28,28,False,unverified: separate modality axes
kZfcQ4a0kx4$_$3,True,44,44,44,False,unverified: separate modality axes
kZfcQ4a0kx4$_$8,True,31,31,31,False,unverified: separate modality axes
kZfcQ4a0kx4$_$15,True,44,44,40,False,unverified: separate modality axes
kcIGTPHEsNo$_$20,True,19,19,16,False,unverified: separate modality axes
kcIGTPHEsNo$_$17,True,38,38,38,False,unverified: separate modality axes
kcIGTPHEsNo$_$10,True,26,26,23,False,unverified: separate modality axes
kddCewAsxfA$_$5,True,15,15,15,False,unverified: separate modality axes
kf3fZcx8nIo$_$2,True,48,48,48,True,unverified: separate modality axes
kh6eynD9OIk$_$10,True,8,8,8,False,unverified: separate modality axes
kh6eynD9OIk$_$5,True,12,12,9,False,unverified: separate modality axes
kh6eynD9OIk$_$6,True,9,9,8,False,unverified: separate modality axes
kiR5zVo2zvU$_$24,True,34,34,34,False,unverified: separate modality axes
kiR5zVo2zvU$_$14,True,13,13,13,False,unverified: separate modality axes
kiR5zVo2zvU$_$17,True,48,48,48,True,unverified: separate modality axes
kj63uF0RhW8$_$7,True,34,34,34,False,unverified: separate modality axes
kjQAkrdbREk$_$1,True,29,29,29,False,unverified: separate modality axes
kjQAkrdbREk$_$2,True,37,37,37,False,unverified: separate modality axes
kqXpf26EL-s$_$11,True,11,11,3,False,unverified: separate modality axes
kqXpf26EL-s$_$3,True,9,9,9,False,unverified: separate modality axes
kqXpf26EL-s$_$5,True,7,7,0,False,unverified: separate modality axes
krHZuqfXrPU$_$22,True,48,48,48,True,unverified: separate modality axes
krHZuqfXrPU$_$28,True,21,21,21,False,unverified: separate modality axes
krHZuqfXrPU$_$11,True,17,17,17,False,unverified: separate modality axes
krHZuqfXrPU$_$13,True,28,28,28,False,unverified: separate modality axes
ku-dtUqCm2o$_$1,True,21,21,21,False,unverified: separate modality axes
kuQWPuhnlHs$_$5,True,48,48,48,True,unverified: separate modality axes
kuQWPuhnlHs$_$6,True,45,45,45,False,unverified: separate modality axes
kwkhYpCHWPw$_$6,True,13,13,13,False,unverified: separate modality axes
kx544gnOZB0$_$0,True,13,13,13,False,unverified: separate modality axes
kxcCxbsKx3w$_$2,True,36,36,36,False,unverified: separate modality axes
kxcCxbsKx3w$_$8,True,10,10,10,False,unverified: separate modality axes
ky7Q5onqxGw$_$7,True,21,21,21,False,unverified: separate modality axes
kyPepNmxaj8$_$2,True,14,14,14,False,unverified: separate modality axes
kz7ahNfXFsk$_$9,True,21,21,21,False,unverified: separate modality axes
kzmaKnujN64$_$1,True,18,18,18,False,unverified: separate modality axes
kzmaKnujN64$_$6,True,27,27,27,False,unverified: separate modality axes
l-nM_U1qpko$_$2,True,11,11,11,False,unverified: separate modality axes
l-nM_U1qpko$_$5,True,23,23,23,False,unverified: separate modality axes
l5_DDqck4Rs$_$0,True,31,31,31,False,unverified: separate modality axes
l8LTcZJ-_8k$_$17,True,7,7,0,False,unverified: separate modality axes
l8LTcZJ-_8k$_$19,True,48,48,48,True,unverified: separate modality axes
lEsFI5YJGDo$_$5,True,23,23,23,False,unverified: separate modality axes
lEsFI5YJGDo$_$7,True,23,23,22,False,unverified: separate modality axes
lEsFI5YJGDo$_$6,True,13,13,13,False,unverified: separate modality axes
lTfsqoo-jKg$_$4,True,9,9,9,False,unverified: separate modality axes
lTfsqoo-jKg$_$7,True,21,21,21,False,unverified: separate modality axes
lUNNDDsm7R8$_$3,True,48,48,48,True,unverified: separate modality axes
lWvaIexY2WU$_$0,True,33,33,33,False,unverified: separate modality axes
laxadgca3Fo$_$0,True,19,19,19,False,unverified: separate modality axes
lbx3eu8LUl8$_$4,True,14,14,14,False,unverified: separate modality axes
ll10nEjTvGE$_$9,True,23,23,23,False,unverified: separate modality axes
ll10nEjTvGE$_$8,True,17,17,17,False,unverified: separate modality axes
lp9vkkimXqg$_$12,True,11,11,11,False,unverified: separate modality axes
lp9vkkimXqg$_$15,True,16,16,16,False,unverified: separate modality axes
lp9vkkimXqg$_$6,True,8,8,8,False,unverified: separate modality axes
lpF-yBYou0s$_$5,True,15,15,15,False,unverified: separate modality axes
lpF-yBYou0s$_$6,True,14,14,14,False,unverified: separate modality axes
luQfWSfb1s0$_$13,True,26,26,26,False,unverified: separate modality axes
luQfWSfb1s0$_$16,True,13,13,13,False,unverified: separate modality axes
luQfWSfb1s0$_$4,True,24,24,0,False,unverified: separate modality axes
luQfWSfb1s0$_$6,True,18,18,18,False,unverified: separate modality axes
lzVA--tIse0$_$0,True,17,17,12,False,unverified: separate modality axes
lzyVWNrkgbQ$_$9,True,37,37,37,False,unverified: separate modality axes
m7SJs73SF8w$_$4,True,15,15,6,False,unverified: separate modality axes
m8tzdtrgFUA$_$12,True,11,11,11,False,unverified: separate modality axes
m8tzdtrgFUA$_$0,True,8,8,8,False,unverified: separate modality axes
m8tzdtrgFUA$_$2,True,13,13,13,False,unverified: separate modality axes
m8tzdtrgFUA$_$5,True,23,23,23,False,unverified: separate modality axes
m8tzdtrgFUA$_$7,True,5,5,5,False,unverified: separate modality axes
mHIvH6Nnrls$_$1,True,6,6,0,False,unverified: separate modality axes
mI50zj8cTNw$_$1,True,19,19,19,False,unverified: separate modality axes
mKP6TVuixWg$_$11,True,48,48,48,True,unverified: separate modality axes
mKP6TVuixWg$_$18,True,15,15,15,False,unverified: separate modality axes
mL2v-sODUZ8$_$11,True,48,48,48,True,unverified: separate modality axes
mMeGgB9-hSE$_$10,True,17,17,17,False,unverified: separate modality axes
mMeGgB9-hSE$_$13,True,32,32,32,False,unverified: separate modality axes
mN1Z5xEOy10$_$4,True,8,8,3,False,unverified: separate modality axes
mQTaEIrNxnQ$_$11,True,26,26,26,False,unverified: separate modality axes
mRPIse3OO74$_$1,True,21,21,21,False,unverified: separate modality axes
mRnEJOLkhp8$_$2,True,25,25,25,False,unverified: separate modality axes
mSWwz7dXUP8$_$6,True,26,26,26,False,unverified: separate modality axes
mW8eL4e7Wrg$_$14,True,19,19,19,False,unverified: separate modality axes
mW8eL4e7Wrg$_$3,True,25,25,25,False,unverified: separate modality axes
mW8eL4e7Wrg$_$2,True,20,20,20,False,unverified: separate modality axes
mW8eL4e7Wrg$_$6,True,23,23,23,False,unverified: separate modality axes
mW8eL4e7Wrg$_$15,True,21,21,21,False,unverified: separate modality axes
maO6KmmgcB8$_$4,True,23,23,23,False,unverified: separate modality axes
mgovo8VYtvk$_$24,True,48,48,47,True,unverified: separate modality axes
mgovo8VYtvk$_$20,True,15,15,15,False,unverified: separate modality axes
mgovo8VYtvk$_$22,True,19,19,10,False,unverified: separate modality axes
mgovo8VYtvk$_$23,True,23,23,12,False,unverified: separate modality axes
mgovo8VYtvk$_$29,True,16,16,16,False,unverified: separate modality axes
mgovo8VYtvk$_$3,True,23,23,23,False,unverified: separate modality axes
mgovo8VYtvk$_$8,True,42,42,42,False,unverified: separate modality axes
mgovo8VYtvk$_$13,True,36,36,36,False,unverified: separate modality axes
mgovo8VYtvk$_$12,True,42,42,42,False,unverified: separate modality axes
mgovo8VYtvk$_$30,True,29,29,29,False,unverified: separate modality axes
mgovo8VYtvk$_$37,True,10,10,10,False,unverified: separate modality axes
mgovo8VYtvk$_$34,True,21,21,21,False,unverified: separate modality axes
mgpoY1-110U$_$1,True,22,22,22,False,unverified: separate modality axes
mgpoY1-110U$_$14,True,11,11,11,False,unverified: separate modality axes
mkkoJ2iVbGs$_$0,True,14,14,14,False,unverified: separate modality axes
mkkoJ2iVbGs$_$5,True,33,33,33,False,unverified: separate modality axes
mkkoJ2iVbGs$_$4,True,14,14,14,False,unverified: separate modality axes
mn8_HvzbN5c$_$5,True,48,48,48,True,unverified: separate modality axes
mpfSRGHFY0g$_$3,True,17,17,17,False,unverified: separate modality axes
mrQIrm6hYMQ$_$1,True,15,15,15,False,unverified: separate modality axes
mrQIrm6hYMQ$_$2,True,37,37,37,False,unverified: separate modality axes
muOYAxkG-Zo$_$15,True,25,25,25,False,unverified: separate modality axes
muOYAxkG-Zo$_$6,True,20,20,20,False,unverified: separate modality axes
mud6tEqFiEM$_$2,True,10,10,10,False,unverified: separate modality axes
mud6tEqFiEM$_$5,True,16,16,16,False,unverified: separate modality axes
mw_ZwML0SbY$_$0,True,48,48,48,True,unverified: separate modality axes
mw_ZwML0SbY$_$2,True,35,35,35,False,unverified: separate modality axes
mxFU6TrHChY$_$11,True,46,46,46,False,unverified: separate modality axes
mxFU6TrHChY$_$0,True,17,17,17,False,unverified: separate modality axes
mxFU6TrHChY$_$8,True,12,12,12,False,unverified: separate modality axes
mxa4KXSz9rw$_$0,True,9,9,0,False,unverified: separate modality axes
mxa4KXSz9rw$_$6,True,13,13,13,False,unverified: separate modality axes
mzTHW2dtbs4$_$8,True,43,43,43,False,unverified: separate modality axes
mziQcFSsdRI$_$4,True,19,19,19,False,unverified: separate modality axes
n-sgVVTE9Io$_$0,True,14,14,14,False,unverified: separate modality axes
n4xRx0J3rYQ$_$10,True,15,15,15,False,unverified: separate modality axes
n4xRx0J3rYQ$_$0,True,16,16,0,False,unverified: separate modality axes
n4xRx0J3rYQ$_$4,True,26,26,26,False,unverified: separate modality axes
n5MU2-GFjo8$_$1,True,29,29,29,False,unverified: separate modality axes
n7K5SpMrQt0$_$17,True,24,24,24,False,unverified: separate modality axes
nD1R4UedEDo$_$10,True,22,22,22,False,unverified: separate modality axes
nD1R4UedEDo$_$1,True,32,32,32,False,unverified: separate modality axes
nD1R4UedEDo$_$2,True,22,22,22,False,unverified: separate modality axes
nD1R4UedEDo$_$4,True,17,17,17,False,unverified: separate modality axes
nDXKvarLEOM$_$3,True,8,8,8,False,unverified: separate modality axes
nErOMpqvcRg$_$7,True,48,48,48,True,unverified: separate modality axes
nHP7l5zAwGA$_$0,True,47,47,47,False,unverified: separate modality axes
nHP7l5zAwGA$_$8,True,34,34,34,False,unverified: separate modality axes
nISNBD3I95A$_$0,True,21,21,21,False,unverified: separate modality axes
nKiC9sEP2vM$_$5,True,39,39,39,False,unverified: separate modality axes
nM5S3xxNOlQ$_$10,True,24,24,24,False,unverified: separate modality axes
nM5S3xxNOlQ$_$0,True,23,23,23,False,unverified: separate modality axes
nM5S3xxNOlQ$_$3,True,25,25,25,False,unverified: separate modality axes
nM5S3xxNOlQ$_$7,True,7,7,7,False,unverified: separate modality axes
nM5S3xxNOlQ$_$9,True,5,5,5,False,unverified: separate modality axes
nTBKtwqPIYw$_$7,True,12,12,12,False,unverified: separate modality axes
ngp7s5Wvde0$_$11,True,19,19,19,False,unverified: separate modality axes
ngp7s5Wvde0$_$3,True,30,30,30,False,unverified: separate modality axes
ngp7s5Wvde0$_$8,True,31,31,31,False,unverified: separate modality axes
npIVLL_fTf0$_$13,True,41,41,41,False,unverified: separate modality axes
npIVLL_fTf0$_$12,True,38,38,38,False,unverified: separate modality axes
npIVLL_fTf0$_$17,True,19,19,19,False,unverified: separate modality axes
nsLACXjD4KU$_$3,True,27,27,8,False,unverified: separate modality axes
nsLACXjD4KU$_$2,True,14,14,14,False,unverified: separate modality axes
nw6Kf3AtCz4$_$21,True,16,16,16,False,unverified: separate modality axes
nw6Kf3AtCz4$_$23,True,19,19,19,False,unverified: separate modality axes
nw6Kf3AtCz4$_$28,True,18,18,18,False,unverified: separate modality axes
nw6Kf3AtCz4$_$4,True,12,12,12,False,unverified: separate modality axes
nw6Kf3AtCz4$_$8,True,13,13,12,False,unverified: separate modality axes
nw6Kf3AtCz4$_$15,True,25,25,25,False,unverified: separate modality axes
nw6Kf3AtCz4$_$18,True,8,8,8,False,unverified: separate modality axes
nw6Kf3AtCz4$_$33,True,21,21,21,False,unverified: separate modality axes
nz2vkMyqfeE$_$15,True,48,48,48,True,unverified: separate modality axes
nz2vkMyqfeE$_$4,True,31,31,31,False,unverified: separate modality axes
o2miCpS7Hwo$_$6,True,48,48,48,True,unverified: separate modality axes
o4b7hjQwpv0$_$5,True,25,25,3,False,unverified: separate modality axes
o4b7hjQwpv0$_$6,True,19,19,2,False,unverified: separate modality axes
o4b7hjQwpv0$_$8,True,8,8,8,False,unverified: separate modality axes
o63doZKEIds$_$1,True,10,10,10,False,unverified: separate modality axes
o63doZKEIds$_$3,True,10,10,10,False,unverified: separate modality axes
o63doZKEIds$_$9,True,9,9,9,False,unverified: separate modality axes
oANUXY3xXKM$_$2,True,23,23,23,False,unverified: separate modality axes
oCsrnIomHos$_$11,True,39,39,39,False,unverified: separate modality axes
oDznO5w3v0U$_$3,True,19,19,19,False,unverified: separate modality axes
oDznO5w3v0U$_$6,True,19,19,19,False,unverified: separate modality axes
oGnKsroR0R0$_$13,True,8,8,8,False,unverified: separate modality axes
oGnKsroR0R0$_$14,True,25,25,25,False,unverified: separate modality axes
oHV99Y_EWfI$_$12,True,21,21,21,False,unverified: separate modality axes
oHV99Y_EWfI$_$19,True,14,14,14,False,unverified: separate modality axes
oK951Y2N_k0$_$1,True,13,13,13,False,unverified: separate modality axes
oNCvb0F-c88$_$6,True,24,24,24,False,unverified: separate modality axes
oOhxCwkZsUI$_$0,True,19,19,19,False,unverified: separate modality axes
oPvUDLhTrjI$_$11,True,34,34,34,False,unverified: separate modality axes
oPvUDLhTrjI$_$13,True,21,21,21,False,unverified: separate modality axes
oVqBUyKvgdU$_$7,True,48,48,47,True,unverified: separate modality axes
oW1OEsP7Dds$_$8,True,23,23,23,False,unverified: separate modality axes
oW1OEsP7Dds$_$12,True,40,40,40,False,unverified: separate modality axes
oWAyEzyp2xQ$_$15,True,37,37,37,False,unverified: separate modality axes
obnOnuzb-Xw$_$1,True,11,11,11,False,unverified: separate modality axes
ogGweZUAVtU$_$51,True,16,16,16,False,unverified: separate modality axes
ogGweZUAVtU$_$20,True,17,17,17,False,unverified: separate modality axes
ogGweZUAVtU$_$49,True,7,7,7,False,unverified: separate modality axes
ogGweZUAVtU$_$46,True,11,11,11,False,unverified: separate modality axes
ogGweZUAVtU$_$40,True,16,16,16,False,unverified: separate modality axes
ogGweZUAVtU$_$7,True,11,11,11,False,unverified: separate modality axes
ogGweZUAVtU$_$9,True,21,21,21,False,unverified: separate modality axes
ogGweZUAVtU$_$38,True,21,21,21,False,unverified: separate modality axes
ogGweZUAVtU$_$10,True,11,11,11,False,unverified: separate modality axes
ogGweZUAVtU$_$17,True,14,14,14,False,unverified: separate modality axes
ogGweZUAVtU$_$37,True,17,17,17,False,unverified: separate modality axes
ogGweZUAVtU$_$36,True,9,9,9,False,unverified: separate modality axes
ogGweZUAVtU$_$32,True,9,9,9,False,unverified: separate modality axes
oj7A8mpuBeQ$_$11,True,17,17,17,False,unverified: separate modality axes
oj7A8mpuBeQ$_$5,True,7,7,7,False,unverified: separate modality axes
olcPEN9x5VY$_$2,True,14,14,14,False,unverified: separate modality axes
olcPEN9x5VY$_$7,True,14,14,14,False,unverified: separate modality axes
olcPEN9x5VY$_$9,True,9,9,9,False,unverified: separate modality axes
olcPEN9x5VY$_$8,True,16,16,16,False,unverified: separate modality axes
omBcvw7izuM$_$10,True,16,16,16,False,unverified: separate modality axes
omBcvw7izuM$_$17,True,28,28,28,False,unverified: separate modality axes
omBcvw7izuM$_$2,True,48,48,48,True,unverified: separate modality axes
omBcvw7izuM$_$6,True,48,48,48,True,unverified: separate modality axes
omHQ68k50XY$_$8,True,23,23,23,False,unverified: separate modality axes
ouhCx4TgHlE$_$1,True,32,32,32,False,unverified: separate modality axes
ouhCx4TgHlE$_$0,True,21,21,21,False,unverified: separate modality axes
ouhCx4TgHlE$_$2,True,22,22,22,False,unverified: separate modality axes
owT0_Xfu8a0$_$0,True,29,29,29,False,unverified: separate modality axes
oyHKiX5YGDE$_$10,True,18,18,18,False,unverified: separate modality axes
oyHKiX5YGDE$_$15,True,23,23,23,False,unverified: separate modality axes
p18PVgfxook$_$3,True,30,30,30,False,unverified: separate modality axes
p19Hsjx2xgI$_$8,True,13,13,13,False,unverified: separate modality axes
p5LEk2u8tXk$_$13,True,14,14,14,False,unverified: separate modality axes
p5LEk2u8tXk$_$4,True,12,12,12,False,unverified: separate modality axes
pAclBdj20ZU$_$10,True,15,15,15,False,unverified: separate modality axes
pAclBdj20ZU$_$0,True,19,19,19,False,unverified: separate modality axes
pAclBdj20ZU$_$6,True,8,8,8,False,unverified: separate modality axes
pAclBdj20ZU$_$8,True,9,9,9,False,unverified: separate modality axes
pFh-SLxltms$_$14,True,19,19,19,False,unverified: separate modality axes
pFh-SLxltms$_$23,True,14,14,14,False,unverified: separate modality axes
pFh-SLxltms$_$16,True,21,21,21,False,unverified: separate modality axes
pFh-SLxltms$_$1,True,23,23,23,False,unverified: separate modality axes
pFh-SLxltms$_$9,True,20,20,20,False,unverified: separate modality axes
pIMByitigYI$_$10,True,37,37,37,False,unverified: separate modality axes
pU-MjERGTUk$_$6,True,48,48,25,True,unverified: separate modality axes
pVzHaakhKAw$_$0,True,21,21,15,False,unverified: separate modality axes
pVzHaakhKAw$_$5,True,46,46,43,False,unverified: separate modality axes
pbFwuNCQlH8$_$3,True,24,24,24,False,unverified: separate modality axes
pbFwuNCQlH8$_$7,True,12,12,12,False,unverified: separate modality axes
pf-78LF4ORE$_$22,True,28,28,28,False,unverified: separate modality axes
pfCPogxnUfw$_$26,True,26,26,26,False,unverified: separate modality axes
pfCPogxnUfw$_$8,True,18,18,18,False,unverified: separate modality axes
pjWLxORDDP4$_$2,True,12,12,12,False,unverified: separate modality axes
pqAGD3ijMPw$_$9,True,39,39,39,False,unverified: separate modality axes
pu1C7tmYHxI$_$2,True,34,34,34,False,unverified: separate modality axes
puum3vabpb4$_$15,True,24,24,24,False,unverified: separate modality axes
pvlmYjQdRmA$_$0,True,17,17,17,False,unverified: separate modality axes
pwj9YeMJC08$_$15,True,18,18,18,False,unverified: separate modality axes
q-0gu48ClF4$_$2,True,33,33,33,False,unverified: separate modality axes
q1_knonj0Lw$_$17,True,24,24,24,False,unverified: separate modality axes
q1_knonj0Lw$_$16,True,48,48,48,True,unverified: separate modality axes
q1_knonj0Lw$_$4,True,11,11,11,False,unverified: separate modality axes
q1_knonj0Lw$_$7,True,21,21,21,False,unverified: separate modality axes
q3QUybiOYeU$_$0,True,28,28,24,False,unverified: separate modality axes
q4hP2j7oewo$_$1,True,22,22,22,False,unverified: separate modality axes
q7BxnIM2_z0$_$5,True,33,33,33,False,unverified: separate modality axes
qEkFReBuwxc$_$20,True,27,27,27,False,unverified: separate modality axes
qFppeQvdfxI$_$5,True,26,26,26,False,unverified: separate modality axes
qFppeQvdfxI$_$7,True,13,13,13,False,unverified: separate modality axes
qFppeQvdfxI$_$8,True,11,11,11,False,unverified: separate modality axes
qJBQH14qtHc$_$26,True,18,18,18,False,unverified: separate modality axes
qJZlp9uxoTU$_$10,True,6,6,6,False,unverified: separate modality axes
qJZlp9uxoTU$_$17,True,30,30,30,False,unverified: separate modality axes
qJZlp9uxoTU$_$18,True,19,19,19,False,unverified: separate modality axes
qJh6x4wmmh8$_$0,True,24,24,24,False,unverified: separate modality axes
qP4uuMI-JSk$_$3,True,48,48,48,True,unverified: separate modality axes
qP4uuMI-JSk$_$4,True,15,15,15,False,unverified: separate modality axes
qYJtbgLqizk$_$1,True,32,32,32,False,unverified: separate modality axes
qd6YuFGcBGk$_$12,True,15,15,15,False,unverified: separate modality axes
qd6YuFGcBGk$_$0,True,42,42,42,False,unverified: separate modality axes
qjMyjLSORY4$_$20,True,35,35,35,False,unverified: separate modality axes
qjMyjLSORY4$_$29,True,13,13,13,False,unverified: separate modality axes
qjMyjLSORY4$_$1,True,33,33,33,False,unverified: separate modality axes
qjMyjLSORY4$_$33,True,19,19,15,False,unverified: separate modality axes
qjMyjLSORY4$_$2,True,21,21,21,False,unverified: separate modality axes
qjMyjLSORY4$_$5,True,45,45,45,False,unverified: separate modality axes
qkWdc-E6jGI$_$21,True,48,48,48,True,unverified: separate modality axes
qkWdc-E6jGI$_$6,True,18,18,18,False,unverified: separate modality axes
qlDT-bmIzQI$_$4,True,14,14,14,False,unverified: separate modality axes
qlDiE1d45Bc$_$5,True,18,18,18,False,unverified: separate modality axes
qpht9L3s9G4$_$3,True,20,20,20,False,unverified: separate modality axes
qrI7XCKRFNk$_$3,True,35,35,35,False,unverified: separate modality axes
qrI7XCKRFNk$_$5,True,19,19,17,False,unverified: separate modality axes
qrI7XCKRFNk$_$4,True,36,36,32,False,unverified: separate modality axes
qszy_WSRFUM$_$10,True,16,16,16,False,unverified: separate modality axes
qvIhzmujTi8$_$14,True,48,48,48,True,unverified: separate modality axes
qyJiDgtj6YE$_$4,True,32,32,32,False,unverified: separate modality axes
r1erb5PSm1A$_$2,True,12,12,12,False,unverified: separate modality axes
r4ul1wl_1T8$_$9,True,24,24,24,False,unverified: separate modality axes
r8OPmbZZlpE$_$3,True,26,26,26,False,unverified: separate modality axes
r917wP1qsL4$_$6,True,19,19,19,False,unverified: separate modality axes
rApOTQgFW6Y$_$6,True,19,19,19,False,unverified: separate modality axes
rB6WmWvvyxg$_$1,True,14,14,14,False,unverified: separate modality axes
rB6WmWvvyxg$_$3,True,23,23,17,False,unverified: separate modality axes
rB6WmWvvyxg$_$2,True,22,22,20,False,unverified: separate modality axes
rB6WmWvvyxg$_$8,True,17,17,11,False,unverified: separate modality axes
rBWeo_rEdcU$_$6,True,25,25,25,False,unverified: separate modality axes
rBWeo_rEdcU$_$8,True,13,13,13,False,unverified: separate modality axes
rC7qKZMKa0U$_$0,True,27,27,27,False,unverified: separate modality axes
rCQYq4T8SEI$_$7,True,46,46,46,False,unverified: separate modality axes
rCQYq4T8SEI$_$0,True,26,26,26,False,unverified: separate modality axes
rEWQW_ibDwg$_$7,True,26,26,26,False,unverified: separate modality axes
rFHIApgUtoI$_$1,True,21,21,21,False,unverified: separate modality axes
rFHIApgUtoI$_$5,True,48,48,48,True,unverified: separate modality axes
rLHJ_ebXCHQ$_$3,True,11,11,11,False,unverified: separate modality axes
raQ9Pcgo-II$_$3,True,18,18,18,False,unverified: separate modality axes
rexJoy4RMdY$_$4,True,13,13,13,False,unverified: separate modality axes
rsQRiALH5FU$_$11,True,46,46,46,False,unverified: separate modality axes
rsQRiALH5FU$_$10,True,47,47,47,False,unverified: separate modality axes
rsQRiALH5FU$_$4,True,33,33,33,False,unverified: separate modality axes
rvQ2cRnroOU$_$20,True,19,19,19,False,unverified: separate modality axes
rvQ2cRnroOU$_$2,True,22,22,22,False,unverified: separate modality axes
rvQ2cRnroOU$_$9,True,24,24,24,False,unverified: separate modality axes
rwe-hBNpzH8$_$1,True,14,14,14,False,unverified: separate modality axes
rz4Ax6xfZHQ$_$8,True,15,15,15,False,unverified: separate modality axes
s1Yo_MCiMPc$_$12,True,25,25,25,False,unverified: separate modality axes
s1Yo_MCiMPc$_$5,True,25,25,25,False,unverified: separate modality axes
s53UAEi7JEY$_$9,True,22,22,22,False,unverified: separate modality axes
sC1NvtirijU$_$22,True,14,14,14,False,unverified: separate modality axes
sC1NvtirijU$_$3,True,46,46,46,False,unverified: separate modality axes
sC1NvtirijU$_$16,True,13,13,13,False,unverified: separate modality axes
sC1NvtirijU$_$19,True,48,48,48,True,unverified: separate modality axes
sFLTjqVS7AE$_$0,True,21,21,0,False,unverified: separate modality axes
sFLTjqVS7AE$_$5,True,24,24,24,False,unverified: separate modality axes
sFxUNO2HOKY$_$5,True,28,28,28,False,unverified: separate modality axes
sIGAq2J4KKI$_$1,True,13,13,13,False,unverified: separate modality axes
sKwPCpFtUUI$_$6,True,26,26,26,False,unverified: separate modality axes
sLaTZtL0ZIk$_$5,True,24,24,24,False,unverified: separate modality axes
sMnbpyFqrlE$_$15,True,19,19,19,False,unverified: separate modality axes
sMnbpyFqrlE$_$0,True,36,36,36,False,unverified: separate modality axes
sPxoGNvnVzg$_$5,True,10,10,10,False,unverified: separate modality axes
sPxoGNvnVzg$_$7,True,6,6,0,False,unverified: separate modality axes
sWsDAG6x9n0$_$3,True,34,34,34,False,unverified: separate modality axes
skp_SpnIOCM$_$2,True,30,30,30,False,unverified: separate modality axes
soqnBdPOwoo$_$4,True,24,24,24,False,unverified: separate modality axes
srbrWyZRMCI$_$11,True,13,13,13,False,unverified: separate modality axes
srbrWyZRMCI$_$1,True,12,12,12,False,unverified: separate modality axes
srbrWyZRMCI$_$0,True,26,26,26,False,unverified: separate modality axes
srbrWyZRMCI$_$5,True,48,48,48,True,unverified: separate modality axes
srbrWyZRMCI$_$8,True,10,10,10,False,unverified: separate modality axes
sw-smuVRByI$_$7,True,10,10,10,False,unverified: separate modality axes
sw-smuVRByI$_$6,True,28,28,28,False,unverified: separate modality axes
t0Wi5Nb6kbI$_$10,True,44,44,44,False,unverified: separate modality axes
t4-ZulW5np4$_$1,True,32,32,32,False,unverified: separate modality axes
t4-ZulW5np4$_$5,True,18,18,18,False,unverified: separate modality axes
t7a3zECpT4k$_$17,True,42,42,42,False,unverified: separate modality axes
tL8RzwWSmAE$_$0,True,30,30,30,False,unverified: separate modality axes
tL8RzwWSmAE$_$2,True,21,21,21,False,unverified: separate modality axes
tQk-eoA7JyE$_$5,True,23,23,23,False,unverified: separate modality axes
tXxf6-CilNI$_$20,True,48,48,48,True,unverified: separate modality axes
tXxf6-CilNI$_$21,True,15,15,15,False,unverified: separate modality axes
tXxf6-CilNI$_$9,True,44,44,44,False,unverified: separate modality axes
ta26Z2YEVMQ$_$0,True,16,16,16,False,unverified: separate modality axes
ta26Z2YEVMQ$_$2,True,23,23,23,False,unverified: separate modality axes
taCchyi5h68$_$3,True,18,18,18,False,unverified: separate modality axes
taGs3-SMoYM$_$3,True,21,21,21,False,unverified: separate modality axes
taGs3-SMoYM$_$4,True,48,48,48,True,unverified: separate modality axes
tdIZZ9v0IGA$_$6,True,32,32,32,False,unverified: separate modality axes
tdIZZ9v0IGA$_$8,True,20,20,20,False,unverified: separate modality axes
tgrxA3CiBv0$_$7,True,29,29,28,False,unverified: separate modality axes
tgrxA3CiBv0$_$8,True,37,37,37,False,unverified: separate modality axes
tv8IhQZQuJI$_$12,True,22,22,22,False,unverified: separate modality axes
tv8IhQZQuJI$_$5,True,18,18,18,False,unverified: separate modality axes
tvE_DucE0_k$_$7,True,21,21,21,False,unverified: separate modality axes
tw2xFbfgV4U$_$18,True,14,14,14,False,unverified: separate modality axes
tw2xFbfgV4U$_$3,True,14,14,14,False,unverified: separate modality axes
tw2xFbfgV4U$_$2,True,28,28,28,False,unverified: separate modality axes
tw2xFbfgV4U$_$6,True,20,20,20,False,unverified: separate modality axes
txjqbr6FoZs$_$7,True,48,48,48,True,unverified: separate modality axes
u94VPxEIJPg$_$3,True,10,10,0,False,unverified: separate modality axes
uAExKaLeOl8$_$13,True,30,30,30,False,unverified: separate modality axes
uAExKaLeOl8$_$9,True,48,48,48,True,unverified: separate modality axes
uAExKaLeOl8$_$8,True,14,14,14,False,unverified: separate modality axes
uBgRo9tnv-I$_$0,True,9,9,2,False,unverified: separate modality axes
uBgRo9tnv-I$_$6,True,27,27,1,False,unverified: separate modality axes
uTWeng4h5eM$_$8,True,14,14,14,False,unverified: separate modality axes
uU_3tbZ1zG8$_$14,True,21,21,21,False,unverified: separate modality axes
uU_3tbZ1zG8$_$23,True,36,36,36,False,unverified: separate modality axes
uU_3tbZ1zG8$_$1,True,19,19,19,False,unverified: separate modality axes
uU_3tbZ1zG8$_$21,True,15,15,15,False,unverified: separate modality axes
uXYAfpQUYVE$_$22,True,23,23,23,False,unverified: separate modality axes
uXYAfpQUYVE$_$5,True,16,16,16,False,unverified: separate modality axes
uXYAfpQUYVE$_$4,True,16,16,16,False,unverified: separate modality axes
uYzZB4ccG1Q$_$24,True,10,10,10,False,unverified: separate modality axes
uYzZB4ccG1Q$_$27,True,17,17,17,False,unverified: separate modality axes
uYzZB4ccG1Q$_$5,True,9,9,9,False,unverified: separate modality axes
uYzZB4ccG1Q$_$10,True,20,20,20,False,unverified: separate modality axes
uYzZB4ccG1Q$_$15,True,11,11,11,False,unverified: separate modality axes
uYzZB4ccG1Q$_$19,True,48,48,48,True,unverified: separate modality axes
uYzZB4ccG1Q$_$30,True,27,27,27,False,unverified: separate modality axes
ueCWy7aTmyo$_$14,True,32,32,32,False,unverified: separate modality axes
ueCWy7aTmyo$_$3,True,22,22,22,False,unverified: separate modality axes
ueCWy7aTmyo$_$5,True,28,28,28,False,unverified: separate modality axes
uxHBEfIhY-E$_$2,True,9,9,9,False,unverified: separate modality axes
uy9MGhVqCp8$_$5,True,21,21,21,False,unverified: separate modality axes
uyOrVTq8Tjk$_$3,True,18,18,18,False,unverified: separate modality axes
v1GKBjohgHc$_$2,True,30,30,30,False,unverified: separate modality axes
v2DFe9X-jCY$_$22,True,30,30,30,False,unverified: separate modality axes
v3l56fl6aJM$_$4,True,48,48,48,True,unverified: separate modality axes
v5AAvrZuR2U$_$6,True,24,24,24,False,unverified: separate modality axes
vCWpKubBbcw$_$1,True,31,31,31,False,unverified: separate modality axes
vM3YB7LmMq4$_$28,True,11,11,11,False,unverified: separate modality axes
vM3YB7LmMq4$_$41,True,10,10,10,False,unverified: separate modality axes
vM3YB7LmMq4$_$8,True,33,33,33,False,unverified: separate modality axes
vM3YB7LmMq4$_$38,True,48,48,48,True,unverified: separate modality axes
vM3YB7LmMq4$_$13,True,10,10,10,False,unverified: separate modality axes
vM3YB7LmMq4$_$33,True,25,25,25,False,unverified: separate modality axes
vM3YB7LmMq4$_$37,True,48,48,48,True,unverified: separate modality axes
vM3YB7LmMq4$_$50,True,5,5,3,False,unverified: separate modality axes
vM7m581tHn0$_$3,True,15,15,15,False,unverified: separate modality axes
vM7m581tHn0$_$4,True,10,10,10,False,unverified: separate modality axes
vM9AH4EqCaA$_$2,True,31,31,28,False,unverified: separate modality axes
vM9AH4EqCaA$_$6,True,23,23,23,False,unverified: separate modality axes
vRhj2bLo1ho$_$5,True,22,22,22,False,unverified: separate modality axes
vRhj2bLo1ho$_$8,True,12,12,12,False,unverified: separate modality axes
vYOr36tdcpc$_$1,True,48,48,48,True,unverified: separate modality axes
vYOr36tdcpc$_$0,True,38,38,38,False,unverified: separate modality axes
vbVLgaP5IYU$_$0,True,21,21,21,False,unverified: separate modality axes
vlnKSMw5v1o$_$6,True,23,23,15,False,unverified: separate modality axes
vop7tN_K64I$_$14,True,19,19,19,False,unverified: separate modality axes
vop7tN_K64I$_$17,True,33,33,33,False,unverified: separate modality axes
vop7tN_K64I$_$1,True,29,29,29,False,unverified: separate modality axes
vttEPA6Xffk$_$2,True,44,44,44,False,unverified: separate modality axes
vwUBtNvjrU4$_$26,True,16,16,16,False,unverified: separate modality axes
vwUBtNvjrU4$_$16,True,15,15,15,False,unverified: separate modality axes
vwUBtNvjrU4$_$23,True,42,42,42,False,unverified: separate modality axes
vwUBtNvjrU4$_$25,True,18,18,18,False,unverified: separate modality axes
w-PFjo89Dpw$_$14,True,17,17,17,False,unverified: separate modality axes
w-PFjo89Dpw$_$2,True,17,17,17,False,unverified: separate modality axes
w-PFjo89Dpw$_$7,True,36,36,36,False,unverified: separate modality axes
w1MxXu5D7ho$_$0,True,27,27,27,False,unverified: separate modality axes
wCtZdAdoIm8$_$0,True,20,20,20,False,unverified: separate modality axes
wEs7pJH2mqQ$_$1,True,13,13,9,False,unverified: separate modality axes
wEs7pJH2mqQ$_$3,True,14,14,14,False,unverified: separate modality axes
wEs7pJH2mqQ$_$7,True,17,17,5,False,unverified: separate modality axes
wHQYmMZzyJY$_$24,True,12,12,12,False,unverified: separate modality axes
wHQYmMZzyJY$_$10,True,22,22,22,False,unverified: separate modality axes
wHQYmMZzyJY$_$20,True,12,12,12,False,unverified: separate modality axes
wHQYmMZzyJY$_$18,True,23,23,23,False,unverified: separate modality axes
wI7DDCRh4Nw$_$1,True,48,48,48,True,unverified: separate modality axes
wI7DDCRh4Nw$_$2,True,26,26,26,False,unverified: separate modality axes
wLj_gnNON7A$_$10,True,14,14,14,False,unverified: separate modality axes
wLj_gnNON7A$_$12,True,36,36,36,False,unverified: separate modality axes
wLj_gnNON7A$_$14,True,8,8,8,False,unverified: separate modality axes
wLj_gnNON7A$_$5,True,34,34,34,False,unverified: separate modality axes
wLj_gnNON7A$_$4,True,5,5,5,False,unverified: separate modality axes
wMggOhhVouA$_$6,True,20,20,20,False,unverified: separate modality axes
wNx1ZnQ0MDQ$_$9,True,15,15,15,False,unverified: separate modality axes
wNx1ZnQ0MDQ$_$8,True,21,21,21,False,unverified: separate modality axes
wNx1ZnQ0MDQ$_$4,True,29,29,29,False,unverified: separate modality axes
wOKWTFYYMuk$_$9,True,48,48,48,True,unverified: separate modality axes
wOjnqud5GBA$_$4,True,15,15,15,False,unverified: separate modality axes
wR3zalLV_6c$_$5,True,28,28,28,False,unverified: separate modality axes
wR3zalLV_6c$_$14,True,40,40,40,False,unverified: separate modality axes
wRKVNiABc0w$_$12,True,16,16,16,False,unverified: separate modality axes
wRKVNiABc0w$_$14,True,18,18,18,False,unverified: separate modality axes
wRKVNiABc0w$_$1,True,19,19,19,False,unverified: separate modality axes
w_qYZSVx2dM$_$13,True,26,26,26,False,unverified: separate modality axes
w_qYZSVx2dM$_$12,True,27,27,27,False,unverified: separate modality axes
w_qYZSVx2dM$_$9,True,14,14,14,False,unverified: separate modality axes
wb7CfuiIZFQ$_$5,True,22,22,22,False,unverified: separate modality axes
wd-LTpCtAzw$_$14,True,8,8,6,False,unverified: separate modality axes
wd-LTpCtAzw$_$1,True,16,16,16,False,unverified: separate modality axes
wd-LTpCtAzw$_$9,True,15,15,15,False,unverified: separate modality axes
wdU-0bttAkc$_$3,True,36,36,17,False,unverified: separate modality axes
werKCgZ5dFE$_$14,True,26,26,26,False,unverified: separate modality axes
wfLrS6CdFs4$_$0,True,20,20,0,False,unverified: separate modality axes
wgCSuviySwg$_$0,True,34,34,34,False,unverified: separate modality axes
wj3ur4fsiN4$_$24,True,6,6,6,False,unverified: separate modality axes
wj3ur4fsiN4$_$3,True,22,22,22,False,unverified: separate modality axes
wj3ur4fsiN4$_$2,True,26,26,26,False,unverified: separate modality axes
wj3ur4fsiN4$_$13,True,37,37,37,False,unverified: separate modality axes
wj3ur4fsiN4$_$17,True,27,27,27,False,unverified: separate modality axes
wrQVnClcNPM$_$11,True,12,12,12,False,unverified: separate modality axes
wrQVnClcNPM$_$12,True,12,12,12,False,unverified: separate modality axes
wrQVnClcNPM$_$16,True,16,16,16,False,unverified: separate modality axes
wrQVnClcNPM$_$2,True,9,9,9,False,unverified: separate modality axes
wrQVnClcNPM$_$5,True,20,20,20,False,unverified: separate modality axes
wxxqXK9x-64$_$2,True,33,33,33,False,unverified: separate modality axes
wz3nVBPVgIA$_$6,True,21,21,21,False,unverified: separate modality axes
x92920ole0w$_$18,True,41,41,41,False,unverified: separate modality axes
x9E8yaFCX0Y$_$5,True,28,28,28,False,unverified: separate modality axes
x9E8yaFCX0Y$_$4,True,7,7,7,False,unverified: separate modality axes
x9E8yaFCX0Y$_$7,True,14,14,14,False,unverified: separate modality axes
xNYsfeSgDCQ$_$1,True,17,17,17,False,unverified: separate modality axes
xNYsfeSgDCQ$_$4,True,33,33,33,False,unverified: separate modality axes
xP81rX2ATLI$_$2,True,11,11,11,False,unverified: separate modality axes
xP81rX2ATLI$_$6,True,28,28,28,False,unverified: separate modality axes
xPhlDO-2Foc$_$2,True,29,29,29,False,unverified: separate modality axes
xRJXYUZVdas$_$1,True,18,18,18,False,unverified: separate modality axes
xTBBDx3DkXQ$_$10,True,22,22,22,False,unverified: separate modality axes
xUz5cCA-oTo$_$14,True,25,25,25,False,unverified: separate modality axes
xXIq7YPkdUQ$_$1,True,34,34,9,False,unverified: separate modality axes
xXIq7YPkdUQ$_$2,True,14,14,0,False,unverified: separate modality axes
xXIq7YPkdUQ$_$4,True,18,18,0,False,unverified: separate modality axes
xYtNgq9eTlg$_$6,True,25,25,25,False,unverified: separate modality axes
xZ1FrxU6hcg$_$23,True,24,24,24,False,unverified: separate modality axes
xZ1FrxU6hcg$_$6,True,19,19,19,False,unverified: separate modality axes
xaSf1d13WoY$_$13,True,16,16,16,False,unverified: separate modality axes
xaSf1d13WoY$_$1,True,27,27,27,False,unverified: separate modality axes
xaSf1d13WoY$_$4,True,14,14,14,False,unverified: separate modality axes
xbl7bU5PGBs$_$0,True,23,23,21,False,unverified: separate modality axes
xfP0bm6Z-7E$_$2,True,9,9,9,False,unverified: separate modality axes
xge9aYTxxOA$_$0,True,15,15,15,False,unverified: separate modality axes
xiRUWSUrGSg$_$0,True,38,38,38,False,unverified: separate modality axes
xiRUWSUrGSg$_$4,True,20,20,20,False,unverified: separate modality axes
xk4C4p5vHDk$_$12,True,40,40,40,False,unverified: separate modality axes
xk4C4p5vHDk$_$1,True,28,28,28,False,unverified: separate modality axes
xn9_4n4NpEw$_$10,True,14,14,14,False,unverified: separate modality axes
xn9_4n4NpEw$_$5,True,22,22,22,False,unverified: separate modality axes
xn9_4n4NpEw$_$7,True,13,13,13,False,unverified: separate modality axes
xnNZyfhusAk$_$2,True,19,19,19,False,unverified: separate modality axes
xomMHflvVDw$_$1,True,33,33,33,False,unverified: separate modality axes
xomMHflvVDw$_$0,True,13,13,13,False,unverified: separate modality axes
xomMHflvVDw$_$3,True,16,16,16,False,unverified: separate modality axes
xomMHflvVDw$_$6,True,29,29,29,False,unverified: separate modality axes
xu53lk4dhSc$_$13,True,22,22,22,False,unverified: separate modality axes
xu53lk4dhSc$_$20,True,14,14,14,False,unverified: separate modality axes
xu53lk4dhSc$_$14,True,17,17,17,False,unverified: separate modality axes
xu53lk4dhSc$_$17,True,36,36,36,False,unverified: separate modality axes
xu53lk4dhSc$_$9,True,26,26,26,False,unverified: separate modality axes
xvnFF0FiyS4$_$6,True,5,5,5,False,unverified: separate modality axes
xvnFF0FiyS4$_$8,True,7,7,7,False,unverified: separate modality axes
xwNQ7QuXaps$_$5,True,48,48,48,True,unverified: separate modality axes
xyOa9ivNrg4$_$0,True,10,10,10,False,unverified: separate modality axes
y-nEcwAyQos$_$11,True,13,13,13,False,unverified: separate modality axes
y-nEcwAyQos$_$4,True,24,24,24,False,unverified: separate modality axes
yBGuxyO-ElM$_$2,True,23,23,23,False,unverified: separate modality axes
yDIFWzOBjXc$_$22,True,20,20,20,False,unverified: separate modality axes
yDIFWzOBjXc$_$23,True,18,18,18,False,unverified: separate modality axes
yDIFWzOBjXc$_$40,True,23,23,23,False,unverified: separate modality axes
yDIFWzOBjXc$_$13,True,21,21,21,False,unverified: separate modality axes
yDIFWzOBjXc$_$15,True,35,35,35,False,unverified: separate modality axes
yDIFWzOBjXc$_$19,True,29,29,29,False,unverified: separate modality axes
yDIFWzOBjXc$_$30,True,17,17,17,False,unverified: separate modality axes
yEtfjJOMMCs$_$21,True,15,15,15,False,unverified: separate modality axes
yEtfjJOMMCs$_$3,True,10,10,10,False,unverified: separate modality axes
yEtfjJOMMCs$_$4,True,22,22,22,False,unverified: separate modality axes
yEtfjJOMMCs$_$7,True,7,7,6,False,unverified: separate modality axes
yEtfjJOMMCs$_$11,True,39,39,39,False,unverified: separate modality axes
yEtfjJOMMCs$_$15,True,48,48,48,True,unverified: separate modality axes
yEtfjJOMMCs$_$14,True,21,21,21,False,unverified: separate modality axes
yHtR71rx16I$_$3,True,20,20,20,False,unverified: separate modality axes
yKdIZR5xfcc$_$11,True,29,29,29,False,unverified: separate modality axes
yKdIZR5xfcc$_$12,True,34,34,34,False,unverified: separate modality axes
yKdIZR5xfcc$_$4,True,19,19,19,False,unverified: separate modality axes
yKdIZR5xfcc$_$7,True,7,7,7,False,unverified: separate modality axes
yKdIZR5xfcc$_$9,True,20,20,20,False,unverified: separate modality axes
yKdIZR5xfcc$_$8,True,35,35,35,False,unverified: separate modality axes
yOQHOiswVjc$_$13,True,33,33,33,False,unverified: separate modality axes
yOQHOiswVjc$_$15,True,48,48,48,True,unverified: separate modality axes
yOQHOiswVjc$_$1,True,38,38,38,False,unverified: separate modality axes
ySfHPyaDbqY$_$7,True,31,31,31,False,unverified: separate modality axes
ygb8Cfxghbs$_$15,True,38,38,38,False,unverified: separate modality axes
ygb8Cfxghbs$_$14,True,18,18,18,False,unverified: separate modality axes
ygb8Cfxghbs$_$0,True,30,30,30,False,unverified: separate modality axes
ygb8Cfxghbs$_$7,True,34,34,34,False,unverified: separate modality axes
ymPQOY2O_nw$_$0,True,45,45,45,False,unverified: separate modality axes
yp6Gd2NPwOU$_$6,True,41,41,41,False,unverified: separate modality axes
yp6Gd2NPwOU$_$9,True,26,26,26,False,unverified: separate modality axes
yrIXBklJ5YQ$_$1,True,23,23,7,False,unverified: separate modality axes
yrIXBklJ5YQ$_$0,True,23,23,9,False,unverified: separate modality axes
yrIXBklJ5YQ$_$3,True,12,12,12,False,unverified: separate modality axes
yyToAEoUuek$_$3,True,17,17,17,False,unverified: separate modality axes
z6E-ocntPo4$_$2,True,5,5,5,False,unverified: separate modality axes
z6E-ocntPo4$_$4,True,20,20,20,False,unverified: separate modality axes
z6E-ocntPo4$_$9,True,10,10,10,False,unverified: separate modality axes
z6E-ocntPo4$_$8,True,6,6,6,False,unverified: separate modality axes
z7FicxE_pMU$_$18,True,21,21,21,False,unverified: separate modality axes
z7FicxE_pMU$_$7,True,48,48,48,True,unverified: separate modality axes
z8bWG2z-bMM$_$1,True,12,12,12,False,unverified: separate modality axes
z8bWG2z-bMM$_$5,True,14,14,14,False,unverified: separate modality axes
zFTuwjr3xq0$_$4,True,34,34,11,False,unverified: separate modality axes
zFuRNvfC4So$_$14,True,23,23,23,False,unverified: separate modality axes
zFuRNvfC4So$_$7,True,48,48,48,True,unverified: separate modality axes
zJWmmDk9fCE$_$0,True,29,29,29,False,unverified: separate modality axes
zJWmmDk9fCE$_$10,True,13,13,13,False,unverified: separate modality axes
zOHZDq2BvGo$_$0,True,48,48,48,True,unverified: separate modality axes
zPskvGHHQtE$_$0,True,19,19,11,False,unverified: separate modality axes
zR62DCEMWgs$_$0,True,48,48,47,True,unverified: separate modality axes
zU2_X9lIcUM$_$2,True,17,17,17,False,unverified: separate modality axes
zU2_X9lIcUM$_$5,True,37,37,37,False,unverified: separate modality axes
zU2_X9lIcUM$_$4,True,29,29,29,False,unverified: separate modality axes
zaTyjiyrHnk$_$6,True,14,14,14,False,unverified: separate modality axes
zeQKU2L173M$_$5,True,30,30,30,False,unverified: separate modality axes
zeQKU2L173M$_$9,True,48,48,48,True,unverified: separate modality axes
zg-ZIxVsBbQ$_$0,True,25,25,18,False,unverified: separate modality axes
zj4PzGtFwJM$_$1,True,26,26,26,False,unverified: separate modality axes
zqkawTdHN5s$_$1,True,25,25,25,False,unverified: separate modality axes
zrFZAofNGi4$_$10,True,20,20,20,False,unverified: separate modality axes
zwTrXwi54us$_$12,True,33,33,33,False,unverified: separate modality axes
zwTrXwi54us$_$0,True,16,16,16,False,unverified: separate modality axes
zwTrXwi54us$_$9,True,48,48,46,True,unverified: separate modality axes
-UacrmKiTn4$_$7,True,26,26,26,False,unverified: separate modality axes
-qDkUB0GgYY$_$5,True,48,48,48,True,unverified: separate modality axes
0utROiKxejc$_$1,True,16,16,16,False,unverified: separate modality axes
0utROiKxejc$_$4,True,33,33,33,False,unverified: separate modality axes
0y022OlZ3W0$_$3,True,17,17,17,False,unverified: separate modality axes
0y022OlZ3W0$_$5,True,22,22,22,False,unverified: separate modality axes
0y022OlZ3W0$_$8,True,13,13,13,False,unverified: separate modality axes
101787$_$11,True,32,32,32,False,unverified: separate modality axes
101787$_$13,True,19,19,19,False,unverified: separate modality axes
101787$_$1,True,16,16,16,False,unverified: separate modality axes
101787$_$5,True,17,17,10,False,unverified: separate modality axes
101787$_$7,True,8,8,8,False,unverified: separate modality axes
101787$_$9,True,19,19,19,False,unverified: separate modality axes
102408$_$2,True,7,7,7,False,unverified: separate modality axes
102408$_$5,True,29,29,29,False,unverified: separate modality axes
102408$_$9,True,29,29,29,False,unverified: separate modality axes
102858$_$20,True,24,24,24,False,unverified: separate modality axes
102858$_$21,True,27,27,27,False,unverified: separate modality axes
102858$_$1,True,22,22,22,False,unverified: separate modality axes
102858$_$0,True,3,3,3,False,unverified: separate modality axes
102858$_$4,True,48,48,48,True,unverified: separate modality axes
102858$_$6,True,26,26,26,False,unverified: separate modality axes
102858$_$10,True,10,10,10,False,unverified: separate modality axes
102858$_$17,True,9,9,9,False,unverified: separate modality axes
102858$_$19,True,12,12,12,False,unverified: separate modality axes
112433$_$10,True,1,1,1,False,unverified: separate modality axes
112433$_$3,True,32,32,32,False,unverified: separate modality axes
112433$_$7,True,9,9,9,False,unverified: separate modality axes
112433$_$6,True,24,24,24,False,unverified: separate modality axes
117tQqLjza4$_$6,True,15,15,15,False,unverified: separate modality axes
11j7EfglCAs$_$2,True,24,24,16,False,unverified: separate modality axes
121128$_$10,True,15,15,15,False,unverified: separate modality axes
121128$_$1,True,29,29,29,False,unverified: separate modality axes
121128$_$0,True,11,11,11,False,unverified: separate modality axes
121128$_$5,True,7,7,7,False,unverified: separate modality axes
125344$_$0,True,48,48,14,True,unverified: separate modality axes
125676$_$0,True,13,13,13,False,unverified: separate modality axes
125676$_$4,True,27,27,27,False,unverified: separate modality axes
128059$_$11,True,38,38,38,False,unverified: separate modality axes
128059$_$12,True,16,16,15,False,unverified: separate modality axes
128059$_$2,True,14,14,14,False,unverified: separate modality axes
128059$_$7,True,48,48,48,True,unverified: separate modality axes
128059$_$6,True,48,48,48,True,unverified: separate modality axes
128059$_$9,True,22,22,22,False,unverified: separate modality axes
128763$_$12,True,18,18,18,False,unverified: separate modality axes
128763$_$3,True,24,24,24,False,unverified: separate modality axes
128763$_$2,True,12,12,12,False,unverified: separate modality axes
128763$_$5,True,10,10,10,False,unverified: separate modality axes
128763$_$7,True,16,16,16,False,unverified: separate modality axes
128763$_$8,True,8,8,8,False,unverified: separate modality axes
130456$_$11,True,34,34,34,False,unverified: separate modality axes
130456$_$3,True,19,19,14,False,unverified: separate modality axes
130456$_$5,True,11,11,11,False,unverified: separate modality axes
130456$_$4,True,23,23,23,False,unverified: separate modality axes
130456$_$7,True,8,8,8,False,unverified: separate modality axes
130456$_$6,True,33,33,33,False,unverified: separate modality axes
188343$_$13,True,42,42,42,False,unverified: separate modality axes
188343$_$12,True,30,30,30,False,unverified: separate modality axes
188343$_$5,True,20,20,20,False,unverified: separate modality axes
188343$_$9,True,30,30,30,False,unverified: separate modality axes
188343$_$8,True,21,21,21,False,unverified: separate modality axes
1HK7Nea0PFo$_$1,True,17,17,17,False,unverified: separate modality axes
216097$_$1,True,13,13,4,False,unverified: separate modality axes
216097$_$2,True,24,24,22,False,unverified: separate modality axes
216097$_$5,True,32,32,27,False,unverified: separate modality axes
216097$_$4,True,46,46,42,False,unverified: separate modality axes
216097$_$7,True,48,48,44,True,unverified: separate modality axes
216097$_$8,True,12,12,1,False,unverified: separate modality axes
223431$_$11,True,27,27,27,False,unverified: separate modality axes
223431$_$10,True,13,13,13,False,unverified: separate modality axes
223431$_$13,True,24,24,24,False,unverified: separate modality axes
223431$_$0,True,2,2,2,False,unverified: separate modality axes
223431$_$5,True,17,17,17,False,unverified: separate modality axes
225770$_$3,True,48,48,48,True,unverified: separate modality axes
225770$_$5,True,6,6,6,False,unverified: separate modality axes
225770$_$4,True,32,32,32,False,unverified: separate modality axes
225770$_$6,True,33,33,33,False,unverified: separate modality axes
236021$_$12,True,12,12,12,False,unverified: separate modality axes
236021$_$1,True,27,27,27,False,unverified: separate modality axes
236021$_$3,True,7,7,7,False,unverified: separate modality axes
236021$_$2,True,48,48,48,True,unverified: separate modality axes
236021$_$5,True,15,15,15,False,unverified: separate modality axes
236021$_$4,True,48,48,48,True,unverified: separate modality axes
237009$_$11,True,9,9,9,False,unverified: separate modality axes
237009$_$12,True,45,45,45,False,unverified: separate modality axes
237009$_$4,True,19,19,8,False,unverified: separate modality axes
237009$_$7,True,8,8,8,False,unverified: separate modality axes
237009$_$9,True,12,12,12,False,unverified: separate modality axes
241629$_$10,True,18,18,9,False,unverified: separate modality axes
241629$_$0,True,13,13,13,False,unverified: separate modality axes
241629$_$3,True,28,28,28,False,unverified: separate modality axes
241629$_$5,True,27,27,27,False,unverified: separate modality axes
241629$_$8,True,48,48,48,True,unverified: separate modality axes
243646$_$11,True,19,19,19,False,unverified: separate modality axes
243646$_$12,True,48,48,48,True,unverified: separate modality axes
243646$_$9,True,1,1,1,False,unverified: separate modality axes
243646$_$8,True,12,12,12,False,unverified: separate modality axes
247318$_$12,True,13,13,13,False,unverified: separate modality axes
247318$_$1,True,16,16,16,False,unverified: separate modality axes
247318$_$3,True,5,5,5,False,unverified: separate modality axes
247318$_$2,True,17,17,17,False,unverified: separate modality axes
247318$_$5,True,19,19,19,False,unverified: separate modality axes
247318$_$7,True,6,6,6,False,unverified: separate modality axes
247318$_$6,True,5,5,5,False,unverified: separate modality axes
252998$_$1,True,18,18,18,False,unverified: separate modality axes
252998$_$0,True,14,14,14,False,unverified: separate modality axes
252998$_$5,True,41,41,41,False,unverified: separate modality axes
252998$_$4,True,48,48,48,True,unverified: separate modality axes
252998$_$7,True,37,37,35,False,unverified: separate modality axes
252998$_$8,True,11,11,11,False,unverified: separate modality axes
257247$_$10,True,8,8,8,False,unverified: separate modality axes
257247$_$12,True,19,19,19,False,unverified: separate modality axes
257247$_$2,True,18,18,18,False,unverified: separate modality axes
258654$_$1,True,48,48,48,True,unverified: separate modality axes
258654$_$3,True,48,48,48,True,unverified: separate modality axes
258654$_$4,True,15,15,15,False,unverified: separate modality axes
266791$_$24,True,16,16,16,False,unverified: separate modality axes
266791$_$20,True,36,36,36,False,unverified: separate modality axes
266791$_$21,True,48,48,48,True,unverified: separate modality axes
266791$_$23,True,34,34,34,False,unverified: separate modality axes
266791$_$29,True,3,3,3,False,unverified: separate modality axes
266791$_$3,True,19,19,19,False,unverified: separate modality axes
266791$_$5,True,32,32,32,False,unverified: separate modality axes
266791$_$4,True,13,13,13,False,unverified: separate modality axes
266791$_$6,True,36,36,36,False,unverified: separate modality axes
266791$_$8,True,11,11,11,False,unverified: separate modality axes
266791$_$11,True,11,11,11,False,unverified: separate modality axes
266791$_$14,True,26,26,26,False,unverified: separate modality axes
270254$_$23,True,17,17,17,False,unverified: separate modality axes
270254$_$0,True,18,18,18,False,unverified: separate modality axes
270254$_$6,True,32,32,29,False,unverified: separate modality axes
270254$_$8,True,24,24,24,False,unverified: separate modality axes
270254$_$11,True,6,6,6,False,unverified: separate modality axes
270254$_$14,True,10,10,10,False,unverified: separate modality axes
270254$_$16,True,15,15,15,False,unverified: separate modality axes
272624$_$10,True,48,48,48,True,unverified: separate modality axes
272624$_$13,True,37,37,37,False,unverified: separate modality axes
272624$_$12,True,22,22,22,False,unverified: separate modality axes
272624$_$16,True,48,48,48,True,unverified: separate modality axes
272624$_$18,True,36,36,36,False,unverified: separate modality axes
272624$_$2,True,46,46,46,False,unverified: separate modality axes
272624$_$6,True,35,35,35,False,unverified: separate modality axes
272624$_$9,True,47,47,47,False,unverified: separate modality axes
272624$_$8,True,43,43,43,False,unverified: separate modality axes
273539$_$3,True,30,30,30,False,unverified: separate modality axes
273539$_$2,True,3,3,3,False,unverified: separate modality axes
273539$_$9,True,46,46,46,False,unverified: separate modality axes
290546$_$3,True,23,23,23,False,unverified: separate modality axes
290546$_$5,True,33,33,33,False,unverified: separate modality axes
290546$_$7,True,48,48,48,True,unverified: separate modality axes
290546$_$6,True,8,8,8,False,unverified: separate modality axes
2S00zYaVrtc$_$10,True,18,18,18,False,unverified: separate modality axes
2S00zYaVrtc$_$12,True,17,17,17,False,unverified: separate modality axes
2S00zYaVrtc$_$20,True,16,16,16,False,unverified: separate modality axes
2S00zYaVrtc$_$17,True,18,18,18,False,unverified: separate modality axes
2S00zYaVrtc$_$5,True,25,25,25,False,unverified: separate modality axes
2S00zYaVrtc$_$4,True,20,20,20,False,unverified: separate modality axes
2Xt31_d0XEE$_$2,True,24,24,24,False,unverified: separate modality axes
31474$_$11,True,7,7,7,False,unverified: separate modality axes
31474$_$14,True,16,16,16,False,unverified: separate modality axes
31474$_$0,True,23,23,23,False,unverified: separate modality axes
31474$_$3,True,25,25,25,False,unverified: separate modality axes
31474$_$6,True,16,16,16,False,unverified: separate modality axes
31474$_$9,True,8,8,8,False,unverified: separate modality axes
31474$_$8,True,8,8,8,False,unverified: separate modality axes
32681$_$1,True,21,21,21,False,unverified: separate modality axes
32681$_$3,True,39,39,39,False,unverified: separate modality axes
32681$_$5,True,39,39,39,False,unverified: separate modality axes
32681$_$6,True,28,28,28,False,unverified: separate modality axes
33170$_$1,True,48,48,48,True,unverified: separate modality axes
33170$_$3,True,34,34,34,False,unverified: separate modality axes
33170$_$4,True,33,33,33,False,unverified: separate modality axes
3MFNIag0wNE$_$12,True,48,48,48,True,unverified: separate modality axes
3MFNIag0wNE$_$14,True,33,33,33,False,unverified: separate modality axes
3MFNIag0wNE$_$16,True,22,22,22,False,unverified: separate modality axes
3MFNIag0wNE$_$7,True,19,19,19,False,unverified: separate modality axes
3V2qm0rw920$_$11,True,20,20,20,False,unverified: separate modality axes
3V2qm0rw920$_$13,True,29,29,29,False,unverified: separate modality axes
3V2qm0rw920$_$3,True,15,15,15,False,unverified: separate modality axes
3j94B0pzSVs$_$12,True,12,12,12,False,unverified: separate modality axes
3j94B0pzSVs$_$17,True,22,22,22,False,unverified: separate modality axes
3j94B0pzSVs$_$1,True,34,34,34,False,unverified: separate modality axes
3j94B0pzSVs$_$0,True,30,30,30,False,unverified: separate modality axes
4cFeG2ydm9A$_$8,True,16,16,16,False,unverified: separate modality axes
4dV3slGSc60$_$10,True,22,22,22,False,unverified: separate modality axes
4dV3slGSc60$_$12,True,20,20,20,False,unverified: separate modality axes
4dV3slGSc60$_$22,True,48,48,1,True,unverified: separate modality axes
4dV3slGSc60$_$9,True,20,20,20,False,unverified: separate modality axes
4dV3slGSc60$_$8,True,24,24,24,False,unverified: separate modality axes
50103$_$3,True,45,45,45,False,unverified: separate modality axes
5B0PQx3Ep3k$_$5,True,28,28,28,False,unverified: separate modality axes
5O1W39o56gg$_$1,True,14,14,14,False,unverified: separate modality axes
5O1W39o56gg$_$2,True,16,16,16,False,unverified: separate modality axes
5O1W39o56gg$_$9,True,15,15,15,False,unverified: separate modality axes
5i6AgQSjXO4$_$3,True,19,19,14,False,unverified: separate modality axes
5i6AgQSjXO4$_$2,True,28,28,28,False,unverified: separate modality axes
5i6AgQSjXO4$_$6,True,9,9,9,False,unverified: separate modality axes
5kaCGzjYukM$_$0,True,34,34,34,False,unverified: separate modality axes
5kaCGzjYukM$_$3,True,27,27,27,False,unverified: separate modality axes
5kaCGzjYukM$_$2,True,36,36,36,False,unverified: separate modality axes
5kaCGzjYukM$_$5,True,32,32,32,False,unverified: separate modality axes
5kaCGzjYukM$_$7,True,48,48,48,True,unverified: separate modality axes
6KvG5VbLalY$_$9,True,37,37,37,False,unverified: separate modality axes
6ZA8I83x-oY$_$0,True,23,23,23,False,unverified: separate modality axes
6ZA8I83x-oY$_$2,True,48,48,48,True,unverified: separate modality axes
6hFiTU77Sm0$_$1,True,14,14,14,False,unverified: separate modality axes
6hFiTU77Sm0$_$2,True,16,16,16,False,unverified: separate modality axes
6uPGcKTpC4I$_$1,True,27,27,27,False,unverified: separate modality axes
6uPGcKTpC4I$_$2,True,31,31,31,False,unverified: separate modality axes
6uPGcKTpC4I$_$6,True,16,16,16,False,unverified: separate modality axes
70280$_$11,True,23,23,23,False,unverified: separate modality axes
70280$_$3,True,25,25,25,False,unverified: separate modality axes
70280$_$4,True,23,23,23,False,unverified: separate modality axes
70280$_$6,True,26,26,26,False,unverified: separate modality axes
75RGHaxmUK8$_$3,True,19,19,19,False,unverified: separate modality axes
75RGHaxmUK8$_$5,True,13,13,13,False,unverified: separate modality axes
7_K3F-lAv1k$_$2,True,43,43,43,False,unverified: separate modality axes
7r4vRxKLFCA$_$6,True,37,37,37,False,unverified: separate modality axes
80566$_$1,True,13,13,11,False,unverified: separate modality axes
80566$_$0,True,12,12,12,False,unverified: separate modality axes
80566$_$3,True,17,17,17,False,unverified: separate modality axes
80566$_$2,True,14,14,14,False,unverified: separate modality axes
80566$_$4,True,7,7,7,False,unverified: separate modality axes
80566$_$6,True,17,17,17,False,unverified: separate modality axes
80855$_$11,True,15,15,15,False,unverified: separate modality axes
80855$_$10,True,17,17,17,False,unverified: separate modality axes
80855$_$12,True,21,21,21,False,unverified: separate modality axes
80855$_$15,True,19,19,0,False,unverified: separate modality axes
80855$_$17,True,30,30,16,False,unverified: separate modality axes
80855$_$0,True,1,1,1,False,unverified: separate modality axes
80855$_$3,True,3,3,3,False,unverified: separate modality axes
80855$_$2,True,5,5,5,False,unverified: separate modality axes
80855$_$7,True,7,7,7,False,unverified: separate modality axes
80855$_$20,True,16,16,16,False,unverified: separate modality axes
830KzUc6CbU$_$0,True,18,18,18,False,unverified: separate modality axes
830KzUc6CbU$_$13,True,47,47,41,False,unverified: separate modality axes
84140$_$0,True,22,22,22,False,unverified: separate modality axes
84140$_$5,True,48,48,48,True,unverified: separate modality axes
89835$_$1,True,18,18,18,False,unverified: separate modality axes
89835$_$0,True,13,13,13,False,unverified: separate modality axes
89835$_$4,True,48,48,48,True,unverified: separate modality axes
89835$_$7,True,41,41,41,False,unverified: separate modality axes
8eaYvALnJ0o$_$1,True,24,24,24,False,unverified: separate modality axes
8eaYvALnJ0o$_$0,True,14,14,14,False,unverified: separate modality axes
8x_nCOh6Wmc$_$6,True,47,47,47,False,unverified: separate modality axes
96642$_$1,True,25,25,25,False,unverified: separate modality axes
96642$_$3,True,17,17,3,False,unverified: separate modality axes
96642$_$2,True,18,18,18,False,unverified: separate modality axes
96642$_$4,True,35,35,34,False,unverified: separate modality axes
99501$_$10,True,21,21,21,False,unverified: separate modality axes
99501$_$13,True,38,38,38,False,unverified: separate modality axes
99501$_$1,True,18,18,18,False,unverified: separate modality axes
99501$_$0,True,1,1,1,False,unverified: separate modality axes
99501$_$5,True,39,39,39,False,unverified: separate modality axes
99501$_$7,True,18,18,18,False,unverified: separate modality axes
9QI-9w_VdB4$_$0,True,24,24,24,False,unverified: separate modality axes
AG5EY8ZaFj4$_$3,True,17,17,17,False,unverified: separate modality axes
AG5EY8ZaFj4$_$15,True,26,26,26,False,unverified: separate modality axes
Arh2TKRi_mg$_$15,True,23,23,23,False,unverified: separate modality axes
Arh2TKRi_mg$_$14,True,22,22,22,False,unverified: separate modality axes
Arh2TKRi_mg$_$16,True,32,32,32,False,unverified: separate modality axes
Arh2TKRi_mg$_$19,True,21,21,21,False,unverified: separate modality axes
Arh2TKRi_mg$_$32,True,28,28,28,False,unverified: separate modality axes
Arh2TKRi_mg$_$28,True,16,16,16,False,unverified: separate modality axes
Arh2TKRi_mg$_$3,True,32,32,32,False,unverified: separate modality axes
AxNy9TeTLq8$_$0,True,38,38,38,False,unverified: separate modality axes
BSKAHXFYF_I$_$1,True,13,13,13,False,unverified: separate modality axes
BSKAHXFYF_I$_$3,True,32,32,2,False,unverified: separate modality axes
BSKAHXFYF_I$_$7,True,14,14,3,False,unverified: separate modality axes
BSKAHXFYF_I$_$8,True,16,16,16,False,unverified: separate modality axes
Baz0VVQ-E9E$_$10,True,9,9,9,False,unverified: separate modality axes
Baz0VVQ-E9E$_$1,True,12,12,12,False,unverified: separate modality axes
Baz0VVQ-E9E$_$5,True,7,7,7,False,unverified: separate modality axes
Baz0VVQ-E9E$_$7,True,18,18,18,False,unverified: separate modality axes
CJGuudyvA0Y$_$4,True,39,39,22,False,unverified: separate modality axes
CPjbogfLHR4$_$2,True,16,16,16,False,unverified: separate modality axes
CPjbogfLHR4$_$5,True,29,29,29,False,unverified: separate modality axes
DdUJojoFU_c$_$11,True,24,24,24,False,unverified: separate modality axes
DdUJojoFU_c$_$15,True,16,16,16,False,unverified: separate modality axes
DdUJojoFU_c$_$14,True,23,23,23,False,unverified: separate modality axes
DdUJojoFU_c$_$17,True,20,20,14,False,unverified: separate modality axes
DdUJojoFU_c$_$16,True,39,39,39,False,unverified: separate modality axes
DdUJojoFU_c$_$2,True,44,44,44,False,unverified: separate modality axes
DdUJojoFU_c$_$6,True,32,32,32,False,unverified: separate modality axes
DdUJojoFU_c$_$8,True,28,28,28,False,unverified: separate modality axes
DlbYiwOnTyk$_$1,True,20,20,20,False,unverified: separate modality axes
E8MuzHUhUHk$_$15,True,16,16,16,False,unverified: separate modality axes
E8MuzHUhUHk$_$14,True,18,18,18,False,unverified: separate modality axes
E8MuzHUhUHk$_$16,True,30,30,30,False,unverified: separate modality axes
E8MuzHUhUHk$_$2,True,26,26,26,False,unverified: separate modality axes
E8MuzHUhUHk$_$9,True,25,25,25,False,unverified: separate modality axes
EEjCkc82oyk$_$7,True,22,22,22,False,unverified: separate modality axes
EEjCkc82oyk$_$9,True,21,21,15,False,unverified: separate modality axes
EQxkXiWAm08$_$8,True,13,13,13,False,unverified: separate modality axes
ET1cU5_A2YM$_$1,True,24,24,24,False,unverified: separate modality axes
ET1cU5_A2YM$_$3,True,13,13,13,False,unverified: separate modality axes
ET1cU5_A2YM$_$6,True,20,20,20,False,unverified: separate modality axes
EmmuWoCUgXs$_$22,True,15,15,15,False,unverified: separate modality axes
EmmuWoCUgXs$_$7,True,34,34,34,False,unverified: separate modality axes
Es9MkKsMsjU$_$10,True,19,19,19,False,unverified: separate modality axes
Es9MkKsMsjU$_$12,True,36,36,36,False,unverified: separate modality axes
Es9MkKsMsjU$_$2,True,43,43,43,False,unverified: separate modality axes
Es9MkKsMsjU$_$7,True,36,36,36,False,unverified: separate modality axes
Ezn3p5FWF_U$_$4,True,45,45,35,False,unverified: separate modality axes
F1U26PLiXjM$_$1,True,21,21,21,False,unverified: separate modality axes
F6JV-K840EY$_$2,True,20,20,20,False,unverified: separate modality axes
FB_b1dm0SRY$_$10,True,26,26,26,False,unverified: separate modality axes
FB_b1dm0SRY$_$0,True,26,26,26,False,unverified: separate modality axes
FB_b1dm0SRY$_$6,True,13,13,13,False,unverified: separate modality axes
FB_b1dm0SRY$_$9,True,28,28,28,False,unverified: separate modality axes
FB_b1dm0SRY$_$8,True,20,20,20,False,unverified: separate modality axes
FxxJB8hBpyQ$_$1,True,21,21,21,False,unverified: separate modality axes
Fy0Uid9afM8$_$0,True,18,18,18,False,unverified: separate modality axes
Fy0Uid9afM8$_$3,True,19,19,19,False,unverified: separate modality axes
Fy0Uid9afM8$_$5,True,21,21,0,False,unverified: separate modality axes
Fy0Uid9afM8$_$4,True,9,9,9,False,unverified: separate modality axes
H1DpVwktfDQ$_$0,True,13,13,0,False,unverified: separate modality axes
HGicRLwgtkM$_$1,True,35,35,3,False,unverified: separate modality axes
HGicRLwgtkM$_$3,True,26,26,26,False,unverified: separate modality axes
HGicRLwgtkM$_$2,True,23,23,23,False,unverified: separate modality axes
HGicRLwgtkM$_$6,True,21,21,5,False,unverified: separate modality axes
HmXXW45eZL4$_$1,True,46,46,46,False,unverified: separate modality axes
HmXXW45eZL4$_$4,True,18,18,18,False,unverified: separate modality axes
IM6HW1HwHhM$_$11,True,25,25,25,False,unverified: separate modality axes
IM6HW1HwHhM$_$15,True,19,19,19,False,unverified: separate modality axes
IM6HW1HwHhM$_$17,True,25,25,25,False,unverified: separate modality axes
IUmxJNs2zaY$_$3,True,32,32,32,False,unverified: separate modality axes
IUmxJNs2zaY$_$2,True,19,19,19,False,unverified: separate modality axes
JAnRCQ9A0vI$_$1,True,48,48,4,True,unverified: separate modality axes
JAnRCQ9A0vI$_$0,True,10,10,10,False,unverified: separate modality axes
JAnRCQ9A0vI$_$3,True,45,45,45,False,unverified: separate modality axes
JAnRCQ9A0vI$_$2,True,48,48,48,True,unverified: separate modality axes
JAnRCQ9A0vI$_$5,True,25,25,0,False,unverified: separate modality axes
JAnRCQ9A0vI$_$4,True,14,14,14,False,unverified: separate modality axes
JAnRCQ9A0vI$_$8,True,48,48,48,True,unverified: separate modality axes
JOK1SSmPtFw$_$10,True,17,17,17,False,unverified: separate modality axes
JOK1SSmPtFw$_$13,True,18,18,18,False,unverified: separate modality axes
JOK1SSmPtFw$_$14,True,15,15,15,False,unverified: separate modality axes
JOK1SSmPtFw$_$16,True,15,15,15,False,unverified: separate modality axes
JOK1SSmPtFw$_$0,True,48,48,48,True,unverified: separate modality axes
JOK1SSmPtFw$_$5,True,26,26,26,False,unverified: separate modality axes
JOK1SSmPtFw$_$4,True,12,12,12,False,unverified: separate modality axes
JOK1SSmPtFw$_$8,True,14,14,14,False,unverified: separate modality axes
JPT38CA3sGI$_$1,True,18,18,18,False,unverified: separate modality axes
JPT38CA3sGI$_$0,True,16,16,16,False,unverified: separate modality axes
JPT38CA3sGI$_$5,True,16,16,8,False,unverified: separate modality axes
JVpF99zuQhA$_$0,True,22,22,22,False,unverified: separate modality axes
JVpF99zuQhA$_$2,True,27,27,27,False,unverified: separate modality axes
JVpF99zuQhA$_$4,True,15,15,15,False,unverified: separate modality axes
K0m1tO3Ybyc$_$15,True,14,14,14,False,unverified: separate modality axes
K0m1tO3Ybyc$_$8,True,32,32,32,False,unverified: separate modality axes
K8gp7ncdUl8$_$5,True,35,35,35,False,unverified: separate modality axes
KDjl2exStlI$_$10,True,15,15,15,False,unverified: separate modality axes
KDjl2exStlI$_$13,True,14,14,14,False,unverified: separate modality axes
KDjl2exStlI$_$5,True,16,16,16,False,unverified: separate modality axes
KDjl2exStlI$_$4,True,23,23,23,False,unverified: separate modality axes
KkKWFZZmmCM$_$1,True,28,28,28,False,unverified: separate modality axes
KpMCvUyQCXg$_$1,True,24,24,24,False,unverified: separate modality axes
KpMCvUyQCXg$_$3,True,13,13,13,False,unverified: separate modality axes
KpMCvUyQCXg$_$5,True,20,20,20,False,unverified: separate modality axes
L1eFHRQGFeg$_$2,True,42,42,42,False,unverified: separate modality axes
MCsvw5-7lVE$_$1,True,38,38,38,False,unverified: separate modality axes
MCsvw5-7lVE$_$2,True,23,23,23,False,unverified: separate modality axes
MCsvw5-7lVE$_$4,True,14,14,14,False,unverified: separate modality axes
MMpo2bDk-DU$_$10,True,18,18,18,False,unverified: separate modality axes
MMpo2bDk-DU$_$17,True,32,32,32,False,unverified: separate modality axes
MMpo2bDk-DU$_$16,True,20,20,20,False,unverified: separate modality axes
MMpo2bDk-DU$_$19,True,25,25,14,False,unverified: separate modality axes
MjaaudUc5-4$_$1,True,17,17,17,False,unverified: separate modality axes
MjaaudUc5-4$_$0,True,6,6,6,False,unverified: separate modality axes
MjaaudUc5-4$_$3,True,16,16,16,False,unverified: separate modality axes
MjaaudUc5-4$_$6,True,10,10,10,False,unverified: separate modality axes
MoQmPA7Q07Q$_$1,True,26,26,26,False,unverified: separate modality axes
MoQmPA7Q07Q$_$2,True,30,30,30,False,unverified: separate modality axes
N1X63d_jgmw$_$5,True,44,44,44,False,unverified: separate modality axes
N5xfBtD6rLY$_$7,True,9,9,0,False,unverified: separate modality axes
NoZsdSGnNpI$_$7,True,38,38,38,False,unverified: separate modality axes
Nrurc5sMUOE$_$5,True,47,47,47,False,unverified: separate modality axes
Nrurc5sMUOE$_$7,True,15,15,15,False,unverified: separate modality axes
Nrurc5sMUOE$_$8,True,37,37,37,False,unverified: separate modality axes
NzvNW7vP-Co$_$5,True,47,47,47,False,unverified: separate modality axes
NzvNW7vP-Co$_$4,True,16,16,16,False,unverified: separate modality axes
NzvNW7vP-Co$_$7,True,38,38,38,False,unverified: separate modality axes
OLP0nCKwU6k$_$6,True,47,47,47,False,unverified: separate modality axes
OrYBtyO0aPI$_$1,True,17,17,5,False,unverified: separate modality axes
OrYBtyO0aPI$_$4,True,6,6,6,False,unverified: separate modality axes
PboaYD5hlG8$_$10,True,18,18,18,False,unverified: separate modality axes
PboaYD5hlG8$_$3,True,17,17,17,False,unverified: separate modality axes
PboaYD5hlG8$_$2,True,16,16,16,False,unverified: separate modality axes
PboaYD5hlG8$_$7,True,35,35,35,False,unverified: separate modality axes
PboaYD5hlG8$_$9,True,32,32,32,False,unverified: separate modality axes
PboaYD5hlG8$_$8,True,33,33,33,False,unverified: separate modality axes
Pt-D0LUHDSc$_$2,True,25,25,12,False,unverified: separate modality axes
PwapK9d8IGk$_$4,True,45,45,45,False,unverified: separate modality axes
PyQrAYl1bFs$_$0,True,9,9,9,False,unverified: separate modality axes
PyQrAYl1bFs$_$3,True,14,14,14,False,unverified: separate modality axes
PyQrAYl1bFs$_$4,True,19,19,19,False,unverified: separate modality axes
Q4WzApjaCNI$_$0,True,13,13,0,False,unverified: separate modality axes
Q7S0tX4FUNA$_$4,True,18,18,18,False,unverified: separate modality axes
Q7S0tX4FUNA$_$7,True,10,10,0,False,unverified: separate modality axes
Q7S0tX4FUNA$_$8,True,15,15,15,False,unverified: separate modality axes
Qa6Yz62V-Yc$_$0,True,32,32,32,False,unverified: separate modality axes
QjcQx8_PQfw$_$10,True,24,24,24,False,unverified: separate modality axes
QjcQx8_PQfw$_$7,True,22,22,22,False,unverified: separate modality axes
QpchvHpGFc8$_$3,True,23,23,23,False,unverified: separate modality axes
RArhIHk4Qs4$_$13,True,12,12,12,False,unverified: separate modality axes
RArhIHk4Qs4$_$17,True,6,6,6,False,unverified: separate modality axes
RArhIHk4Qs4$_$16,True,20,20,20,False,unverified: separate modality axes
RArhIHk4Qs4$_$19,True,10,10,10,False,unverified: separate modality axes
RArhIHk4Qs4$_$1,True,36,36,36,False,unverified: separate modality axes
RArhIHk4Qs4$_$2,True,30,30,30,False,unverified: separate modality axes
RArhIHk4Qs4$_$7,True,14,14,14,False,unverified: separate modality axes
RArhIHk4Qs4$_$6,True,26,26,26,False,unverified: separate modality axes
RArhIHk4Qs4$_$8,True,8,8,8,False,unverified: separate modality axes
RArhIHk4Qs4$_$21,True,7,7,4,False,unverified: separate modality axes
ROcTx5VEn7o$_$11,True,35,35,35,False,unverified: separate modality axes
ROcTx5VEn7o$_$1,True,12,12,12,False,unverified: separate modality axes
ROcTx5VEn7o$_$5,True,24,24,24,False,unverified: separate modality axes
ROcTx5VEn7o$_$9,True,15,15,15,False,unverified: separate modality axes
RrGpzInAwCg$_$0,True,17,17,17,False,unverified: separate modality axes
RzOFxDk26p0$_$1,True,46,46,46,False,unverified: separate modality axes
RzOFxDk26p0$_$0,True,24,24,24,False,unverified: separate modality axes
SHa756SwGJQ$_$0,True,16,16,1,False,unverified: separate modality axes
SHa756SwGJQ$_$2,True,30,30,30,False,unverified: separate modality axes
SHa756SwGJQ$_$4,True,15,15,15,False,unverified: separate modality axes
SHa756SwGJQ$_$7,True,16,16,16,False,unverified: separate modality axes
SHa756SwGJQ$_$6,True,13,13,13,False,unverified: separate modality axes
TH32jop4FiI$_$15,True,22,22,22,False,unverified: separate modality axes
TH32jop4FiI$_$17,True,29,29,29,False,unverified: separate modality axes
TWszOxkOV0w$_$1,True,38,38,38,False,unverified: separate modality axes
TXCXFYIc3Yo$_$16,True,26,26,26,False,unverified: separate modality axes
TXCXFYIc3Yo$_$2,True,20,20,20,False,unverified: separate modality axes
TXCXFYIc3Yo$_$7,True,41,41,41,False,unverified: separate modality axes
TXCXFYIc3Yo$_$6,True,21,21,21,False,unverified: separate modality axes
TYJzg5IJN8o$_$11,True,48,48,48,True,unverified: separate modality axes
TYJzg5IJN8o$_$10,True,28,28,28,False,unverified: separate modality axes
TYJzg5IJN8o$_$14,True,29,29,29,False,unverified: separate modality axes
TYJzg5IJN8o$_$0,True,30,30,30,False,unverified: separate modality axes
TYJzg5IJN8o$_$4,True,33,33,33,False,unverified: separate modality axes
TYJzg5IJN8o$_$7,True,24,24,24,False,unverified: separate modality axes
Uc_6d-fkZEc$_$3,True,15,15,15,False,unverified: separate modality axes
UlTJmndbGHM$_$1,True,16,16,13,False,unverified: separate modality axes
UlTJmndbGHM$_$4,True,19,19,0,False,unverified: separate modality axes
VbV9S4svrTg$_$13,True,8,8,8,False,unverified: separate modality axes
VbV9S4svrTg$_$3,True,15,15,15,False,unverified: separate modality axes
VbV9S4svrTg$_$7,True,8,8,8,False,unverified: separate modality axes
VbV9S4svrTg$_$8,True,13,13,13,False,unverified: separate modality axes
VinxKpWioTo$_$1,True,48,48,48,True,unverified: separate modality axes
VinxKpWioTo$_$0,True,10,10,10,False,unverified: separate modality axes
VinxKpWioTo$_$3,True,28,28,28,False,unverified: separate modality axes
VinxKpWioTo$_$5,True,20,20,20,False,unverified: separate modality axes
ViyQVpGW05w$_$1,True,17,17,17,False,unverified: separate modality axes
ViyQVpGW05w$_$4,True,13,13,13,False,unverified: separate modality axes
ViyQVpGW05w$_$6,True,25,25,25,False,unverified: separate modality axes
Vuay0mVKkik$_$3,True,26,26,26,False,unverified: separate modality axes
WmQF5RmbsVQ$_$6,True,48,48,48,True,unverified: separate modality axes
Wrcf2xtqbkQ$_$9,True,28,28,28,False,unverified: separate modality axes
Wrcf2xtqbkQ$_$8,True,18,18,18,False,unverified: separate modality axes
WxajvjGKz7Y$_$0,True,11,11,11,False,unverified: separate modality axes
WxajvjGKz7Y$_$3,True,22,22,22,False,unverified: separate modality axes
WxajvjGKz7Y$_$6,True,32,32,32,False,unverified: separate modality axes
XIGpuL-Kkyk$_$12,True,28,28,11,False,unverified: separate modality axes
XIGpuL-Kkyk$_$0,True,13,13,0,False,unverified: separate modality axes
XIGpuL-Kkyk$_$4,True,21,21,21,False,unverified: separate modality axes
XIGpuL-Kkyk$_$7,True,7,7,0,False,unverified: separate modality axes
XaVYxIW0FDg$_$2,True,34,34,34,False,unverified: separate modality axes
XyP8bVmGX6M$_$4,True,18,18,18,False,unverified: separate modality axes
XzVapdEr_GY$_$3,True,33,33,33,False,unverified: separate modality axes
XzVapdEr_GY$_$4,True,37,37,37,False,unverified: separate modality axes
Y7h-S3cJ52o$_$0,True,11,11,11,False,unverified: separate modality axes
Y7qkyMyanjU$_$2,True,11,11,0,False,unverified: separate modality axes
Y7qkyMyanjU$_$4,True,13,13,0,False,unverified: separate modality axes
YbuG8xyUO-o$_$3,True,13,13,13,False,unverified: separate modality axes
YbuG8xyUO-o$_$2,True,15,15,15,False,unverified: separate modality axes
Z7L3V5bwzI0$_$2,True,27,27,27,False,unverified: separate modality axes
ZaoFHcbRM9g$_$3,True,29,29,29,False,unverified: separate modality axes
ZaoFHcbRM9g$_$2,True,9,9,9,False,unverified: separate modality axes
ZaoFHcbRM9g$_$5,True,14,14,14,False,unverified: separate modality axes
ZaoFHcbRM9g$_$9,True,6,6,6,False,unverified: separate modality axes
ZaoFHcbRM9g$_$8,True,8,8,8,False,unverified: separate modality axes
Zvisaa77Cng$_$1,True,18,18,18,False,unverified: separate modality axes
Zvisaa77Cng$_$5,True,16,16,16,False,unverified: separate modality axes
_7HVhnSYX1Y$_$26,True,16,16,16,False,unverified: separate modality axes
_7HVhnSYX1Y$_$12,True,19,19,19,False,unverified: separate modality axes
_7HVhnSYX1Y$_$14,True,10,10,10,False,unverified: separate modality axes
_7HVhnSYX1Y$_$19,True,13,13,13,False,unverified: separate modality axes
_7HVhnSYX1Y$_$31,True,13,13,13,False,unverified: separate modality axes
_7HVhnSYX1Y$_$3,True,23,23,23,False,unverified: separate modality axes
_BvNNdEkhZA$_$14,True,15,15,15,False,unverified: separate modality axes
_BvNNdEkhZA$_$19,True,32,32,32,False,unverified: separate modality axes
_BvNNdEkhZA$_$7,True,23,23,23,False,unverified: separate modality axes
_BvNNdEkhZA$_$6,True,28,28,28,False,unverified: separate modality axes
_BvNNdEkhZA$_$9,True,16,16,16,False,unverified: separate modality axes
_aZDaIfGfPo$_$1,True,45,45,45,False,unverified: separate modality axes
_aZDaIfGfPo$_$0,True,21,21,21,False,unverified: separate modality axes
_gr7o5ynhnw$_$13,True,34,34,34,False,unverified: separate modality axes
_gr7o5ynhnw$_$12,True,14,14,14,False,unverified: separate modality axes
_gr7o5ynhnw$_$15,True,48,48,48,True,unverified: separate modality axes
_gzYkdjNvPc$_$12,True,9,9,9,False,unverified: separate modality axes
_gzYkdjNvPc$_$17,True,17,17,17,False,unverified: separate modality axes
_gzYkdjNvPc$_$1,True,26,26,26,False,unverified: separate modality axes
_gzYkdjNvPc$_$3,True,16,16,16,False,unverified: separate modality axes
_gzYkdjNvPc$_$2,True,6,6,6,False,unverified: separate modality axes
_gzYkdjNvPc$_$5,True,16,16,16,False,unverified: separate modality axes
_gzYkdjNvPc$_$4,True,22,22,22,False,unverified: separate modality axes
_gzYkdjNvPc$_$6,True,18,18,18,False,unverified: separate modality axes
_gzYkdjNvPc$_$9,True,15,15,15,False,unverified: separate modality axes
a-WihYDk6vc$_$8,True,32,32,32,False,unverified: separate modality axes
a-WihYDk6vc$_$0,True,15,15,15,False,unverified: separate modality axes
aFhc2ddipoM$_$14,True,32,32,32,False,unverified: separate modality axes
aK5tRCXjUvU$_$0,True,16,16,16,False,unverified: separate modality axes
b-FX9NOVQOM$_$1,True,27,27,20,False,unverified: separate modality axes
b-FX9NOVQOM$_$4,True,30,30,18,False,unverified: separate modality axes
b1LEcg6z66g$_$0,True,24,24,24,False,unverified: separate modality axes
b1LEcg6z66g$_$4,True,30,30,30,False,unverified: separate modality axes
b1LEcg6z66g$_$8,True,24,24,24,False,unverified: separate modality axes
bAkUEnPoucg$_$3,True,33,33,33,False,unverified: separate modality axes
bNQkb4K5DX0$_$3,True,26,26,26,False,unverified: separate modality axes
bNQkb4K5DX0$_$7,True,21,21,21,False,unverified: separate modality axes
bWunvAd96zI$_$1,True,18,18,18,False,unverified: separate modality axes
bWunvAd96zI$_$2,True,33,33,33,False,unverified: separate modality axes
bWunvAd96zI$_$5,True,7,7,7,False,unverified: separate modality axes
bWunvAd96zI$_$4,True,17,17,17,False,unverified: separate modality axes
bj9e8w4vNxo$_$12,True,42,42,42,False,unverified: separate modality axes
bpvYdXVlgvc$_$1,True,10,10,10,False,unverified: separate modality axes
bpvYdXVlgvc$_$3,True,21,21,21,False,unverified: separate modality axes
bpvYdXVlgvc$_$4,True,14,14,14,False,unverified: separate modality axes
bpvYdXVlgvc$_$6,True,29,29,29,False,unverified: separate modality axes
c1a1y9ytHH0$_$0,True,27,27,23,False,unverified: separate modality axes
c1a1y9ytHH0$_$3,True,29,29,15,False,unverified: separate modality axes
c1a1y9ytHH0$_$7,True,22,22,18,False,unverified: separate modality axes
c5cB7AfVgcE$_$12,True,31,31,30,False,unverified: separate modality axes
c5cB7AfVgcE$_$5,True,37,37,37,False,unverified: separate modality axes
d8BR6hsvzoY$_$1,True,24,24,24,False,unverified: separate modality axes
d8BR6hsvzoY$_$0,True,7,7,7,False,unverified: separate modality axes
d8BR6hsvzoY$_$2,True,17,17,17,False,unverified: separate modality axes
d8BR6hsvzoY$_$5,True,10,10,10,False,unverified: separate modality axes
d8BR6hsvzoY$_$6,True,9,9,9,False,unverified: separate modality axes
d8BR6hsvzoY$_$9,True,17,17,17,False,unverified: separate modality axes
d8BR6hsvzoY$_$8,True,29,29,29,False,unverified: separate modality axes
dBWvtPeHpWM$_$4,True,5,5,5,False,unverified: separate modality axes
dEDbm2ubVRQ$_$0,True,12,12,12,False,unverified: separate modality axes
dEDbm2ubVRQ$_$3,True,33,33,33,False,unverified: separate modality axes
dEDbm2ubVRQ$_$8,True,16,16,16,False,unverified: separate modality axes
dt641WxonBI$_$1,True,10,10,10,False,unverified: separate modality axes
dt641WxonBI$_$3,True,24,24,24,False,unverified: separate modality axes
eOiC1kb17P4$_$0,True,48,48,48,True,unverified: separate modality axes
erNDEjQeox8$_$12,True,46,46,46,False,unverified: separate modality axes
ewBrNsyY82Q$_$4,True,32,32,32,False,unverified: separate modality axes
fWOIAxzBQFY$_$12,True,24,24,24,False,unverified: separate modality axes
fWOIAxzBQFY$_$5,True,16,16,16,False,unverified: separate modality axes
fWOIAxzBQFY$_$7,True,19,19,19,False,unverified: separate modality axes
f_ZJ7L14oYQ$_$11,True,40,40,40,False,unverified: separate modality axes
f_ZJ7L14oYQ$_$27,True,26,26,26,False,unverified: separate modality axes
f_ZJ7L14oYQ$_$21,True,22,22,22,False,unverified: separate modality axes
f_ZJ7L14oYQ$_$17,True,21,21,21,False,unverified: separate modality axes
f_ZJ7L14oYQ$_$9,True,29,29,29,False,unverified: separate modality axes
f_ZJ7L14oYQ$_$8,True,21,21,21,False,unverified: separate modality axes
ffrJ91swyq0$_$1,True,43,43,43,False,unverified: separate modality axes
g8Cl74tS3oY$_$2,True,33,33,33,False,unverified: separate modality axes
g8Cl74tS3oY$_$6,True,41,41,41,False,unverified: separate modality axes
gR4gM_WXesQ$_$10,True,24,24,24,False,unverified: separate modality axes
gR4gM_WXesQ$_$26,True,19,19,19,False,unverified: separate modality axes
gR4gM_WXesQ$_$20,True,38,38,38,False,unverified: separate modality axes
gR4gM_WXesQ$_$24,True,12,12,12,False,unverified: separate modality axes
gR4gM_WXesQ$_$18,True,31,31,31,False,unverified: separate modality axes
gR4gM_WXesQ$_$3,True,27,27,22,False,unverified: separate modality axes
gR4gM_WXesQ$_$4,True,20,20,20,False,unverified: separate modality axes
gR4gM_WXesQ$_$8,True,23,23,23,False,unverified: separate modality axes
gVqs4TzqySw$_$1,True,44,44,39,False,unverified: separate modality axes
gVqs4TzqySw$_$3,True,25,25,13,False,unverified: separate modality axes
gVqs4TzqySw$_$2,True,27,27,14,False,unverified: separate modality axes
gVqs4TzqySw$_$4,True,8,8,8,False,unverified: separate modality axes
goMtnNHQ_z4$_$1,True,16,16,16,False,unverified: separate modality axes
goMtnNHQ_z4$_$2,True,19,19,19,False,unverified: separate modality axes
goMtnNHQ_z4$_$13,True,21,21,21,False,unverified: separate modality axes
goMtnNHQ_z4$_$12,True,19,19,19,False,unverified: separate modality axes
hqzF4IDaIYE$_$0,True,25,25,25,False,unverified: separate modality axes
hqzF4IDaIYE$_$3,True,40,40,40,False,unverified: separate modality axes
hqzF4IDaIYE$_$2,True,29,29,29,False,unverified: separate modality axes
hqzF4IDaIYE$_$4,True,13,13,13,False,unverified: separate modality axes
hqzF4IDaIYE$_$6,True,9,9,9,False,unverified: separate modality axes
hvfaYsv7p8E$_$0,True,20,20,20,False,unverified: separate modality axes
iUXqlrui25c$_$10,True,32,32,32,False,unverified: separate modality axes
iUXqlrui25c$_$21,True,20,20,20,False,unverified: separate modality axes
iUXqlrui25c$_$23,True,25,25,25,False,unverified: separate modality axes
icbUzboLcDQ$_$0,True,21,21,21,False,unverified: separate modality axes
ioupaiAuRr0$_$5,True,29,29,29,False,unverified: separate modality axes
ioupaiAuRr0$_$4,True,40,40,40,False,unverified: separate modality axes
jICmfLeFymA$_$16,True,19,19,19,False,unverified: separate modality axes
jPrEKz1rAno$_$11,True,14,14,14,False,unverified: separate modality axes
jPrEKz1rAno$_$7,True,35,35,35,False,unverified: separate modality axes
jPrEKz1rAno$_$6,True,27,27,27,False,unverified: separate modality axes
k5ZOshC2LP4$_$1,True,31,31,31,False,unverified: separate modality axes
kbGhEJ4W44o$_$0,True,39,39,39,False,unverified: separate modality axes
kfsO4c0Ekes$_$7,True,27,27,26,False,unverified: separate modality axes
kvUb78Rdzdc$_$3,True,48,48,48,True,unverified: separate modality axes
lO87-4Kf0cQ$_$2,True,14,14,14,False,unverified: separate modality axes
lO87-4Kf0cQ$_$5,True,18,18,18,False,unverified: separate modality axes
lWf5hHRHIDs$_$11,True,13,13,13,False,unverified: separate modality axes
lawHYX5eB20$_$1,True,12,12,12,False,unverified: separate modality axes
lawHYX5eB20$_$2,True,23,23,23,False,unverified: separate modality axes
mHGaQ_nv9UY$_$13,True,48,48,48,True,unverified: separate modality axes
mHGaQ_nv9UY$_$14,True,26,26,26,False,unverified: separate modality axes
mHGaQ_nv9UY$_$17,True,29,29,29,False,unverified: separate modality axes
mHGaQ_nv9UY$_$22,True,48,48,48,True,unverified: separate modality axes
mHGaQ_nv9UY$_$5,True,33,33,33,False,unverified: separate modality axes
mHGaQ_nv9UY$_$4,True,27,27,27,False,unverified: separate modality axes
mLW-jn67gRE$_$20,True,40,40,37,False,unverified: separate modality axes
mLW-jn67gRE$_$17,True,41,41,41,False,unverified: separate modality axes
mLW-jn67gRE$_$1,True,14,14,14,False,unverified: separate modality axes
mLW-jn67gRE$_$3,True,21,21,21,False,unverified: separate modality axes
mLW-jn67gRE$_$5,True,23,23,23,False,unverified: separate modality axes
mLW-jn67gRE$_$6,True,35,35,35,False,unverified: separate modality axes
mLW-jn67gRE$_$9,True,13,13,13,False,unverified: separate modality axes
mjpCK2Edsv8$_$0,True,48,48,48,True,unverified: separate modality axes
nUZYqTRSGDw$_$4,True,25,25,25,False,unverified: separate modality axes
nyzIL6YAonY$_$5,True,14,14,14,False,unverified: separate modality axes
nyzIL6YAonY$_$6,True,37,37,37,False,unverified: separate modality axes
ooAF6I-fmTg$_$3,True,19,19,19,False,unverified: separate modality axes
ooAF6I-fmTg$_$5,True,16,16,16,False,unverified: separate modality axes
ooAF6I-fmTg$_$7,True,22,22,22,False,unverified: separate modality axes
pOrk7fl1AYo$_$1,True,22,22,22,False,unverified: separate modality axes
pOrk7fl1AYo$_$3,True,26,26,26,False,unverified: separate modality axes
pOrk7fl1AYo$_$2,True,10,10,10,False,unverified: separate modality axes
pOrk7fl1AYo$_$4,True,19,19,2,False,unverified: separate modality axes
q9yDL81QppI$_$1,True,23,23,23,False,unverified: separate modality axes
q9yDL81QppI$_$0,True,24,24,24,False,unverified: separate modality axes
q9yDL81QppI$_$2,True,25,25,25,False,unverified: separate modality axes
qK77ZmbqmOM$_$9,True,21,21,16,False,unverified: separate modality axes
qK77ZmbqmOM$_$0,True,32,32,32,False,unverified: separate modality axes
qY1sXq-YCHs$_$8,True,15,15,15,False,unverified: separate modality axes
qmMSumMloAs$_$1,True,30,30,30,False,unverified: separate modality axes
qmMSumMloAs$_$3,True,15,15,15,False,unverified: separate modality axes
qmMSumMloAs$_$2,True,41,41,41,False,unverified: separate modality axes
r13W4H8ZhqI$_$12,True,20,20,20,False,unverified: separate modality axes
r13W4H8ZhqI$_$1,True,42,42,42,False,unverified: separate modality axes
r13W4H8ZhqI$_$5,True,15,15,15,False,unverified: separate modality axes
r13W4H8ZhqI$_$8,True,27,27,27,False,unverified: separate modality axes
r5ijC2W9ddk$_$8,True,33,33,33,False,unverified: separate modality axes
r5ijC2W9ddk$_$0,True,15,15,15,False,unverified: separate modality axes
r9tgDqXEcuc$_$4,True,22,22,22,False,unverified: separate modality axes
rf0yDSeVEUA$_$1,True,48,48,48,True,unverified: separate modality axes
rf0yDSeVEUA$_$0,True,26,26,26,False,unverified: separate modality axes
rf0yDSeVEUA$_$3,True,48,48,48,True,unverified: separate modality axes
rojyUp4FPSg$_$26,True,48,48,48,True,unverified: separate modality axes
rojyUp4FPSg$_$20,True,32,32,32,False,unverified: separate modality axes
rojyUp4FPSg$_$21,True,13,13,13,False,unverified: separate modality axes
rojyUp4FPSg$_$23,True,7,7,7,False,unverified: separate modality axes
rojyUp4FPSg$_$5,True,27,27,27,False,unverified: separate modality axes
rojyUp4FPSg$_$7,True,45,45,45,False,unverified: separate modality axes
rojyUp4FPSg$_$9,True,26,26,26,False,unverified: separate modality axes
rojyUp4FPSg$_$10,True,14,14,14,False,unverified: separate modality axes
rojyUp4FPSg$_$12,True,7,7,7,False,unverified: separate modality axes
rojyUp4FPSg$_$16,True,12,12,12,False,unverified: separate modality axes
rojyUp4FPSg$_$18,True,17,17,17,False,unverified: separate modality axes
rojyUp4FPSg$_$37,True,21,21,21,False,unverified: separate modality axes
rojyUp4FPSg$_$36,True,6,6,6,False,unverified: separate modality axes
rojyUp4FPSg$_$34,True,34,34,34,False,unverified: separate modality axes
rojyUp4FPSg$_$32,True,7,7,7,False,unverified: separate modality axes
rwNlqh0k1j4$_$15,True,43,43,43,False,unverified: separate modality axes
rwNlqh0k1j4$_$3,True,17,17,17,False,unverified: separate modality axes
rwNlqh0k1j4$_$2,True,22,22,22,False,unverified: separate modality axes
rwNlqh0k1j4$_$7,True,32,32,32,False,unverified: separate modality axes
sC16n1k66io$_$2,True,32,32,32,False,unverified: separate modality axes
sC16n1k66io$_$16,True,12,12,12,False,unverified: separate modality axes
sPremsknoLM$_$1,True,6,6,0,False,unverified: separate modality axes
ssqiwP19JhM$_$10,True,39,39,39,False,unverified: separate modality axes
ssqiwP19JhM$_$2,True,22,22,22,False,unverified: separate modality axes
szic2IB9HB4$_$5,True,13,13,13,False,unverified: separate modality axes
tQ-CIfgj-Js$_$3,True,48,2,0,True,unverified: separate modality axes
tXQpm-nKxNA$_$5,True,19,19,19,False,unverified: separate modality axes
tXQpm-nKxNA$_$7,True,29,29,29,False,unverified: separate modality axes
uacdDoBtT1k$_$0,True,48,48,45,True,unverified: separate modality axes
uacdDoBtT1k$_$6,True,28,28,23,False,unverified: separate modality axes
unNY4zIk8MM$_$1,True,30,30,5,False,unverified: separate modality axes
unNY4zIk8MM$_$3,True,17,17,1,False,unverified: separate modality axes
unNY4zIk8MM$_$5,True,21,21,1,False,unverified: separate modality axes
unNY4zIk8MM$_$8,True,12,12,12,False,unverified: separate modality axes
uooIiW6dEyg$_$1,True,8,8,8,False,unverified: separate modality axes
uooIiW6dEyg$_$5,True,35,35,35,False,unverified: separate modality axes
v2Rr-EsJda8$_$0,True,10,10,3,False,unverified: separate modality axes
v2Rr-EsJda8$_$6,True,12,12,9,False,unverified: separate modality axes
v9gjg7TDlTA$_$0,True,16,16,16,False,unverified: separate modality axes
v9gjg7TDlTA$_$4,True,20,20,20,False,unverified: separate modality axes
vHzbn_YW76s$_$3,True,19,19,19,False,unverified: separate modality axes
vU0a4F36Ksw$_$13,True,31,31,31,False,unverified: separate modality axes
vU0a4F36Ksw$_$12,True,22,22,22,False,unverified: separate modality axes
vU0a4F36Ksw$_$17,True,16,16,16,False,unverified: separate modality axes
vU0a4F36Ksw$_$0,True,48,48,48,True,unverified: separate modality axes
vU0a4F36Ksw$_$3,True,6,6,6,False,unverified: separate modality axes
vU0a4F36Ksw$_$5,True,28,28,28,False,unverified: separate modality axes
vU0a4F36Ksw$_$7,True,19,19,19,False,unverified: separate modality axes
vU0a4F36Ksw$_$20,True,4,4,4,False,unverified: separate modality axes
vbr3EA8cJTI$_$0,True,19,19,19,False,unverified: separate modality axes
vbr3EA8cJTI$_$2,True,25,25,24,False,unverified: separate modality axes
vbr3EA8cJTI$_$7,True,22,22,22,False,unverified: separate modality axes
vbr3EA8cJTI$_$6,True,28,28,28,False,unverified: separate modality axes
wF8980oGklk$_$24,True,22,22,22,False,unverified: separate modality axes
wF8980oGklk$_$25,True,10,10,10,False,unverified: separate modality axes
wF8980oGklk$_$1,True,7,7,7,False,unverified: separate modality axes
wF8980oGklk$_$0,True,18,18,5,False,unverified: separate modality axes
wF8980oGklk$_$3,True,17,17,17,False,unverified: separate modality axes
wF8980oGklk$_$2,True,5,5,5,False,unverified: separate modality axes
wF8980oGklk$_$6,True,24,24,23,False,unverified: separate modality axes
wF8980oGklk$_$17,True,23,23,13,False,unverified: separate modality axes
wosolsrH3sM$_$6,True,48,48,48,True,unverified: separate modality axes
x-zGBp7axao$_$3,True,48,48,48,True,unverified: separate modality axes
x2lOwQaAn4g$_$4,True,18,18,14,False,unverified: separate modality axes
xUgAP84vsg4$_$15,True,21,21,13,False,unverified: separate modality axes
xUgAP84vsg4$_$4,True,22,22,22,False,unverified: separate modality axes
xUgAP84vsg4$_$8,True,10,10,10,False,unverified: separate modality axes
xivYoEUQ5sk$_$5,True,45,45,45,False,unverified: separate modality axes
xivYoEUQ5sk$_$4,True,26,26,26,False,unverified: separate modality axes
xjsaS-LeZ14$_$20,True,19,19,19,False,unverified: separate modality axes
xjsaS-LeZ14$_$14,True,19,19,12,False,unverified: separate modality axes
xjsaS-LeZ14$_$6,True,48,48,48,True,unverified: separate modality axes
y8HXGm1-Ecw$_$7,True,23,23,23,False,unverified: separate modality axes
y9FyTEyGy5Y$_$1,True,13,13,13,False,unverified: separate modality axes
zhE_68GMJIk$_$8,True,23,23,23,False,unverified: separate modality axes
zhE_68GMJIk$_$5,True,29,29,29,False,unverified: separate modality axes
zjYEBwXGD8I$_$13,True,38,38,38,False,unverified: separate modality axes
zjYEBwXGD8I$_$15,True,20,20,1,False,unverified: separate modality axes
zjYEBwXGD8I$_$0,True,11,11,11,False,unverified: separate modality axes
zjYEBwXGD8I$_$2,True,13,13,13,False,unverified: separate modality axes
zjYEBwXGD8I$_$4,True,40,40,0,False,unverified: separate modality axes
zjYEBwXGD8I$_$9,True,26,26,17,False,unverified: separate modality axes
zk2jTlAtvSU$_$3,True,32,32,31,False,unverified: separate modality axes
