样本编号,预测极性,预测强度,预测最大概率,负向概率,中性概率,正向概率,真实极性,真实强度,分类是否错误,绝对误差,文本不可用比例,语音不可用比例,视觉不可用比例,文本
-AUZQgSxyPQ$_$2,Positive,1.2217893600463867,0.8757600784301758,0.03997593745589256,0.08426398783922195,0.8757600784301758,Positive,0.6666666865348816,False,0.5551226735115051,0.0,0.0,0.0,"The perfect soul mate to the Clarisonic Spot Therapy Brush, this gentle, Ph balanced and hydrating exfoliant containing jojoba and acai fruit oils and bamboo and prickly bear extracts deliver intense healing, while smooth granules buff away dead, dry skin cells."
-HeZS2-Prhc$_$2,Negative,-0.009999999776482582,0.5327176451683044,0.5327176451683044,0.1286935955286026,0.33858874440193176,Positive,0.6666666865348816,True,0.6766666769981384,0.0,0.0,0.0,The August jobs report is out and it was seen overall as solid but not great.
-MeTTeMJBNc$_$0,Neutral,0.0,0.5382536053657532,0.08228186517953873,0.5382536053657532,0.3794645369052887,Positive,0.3333333432674408,True,0.3333333432674408,0.0,0.0,0.0,"Okay, what happens at this point after we've taken this brief walk down memory lane, is the presentation of the gift."
-RfYyzHpjk4$_$2,Negative,-0.009999999776482582,0.41717538237571716,0.41717538237571716,0.3427112400531769,0.24011342227458954,Positive,0.3333333432674408,True,0.34333333373069763,0.0,0.0,0.0,"You can make a conference call but it takes quite a bit of planning, well not a lot of planning it's pretty easy to do."
-s9qJ7ATP7w$_$2,Positive,1.098510980606079,0.8170104622840881,0.10440278053283691,0.07858671993017197,0.8170104622840881,Positive,1.3333333730697632,False,0.23482239246368408,0.0,0.0,0.6956521739130435,"Winning's easy, you win, you're happy, you get a high five, your friends are happy"
-s9qJ7ATP7w$_$5,Negative,-1.316379189491272,0.9046792387962341,0.9046792387962341,0.04591323807835579,0.049407538026571274,Negative,-2.0,False,0.683620810508728,0.0,0.0,0.44999999999999996,"I have been beat up and put down and everything that can go wrong, has gone wrong for me"
-s9qJ7ATP7w$_$6,Neutral,0.0,0.4338337182998657,0.41379520297050476,0.4338337182998657,0.15237101912498474,Neutral,0.0,False,0.0,0.0,0.0,1.0,But I just kept going
-yRb-Jum7EQ$_$1,Negative,-0.5376588702201843,0.730525016784668,0.730525016784668,0.12973327934741974,0.1397416591644287,Neutral,0.0,True,0.5376588702201843,0.0,0.0,0.0,"it comes with the assistance and agitation of states and regimes, Yesterday Iran announced that it will finance the families of the terrorists and murderers this shows that Iran, even after the nuclear agreement, is continuing to aid terrorism, including Palestinian terrorism, Hezbollah terrorism and its assistance to Hamas."
0K7dCp80n9c$_$6,Neutral,0.0,0.4381629526615143,0.38509809970855713,0.4381629526615143,0.1767389327287674,Neutral,0.0,False,0.0,0.0,0.0,0.0,"But what happens is, the softener resin does not want to fully let go of all of the iron that it captures, and the resin becomes fouled."
0YiAKqU36KE$_$1,Negative,-0.6977713704109192,0.7533068656921387,0.7533068656921387,0.08479732275009155,0.1618957668542862,Positive,1.3333333730697632,True,2.031104803085327,0.0,0.0,0.0,"So every nook and corner, every commons--and the Ganga is the ultimate commons-- becomes a place to throw your garbage into"
0YiAKqU36KE$_$0,Negative,-1.0938550233840942,0.8655672669410706,0.8655672669410706,0.07385741174221039,0.06057528778910637,Negative,-1.0,False,0.09385502338409424,0.0,0.0,0.0,The filth that you see in India with this throw away culture is a result of the fact that there is no industrially organized system to pick it up
0bxhZ-LIfZY$_$4,Negative,-0.5527378916740417,0.6997196078300476,0.6997196078300476,0.09639852494001389,0.2038819044828415,Negative,-0.3333333432674408,False,0.21940454840660095,0.0,0.0,0.0,"Education, health care, all these critical if not dealt with and kept to the last, will turn India into less of a superpower than it can be."
100178$_$15,Neutral,0.0,0.6068523526191711,0.23083464801311493,0.6068523526191711,0.16231298446655273,Neutral,0.0,False,0.0,0.0,0.0,0.0,(umm) It's only PG
10219$_$10,Positive,0.20455805957317352,0.48372533917427063,0.31998273730278015,0.19629192352294922,0.48372533917427063,Positive,2.0,False,1.79544198513031,0.0,0.0,0.0,Overall I would give it a five out of five stars because I have the previous two DVDs
10219$_$1,Neutral,0.0,0.5944133996963501,0.0659526139497757,0.5944133996963501,0.339633971452713,Neutral,0.0,False,0.0,0.0,0.0,0.28,"This is the third DVD in the series and it contains (uhh) four episodes episodes eleven, twelve, thirteen and fourteen"
10219$_$5,Positive,1.0841318368911743,0.856356680393219,0.0397244431078434,0.10391887277364731,0.856356680393219,Positive,1.6666666269302368,False,0.5825347900390625,0.0,0.0,0.0,And (uhh) it introduces (umm) a couple new characters (umm) new situations and it really adds a lot to the story
102213$_$2,Positive,1.0865761041641235,0.8101097941398621,0.09703510254621506,0.09285511821508408,0.8101097941398621,Positive,1.3333333730697632,False,0.24675726890563965,0.0,0.0,0.0,"Like Jim Carey, Morgan Freeman and I like Steve Carell too so I figured okay you know the sequel will be pretty good"
102213$_$5,Negative,-1.2327160835266113,0.8648338913917542,0.8648338913917542,0.07842278480529785,0.05674334242939949,Negative,-1.0,False,0.23271608352661133,0.0,0.0,0.0,And I'm afraid it wasn't
102213$_$7,Negative,-0.4320182800292969,0.5783100724220276,0.5783100724220276,0.2305394858121872,0.1911504864692688,Negative,-1.0,False,0.5679817199707031,0.0,0.0,0.0,"There seems to be a ton of CG but there also seems to be a ton of real animals and I'm not sure why they would have blown all that money when they could have just you know CG's it all, because the animals really weren't that impressive"
102389$_$5,Negative,-0.3701256215572357,0.5721927285194397,0.5721927285194397,0.2692534625530243,0.15855377912521362,Negative,-1.6666666269302368,False,1.2965409755706787,0.0,0.0,0.0,It did not hold the attention of my five year old
104741$_$0,Neutral,0.0,0.4812186658382416,0.05918566510081291,0.4812186658382416,0.45959559082984924,Neutral,0.0,False,0.0,0.0,0.0,0.0,"Hi, (umm) today the product that I'm going to review is a DVD"
104741$_$5,Neutral,0.0,0.44630002975463867,0.31472623348236084,0.44630002975463867,0.2389736920595169,Neutral,0.0,False,0.0,0.0,0.0,0.0,"And it's about the four boys trying to save (umm), some sort of Armageddon between us and Canada"
107585$_$12,Negative,-1.608792781829834,0.9282219409942627,0.9282219409942627,0.03172072395682335,0.04005732759833336,Negative,-2.0,False,0.391207218170166,0.0,0.0,0.0,And It felt like the you know there's like just a little bit just way too typical of a boring film that tries really hard to be funny but it's just not funny at all and it's not it's not (stutter) witty
107585$_$18,Negative,-1.395895004272461,0.9017143249511719,0.9017143249511719,0.045001883059740067,0.053283799439668655,Negative,-2.0,False,0.6041049957275391,0.0,0.0,0.0,"It's just really boring, bland film that even the plot it didn't really have anything going on for that"
107585$_$1,Positive,1.122001051902771,0.8000144958496094,0.1399296671152115,0.06005581095814705,0.8000144958496094,Negative,-0.6666666865348816,True,1.7886676788330078,0.0,0.0,0.0,"(umm) This is a movie I though was going to be pretty funny because the trailer looked pretty funny and it's got you know Robin Williams, which I personally like and thought you know he's gonna bring some entertainment to this movie"
108146$_$3,Negative,-0.9446654319763184,0.8460072875022888,0.8460072875022888,0.050650760531425476,0.1033419594168663,Negative,-1.6666666269302368,False,0.7220011949539185,0.0,0.0,0.0,Ocean's Thirteen not good at all
110565$_$1,Positive,1.2108625173568726,0.8538787364959717,0.08433530479669571,0.061785876750946045,0.8538787364959717,Negative,-1.0,True,2.210862636566162,0.0,0.0,0.0,"I expected more, I'd seen the previews and I thought it looked like a pretty good story"
110565$_$5,Positive,1.257377028465271,0.8840970993041992,0.04190576449036598,0.07399710267782211,0.8840970993041992,Positive,1.0,False,0.257377028465271,0.0,0.0,0.0,"You know, I love the fact of what the story about, in fact in even made me cry in the end"
111881$_$11,Negative,-0.44207653403282166,0.5109712481498718,0.5109712481498718,0.3667142391204834,0.122314453125,Negative,-1.0,False,0.557923436164856,0.0,0.0,0.0,It didn't
111881$_$10,Positive,0.30292433500289917,0.5403122901916504,0.37410664558410645,0.08558106422424316,0.5403122901916504,Negative,-2.0,True,2.302924394607544,0.0,0.0,0.0,"So I was left watching this by myself, and I went ahead and watched it all the way through to the end so I could do this review and I was hoping that it would get better in the end"
111881$_$15,Negative,-0.8304762244224548,0.7600741386413574,0.7600741386413574,0.13654881715774536,0.1033770740032196,Negative,-2.0,False,1.1695237159729004,0.0,0.0,0.0,I'm glad I didn't pay money to go see this at the movies
111881$_$4,Positive,0.10773783177137375,0.4887419641017914,0.42616763710975647,0.08509036153554916,0.4887419641017914,Negative,-1.3333333730697632,True,1.4410711526870728,0.0,0.0,0.08333333333333337,"I mean there was a few funny parts and I expected more from you know, considering all the stars it has in it"
111881$_$7,Negative,-0.8559921383857727,0.7719046473503113,0.7719046473503113,0.10258031636476517,0.12551502883434296,Negative,-2.0,False,1.144007921218872,0.0,0.0,0.0,"So I guess I just expected a few more, a a (stutter) better movie from these (umm) actors"
111881$_$6,Positive,0.6706531047821045,0.6777397990226746,0.046923745423555374,0.27533653378486633,0.6777397990226746,Positive,0.3333333432674408,False,0.3373197615146637,0.0,0.0,0.0,", Andy Dick, George Carlin and Sigourney Weaver just to name a few"
112425$_$10,Positive,0.44369661808013916,0.5574110150337219,0.11365240067243576,0.3289366066455841,0.5574110150337219,Positive,2.3333332538604736,False,1.8896366357803345,0.0,0.0,0.0,"(umm) I think that (uhh) a lot of the more recent videos from Disney such as The Emperor's New Groove, (umm) Over the Hedge, and stuff like that, they've had a lot of real high brow (umm) you know adult comedy but, I think Ratatouille does a very good job in (umm) sticking to it's target audience which is kids and you know, hyping that to how Disney movies used to be, you know, with with kids jokes and not these kinds of inane sexual references so I would highly recommend Ratatouille"
112425$_$1,Neutral,0.0,0.5723662972450256,0.0511927604675293,0.5723662972450256,0.3764409124851227,Positive,0.6666666865348816,True,0.6666666865348816,0.0,0.0,0.0,My name is Jordan and today I will be reviewing the movie Ratatouille
112425$_$7,Positive,0.7906047701835632,0.7463826537132263,0.14828401803970337,0.10533338040113449,0.7463826537132263,Positive,1.3333333730697632,False,0.5427286028862,0.0,0.0,0.0,"(umm) I I (stutter) love the storyline, it's so incredible, it's like anyone can cook"
112509$_$4,Negative,-1.0903770923614502,0.8362798094749451,0.8362798094749451,0.10059946030378342,0.06312070041894913,Negative,-2.0,False,0.9096229076385498,0.0,0.0,0.0,(umm) Felt pretty rehashed
116213$_$3,Neutral,0.0,0.5778623223304749,0.08483902364969254,0.5778623223304749,0.3372986316680908,Negative,-0.6666666865348816,True,0.6666666865348816,0.0,0.0,0.0,"But, word of caution"
121400$_$0,Neutral,0.0,0.5371668338775635,0.06806345283985138,0.5371668338775635,0.39476969838142395,Neutral,0.0,False,0.0,0.0,0.0,0.0,"Hi I'm Caroline, today I'd like to review The League of Extraordinary Gentlemen"
126872$_$11,Negative,-0.43746626377105713,0.5706211924552917,0.5706211924552917,0.30153870582580566,0.1278400868177414,Negative,-2.0,False,1.5625337362289429,0.0,0.0,0.0,One out of five
130366$_$11,Negative,-1.1948210000991821,0.8592283129692078,0.8592283129692078,0.08675456047058105,0.054017167538404465,Negative,-1.3333333730697632,False,0.13851237297058105,0.0,0.0,0.10416666666666663,"But it felt (uhh) at least like three hours and the fact that they kept rewinding the story where she keeps reliving the same week over and over, (uhh) it felt extremely long (uhh) and (uhh) it just really went on a long time"
130366$_$2,Negative,-0.5093031525611877,0.5537894368171692,0.5537894368171692,0.3194466531276703,0.12676392495632172,Positive,0.3333333432674408,True,0.8426364660263062,0.0,0.0,0.0,And this is a psychological thriller
130366$_$4,Negative,-0.42037543654441833,0.5605254769325256,0.5605254769325256,0.24076247215270996,0.1987120658159256,Negative,-0.3333333432674408,False,0.08704209327697754,0.0,0.0,0.0,(uhh) {clears throat} And so we keep seeing a lot of same events over and over again
132028$_$7,Positive,0.5699401497840881,0.6390811204910278,0.2837009131908417,0.07721799612045288,0.6390811204910278,Positive,0.3333333432674408,False,0.23660680651664734,0.0,0.0,0.0,"(uhh) Trailers, DVD-rom features, (umm) great audio and video quality so it's got a lot of features and it's generally a great DVD set but the movie's not really that good so I (stutter) don't think I'll recommend it"
135623$_$5,Negative,-1.268147587776184,0.8909120559692383,0.8909120559692383,0.041984427720308304,0.06710344552993774,Negative,-2.3333332538604736,False,1.0651856660842896,0.0,0.0,0.0,"I don't know, I'm not really into that, and the action in it was really not that exciting"
135623$_$8,Positive,1.0615289211273193,0.8202205300331116,0.092678964138031,0.08710044622421265,0.8202205300331116,Negative,-1.3333333730697632,True,2.394862174987793,0.0,0.0,0.0,I think that they could have done a much better job on that movie
136196$_$0,Neutral,0.0,0.5744578838348389,0.041797321289777756,0.5744578838348389,0.38374483585357666,Positive,0.3333333432674408,True,0.3333333432674408,0.0,0.0,1.0,"Hi, this is my review of Jurassic Park Three"
136196$_$9,Negative,-1.4474477767944336,0.9025015234947205,0.9025015234947205,0.05064280703663826,0.04685564339160919,Negative,-2.0,False,0.5525522232055664,0.0,0.0,0.0,(uhh) the story's just kind of a rehash of the previous movie and it overall just feels very forced
136196$_$8,Negative,-1.55630362033844,0.915985107421875,0.915985107421875,0.04361243546009064,0.04040245711803436,Negative,-1.6666666269302368,False,0.11036300659179688,0.0,0.0,0.0,There's really not a whole lot original original (stutter) concept left in it
167521$_$17,Negative,-0.4866572320461273,0.6237940788269043,0.6237940788269043,0.1578047126531601,0.2184012085199356,Positive,1.3333333730697632,True,1.819990634918213,0.0,0.0,0.0,You (uhh) you won't be disappointed
167521$_$16,Positive,1.2725692987442017,0.8837809562683105,0.061931103467941284,0.05428795889019966,0.8837809562683105,Positive,2.0,False,0.7274307012557983,0.0,0.0,0.0,I definitely recommend you guys watching that movie
167521$_$5,Negative,-1.1642823219299316,0.8781590461730957,0.8781590461730957,0.053008079528808594,0.06883282214403152,Positive,0.3333333432674408,True,1.4976156949996948,0.0,0.0,0.0,But basically this movie it was more xxx than your average action movie
190743$_$13,Negative,-0.1266941875219345,0.5096646547317505,0.5096646547317505,0.1702534705400467,0.320081889629364,Negative,-2.0,False,1.8733057975769043,0.0,0.0,0.0,When I'm watching a movie of something you know with with (stutter) actors of this caliber I expect to watch something that's new and unique and I didn't find that with this movie
190743$_$17,Negative,-0.8560686707496643,0.7688322067260742,0.7688322067260742,0.15653257071971893,0.07463518530130386,Negative,-2.0,False,1.1439313888549805,0.0,0.0,0.0,I don't think Samuel L Jackson should have been in it and I think that Julianna Moore lowered herself to play the person in this movie
190743$_$5,Negative,-1.6096729040145874,0.9243097901344299,0.9243097901344299,0.04138263314962387,0.034307532012462616,Negative,-2.0,False,0.3903270959854126,0.0,0.0,0.0,I do not like this movie
194299$_$14,Positive,1.0044294595718384,0.8027336001396179,0.0335044302046299,0.16376201808452606,0.8027336001396179,Neutral,0.0,True,1.0044294595718384,0.0,0.0,0.0,So that's what the storyline is about
194299$_$4,Negative,-0.9305650591850281,0.8074648976325989,0.8074648976325989,0.06917036324739456,0.12336476892232895,Negative,-1.0,False,0.06943494081497192,0.0,0.0,0.4117647058823529,(umm) And I have to say that I was not overly impressed with this movie
194299$_$9,Positive,0.4538742005825043,0.48790422081947327,0.061098549515008926,0.4509972035884857,0.48790422081947327,Neutral,0.0,True,0.4538742005825043,0.0,0.0,0.0,So (umm) the story is about (uhh) Tim Allen's character (umm) now has lost all his powers
198112$_$12,Positive,1.0163642168045044,0.8062923550605774,0.11304011195898056,0.08066750317811966,0.8062923550605774,Positive,2.0,False,0.9836357831954956,0.0,0.0,0.0,"(uhh) But it's really good, I really enjoy it"
198112$_$0,Neutral,0.0,0.525015652179718,0.04234723374247551,0.525015652179718,0.432637095451355,Positive,0.3333333432674408,True,0.3333333432674408,0.0,0.0,0.44999999999999996,"{movie} Hey what's up Expo videos, I'm here to talk about Napoleon Dynamite"
198112$_$5,Positive,0.467846155166626,0.5919064879417419,0.20559293031692505,0.202500581741333,0.5919064879417419,Positive,1.0,False,0.532153844833374,0.0,0.0,0.052631578947368474,(uhh) Napoleon Dynamite is definitely a classic comedy of our age I guess you could say
198112$_$9,Negative,-0.9025874137878418,0.806020200252533,0.806020200252533,0.0797448456287384,0.11423501372337341,Positive,2.3333332538604736,True,3.2359206676483154,0.0,0.0,0.4,"One of the best comedies out there of our age as opposed to like, those other comedies that are actually really stupid with just bad bad (stutter) jokes and what not"
198112$_$8,Positive,0.3653477132320404,0.4399610757827759,0.1390949785709381,0.420943945646286,0.4399610757827759,Positive,2.0,False,1.6346522569656372,0.0,0.0,0.6923076923076923,And it's (stutters) intelligently made I think
1HS2HcN2LDo$_$1,Neutral,0.0,0.4763212502002716,0.08940508961677551,0.4763212502002716,0.4342736303806305,Positive,0.3333333432674408,True,0.3333333432674408,0.0,0.0,0.48275862068965514,"1) Be ready early - We’ve heard from employers who call job seekers during their scheduled time, only to be met with a voice mail"
1HS2HcN2LDo$_$9,Positive,0.6988967061042786,0.6341656446456909,0.06159769371151924,0.3042367100715637,0.6341656446456909,Positive,1.3333333730697632,False,0.6344366669654846,0.0,0.0,0.0,"You may be thinking, “Kim, seriously"
1S6ji_d4OLI$_$9,Positive,0.2842968702316284,0.49486756324768066,0.11756648868322372,0.387565940618515,0.49486756324768066,Positive,0.6666666865348816,False,0.3823698163032532,0.0,0.0,0.0,So we dug a little bit deeper into this and again developed a very sound economics OR type of model.
1jogeKX0wGw$_$4,Positive,1.0844197273254395,0.8768671154975891,0.029594188556075096,0.09353870153427124,0.8768671154975891,Positive,1.0,False,0.08441972732543945,0.0,0.0,0.0,Over 10 million business owners have already selected GoodAccountants.com.
1pl2FVdQWj0$_$2,Positive,0.794891893863678,0.7122390866279602,0.12264188379049301,0.16511905193328857,0.7122390866279602,Positive,0.6666666865348816,False,0.1282252073287964,0.0,0.0,0.0,"Where are they from, where do they go to school, what was their life like growing up, what was their career like, what were the highs of their career, what were the lows of their career, do they have a family, do they like basketball, do they eat pizza with pepperonis?"
200941$_$10,Negative,-1.5432119369506836,0.9132487177848816,0.9132487177848816,0.0416109599173069,0.04514036700129509,Negative,-1.0,False,0.5432119369506836,0.0,0.0,0.0,"(stutter) I guess I didn't like the plot so once the plot got ruined, I really didn't care"
202826$_$10,Negative,-0.5157012343406677,0.6580877304077148,0.6580877304077148,0.07122048735618591,0.27069178223609924,Negative,-1.6666666269302368,False,1.1509654521942139,0.0,0.0,0.0,So (uhh) I give the movie two out of five stars
202826$_$7,Positive,0.729001522064209,0.6625303030014038,0.09326962381601334,0.24420000612735748,0.6625303030014038,Positive,1.0,False,0.270998477935791,0.0,0.0,0.0,"(uhh) The movie stars John Grisham, I mean {laughter} the movie stars George Clooney as Michael Clayton and (uhh) he actually, he does a pretty decent job and (uhh) anyways, Michael Clayton is (uhh) the fixer of the law firm, (uhh) takes care of all the messy messy (stutter) corporate cases"
206585$_$3,Positive,0.8182119727134705,0.7146639227867126,0.06633026897907257,0.21900582313537598,0.7146639227867126,Neutral,0.0,True,0.8182119727134705,0.0,0.0,0.0,(umm) He's looking for some some (stutter) extra sizzle to add into his life and he meets up with a dance instructor who is played by Jennifer Lopez and basically she convinces him to sign up for some ballroom lessons
208322$_$12,Positive,0.8010022640228271,0.732942521572113,0.13553734123706818,0.13152015209197998,0.732942521572113,Negative,-2.3333332538604736,True,3.134335517883301,0.0,0.0,0.0,(uhh) Save your money and rent (uhh) the classic Willy Wonka and you'll enjoy (uhh) the experience a whole lot better
208592$_$2,Neutral,0.0,0.7023301720619202,0.06589844822883606,0.7023301720619202,0.23177136480808258,Neutral,0.0,False,0.0,0.0,0.0,0.0,(umm) Now about Saawariya
208592$_$9,Negative,-0.7813518047332764,0.6996474266052246,0.6996474266052246,0.1895320564508438,0.1108204647898674,Negative,-2.6666667461395264,False,1.88531494140625,0.0,0.0,0.0,"(uhh) Was bad, bad (stutter) part of New York actually, you know, going to the movies"
209758$_$15,Positive,0.8817114233970642,0.7516374588012695,0.0917796865105629,0.15658283233642578,0.7516374588012695,Positive,1.3333333730697632,False,0.451621949672699,0.0,0.0,0.0,So again I really think you should pick it up
209758$_$3,Positive,0.4875359535217285,0.42487695813179016,0.1800641566514969,0.39505887031555176,0.42487695813179016,Neutral,0.0,True,0.4875359535217285,0.0,0.0,0.0,Of course he was the tallest kid
209758$_$5,Positive,0.44326701760292053,0.49880361557006836,0.057354897260665894,0.44384145736694336,0.49880361557006836,Neutral,0.0,True,0.44326701760292053,0.0,0.0,0.0,So he finds out that he (umm) has a dad somewhere else (uhh) and he travels to New York City
20LfN8ENbhM$_$1,Positive,1.268810749053955,0.8999009132385254,0.04494545981287956,0.05515351891517639,0.8999009132385254,Positive,2.0,False,0.7311892509460449,0.0,0.0,0.0,Therefore he can add value and be a great fit for this organization
210259$_$11,Negative,-1.3876599073410034,0.9038205742835999,0.9038205742835999,0.04840341582894325,0.0477760024368763,Negative,-3.0,False,1.6123400926589966,0.0,0.0,0.0,"It's it's (stutter) not at all good, I'm sorry for the words but that's what the movie is"
210259$_$16,Negative,-1.4436699151992798,0.9043644070625305,0.9043644070625305,0.054276201874017715,0.04135941341519356,Negative,-2.3333332538604736,False,0.8896633386611938,0.0,0.0,0.0,"Do not go in theaters to watch this movie, this (uhh) movie's no good"
210259$_$0,Positive,0.4880492389202118,0.567708432674408,0.03323964402079582,0.3990519046783447,0.567708432674408,Neutral,0.0,True,0.4880492389202118,0.0,0.0,0.0,"Hi, my name is Anaj and today I'm reviewing the movie Lions for Lambs which is currently playing in theaters nationwide"
210259$_$8,Negative,-1.52117919921875,0.9227638244628906,0.9227638244628906,0.04130196198821068,0.035934194922447205,Negative,-2.3333332538604736,False,0.8121540546417236,0.0,0.0,0.0,Everyone I talks to said that it did not make any sense
210433$_$0,Neutral,0.0,0.6299457550048828,0.06436401605606079,0.6299457550048828,0.305690199136734,Neutral,0.0,False,0.0,0.0,0.0,0.25,"Hey guys, today we've got Men In Black Two which is the sequel to the first Men In Black based on the (uhh) I believe it was a Dark Horse comic starring Will Smith and Tommy Lee Jones"
210433$_$7,Negative,-1.4837337732315063,0.9142698645591736,0.9142698645591736,0.038562189787626266,0.047167930752038956,Negative,-2.0,False,0.5162662267684937,0.0,0.0,0.0,"It just wasn't as funny, wasn't as entertaining"
211875$_$4,Positive,0.7300087809562683,0.6815575957298279,0.04927436634898186,0.26916804909706116,0.6815575957298279,Negative,-1.6666666269302368,True,2.3966753482818604,0.0,0.0,0.0,Well if you've seen the previews you've seen the best parts of the movie
211875$_$8,Negative,-0.3796316683292389,0.5830497145652771,0.5830497145652771,0.23965322971343994,0.17729711532592773,Negative,-1.3333333730697632,False,0.9537017345428467,0.0,0.0,0.0,"(umm) Just, it (stutter) oh my gosh it's so (stutter) my eleven year old son did, about halfway through he was ready to go home"
213327$_$6,Negative,-0.67634516954422,0.6074982285499573,0.6074982285499573,0.2466154247522354,0.1458863466978073,Negative,-2.3333332538604736,False,1.6569881439208984,0.0,0.0,0.23076923076923073,I (umm) like I said definitely do not waste your eighty-eight minutes (umm) xxx (umm) watching this
213327$_$8,Negative,-0.27863141894340515,0.4580043852329254,0.4580043852329254,0.3047904968261719,0.23720510303974152,Negative,-2.0,False,1.7213685512542725,0.0,0.0,0.0,"If you're looking for comedy, then {laughter} rent or buy a comedy and if you're looking for something that's going to scare you, then I would definitely just rent or buy a horror movie because this movie just didn't do it for me"
215318$_$12,Neutral,0.0,0.46901416778564453,0.39745989441871643,0.46901416778564453,0.13352590799331665,Neutral,0.0,False,0.0,0.0,0.0,0.5483870967741935,"(umm) Two of em, for ""Overprotective"" and ""I'm Not A Girl, I'm Not Yet A Woman"""
221137$_$2,Neutral,0.0,0.5476827621459961,0.06336704641580582,0.5476827621459961,0.3889501392841339,Neutral,0.0,False,0.0,0.0,0.0,0.875,"And Smiley face is (umm) kind of the same (uhh) genre of movies as (umm) you know the Cheech and Chong movies, and (uhh) Half Baked, Grandma's Boy, that kind of like stoner movie"
221137$_$5,Negative,-1.1363948583602905,0.849485456943512,0.849485456943512,0.07082533091306686,0.07968922704458237,Negative,-2.0,False,0.8636051416397095,0.0,0.0,0.0,"But (umm) it's not funny (umm) it's really really just a bad movie and (uhh) if you want to see a good stoner movie see Half Baked, it's really funny"
221153$_$14,Negative,-1.1847556829452515,0.8398831486701965,0.8398831486701965,0.09550675004720688,0.06461009383201599,Negative,-1.6666666269302368,False,0.48191094398498535,0.0,0.0,0.0,I'd probably only give it a two out of five stars
221153$_$16,Negative,-0.6403465867042542,0.6928988099098206,0.6928988099098206,0.16386188566684723,0.14323924481868744,Negative,-0.6666666865348816,False,0.02632009983062744,0.0,0.0,0.0,But two out of five stars
221153$_$6,Neutral,0.0,0.5389014482498169,0.31527599692344666,0.5389014482498169,0.14582258462905884,Neutral,0.0,False,0.0,0.0,0.0,0.0,And so (umm) that's exactly what they do
221153$_$20,Neutral,0.0,0.5988248586654663,0.11415091902017593,0.5988248586654663,0.28702422976493835,Positive,0.3333333432674408,True,0.3333333432674408,0.0,0.0,0.0,"(uhh) three thousand Miles to Graceland, Kurt Russell and Kevin Costner"
22373$_$10,Negative,-1.4340177774429321,0.9021736979484558,0.9021736979484558,0.04607011750340462,0.05175618454813957,Negative,-2.6666667461395264,False,1.2326489686965942,0.0,0.0,0.0,"(umm) It's, it (stutter), I wouldn't suggest this, it's (uhh) not a, not a very great movie, not all very well put together"
22373$_$1,Neutral,0.0,0.7317290306091309,0.0738103985786438,0.7317290306091309,0.19446055591106415,Neutral,0.0,False,0.0,0.0,0.0,0.6,It has Michael Douglas and Val Kilmer in it
22373$_$2,Negative,-0.5382158756256104,0.601774275302887,0.601774275302887,0.2254747599363327,0.17275100946426392,Negative,-2.3333332538604736,False,1.7951173782348633,0.0,0.0,0.0625,"(umm) I don't think is one of the best movies (uhh) ever it's about (umm) is about (uhh) two guys who go to Africa because they've been called upon because (uhh) a village over there in East Africa, this is set in 1996, has a problem because there's two man-eating lion, lions (stutter) who are (uhh) killing a lot of the people there"
22373$_$7,Neutral,0.0,0.46405088901519775,0.391997367143631,0.46405088901519775,0.14395169913768768,Neutral,0.0,False,0.0,0.0,0.0,0.4883720930232558,"But (uhh) (uhh) this is (uhh) I wouldn't, it's not really a action movie I'd classify more as like a, it's like a story"
224263$_$13,Positive,1.258607029914856,0.8828751444816589,0.04887743666768074,0.06824731826782227,0.8828751444816589,Positive,0.6666666865348816,False,0.5919403433799744,0.0,0.0,0.0,Those are all great movies
224263$_$14,Negative,-1.1855888366699219,0.8810646533966064,0.8810646533966064,0.061223339289426804,0.05771205201745033,Negative,-2.3333332538604736,False,1.1477444171905518,0.0,0.0,0.0,This movie just jumped on the superhero bandwagon and just did not do a good job at retelling the true story of the Fantastic Four group
224263$_$3,Negative,-1.515067458152771,0.9189426302909851,0.9189426302909851,0.041096653789281845,0.03996080160140991,Negative,-2.3333332538604736,False,0.8182657957077026,0.0,0.0,0.0,The movie is just really not that great
224370$_$3,Negative,-0.9755313396453857,0.7914454340934753,0.7914454340934753,0.13969780504703522,0.06885678321123123,Negative,-2.0,False,1.0244686603546143,0.0,0.0,0.0,Do not go out there and watch it
224370$_$5,Positive,0.1768532544374466,0.36488792300224304,0.31776347756385803,0.3173485994338989,0.36488792300224304,Negative,-2.6666667461395264,True,2.843519926071167,0.0,0.0,0.0,Usually I'm a big Nicholas Cage fan but this time he completely missed his mark
224370$_$11,Negative,-0.05862194299697876,0.4231816232204437,0.4231816232204437,0.38153454661369324,0.19528378546237946,Positive,0.3333333432674408,True,0.39195528626441956,0.0,0.0,0.0,Running across the room is very dramatic when everyone is shooting at you
224370$_$15,Negative,-0.7147936820983887,0.6861474514007568,0.6861474514007568,0.21104200184345245,0.10281049460172653,Negative,-1.6666666269302368,False,0.9518729448318481,0.0,0.0,0.0,"(umm) There's a scene where they mix actual real life cannon firing video with filmed video, and it's just very awkward to watch"
224631$_$5,Positive,0.49001455307006836,0.47284984588623047,0.06361573189496994,0.4635344445705414,0.47284984588623047,Positive,0.3333333432674408,False,0.15668120980262756,0.0,0.0,0.0,"You have behind-the-scenes documentaries, cast and crew commentary, music only audio track, follow the white rabbit and take the red pills for more mysteries, mind bending extras"
226601$_$11,Negative,-1.2774852514266968,0.875437319278717,0.875437319278717,0.0706091895699501,0.05395352467894554,Negative,-1.3333333730697632,False,0.055848121643066406,0.0,0.0,0.0,(uhh) Didn't get it
226601$_$18,Negative,-1.0152784585952759,0.847335159778595,0.847335159778595,0.0643610879778862,0.08830368518829346,Negative,-2.0,False,0.9847215414047241,0.0,0.0,0.0,"So I would not recommend this one, (uhh) even with all the bonus footage"
226601$_$0,Neutral,0.0,0.6411762833595276,0.07965683192014694,0.6411762833595276,0.2791668474674225,Positive,0.3333333432674408,True,0.3333333432674408,0.0,0.0,0.26315789473684215,"Hello, I'm reviewing the movie The Missing starring Tommy Lee Jones and Cate Blanchett"
226640$_$9,Positive,1.0942682027816772,0.8351976275444031,0.10157351940870285,0.06322888284921646,0.8351976275444031,Neutral,0.0,True,1.0942682027816772,0.0,0.0,0.0,(uhh) I again recommend it with two of five stars
22689$_$1,Negative,-0.773204505443573,0.7665162086486816,0.7665162086486816,0.09157687425613403,0.14190687239170074,Negative,-2.0,False,1.2267954349517822,0.0,0.0,0.0,"But unfortunately, I don't think an all-star cast really makes up or really makes the film"
22689$_$0,Neutral,0.0,0.6246767044067383,0.15532033145427704,0.6246767044067383,0.22000299394130707,Neutral,0.0,False,0.0,0.0,0.0,0.35416666666666663,"Hi, this is Jack and I'm reviewing the new movie out (umm) The Good Shepherd, (umm) starring Matt Damon, Angelina Jolie, William Hurt, Alec Baldwin, Robert De Niro, so I mean, obviously you can tell it's got an all-star cast"
234046$_$1,Neutral,0.0,0.6925516724586487,0.115314781665802,0.6925516724586487,0.19213354587554932,Neutral,0.0,False,0.0,0.0,0.0,0.0,(umm) In this movie Keanu Reeves plays a sort of (umm) exorcist kind of a character where he performs exorcisms and he is (uhh) in touch with the demon world
236442$_$3,Negative,-0.22303839027881622,0.5655811429023743,0.5655811429023743,0.16793246567249298,0.2664863169193268,Negative,-1.3333333730697632,False,1.1102949380874634,0.0,0.0,0.0,It seemed like there was a lot of drag time in this movie
23656$_$1,Positive,0.8191754817962646,0.7367379665374756,0.044456496834754944,0.21880553662776947,0.7367379665374756,Neutral,0.0,True,0.8191754817962646,0.0,0.0,1.0,It is in theaters almost everywhere
23656$_$0,Neutral,0.0,0.5968334674835205,0.06305648386478424,0.5968334674835205,0.34011006355285645,Positive,0.3333333432674408,True,0.3333333432674408,0.0,0.0,0.0,"Hello, I'm doing a movie review of the movie Eragon"
23656$_$2,Positive,0.8132515549659729,0.7498384118080139,0.06169131025671959,0.1884702891111374,0.7498384118080139,Positive,1.0,False,0.1867484450340271,0.0,0.0,0.0,"Now I'm a fan of Harry Potter, I've seen all the Harry Potter movies"
23656$_$7,Negative,-0.298501580953598,0.5139630436897278,0.5139630436897278,0.25925469398498535,0.22678226232528687,Negative,-2.0,False,1.7014983892440796,0.0,0.0,0.07999999999999996,"And actually, while I was at Eragon I wanted to be Eragone out of the theater and away from that movie"
23656$_$9,Neutral,0.0,0.44488462805747986,0.4117165803909302,0.44488462805747986,0.14339877665042877,Negative,-1.3333333730697632,True,1.3333333730697632,0.0,0.0,1.0,"It wanted me to go to, go to (stutter) sleep to be honest"
23656$_$15,Positive,1.0832620859146118,0.8671104907989502,0.029118066653609276,0.10377144813537598,0.8671104907989502,Positive,0.3333333432674408,False,0.7499287128448486,0.0,0.0,1.0,It's for younger boys who maybe have read the book too because then they'll like seeing everything they read in the book come to life
237363$_$10,Neutral,0.0,0.6377541422843933,0.21807140111923218,0.6377541422843933,0.1441744714975357,Neutral,0.0,False,0.0,0.0,0.0,0.0,It has the same director as the guy from Nightmare Before Christmas
237363$_$4,Neutral,0.0,0.692456066608429,0.0696379765868187,0.692456066608429,0.23790597915649414,Neutral,0.0,False,0.0,0.0,0.0,0.0,(uhh) This movie is a musical
238063$_$15,Negative,-1.1756469011306763,0.8795695900917053,0.8795695900917053,0.05952158570289612,0.06090879440307617,Negative,-1.3333333730697632,False,0.15768647193908691,0.0,0.0,0.0,So (umm) I am disappointed in the way it was presented
238063$_$17,Negative,-0.2712061107158661,0.6162132620811462,0.6162132620811462,0.18458712100982666,0.1991996169090271,Positive,1.0,True,1.2712061405181885,0.0,0.0,0.0,John Malkovich was okay he didn't help though
238063$_$16,Positive,0.7405700087547302,0.6352834701538086,0.2742960751056671,0.0904204472899437,0.6352834701538086,Negative,-1.0,True,1.740570068359375,0.0,0.0,0.0,"It is an epic tale, it's a good story, it's a great history about people, (umm) animation of the the (stutter) new age (uhh) type deal was terrible, and like I said she didn't fit the character"
238063$_$7,Negative,-0.009999999776482582,0.43689799308776855,0.43689799308776855,0.3203827440738678,0.24271923303604126,Negative,-0.3333333432674408,False,0.32333335280418396,0.0,0.0,0.0,"Grendel is a really bad guy, he's a monster"
24196$_$0,Neutral,0.0,0.6300156116485596,0.05601750314235687,0.6300156116485596,0.3139668405056,Positive,0.3333333432674408,True,0.3333333432674408,0.0,0.0,0.0,"Hi, I'm reviewing the movie Rocky Balboa, which is currently in theaters"
24196$_$3,Negative,-1.5091862678527832,0.9134333729743958,0.9134333729743958,0.04662981629371643,0.039936766028404236,Negative,-0.3333333432674408,False,1.17585289478302,0.0,0.0,0.0,(umm) I just thought this was too much
243981$_$10,Negative,-1.4192204475402832,0.9020724296569824,0.9020724296569824,0.036096811294555664,0.06183074414730072,Negative,-2.3333332538604736,False,0.9141128063201904,0.0,0.0,0.0,Like when (umm) xxx it was really offensive and it wasn't that funny and like they were they (stutter) like pretty they go to the extreme all the time
243981$_$1,Positive,0.7482805252075195,0.6880856156349182,0.1659960001707077,0.14591842889785767,0.6880856156349182,Neutral,0.0,True,0.7482805252075195,0.0,0.0,0.0,"Well there's one thing that you need to know about Meet the Spartans, it is like three hundred, (stutter) obviously as you should know"
243981$_$4,Negative,-1.1772027015686035,0.84368896484375,0.84368896484375,0.07924731820821762,0.07706376910209656,Negative,-2.3333332538604736,False,1.1561305522918701,0.0,0.0,0.0,And like (umm) Well Meet the Spartans is a very cheap knock off
243981$_$6,Negative,-1.2391303777694702,0.8633034825325012,0.8633034825325012,0.0550631619989872,0.08163329213857651,Negative,-2.0,False,0.7608696222305298,0.0,0.0,0.0,"(stutter) It was spent a whole bunch of money on it, but it wasn't that great"
24504$_$10,Positive,0.7338120341300964,0.6492721438407898,0.10860639810562134,0.24212145805358887,0.6492721438407898,Positive,0.6666666865348816,False,0.06714534759521484,0.0,0.0,0.04347826086956519,But the DVD has special edition stuff so if you wanna see (uhh) behind the scenes and things like that
245582$_$11,Negative,-1.4627361297607422,0.9178771376609802,0.9178771376609802,0.03458423539996147,0.0475386381149292,Negative,-1.6666666269302368,False,0.20393049716949463,0.0,0.0,0.0,"And but there were some scenes that were, that went over the top with trying to make it humorous by, and, (stutter) it ended up just being disturbing or disgusting"
245582$_$13,Neutral,0.0,0.533704936504364,0.18165592849254608,0.533704936504364,0.2846391499042511,Positive,0.3333333432674408,True,0.3333333432674408,0.0,0.0,0.0,Or whatever
245582$_$16,Negative,-1.460625171661377,0.9174389839172363,0.9174389839172363,0.043471891433000565,0.03908911347389221,Positive,1.0,True,2.460625171661377,0.0,0.0,0.0,But it's not as bad as I thought it would be
245582$_$4,Negative,-1.4720405340194702,0.9132208824157715,0.9132208824157715,0.03623833879828453,0.05054076388478279,Negative,-1.3333333730697632,False,0.13870716094970703,0.0,0.0,0.045454545454545414,"I heard that people thought it was gonna be like, really hilariously funny and they're not really smart"
252097$_$12,Negative,-1.5141291618347168,0.9222858548164368,0.9222858548164368,0.037018612027168274,0.04069547355175018,Negative,-2.3333332538604736,False,0.8192040920257568,0.0,0.0,0.0,I just don't like it and I hope they don't keep on making more like this
252097$_$4,Negative,-1.4828623533248901,0.9238834381103516,0.9238834381103516,0.03430124744772911,0.04181526228785515,Negative,-1.3333333730697632,False,0.14952898025512695,0.0,0.0,0.0,They're just all these lame attempts that just keep on referencing movies over and over and they're just not even funny
252912$_$13,Negative,-1.294608473777771,0.8863460421562195,0.8863460421562195,0.055620770901441574,0.058033157140016556,Negative,-1.6666666269302368,False,0.3720581531524658,0.0,0.0,0.0,(uhh) Will Ferrel the parts that I watched you know he's kind of funny but the writing in it's terrible and they don't really give him much to work with and it seems like he kind of may have had a jerk director that wouldn't let him you know do his thing and experiment and play around and be as (uhh) (uhh) improvious as he would want to be
257277$_$1,Positive,0.48942622542381287,0.5561848282814026,0.058889102190732956,0.38492605090141296,0.5561848282814026,Positive,0.3333333432674408,False,0.15609288215637207,0.0,0.0,0.0,It's the king of movies here and today I'm going to (stutter) review Step Up Two the Streets which is a new movie in theaters
257277$_$3,Neutral,0.0,0.5977644324302673,0.17791838943958282,0.5977644324302673,0.22431719303131104,Positive,1.0,True,1.0,0.0,0.0,0.0,"(uhh) If you're interested at all in dancing (uhh) like (stutter) street, excuse me, street style dancing (uhh) like (uhh) (stutter) You Got Served and that kind of dancing you might enjoy this film"
257277$_$5,Neutral,0.0,0.6493061184883118,0.18163985013961792,0.6493061184883118,0.16905398666858673,Negative,-2.0,True,2.0,0.0,0.0,0.0,(uhh) Just like regurgitated stuff
257534$_$4,Neutral,0.0,0.6807712912559509,0.1408625692129135,0.6807712912559509,0.17836618423461914,Neutral,0.0,False,0.0,0.0,0.0,0.0,"(umm) What this movie is about is Asia Argento, who plays an ex-prostitute"
267466$_$24,Positive,0.3269965648651123,0.44093796610832214,0.17504717409610748,0.3840148448944092,0.44093796610832214,Positive,0.6666666865348816,False,0.3396701216697693,0.0,0.0,0.0,I think it would be enough to swallow (umm) the whole scandal thing
267466$_$44,Negative,-1.160953402519226,0.8515853881835938,0.8515853881835938,0.08558452874422073,0.06283014267683029,Negative,-2.6666667461395264,False,1.5057133436203003,0.0,0.0,0.0,Don't waste your time seeing it in a theater
267466$_$42,Negative,-1.1792062520980835,0.8743149638175964,0.8743149638175964,0.0433373861014843,0.08234771341085434,Negative,-2.3333332538604736,False,1.1541270017623901,0.0,0.0,0.0,But this one was kind of fantastical and weird and out there and just not worth my time
267466$_$9,Neutral,0.0,0.5470182299613953,0.2893863320350647,0.5470182299613953,0.16359548270702362,Negative,-1.0,True,1.0,0.0,0.0,0.0,It it (stutter) drew on and on
267466$_$13,Neutral,0.0,0.5869880318641663,0.2386285662651062,0.5869880318641663,0.17438338696956635,Neutral,0.0,False,0.0,0.0,0.0,0.0,"(umm) The basic plot of the story is that this guy, Franco, is a film maker and he's worried about (uhh) getting his daughter married to this extremist religious guy who's kind of crazy"
267466$_$38,Negative,-1.03626549243927,0.7982881665229797,0.7982881665229797,0.1271645873785019,0.07454725354909897,Neutral,0.0,True,1.03626549243927,0.0,0.0,0.0,"(umm) If they would've broken it up I mean, then it's just different films so you can't even, it's comparing apples to oranges kind of"
267466$_$35,Negative,-1.3973875045776367,0.8958816528320312,0.8958816528320312,0.051327675580978394,0.05279071256518364,Negative,-1.0,False,0.3973875045776367,0.0,0.0,0.0,I mean entertainment value here is what I want and that's not what I was given in this film at all
267466$_$34,Negative,-1.130339503288269,0.8500068187713623,0.8500068187713623,0.08850269764661789,0.06149052456021309,Negative,-2.3333332538604736,False,1.2029937505722046,0.0,0.0,0.0,"And I don't think any movie should be that complex or that complicated, foreign or not"
267694$_$14,Negative,-1.4339615106582642,0.8991121649742126,0.8991121649742126,0.05409304425120354,0.04679486155509949,Negative,-2.3333332538604736,False,0.8993717432022095,0.0,0.0,0.0,(uhh) So I really don't recommend seeing it
267694$_$16,Neutral,0.0,0.4898946285247803,0.3680208921432495,0.4898946285247803,0.1420845240354538,Negative,-1.0,True,1.0,0.0,0.0,0.0,Do not see it on dvd
267694$_$3,Negative,-1.2394012212753296,0.8524971604347229,0.8524971604347229,0.09052422642707825,0.05697858706116676,Negative,-0.3333333432674408,False,0.9060678482055664,0.0,0.0,0.0,"It's about ninety minutes long and it's rated PG-thirteen for (uhh) crude and sexual content, comic violence, drug references, language"
267694$_$5,Neutral,0.0,0.4714588224887848,0.11934685707092285,0.4714588224887848,0.40919432044029236,Neutral,0.0,False,0.0,0.0,0.0,0.0,(uhh) I guess so more people can see it
267694$_$4,Negative,-0.6430113911628723,0.6719782948493958,0.6719782948493958,0.1847507804632187,0.14327089488506317,Neutral,0.0,True,0.6430113911628723,0.0,0.0,0.0,(uhh) It's from the makers of Scary Movie but this one's rated PG-thirteen
267694$_$7,Negative,-1.5039409399032593,0.9178779721260071,0.9178779721260071,0.042035236954689026,0.040086790919303894,Negative,-2.0,False,0.4960590600967407,0.0,0.0,0.0,I thought it was kind of bad
267694$_$6,Negative,-1.4581422805786133,0.9076766967773438,0.9076766967773438,0.04742017015814781,0.04490312561392784,Negative,-1.6666666269302368,False,0.20852434635162354,0.0,0.0,0.0,"It it's (stutter) not as good as the original Scary Movie, and it's not as good as pretty much any spoof movie"
273207$_$0,Neutral,0.0,0.7208123803138733,0.07667972892522812,0.7208123803138733,0.2025078982114792,Neutral,0.0,False,0.0,0.0,0.0,1.0,I am reviewing shop girl
273207$_$5,Negative,-0.009999999776482582,0.4603661000728607,0.4603661000728607,0.17812728881835938,0.3615066111087799,Positive,0.3333333432674408,True,0.34333333373069763,0.0,0.0,0.08695652173913049,"And so I had these expectations that this movie would be along the lines of (umm) Roxanne or (umm) You've Got Mail, Sleepless in Seattle, Never Been Kissed, that kind of cute romantic comedy"
273207$_$7,Negative,-1.5077859163284302,0.9152474403381348,0.9152474403381348,0.04658099636435509,0.03817155212163925,Negative,-0.3333333432674408,False,1.174452543258667,0.0,0.0,0.30000000000000004,(umm) It's actually a little odd
273207$_$9,Positive,0.8622238039970398,0.7051826119422913,0.06917290389537811,0.22564446926116943,0.7051826119422913,Negative,-0.3333333432674408,True,1.1955571174621582,0.0,0.0,0.0,A young guy that's not going anywhere and a rich older entrepreneur who's Steve Martin
273250$_$20,Neutral,0.0,0.5014495253562927,0.3053871989250183,0.5014495253562927,0.19316326081752777,Negative,-0.3333333432674408,True,0.3333333432674408,0.0,0.0,0.0,"And I mean, not necessarily like spy like, James Bond, but counter, like you know, investigation spy movies"
273250$_$3,Neutral,0.0,0.6067079901695251,0.2218589037656784,0.6067079901695251,0.17143309116363525,Negative,-0.6666666865348816,True,0.6666666865348816,0.0,0.0,0.0,"So, Traitor is a movie about (uhh), it's a basic spy movie"
273250$_$7,Neutral,0.0,0.5259566903114319,0.07194990664720535,0.5259566903114319,0.40209344029426575,Negative,-0.3333333432674408,True,0.3333333432674408,0.0,0.0,0.0,"And it turns out that this other sort of counter intelligence dude for the US, (uhh) is always seems to be connected to all of it"
273250$_$11,Neutral,0.0,0.6365497708320618,0.128535196185112,0.6365497708320618,0.23491506278514862,Negative,-1.3333333730697632,True,1.3333333730697632,0.0,0.0,0.0,"There's the investigation element, but that's it"
273250$_$12,Neutral,0.0,0.5983129143714905,0.18987159430980682,0.5983129143714905,0.2118154764175415,Negative,-2.6666667461395264,True,2.6666667461395264,0.0,0.0,0.0,"You know, what's the story, what's the point"
273250$_$16,Neutral,0.0,0.5521343350410461,0.24898596107959747,0.5521343350410461,0.19887971878051758,Negative,-2.3333332538604736,True,2.3333332538604736,0.0,0.0,0.0,"You know, it's missing the greater story to which the script plugs in to"
273250$_$19,Neutral,0.0,0.4805234968662262,0.1635543555021286,0.4805234968662262,0.355922132730484,Neutral,0.0,False,0.0,0.0,0.0,0.0,There are so many
275267$_$5,Negative,-0.507832407951355,0.4868225157260895,0.4868225157260895,0.40668705105781555,0.10649040341377258,Neutral,0.0,True,0.507832407951355,0.0,0.0,0.0,It's rated PG-thirteen
27v7Blr0vjw$_$0,Neutral,0.0,0.544988751411438,0.20285256206989288,0.544988751411438,0.25215867161750793,Negative,-0.3333333432674408,True,0.3333333432674408,0.0,0.0,0.0,"Some Boards have provision for committee members to serve who are not full Board members, not voting members of the Board."
27v7Blr0vjw$_$3,Positive,0.4568836987018585,0.5052569508552551,0.06414490938186646,0.43059810996055603,0.5052569508552551,Neutral,0.0,True,0.4568836987018585,0.0,0.0,0.0,"Student affairs academic affairs, that's another area where you may have some non-Board members serving."
28006$_$22,Negative,-1.342580795288086,0.8904635906219482,0.8904635906219482,0.05586586892604828,0.05367055535316467,Negative,-2.3333332538604736,False,0.9907524585723877,0.0,0.0,0.0,"Don't rent it, don't buy it, don't waste your time"
28006$_$0,Neutral,0.0,0.47605156898498535,0.24153053760528564,0.47605156898498535,0.28241783380508423,Negative,-2.6666667461395264,True,2.6666667461395264,0.0,0.0,0.0,"Hi, my name is Logan and this piece of dog crap is The League of Extraordinary Gentlemen"
28006$_$5,Negative,-0.3681248128414154,0.42955899238586426,0.42955899238586426,0.40956535935401917,0.16087564826011658,Negative,-1.6666666269302368,False,1.298541784286499,0.0,0.0,0.0,I don't know what they were thinking when they decided that Sean Connery should star as Alan Quartermain
28006$_$7,Negative,-1.1596156358718872,0.7666352391242981,0.7666352391242981,0.16121475398540497,0.07214992493391037,Negative,-2.3333332538604736,False,1.1737176179885864,0.0,0.0,0.0,It it's (stutter) pretty dumb
28006$_$13,Negative,-1.223594307899475,0.8382237553596497,0.8382237553596497,0.06962442398071289,0.09215190261602402,Negative,-2.3333332538604736,False,1.1097389459609985,0.0,0.0,0.0,It's like he was really hurting for money so he picked the first script that came along
28006$_$15,Negative,-1.4432411193847656,0.9002289175987244,0.9002289175987244,0.054120901972055435,0.04565020278096199,Negative,-1.6666666269302368,False,0.2234255075454712,0.0,0.0,0.0,It doesn't make a lot of sense
28006$_$17,Neutral,0.0,0.5629469752311707,0.2569826543331146,0.5629469752311707,0.18007035553455353,Negative,-2.0,True,2.0,0.0,0.0,0.0,So they go up into the mountains or something after the bad guy
28006$_$16,Negative,-0.9722282886505127,0.7646987438201904,0.7646987438201904,0.143987774848938,0.09131348133087158,Negative,-1.3333333730697632,False,0.3611050844192505,0.0,0.0,0.0,"The action sequences are sometimes way too long and sometimes they're too short and it just, it jumps around, it's like oh he's going to his, you know, his (uhh) his castle of fortressness, we have to go get him"
286943$_$5,Negative,-0.9517243504524231,0.8390092849731445,0.8390092849731445,0.04636518284678459,0.11462554335594177,Negative,-1.3333333730697632,False,0.3816090226173401,0.0,0.0,0.0,"This movie (umm) if you saw previews for it it looks kind of funny, but this movie actually wasn't very funny"
29751$_$10,Neutral,0.0,0.518322765827179,0.2921391725540161,0.518322765827179,0.18953804671764374,Neutral,0.0,False,0.0,0.0,0.0,0.0,"So if that gives you any indication of where this movie is going, (umm) if that doesn't I don't know what will"
29751$_$1,Neutral,0.0,0.6597742438316345,0.05888599157333374,0.6597742438316345,0.2813397943973541,Neutral,0.0,False,0.0,0.0,0.0,0.0,This is a story of a bunch of college students who go to an island for (umm) a treasure hunt
29751$_$9,Neutral,0.0,0.5371933579444885,0.31169429421424866,0.5371933579444885,0.15111230313777924,Neutral,0.0,False,0.0,0.0,0.0,0.0,(umm) I I (stutter) have to mention that on the back of the dvd it actually says evil has gone wack
2BuFtglEcaY$_$11,Positive,1.1278966665267944,0.8663275837898254,0.03187684714794159,0.10179558396339417,0.8663275837898254,Positive,2.3333332538604736,False,1.2054365873336792,0.0,0.0,0.4285714285714286,"This event has once again been seamlessly executed, serving as a needed antithesis to the current presidential campaign"
2BuFtglEcaY$_$6,Positive,0.8543074727058411,0.7702265381813049,0.02835053950548172,0.20142285525798798,0.7702265381813049,Positive,1.0,False,0.14569252729415894,0.0,0.0,0.0,I'm hoping we're going to continue that in the future
2ItiGjefTRA$_$3,Negative,-0.12156111747026443,0.4527336657047272,0.4527336657047272,0.3528035879135132,0.19446273148059845,Neutral,0.0,True,0.12156111747026443,0.0,0.0,0.0,"The test we're using costs forty dollars, at a local pharmacy and there's no need to pay eighty dollars for two, when you could have done it with one."
2ItiGjefTRA$_$4,Negative,-0.6891441941261292,0.7332671284675598,0.7332671284675598,0.18283593654632568,0.0838969349861145,Negative,-0.6666666865348816,False,0.02247750759124756,0.0,0.0,0.0,"The test can only be used on urine, you're not going to be able to test blood or saliva or any other bodily fluids, so there's really no point in using anything but urine."
2W-U94hXuK0$_$3,Negative,-0.8250229954719543,0.7904228568077087,0.7904228568077087,0.12750549614429474,0.08207165449857712,Negative,-3.0,False,2.1749770641326904,0.0,0.0,0.0,"Or I see what happened in the Rwandan genocide, with the slamming of babies against the walls of churches, you know, of families seeing their own children killed in front of their eyes, and other loved ones."
2W-U94hXuK0$_$4,Negative,-0.712836742401123,0.7983711361885071,0.7983711361885071,0.11721370369195938,0.08441516757011414,Negative,-2.0,False,1.287163257598877,0.0,0.0,0.0,And I see the brutality and the animus in the eyes of the people doing those crimes.
2fbBrB1nJEQ$_$0,Positive,1.1516164541244507,0.8356303572654724,0.061385344713926315,0.10298428684473038,0.8356303572654724,Positive,2.0,False,0.8483835458755493,0.0,0.0,0.7857142857142857,"We are now inside the main auditorium, where family and friends will witness the entire event - what a fanatic view their are treated too today"
2m58ShI1QSI$_$2,Positive,0.6438117027282715,0.6278007626533508,0.041797902435064316,0.33040130138397217,0.6278007626533508,Positive,0.3333333432674408,False,0.3104783594608307,0.0,0.0,0.0,"That brings us to tonight, the Universal Design Grand Challenge"
2vsgDSlJ9pU$_$0,Neutral,0.0,0.4855627119541168,0.04978494718670845,0.4855627119541168,0.46465229988098145,Neutral,0.0,False,0.0,0.0,0.0,0.0,I'm Don Varney of Varney Speaks and on behalf of Expert Village.
2vsgDSlJ9pU$_$13,Positive,0.9251129031181335,0.7938295006752014,0.0772876963019371,0.1288827508687973,0.7938295006752014,Positive,0.6666666865348816,False,0.25844621658325195,0.0,0.0,0.0,"Get a special phone, special email, get your family aware of what's going on, take the entry level job if that's what it takes, and just have yourself a great interview processing."
2ze94yo2aPo$_$0,Positive,1.0030375719070435,0.8397882580757141,0.025959588587284088,0.1342521458864212,0.8397882580757141,Positive,2.0,False,0.9969624280929565,0.0,0.0,0.0,"For over 10 years HOCK international has offered high-quality CIA study materials in English, and now in partnership with Al-Joman Consultancy in Amman, Jordan, (Sarh Al-Joman Training) we are pleased to offer our high-quality CIA Textbooks in Arabic."
2ze94yo2aPo$_$5,Positive,0.48303866386413574,0.5398895144462585,0.05083640292286873,0.4092741012573242,0.5398895144462585,Positive,1.0,False,0.5169613361358643,0.0,0.0,0.0,"Shipping is free to all Arabic-speaking countries, and orders are fulfilled from Amman for delivery in just a few days."
35694$_$10,Neutral,0.0,0.5272295475006104,0.2584514319896698,0.5272295475006104,0.21431903541088104,Neutral,0.0,False,0.0,0.0,0.0,0.0,I'm pretty sure
35694$_$17,Negative,-0.8977774977684021,0.7857308387756348,0.7857308387756348,0.07107705622911453,0.1431921124458313,Negative,-1.6666666269302368,False,0.7688891291618347,0.0,0.0,0.0,"Not a whole lot, but it has like how they created you know, some of the (umm) some of the character, you know, CGI stuff, and everything like that, and how they destroyed a lot of the buildings and stuff like that, but I mean, the movie kind of just isn't that great, so I mean you probably don't wanna pick this DVD up because (umm) the movie's not that great, so you won't be that interested in the special features, so (umm) I'd skip over this one and (uhh) look for another one"
3At-BKm9eYk$_$5,Negative,-0.5281277298927307,0.7351433634757996,0.7351433634757996,0.051437024027109146,0.213419571518898,Negative,-0.3333333432674408,False,0.19479438662528992,0.0,0.0,0.25,"Maybe I can say it was one of the worst days in my life, but it changed to one of the best days in my life later"
3HyAaqre_Fk$_$2,Positive,0.7843697667121887,0.7296881675720215,0.09696074575185776,0.17335109412670135,0.7296881675720215,Positive,1.0,False,0.21563023328781128,0.0,0.0,0.0,"The one thing that really stands out is no matter which conference I attend, there seems to be very close to a consensus on many issues."
3HyAaqre_Fk$_$6,Positive,1.1877976655960083,0.8924198150634766,0.0454125702381134,0.06216752901673317,0.8924198150634766,Positive,1.3333333730697632,False,0.14553570747375488,0.0,0.0,0.0,"I also had a chance to watch some kids yesterday, especially I think some of the young speakers from Malawi, really made an impact."
3OYY5Tsz_2k$_$7,Neutral,0.0,0.6027401089668274,0.05774993821978569,0.6027401089668274,0.3395099639892578,Neutral,0.0,False,0.0,0.0,0.0,0.0,Now the cable box will come with the coax out that will go straight out of the coax box.
3REPHw7oLWo$_$13,Positive,1.0222268104553223,0.8453474044799805,0.05557854101061821,0.09907402843236923,0.8453474044799805,Positive,0.3333333432674408,False,0.6888934373855591,0.0,0.0,0.0,"And so our ability to really blunt that, to get in the middle of that down at that very local level, in the store by store basis, were really critical for not just the retailer success, but everyone who puts stuff on a retail shelf."
3wHE78v9zr4$_$24,Positive,0.6986352801322937,0.7217581868171692,0.06609218567609787,0.21214957535266876,0.7217581868171692,Positive,1.3333333730697632,False,0.6346980929374695,0.0,0.0,0.0,"We believe that the right to read, the right to information is a fundamental right and by ratifying Marrakesh we will secure a major victory in our right to read campaign"
3wHE78v9zr4$_$7,Positive,0.5234158635139465,0.5682774186134338,0.05118180811405182,0.38054075837135315,0.5682774186134338,Positive,1.6666666269302368,False,1.1432507038116455,0.0,0.0,0.0,I'm Rose Sloan and this year we are advocating for the Transitioning to Integrated and Meaningful Employment Act or the TIME Act
3wHE78v9zr4$_$9,Positive,0.753764808177948,0.7229029536247253,0.06871110945940018,0.20838601887226105,0.7229029536247253,Positive,0.3333333432674408,False,0.4204314649105072,0.0,0.0,0.0,"We want them to transition their business model to ensure that all people with disabilities, especially those being paid subminimum wages have the opportunity to transition into integrated and meaningful employment that they strive for"
3wHE78v9zr4$_$12,Neutral,0.0,0.43091168999671936,0.3321917951107025,0.43091168999671936,0.23689647018909454,Positive,1.0,True,1.0,0.0,0.0,0.0,It's time for people with disabilities to receive fair wages
41381$_$7,Neutral,0.0,0.6082491874694824,0.21618147194385529,0.6082491874694824,0.17556937038898468,Neutral,0.0,False,0.0,0.0,0.0,0.0,"It it (stutter) is a thriller (umm) he wants this woman, the woman is you know not interested in the guy so he finds a (uhh), I won't tell the story but he gets possession of this girl and then tries to take care and win her heart over, but (uhh) the story's (uhh) related to that"
41381$_$8,Positive,0.28825151920318604,0.4472508430480957,0.20921535789966583,0.34353384375572205,0.4472508430480957,Positive,1.0,False,0.711748480796814,0.0,0.0,0.0,"Watch this movie (umm) one time see, not bad"
424SXFTCFsA$_$3,Positive,1.218575119972229,0.8907508850097656,0.03142063319683075,0.07782852649688721,0.8907508850097656,Positive,1.3333333730697632,False,0.11475825309753418,0.0,0.0,0.0,"Angel investors, venture capitalists, accelerators, and incubators all provide different opportunities to get the resources that you need."
424SXFTCFsA$_$2,Positive,0.38525524735450745,0.464331716299057,0.10643921047449112,0.4292290508747101,0.464331716299057,Positive,1.3333333730697632,False,0.9480781555175781,0.0,0.0,0.0,"Spending on your business, you might want to start seeking investment."
424SXFTCFsA$_$4,Positive,0.9682714939117432,0.8160399794578552,0.026411810889840126,0.1575482189655304,0.8160399794578552,Positive,2.0,False,1.0317285060882568,0.0,0.0,0.0,"Let's look into who these investors are, and how they can help your business."
46495$_$9,Negative,-1.3989752531051636,0.8956038951873779,0.8956038951873779,0.04552411660552025,0.05887197330594063,Negative,-2.0,False,0.6010247468948364,0.0,0.0,0.0,"It just, by the time you get to the end of the movie it felt like a waste of time to have watched any of it"
46615$_$1,Neutral,0.0,0.4623930752277374,0.3542437255382538,0.4623930752277374,0.1833631992340088,Negative,-1.3333333730697632,True,1.3333333730697632,0.0,0.0,0.375,"Starring (uhh) Charlie Sheen (umm) I guess now he's trying to take himself seriously since the box says, Charles Sheen, but (uhh) this is not a movie I would pick if I was Charles Sheen to launch my serious movie career"
4EDblUpJieU$_$7,Positive,1.123087763786316,0.8574342131614685,0.050262048840522766,0.09230371564626694,0.8574342131614685,Positive,1.3333333730697632,False,0.21024560928344727,0.0,0.0,0.0,"Send us your detailing question through the form below, and if you don't get a reply in one business day, we will give you a 5% discount."
53609$_$10,Negative,-1.520580768585205,0.9097692370414734,0.9097692370414734,0.04979744926095009,0.040433406829833984,Negative,-2.0,False,0.4794192314147949,0.0,0.0,1.0,I knew it was going to be bad
53609$_$13,Negative,-1.464462399482727,0.9099375605583191,0.9099375605583191,0.046437591314315796,0.043624844402074814,Negative,-2.0,False,0.535537600517273,0.0,0.0,0.5833333333333333,"(umm) It was still pretty bad, you know? Most of the people in the movie I didn't know"
53609$_$3,Negative,-0.5034895539283752,0.5422434210777283,0.5422434210777283,0.33279648423194885,0.12496008723974228,Neutral,0.0,True,0.5034895539283752,0.0,0.0,0.9,"You know, it's the hills have eyes, the first the one the family gets trapped, stays in the hills, (umm) which used to be, they used to test nuclear weapons there"
53609$_$7,Negative,-1.236807107925415,0.8632547855377197,0.8632547855377197,0.07776374369859695,0.05898148939013481,Negative,-1.6666666269302368,False,0.4298595190048218,0.0,0.0,0.5,So if you saw The Hills Have Eyes One you're probably thinking why not add soldiers? But (umm) it was it was a bad movie
53766$_$4,Positive,0.7040160298347473,0.745659351348877,0.05786498263478279,0.19647562503814697,0.745659351348877,Positive,2.3333332538604736,False,1.629317283630371,0.0,0.0,0.0,"(uhh) spanning thirty years of their career of such a phenomenal band (uhh) that, that (stutter) really is more influential to rock (uhh) and than than (stutter) so many other bands out there, I mean there are still going today"
53766$_$9,Positive,0.9422828555107117,0.8160092830657959,0.049198076128959656,0.13479261100292206,0.8160092830657959,Positive,2.0,False,1.0577170848846436,0.0,0.0,0.0,"I definitely pick it up if you are a fan, if you just are a kid today and want to know what a great rock band out there is still living and, and working and breathing sounds like you know, pick it up and check it out"
56989$_$12,Negative,-0.7688810229301453,0.7984516620635986,0.7984516620635986,0.08143611997365952,0.12011218070983887,Negative,-0.6666666865348816,False,0.10221433639526367,0.0,0.0,0.0,"(umm) Eva Mendes can't really act well, but she is extremely easy on the eyes"
56989$_$5,Negative,-1.504804015159607,0.8980965614318848,0.8980965614318848,0.04561030864715576,0.05629316344857216,Negative,-2.3333332538604736,False,0.8285292387008667,0.0,0.0,0.0,(uhh) The story was really boring
56989$_$9,Positive,0.9044587016105652,0.7692241072654724,0.045457422733306885,0.1853184700012207,0.7692241072654724,Positive,1.0,False,0.09554129838943481,0.0,0.0,0.0,It was cool to see that
59673$_$4,Negative,-0.49735257029533386,0.5854059457778931,0.5854059457778931,0.2564378082752228,0.15815621614456177,Positive,1.0,True,1.4973526000976562,0.0,0.0,0.0,And I always like it had been a movie in the back of my head that I'd been wanting to rent or buy for a long time
59673$_$6,Negative,-0.801389217376709,0.6401669979095459,0.6401669979095459,0.2755711078643799,0.08426191657781601,Negative,-0.3333333432674408,False,0.4680558741092682,0.0,0.0,0.0,It's like an old stool like (umm) you know like a murder theme mystery in someone's house
5eY4S1F62Z4$_$13,Negative,-0.2718035876750946,0.6274468898773193,0.6274468898773193,0.20753882825374603,0.16501425206661224,Positive,0.3333333432674408,True,0.6051369309425354,0.0,0.0,0.0,"It�s not uncommon for approved buyers to get their loans denied right before their closing, although it�s getting better than it was just a couple of years ago as credit standards have begun loosening somewhat again"
5eY4S1F62Z4$_$17,Neutral,0.0,0.5545478463172913,0.12477577477693558,0.5545478463172913,0.32067641615867615,Positive,0.3333333432674408,True,0.3333333432674408,0.0,0.0,0.0,"If you need to sell a property in or near Washington DC, we can help"
5fKPJPFqPho$_$2,Positive,0.4009799063205719,0.5064795017242432,0.05411568656563759,0.43940481543540955,0.5064795017242432,Positive,0.6666666865348816,False,0.2656867802143097,0.0,0.0,0.0,The order you number candidates is important and will impact on which candidates are elected
5lrDS7LluCA$_$4,Positive,1.1831797361373901,0.8287138342857361,0.11529117822647095,0.05599497631192207,0.8287138342857361,Positive,1.0,False,0.18317973613739014,0.0,0.0,0.4285714285714286,It was just a lot of fun
5pxFqJ5hKMU$_$2,Neutral,0.0,0.488933801651001,0.04253377392888069,0.488933801651001,0.46853235363960266,Neutral,0.0,False,0.0,0.0,0.0,0.0,"My name is Adriel Torres, and I'm the owner of Ultimate Credit Today.com."
5vwXp27bCLw$_$16,Neutral,0.0,0.5797223448753357,0.28641101717948914,0.5797223448753357,0.13386665284633636,Neutral,0.0,False,0.0,0.0,0.0,0.0,Who is going to make that decision on who exactly was a speculator or who is going to make the decision on who bought a home that they could not afford.
5xa0Ac2krGs$_$2,Negative,-0.06494888663291931,0.454974502325058,0.454974502325058,0.2927298843860626,0.2522956430912018,Negative,-0.3333333432674408,False,0.2683844566345215,0.0,0.0,0.0,"The major indexes all pulled back today, all down around a half a percent, give or take, as both U.S."
5xa0Ac2krGs$_$7,Neutral,0.0,0.5167540907859802,0.0457603745162487,0.5167540907859802,0.43748557567596436,Positive,0.3333333432674408,True,0.3333333432674408,0.0,0.0,0.0,"So to find out what those are, check out the link in the description of this video and check back in about an hour for our Stock Market Today video."
61531$_$3,Neutral,0.0,0.5931447148323059,0.07634550333023071,0.5931447148323059,0.3305097818374634,Neutral,0.0,False,0.0,0.0,0.0,0.0,Today I want to talk to you about a DVD
61531$_$9,Positive,0.720320463180542,0.6330240368843079,0.06207583472132683,0.3049001097679138,0.6330240368843079,Positive,2.0,False,1.279679536819458,0.0,0.0,0.0,(umm) It's a classic
63951$_$1,Neutral,0.0,0.5140479207038879,0.11377967149019241,0.5140479207038879,0.37217238545417786,Neutral,0.0,False,0.0,0.0,0.0,0.0,(uhh) What Pathfinder's about is it's about before America was discovered by (stutter) Christopher Columbus it was discovered by vikings
67uKYi7mslE$_$3,Neutral,0.0,0.5595244765281677,0.13598699867725372,0.5595244765281677,0.30448856949806213,Positive,0.6666666865348816,True,0.6666666865348816,0.0,0.0,0.0,"We want them to know what to expect, try to give them as good an estimate as we can with their insurance"
67uKYi7mslE$_$4,Neutral,0.0,0.57826828956604,0.16385406255722046,0.57826828956604,0.2578776180744171,Neutral,0.0,False,0.0,0.0,0.0,0.0,That can be interesting at times dealing with their insurance companies because they’re sometimes a moving target
69824$_$5,Negative,-0.8409798741340637,0.8397951722145081,0.8397951722145081,0.0379565991461277,0.12224819511175156,Negative,-2.6666667461395264,False,1.8256869316101074,0.0,0.0,0.0,And I hated it and animation was pretty terrible
6EDoVEm16fU$_$13,Positive,1.178642749786377,0.8922678828239441,0.02751505933701992,0.08021700382232666,0.8922678828239441,Positive,1.3333333730697632,False,0.15469062328338623,0.0,0.0,0.0,I've come back after my placement so much more motivated because I know what's out there and what I need to do to get there.
6EDoVEm16fU$_$4,Positive,1.0269466638565063,0.8526952862739563,0.03604557737708092,0.1112591028213501,0.8526952862739563,Positive,1.6666666269302368,False,0.6397199630737305,0.0,0.0,0.0,"What I got from this role was mainly confidence, like the change throughout the year, like when you started, one of the main roles is to go to a meeting every morning where you're talking to the leaders of each Department."
6EDoVEm16fU$_$6,Positive,0.7659094929695129,0.6672182679176331,0.12261911481618881,0.21016259491443634,0.6672182679176331,Positive,1.0,False,0.23409050703048706,0.0,0.0,0.0,"it had increased massively from the start, when you're a bit shy, when you walk in."
6EJHA6IDLNk$_$3,Positive,0.5740899443626404,0.5718093514442444,0.06724175810813904,0.3609488904476166,0.5718093514442444,Positive,0.6666666865348816,False,0.09257674217224121,0.0,0.0,0.0,"Lisa Migliore Black: Well, you know, the first step is, um, has been taken: The task force has been created."
6EJHA6IDLNk$_$4,Positive,0.8161547183990479,0.741746187210083,0.10808082669973373,0.15017296373844147,0.741746187210083,Neutral,0.0,True,0.8161547183990479,0.0,0.0,0.0,"Of course, I asked for it because I think this first step is long overdue, as do many members."
6RFVsOWK1m4$_$7,Negative,-0.9694446921348572,0.8267748951911926,0.8267748951911926,0.11384544521570206,0.05937965586781502,Negative,-0.6666666865348816,False,0.3027780055999756,0.0,0.0,0.0,"For example, the consequence may be that if they continue with the inappropriate comments you'll have to discontinue their treatment."
6RFVsOWK1m4$_$9,Positive,0.9764657616615295,0.8311452865600586,0.03374217450618744,0.13511256873607635,0.8311452865600586,Positive,1.0,False,0.02353423833847046,0.0,0.0,0.0,"If you need to discuss this, please contact me at the College at (416) 591-3828 extension 241."
6brtMLkjjYk$_$0,Positive,0.4776324927806854,0.6061764359474182,0.07391644269227982,0.31990712881088257,0.6061764359474182,Positive,2.0,False,1.5223674774169922,0.0,0.0,0.0,"If you are searching for a good investment option, consider betterment."
6gtfeIqGasE$_$0,Positive,1.2209473848342896,0.8381856083869934,0.07707705348730087,0.08473727852106094,0.8381856083869934,Positive,1.3333333730697632,False,0.11238598823547363,0.0,0.0,0.0,"shook"" is kind of a burnt burnt coral they called it, and I like that it actually is the color that that they say"
6uoM8-9d0zA$_$4,Positive,0.6511728763580322,0.6728187203407288,0.03198167681694031,0.29519960284233093,0.6728187203407288,Positive,0.6666666865348816,False,0.015493810176849365,0.0,0.0,0.0,subsidiary will be one of the first real-time processing systems in the U.S.
79356$_$7,Negative,-1.0294052362442017,0.7821352481842041,0.7821352481842041,0.12684951722621918,0.09101521968841553,Positive,2.6666667461395264,True,3.6960721015930176,0.0,0.0,0.0,"Very long movie but, (stutter) the time flies by, absolutely fantastic"
79356$_$9,Neutral,0.0,0.6285274028778076,0.20174197852611542,0.6285274028778076,0.16973061859607697,Positive,1.0,True,1.0,0.0,0.0,0.0,"(uhh) There's some tense scenes in it, some hunting scenes"
7IxmlIwqigw$_$20,Neutral,0.0,0.5949862599372864,0.09220016002655029,0.5949862599372864,0.31281358003616333,Positive,0.6666666865348816,True,0.6666666865348816,0.0,0.0,0.0,So there’s things included in the price of a ticket that we feel should be included.
7IxmlIwqigw$_$16,Positive,0.4112362563610077,0.4995441138744354,0.07813621312379837,0.4223197400569916,0.4995441138744354,Positive,0.6666666865348816,False,0.2554304301738739,0.0,0.0,0.0,"So we already still have free drinks onboard the plane, you know, free soft drinks, free snacks."
7deoh0NoMs4$_$0,Positive,0.9946656227111816,0.8417261242866516,0.030729161575436592,0.12754474580287933,0.8417261242866516,Positive,2.0,False,1.0053343772888184,0.0,0.0,0.0,"Accenture has been positioned in the “Leaders” quadrant of Gartner, Inc.’s recently published “Magic Quadrant for Business Operations Consulting, Worldwide."
7f3ndBCx_JE$_$19,Positive,1.198975682258606,0.8992504477500916,0.028879845514893532,0.07186970859766006,0.8992504477500916,Positive,2.0,False,0.801024317741394,0.0,0.0,0.0,"Three body parts, a killer introduction, and a great conclusion, but it all starts with your topic."
7mb8Y2AhXIY$_$6,Positive,0.706683337688446,0.7210530638694763,0.07288205623626709,0.20606489479541779,0.7210530638694763,Positive,2.0,False,1.2933166027069092,0.0,0.0,0.0,I think the other trend I think is important people are trusting their friends and families more than ever to recommend things to them.
83400$_$5,Negative,-0.3469969928264618,0.48208940029144287,0.48208940029144287,0.3937407433986664,0.12416991591453552,Neutral,0.0,True,0.3469969928264618,0.0,0.0,0.0,"They don't really live, it's just survive"
86c2OkQ3_U8$_$22,Positive,0.912569522857666,0.8458530306816101,0.04979367554187775,0.10435334593057632,0.8458530306816101,Positive,2.0,False,1.087430477142334,0.0,0.0,0.0,"African-Americans, and all Americans, have a better life today because of Martin Luther King Jr."
86c2OkQ3_U8$_$3,Positive,0.49688878655433655,0.5626770853996277,0.05899917706847191,0.3783237636089325,0.5626770853996277,Positive,0.6666666865348816,False,0.16977789998054504,0.0,0.0,0.0,Presidents are the only other Americans who are remembered in this way.
88791$_$15,Positive,0.46233126521110535,0.499457985162735,0.04544610157608986,0.4550958573818207,0.499457985162735,Positive,0.3333333432674408,False,0.12899792194366455,0.0,0.0,1.0,(umm) Well any good one
88791$_$1,Neutral,0.0,0.7421824336051941,0.06615842878818512,0.7421824336051941,0.19165916740894318,Negative,-1.0,True,1.0,0.0,0.0,0.5,This is the movie
88791$_$2,Neutral,0.0,0.6514843106269836,0.20659643411636353,0.6514843106269836,0.14191925525665283,Neutral,0.0,False,0.0,0.0,0.0,0.0,Phone Booth
8XZszYrUSCQ$_$0,Positive,1.1169523000717163,0.8351032733917236,0.03515823185443878,0.1297384649515152,0.8351032733917236,Positive,1.0,False,0.11695230007171631,0.0,0.0,0.0,"Hello, my name is Brother Jack Aquilina the president of the Blue Lounge Social Club"
8i7u3fl-hP8$_$0,Positive,0.4978291094303131,0.5224089026451111,0.06821926683187485,0.40937185287475586,0.5224089026451111,Positive,1.3333333730697632,False,0.8355042934417725,0.0,0.0,0.0,"Men men men men, manly men men men"
8lfS97s2AKc$_$0,Negative,-1.309306025505066,0.89308100938797,0.89308100938797,0.05729677900671959,0.04962224140763283,Negative,-1.3333333730697632,False,0.024027347564697266,0.0,0.0,0.0,"Yeah, I'm never going that high again"
8lfS97s2AKc$_$7,Neutral,0.0,0.5634143352508545,0.13365602493286133,0.5634143352508545,0.3029295802116394,Negative,-1.0,True,1.0,0.0,0.0,0.0,"But because I liked hanging out with Madison, I dealt with Jasmine"
8wNr-NQImFg$_$8,Positive,0.593721330165863,0.639530599117279,0.05360085889697075,0.3068685531616211,0.639530599117279,Positive,0.3333333432674408,False,0.26038798689842224,0.0,0.0,0.0,Carson's own story is remarkable
8wQhzezNcUY$_$1,Positive,1.1909750699996948,0.886795699596405,0.033402565866708755,0.0798017606139183,0.886795699596405,Positive,2.0,False,0.8090249300003052,0.0,0.0,0.0,This is Begum Aga Khan and I'm very happy to join you today.
8wQhzezNcUY$_$2,Positive,1.2004880905151367,0.8963235020637512,0.038896966725587845,0.06477949023246765,0.8963235020637512,Positive,1.0,False,0.20048809051513672,0.0,0.0,0.0,Let me tell you what I believe is one of the most important things that all people should be doing in 2009 in order to fight poverty.
91844$_$10,Neutral,0.0,0.5297038555145264,0.26264265179634094,0.5297038555145264,0.2076534628868103,Negative,-0.3333333432674408,True,0.3333333432674408,0.0,0.0,0.0,And (umm) on the scale of one to ten
91844$_$5,Negative,-0.44434812664985657,0.666316568851471,0.666316568851471,0.1589566469192505,0.17472679913043976,Positive,3.0,True,3.444348096847534,0.0,0.0,0.0,(umm) Bound keeps me in suspense every time I watched it and I've seen it about a million times now
91844$_$7,Negative,-0.4240494966506958,0.7044491767883301,0.7044491767883301,0.09535755962133408,0.20019330084323883,Positive,0.6666666865348816,True,1.0907161235809326,0.0,0.0,0.0,But I've I've (stutter) watched it a lot
91844$_$9,Negative,-0.009999999776482582,0.3728964328765869,0.3728964328765869,0.26732274889945984,0.35978081822395325,Negative,-0.3333333432674408,False,0.32333335280418396,0.0,0.0,0.2954545454545454,"(umm) This isn't going to be a film that you can watch with your children, (umm) it's probably going to be something that you can watch on a date or (umm) with friends"
92291$_$1,Neutral,0.0,0.5912420153617859,0.1552698016166687,0.5912420153617859,0.2534881830215454,Positive,1.3333333730697632,True,1.3333333730697632,0.0,0.0,0.0,"Anyways, Ice Cube plays this guy named Nick Persons who has just married the woman of his dreams, Suzanne, and (umm) he wants to settle down so he buys a quiet suburban house to escape, you know, the hustle and bustle of, you know, the city life"
92291$_$2,Positive,0.7075660824775696,0.6382001042366028,0.07512343674898148,0.2866764962673187,0.6382001042366028,Neutral,0.0,True,0.7075660824775696,0.0,0.0,0.0,"{clears throat} And (umm) and, you know, to open up space for his new wife and (stutter) kids, Lindsay and Kevin"
92291$_$5,Negative,-0.9638369679450989,0.8457216620445251,0.8457216620445251,0.03833695873618126,0.1159413754940033,Negative,-2.3333332538604736,False,1.3694963455200195,0.0,0.0,0.0,"I just felt like all the jokes were not that funny, (umm) and there were some funny parts but really not, not (stutter) really"
92496$_$0,Negative,-0.2943331301212311,0.4735635817050934,0.4735635817050934,0.38761892914772034,0.13881747424602509,Negative,-2.6666667461395264,False,2.372333526611328,0.0,0.0,0.0,"Hey, (uhh) this is a review of Are We Done Yet which is a (uhh) (uhh) abysmal movie starring (uhh) ice cube"
93iGT5oueTA$_$12,Negative,-1.3823962211608887,0.9170346856117249,0.9170346856117249,0.03825266286730766,0.044712599366903305,Negative,-2.0,False,0.6176037788391113,0.0,0.0,0.0,"And breaking bad, again, I just did not care about all of these men, sorry"
93iGT5oueTA$_$4,Neutral,0.0,0.5718948841094971,0.08417713642120361,0.5718948841094971,0.3439279794692993,Positive,1.3333333730697632,True,1.3333333730697632,0.0,0.0,0.0,Rory and books in Gilmore Girls
94481$_$2,Negative,-0.40669265389442444,0.47275686264038086,0.47275686264038086,0.3229219317436218,0.2043212205171585,Positive,0.6666666865348816,True,1.0733593702316284,0.0,0.0,0.0,It's epic
94481$_$4,Positive,0.40964463353157043,0.49025416374206543,0.09218651801347733,0.41755929589271545,0.49025416374206543,Positive,2.6666667461395264,False,2.2570221424102783,0.0,0.0,0.0,"(umm) The the (stutter) battles, is, they're perfect"
97ENTofrmNo$_$0,Positive,0.8733610510826111,0.8128674030303955,0.050283532589673996,0.1368490606546402,0.8128674030303955,Positive,1.3333333730697632,False,0.4599723219871521,0.0,0.0,0.0,"Hi, Harrison Ford here, inviting you to join me and Ryan Gosling on the set of the new Blade Runner movie, here in Budapest"
9GzFQBljNIY$_$0,Neutral,0.0,0.6173449158668518,0.19495384395122528,0.6173449158668518,0.1877012997865677,Neutral,0.0,False,0.0,0.0,0.0,0.0,as opposed to pursuing rationality
9PzZSheh10U$_$24,Positive,0.7436425685882568,0.7718216776847839,0.030456235632300377,0.19772209227085114,0.7718216776847839,Positive,2.3333332538604736,False,1.5896906852722168,0.0,0.0,0.0,"Let's build the right strategies or programs to increase customer loyalty, and let's take what our customers are saying and include their feedback"
9PzZSheh10U$_$23,Neutral,0.0,0.4657948911190033,0.11523380130529404,0.4657948911190033,0.41897130012512207,Positive,0.6666666865348816,True,0.6666666865348816,0.0,0.0,0.0,A customer-centric organization speaks like this: Our customers are telling us we need to do more of this or less of that
9PzZSheh10U$_$5,Neutral,0.0,0.4917509853839874,0.06499636918306351,0.4917509853839874,0.44325265288352966,Neutral,0.0,False,0.0,0.0,0.0,0.0,"A question that I'm asked very frequently is, ""what is the difference between customer experience, customer service, and customer centricity?"" Let's start off by explaining what customer experience is: customer experience is a collection of events that your customers experience or goes through when doing business with you from beginning to end"
9PzZSheh10U$_$19,Neutral,0.0,0.6046555638313293,0.05858100578188896,0.6046555638313293,0.336763471364975,Positive,0.3333333432674408,True,0.3333333432674408,0.0,0.0,0.0,Let me give you an example
9cYNT_YSo8o$_$2,Negative,-1.1366381645202637,0.8748159408569336,0.8748159408569336,0.06840458512306213,0.05677947402000427,Negative,-1.0,False,0.13663816452026367,0.0,0.0,0.02564102564102566,"We’ll never forget the horrors of genocide in Bosnia or the many other crimes committed on all sides of the conflict in the former Yugoslavia, nor will we ever stop honoring their victims and survivors."
9orb0lQnVW4$_$0,Neutral,0.0,0.6365650296211243,0.12479611486196518,0.6365650296211243,0.23863889276981354,Neutral,0.0,False,0.0,0.0,0.0,0.30000000000000004,"This is Patrick Munro, financial adviser, remarking on our home equity lines of credit being lowered."
A1lFJXUpxZo$_$7,Positive,1.1882699728012085,0.8991971015930176,0.02716165967285633,0.07364120334386826,0.8991971015930176,Positive,1.6666666269302368,False,0.4783966541290283,0.0,0.0,0.0,I think one of the things that New Futures is very well positioned to do is to get good input and involvement from the community into the Promise Neighborhood initiative.
AB1PbMaW03s$_$13,Neutral,0.0,0.6791782379150391,0.12001333385705948,0.6791782379150391,0.20080846548080444,Neutral,0.0,False,0.0,0.0,0.0,1.0,"Then it sent the Arduino some commands and received the replies, pausing after each one."
AB1PbMaW03s$_$3,Positive,0.49189579486846924,0.5646230578422546,0.034045059233903885,0.40133193135261536,0.5646230578422546,Positive,0.3333333432674408,False,0.15856245160102844,0.0,0.0,1.0,"The goal of the project is to run theater lights from my TI-84. For more details, click the link in the description."
AB1PbMaW03s$_$8,Neutral,0.0,0.7239501476287842,0.08689288049936295,0.7239501476287842,0.18915699422359467,Neutral,0.0,False,0.0,0.0,0.0,1.0,"Notice that the Arduino is going to be powered by the calculator, not a computer."
AHiA9hohKr8$_$0,Positive,0.7171158194541931,0.7002267241477966,0.04027746990323067,0.2594958543777466,0.7002267241477966,Neutral,0.0,True,0.7171158194541931,0.0,0.0,1.0,"sector, and a more growth-promoting sector"
C5-cY1nPQ20$_$11,Positive,1.01137375831604,0.8581705689430237,0.043656814843416214,0.0981726422905922,0.8581705689430237,Positive,0.6666666865348816,False,0.34470707178115845,0.0,0.0,0.0,""" And when I heard that a lot of things started to make sense"
C5-cY1nPQ20$_$8,Positive,0.935539722442627,0.8006680607795715,0.0539395697414875,0.14539234340190887,0.8006680607795715,Positive,0.3333333432674408,False,0.6022063493728638,0.0,0.0,0.0,"And as I was standing around one of the young men came to me and said ""Hey Kofi how you doing"
CKqDDh50gcU$_$14,Positive,1.2448687553405762,0.8943490386009216,0.031000442802906036,0.0746506005525589,0.8943490386009216,Positive,1.3333333730697632,False,0.08846461772918701,0.0,0.0,0.0,Go to YouTube.com/citizentube and submit and vote on your ideas today.
CKqDDh50gcU$_$6,Positive,1.0351955890655518,0.8658348917961121,0.030103445053100586,0.10406170040369034,0.8658348917961121,Positive,1.6666666269302368,False,0.6314710378646851,0.0,0.0,0.0,"We'd love to hear your thoughts on this question and Congress would, too, but we wanna try a new way of collecting your ideas and letting you vote on the best ideas from other people as well."
CO2YoTZbUr0$_$0,Negative,-0.4541339874267578,0.6652981638908386,0.6652981638908386,0.23305608332157135,0.10164577513933182,Neutral,0.0,True,0.4541339874267578,0.0,0.0,0.0,"Well, it certainly isn't evidence FOR your claim"
CO6n-skQJss$_$0,Positive,0.3429896831512451,0.5498613715171814,0.23142682015895844,0.21871177852153778,0.5498613715171814,Neutral,0.0,True,0.3429896831512451,0.0,0.0,0.0,"hello class, I'm James and I don't know about you but the subtitle thing took me forever to figure out, just had to say that."
CO6n-skQJss$_$3,Positive,0.2083095759153366,0.45669853687286377,0.33957454562187195,0.20372694730758667,0.45669853687286377,Negative,-1.3333333730697632,True,1.5416429042816162,0.0,0.0,0.0,"I have applied it to behaviors tho, the best example I could give you is Adam in the garden because more often than not when you catch someone doing wrong the first thing they try to do is hide, the second thing is too use the proverbial fig leaf and try to cover it up and when all else fails they blame someone else, I think it's pretty scary how ritualistic we all really are."
CU6U-gS76K4$_$20,Positive,0.9170360565185547,0.7820259928703308,0.06174791231751442,0.15622609853744507,0.7820259928703308,Positive,1.6666666269302368,False,0.7496305704116821,0.0,0.0,0.0,"So if I’m talking to my father, he’s probably not so excited about Gowalla and Four Square, but he is using technology that I never thought he would use, which is his Facebook, ‘cause he loves to see his grandchildren on Facebook."
CbRexsp1HKw$_$7,Positive,0.5041170120239258,0.5259611010551453,0.19732701778411865,0.27671191096305847,0.5259611010551453,Neutral,0.0,True,0.5041170120239258,0.0,0.0,0.0,Just as there's different Christians and different Jews and different Muslims
ChhZna-aBK4$_$10,Positive,0.43722712993621826,0.5659825205802917,0.08923111110925674,0.3447863757610321,0.5659825205802917,Positive,0.3333333432674408,False,0.10389378666877747,0.0,0.0,0.0,"He was quick to point out that the hobby itself is doing well, while organized philately — which includes stamp shows, the APS and other hobby groups — presents what he called “a different story"
ChhZna-aBK4$_$16,Neutral,0.0,0.5159826874732971,0.04280969873070717,0.5159826874732971,0.4412076473236084,Neutral,0.0,False,0.0,0.0,0.0,0.0,"For Linn’s Stamp News and the Scott catalogs, I’m Chad Snee"
ChhZna-aBK4$_$8,Positive,0.6072251200675964,0.7032620310783386,0.031973276287317276,0.2647646963596344,0.7032620310783386,Positive,0.6666666865348816,False,0.059441566467285156,0.0,0.0,0.0,"As Linn’s associate editor Michael Baadke reports in our November 28 issue, attendees “enthusiastically discussed the topics of growing the hobby, the future of stamp shows, and dealers and philatelic partnerships, along with ways the leading organizations involved in the stamp hobby can work together to make it succeed and grow"
DVAY-u_cJWU$_$5,Positive,1.0227129459381104,0.867708683013916,0.04144741967320442,0.09084389358758926,0.867708683013916,Positive,1.0,False,0.02271294593811035,0.0,0.0,0.0,"And I'm pretty sure that the domestic market in India will become a very strong driver for economic development, even to the level of superpower."
DjcZrtcBZi4$_$10,Positive,0.6423117518424988,0.6608026027679443,0.06646040081977844,0.2727369964122772,0.6608026027679443,Positive,0.3333333432674408,False,0.308978408575058,0.0,0.0,0.040000000000000036,"If we want to build organizations that can innovate time and again, we must unlearn our conventional notions of leadership"
DjcZrtcBZi4$_$8,Positive,0.529265284538269,0.5940573811531067,0.04398742690682411,0.3619551956653595,0.5940573811531067,Neutral,0.0,True,0.529265284538269,0.0,0.0,0.04166666666666663,We ended up with pages and pages and pages of field notes that we analyzed and looked for patterns in what our leaders did
DnBHq5I52LM$_$5,Negative,-0.7131255269050598,0.7035145163536072,0.7035145163536072,0.2202397584915161,0.0762457475066185,Negative,-1.3333333730697632,False,0.6202078461647034,0.0,0.0,0.0,"Like, what-what is going on here"
DtbT85s3i94$_$5,Positive,0.5893309116363525,0.5548720955848694,0.08799497038125992,0.3571329116821289,0.5548720955848694,Positive,1.0,False,0.41066908836364746,0.0,0.0,0.8235294117647058,Thoracic extension all that means is just big chest ok curvature in your upper spine
EMS14J0odIE$_$16,Neutral,0.0,0.5384403467178345,0.1466333270072937,0.5384403467178345,0.3149263560771942,Negative,-0.3333333432674408,True,0.3333333432674408,0.0,0.0,0.0,You're also talking about when your children would be able to inherit assets and that may be a tricky proposition.
EO_5o9Gup6g$_$10,Negative,-0.35476651787757874,0.6052538752555847,0.6052538752555847,0.25265738368034363,0.14208875596523285,Negative,-0.6666666865348816,False,0.31190016865730286,0.0,0.0,0.0,"Worse, will the government come up with fines or additional costs if businesses have to lay people off in the future?"
EO_5o9Gup6g$_$4,Negative,-0.041415225714445114,0.5975578427314758,0.5975578427314758,0.1204192116856575,0.28202295303344727,Negative,-1.0,False,0.9585847854614258,0.0,0.0,0.0,"While it is nice to hear about business tax breaks, the positive results of these tax cuts will be dwarfed by its negative effects."
EO_5o9Gup6g$_$6,Negative,-0.44718149304389954,0.6597067713737488,0.6597067713737488,0.21048037707805634,0.1298128366470337,Negative,-2.0,False,1.5528185367584229,0.0,0.0,0.0,"Second of all, businesses are reluctant to hire and invest, not because they are looking for temporary credits, but because of future uncertainty; they simply don't know what the government is going to do next and how future government policies will affect decisions they make now."
EyoMU2yoJPY$_$11,Positive,1.1381012201309204,0.8774490356445312,0.039082154631614685,0.08346879482269287,0.8774490356445312,Positive,1.6666666269302368,False,0.5285654067993164,0.0,0.0,0.0,Grey parrots are great talkers and they learn usually quite well and quite rapid.
EyoMU2yoJPY$_$7,Negative,-0.5316956639289856,0.7196497917175293,0.7196497917175293,0.154999777674675,0.12535040080547333,Negative,-0.3333333432674408,False,0.1983623206615448,0.0,0.0,1.0,"Don't stress the parrot, don't overtire the parrot, don't expect too much at one time."
F2hc2FLOdhI$_$3,Negative,-0.6479873657226562,0.7463298439979553,0.7463298439979553,0.1591266244649887,0.09454355388879776,Positive,1.0,True,1.6479873657226562,0.0,0.0,0.0,The only thing that prevented them from succeeding was that their mind tricked them into believing they could not
F2hc2FLOdhI$_$5,Neutral,0.0,0.545196533203125,0.13814838230609894,0.545196533203125,0.31665509939193726,Positive,1.0,True,1.0,0.0,0.0,0.75,"In fact, we all have a default set of feelings and beliefs that gets triggered whenever we encounter frustrations and setbacks"
F8eQI8E-6q4$_$3,Negative,-0.8283321857452393,0.809971809387207,0.809971809387207,0.12242815643548965,0.06760009378194809,Negative,-0.6666666865348816,False,0.16166549921035767,0.0,0.0,0.0,The customer comes at you with a very upset loud tone; don't match the customers tone.
FHDVQkU-nGI$_$7,Positive,1.3741122484207153,0.8909914493560791,0.0479213185608387,0.061087220907211304,0.8909914493560791,Positive,2.0,False,0.6258877515792847,0.0,0.0,0.0,"Second, talk about what a great fit you would be in this position"
F_YaG_pvZrA$_$11,Positive,0.9919750094413757,0.8428239226341248,0.03804652765393257,0.11912951618432999,0.8428239226341248,Neutral,0.0,True,0.9919750094413757,0.0,0.0,0.0,So not only make your resume immaculate but also put in your cover letter just how important all of your experience is.
GAVpYuhMZAw$_$12,Neutral,0.0,0.558711588382721,0.15878801047801971,0.558711588382721,0.28250041604042053,Positive,1.0,True,1.0,0.0,0.0,0.0,"So look out for that, it is coming down the pipeline very shortly."
GAVpYuhMZAw$_$1,Neutral,0.0,0.523450493812561,0.14098764955997467,0.523450493812561,0.3355618417263031,Positive,2.0,True,2.0,0.0,0.0,0.0,"Rental income if taking into account, can add to your serviceability of that property significantly."
GAVpYuhMZAw$_$4,Neutral,0.0,0.6236898303031921,0.13405148684978485,0.6236898303031921,0.242258682847023,Positive,0.3333333432674408,True,0.3333333432674408,0.0,0.0,0.0,"The answer is yes, some lenders will take rental income into account."
GAVpYuhMZAw$_$6,Neutral,0.0,0.47612038254737854,0.379543662071228,0.47612038254737854,0.14433594048023224,Negative,-0.3333333432674408,True,0.3333333432674408,0.0,0.0,0.0,"There's one lender at the moment which I think is just Bankwest who don't take rental income into account, they take rental yield into account."
GK-Pprzh0t0$_$1,Negative,-0.5889766812324524,0.7143797278404236,0.7143797278404236,0.17690704762935638,0.10871326923370361,Negative,-1.6666666269302368,False,1.0776898860931396,0.0,0.0,0.0,And it was talking about the violence and how there was great concern that there were mass atrocities and potential genocide.
GKsjv42t284$_$1,Positive,1.0856395959854126,0.8774423003196716,0.029322922229766846,0.09323481470346451,0.8774423003196716,Positive,1.3333333730697632,False,0.24769377708435059,0.0,0.0,0.0,"But we're committed to working with you - the sector, consumers and communities - listening and, if necessary, adapting to ensure we get it right"
GMa0cIAltnw$_$3,Positive,0.36325833201408386,0.46321818232536316,0.11720781773328781,0.41957399249076843,0.46321818232536316,Positive,0.3333333432674408,False,0.029924988746643066,0.0,0.0,0.0,"You must come out and be separate, start following Jesus and get into an exclusive relationship with Him."
GNP0PFas12Y$_$4,Positive,0.40400660037994385,0.5222033858299255,0.24996519088745117,0.2278314232826233,0.5222033858299255,Positive,0.3333333432674408,False,0.07067325711250305,0.0,0.0,0.0,And I think that I don't personally let any of the obstacles get in my way.
HFPGeaEPy9o$_$0,Negative,-0.9508712887763977,0.8231714367866516,0.8231714367866516,0.10913276672363281,0.0676957443356514,Negative,-0.3333333432674408,False,0.6175379753112793,0.0,0.0,0.0,These critics argue that the welfare state breeds dependence and incompetence among those who receive it
HJTxq72GuMs$_$14,Positive,0.3857133388519287,0.4416216313838959,0.17934413254261017,0.37903425097465515,0.4416216313838959,Positive,0.6666666865348816,False,0.2809533476829529,0.0,0.0,0.0,"And finally I think the legal part, making sure that girls and women understand their rights so that if they succeed in business they have the property rights and they don't lose it just because everything is under their husband's name."
HMRqR-P68Ws$_$0,Neutral,0.0,0.7072727680206299,0.08011963963508606,0.7072727680206299,0.21260757744312286,Positive,1.0,True,1.0,0.0,0.0,0.6666666666666667,"Hi there, Eric Bakker, naturopath with another frequently asked question regarding Candida yeast infections."
HR18U0yAlTc$_$10,Positive,1.1917823553085327,0.8813325762748718,0.04126190021634102,0.07740556448698044,0.8813325762748718,Neutral,0.0,True,1.1917823553085327,0.0,0.0,0.0,I'm in my best shape ever now and I believe that I can win the K-1 WGP.
HR18U0yAlTc$_$4,Positive,0.685634195804596,0.6932192444801331,0.061483193188905716,0.24529755115509033,0.6932192444801331,Negative,-0.3333333432674408,True,1.0189675092697144,0.0,0.0,0.0,It's been 14 years since my debut and I've fought over 80 matches.
HR18U0yAlTc$_$9,Positive,0.9642192721366882,0.8302376866340637,0.04308061674237251,0.1266816407442093,0.8302376866340637,Negative,-0.3333333432674408,True,1.2975525856018066,0.0,0.0,0.0,"This year, I took a break from fighting and worked on getting myself in shape and let my injuries heal."
HbaycY0VuZk$_$0,Positive,0.6243288516998291,0.6088767647743225,0.05605519190430641,0.33506807684898376,0.6088767647743225,Positive,1.3333333730697632,False,0.7090045213699341,0.0,0.0,0.0,"Hey guys, Patricia Sweeney with SnagALife.com here, and I get a question a lot."
IHp8hd1jm6k$_$27,Positive,0.8448224067687988,0.7768497467041016,0.03984062373638153,0.18330959975719452,0.7768497467041016,Positive,1.3333333730697632,False,0.48851096630096436,0.0,0.0,0.0,"Like good communication, stories are situational so we definitely use a lot of different media"
IHp8hd1jm6k$_$0,Positive,0.4519909918308258,0.4895261824131012,0.16357898712158203,0.3468948304653168,0.4895261824131012,Positive,1.6666666269302368,False,1.2146756649017334,0.0,0.0,0.0,"When we talk to employers, they're telling us they pretty much expect our students to have the technical skills, and, if they don't, companies have their own universities and their own training programs to bring our students and new grads up to speed"
IHp8hd1jm6k$_$5,Positive,0.8344324231147766,0.7489895820617676,0.12131694704294205,0.12969350814819336,0.7489895820617676,Positive,1.0,False,0.1655675768852234,0.0,0.0,0.0,How in the world do you cut through? How does our student cut through? They cut through by being a great storyteller
IHp8hd1jm6k$_$7,Negative,-0.019776275381445885,0.37938228249549866,0.37938228249549866,0.2953512668609619,0.32526642084121704,Neutral,0.0,True,0.019776275381445885,0.0,0.0,0.0,So few people do that
IHp8hd1jm6k$_$15,Positive,0.9675465226173401,0.8198873400688171,0.030881771817803383,0.14923082292079926,0.8198873400688171,Positive,1.3333333730697632,False,0.3657868504524231,0.0,0.0,0.0,Understand the audience and make the story compelling by hooking them
IIPYcCii7Sg$_$3,Neutral,0.0,0.5157618522644043,0.05164026841521263,0.5157618522644043,0.43259790539741516,Negative,-0.3333333432674408,True,0.3333333432674408,0.0,0.0,0.5,JARLSTROM WANTS TO TELL THE WORLD ABOUT WHAT HE FOUND
IRSxo_XXArg$_$12,Positive,1.2675663232803345,0.8631648421287537,0.0854562520980835,0.05137883499264717,0.8631648421287537,Neutral,0.0,True,1.2675663232803345,0.0,0.0,0.0,"I thank a lot the Women in Technology program that offered us this opportunity and allowed us to  improve our skills and ourselves and get involved in the technology field  because nowadays if we do not keep up to date with the new technology, we will not be able to evolve in this quicly evolving world!"
IRSxo_XXArg$_$7,Positive,1.2038804292678833,0.8443872928619385,0.08921936899423599,0.06639333814382553,0.8443872928619385,Neutral,0.0,True,1.2038804292678833,0.0,0.0,0.0,I took this very seriously because I am a militant for women’s rights and I like to improve every woman’s financial situation.
Iemw8vqt-54$_$13,Positive,0.2825566232204437,0.4289202392101288,0.2391965538263321,0.3318832218647003,0.4289202392101288,Positive,0.3333333432674408,False,0.05077672004699707,0.0,0.0,0.35,These kinds of things are happening in America because it’s part and parcel of who we are.
Iemw8vqt-54$_$0,Positive,1.111969232559204,0.8679139018058777,0.030402356758713722,0.10168376564979553,0.8679139018058777,Positive,0.6666666865348816,False,0.4453025460243225,0.0,0.0,0.0,"Well one of the things our office did right as we started was to do a lot of research with historians outside of government who could talk to us about the timeline of American presidents’ diplomacy, Islam, where along the trajectory are we seeing presidents talk about the importance of Islam in America and how does that fit it."
Iemw8vqt-54$_$9,Neutral,0.0,0.43497559428215027,0.21858523786067963,0.43497559428215027,0.3464391529560089,Positive,1.0,True,1.0,0.0,0.0,0.0,"We see American communities living side by side with others, they aren’t in special places, they are all living side by side."
JKueLneBoik$_$0,Positive,1.015211582183838,0.8103731274604797,0.038712356239557266,0.15091454982757568,0.8103731274604797,Positive,1.0,False,0.01521158218383789,0.0,0.0,0.0,Hey! 4-H Congress is almost here
JKueLneBoik$_$4,Neutral,0.0,0.6211585402488708,0.05590919777750969,0.6211585402488708,0.32293233275413513,Neutral,0.0,False,0.0,0.0,0.0,0.0,We're going to build a clover
JNhqI4JtPXA$_$3,Positive,1.3708771467208862,0.8773486614227295,0.06568696349859238,0.05696434900164604,0.8773486614227295,Positive,2.0,False,0.6291228532791138,0.0,0.0,0.0,And we do think it's a unique place because this is the only place where they find friends who are just like them
JXYot3NDQn0$_$2,Positive,1.2360440492630005,0.9020708203315735,0.034418340772390366,0.06351079791784286,0.9020708203315735,Positive,0.6666666865348816,False,0.5693773627281189,0.0,0.0,0.0,"Number one, you have a population of young people coming up which everybody knows is going to be the heart of the energy of the country and of innovation in the country."
KB5hSnV1emg$_$3,Neutral,0.0,0.492832750082016,0.23685197532176971,0.492832750082016,0.2703153192996979,Neutral,0.0,False,0.0,0.0,0.0,0.0,"If you're just testing out your MVP, the minimum viable product, and you don't necessarily know where it lies on the quality spectrum."
Kn5eKHlPD0k$_$12,Positive,0.370802640914917,0.4844563901424408,0.0707584097981453,0.4447852373123169,0.4844563901424408,Positive,1.0,False,0.629197359085083,0.0,0.0,0.0,The book end is probably one of the more civilized ways to end a conversation
Kn99u05vlpA$_$5,Neutral,0.0,0.4370662271976471,0.35366955399513245,0.4370662271976471,0.20926421880722046,Positive,1.6666666269302368,True,1.6666666269302368,0.0,0.0,0.0,"You must have an Experian score of 640 or higher, but that's to ensure that the lending peers don't take too much of a risk."
L-7oRnbi9-w$_$3,Neutral,0.0,0.4736006557941437,0.11164354532957077,0.4736006557941437,0.41475582122802734,Positive,0.3333333432674408,True,0.3333333432674408,0.0,0.0,0.0,"So as you listen to the story piece by piece told by different teachers, pay attention to words you don't know."
L-a4Sh6iAcw$_$7,Positive,0.8075162768363953,0.7902163863182068,0.03734579309821129,0.172437846660614,0.7902163863182068,Positive,0.6666666865348816,False,0.14084959030151367,0.0,0.0,0.0,Right now I am included as someone you can vote for this primary as district one candidate.
L-a4Sh6iAcw$_$9,Positive,1.101069450378418,0.8580736517906189,0.06472692638635635,0.07719949632883072,0.8580736517906189,Positive,0.6666666865348816,False,0.4344027638435364,0.0,0.0,0.0,"With that you can see my face, it helps your odds of getting more votes, you get a little statement of me or a summary of my beliefs and it helps out a lot."
LD3HYOwk1Bc$_$0,Positive,0.598882257938385,0.6458368301391602,0.05002766475081444,0.3041355609893799,0.6458368301391602,Neutral,0.0,True,0.598882257938385,0.0,0.0,0.0,"&gt;&gt; I suppose the question can it become a superpower, is what makes a superpower?"
LJGL2sGvSS0$_$2,Neutral,0.0,0.5140743851661682,0.049543458968400955,0.5140743851661682,0.43638214468955994,Positive,1.3333333730697632,True,1.3333333730697632,0.0,0.0,0.0,My name is Therese Kuster and my major was public relations at UNI
LJGL2sGvSS0$_$10,Positive,1.0653523206710815,0.857720673084259,0.030069366097450256,0.11220993846654892,0.857720673084259,Positive,1.3333333730697632,False,0.26798105239868164,0.0,0.0,0.0,"It can be anything from paid search to organic search, social media and content production essentially anything that helps them improve the effectiveness up their online presence"
LJGL2sGvSS0$_$14,Positive,1.1743909120559692,0.8768069744110107,0.028630396351218224,0.0945625826716423,0.8768069744110107,Positive,1.6666666269302368,False,0.4922757148742676,0.0,0.0,0.0,The student business incubator was absolutely crucial in launching our business
LJGL2sGvSS0$_$19,Negative,-0.12118896842002869,0.4568208158016205,0.4568208158016205,0.332473486661911,0.2107056975364685,Positive,1.0,True,1.121188998222351,0.0,0.0,0.0,When Target Click first started I'd never considered myself an entrepreneur or in fact I considered myself risk adverse which is not typically a characteristic you see entrepreneurs
LcfubBagG6Q$_$1,Positive,1.0219405889511108,0.8203631043434143,0.0376172810792923,0.14201956987380981,0.8203631043434143,Positive,1.3333333730697632,False,0.31139278411865234,0.0,0.0,0.6111111111111112,"I've already put on the outfit that I'm ready to go in, OK"
LcfubBagG6Q$_$3,Neutral,0.0,0.6598292589187622,0.08765319734811783,0.6598292589187622,0.25251758098602295,Positive,0.3333333432674408,True,0.3333333432674408,0.0,0.0,0.4736842105263158,The New York Times actually posted a short doc about the rad fashions happening across the bridge
LyOq9mOEPuk$_$8,Negative,-0.969080924987793,0.8573143482208252,0.8573143482208252,0.08766943961381912,0.055016253143548965,Negative,-0.6666666865348816,False,0.3024142384529114,0.0,0.0,0.0,Because what happens then is it starts to sound a bit wrote.
MHVrwCEWLPI$_$4,Positive,1.0305122137069702,0.8812373280525208,0.027723362669348717,0.09103929996490479,0.8812373280525208,Positive,1.0,False,0.030512213706970215,0.0,0.0,0.0,"So, for more than three decades we've been able to keep that alliance together"
MHVrwCEWLPI$_$6,Positive,0.5736824870109558,0.5617099404335022,0.059427302330732346,0.37886276841163635,0.5617099404335022,Positive,0.3333333432674408,False,0.24034914374351501,0.0,0.0,0.0,The Alliance has 16 sitting members of the U
MHyW857u_X8$_$18,Positive,0.3828796148300171,0.5068773627281189,0.3629148006439209,0.1302078515291214,0.5068773627281189,Negative,-0.3333333432674408,True,0.7162129878997803,0.0,0.0,0.0,"You can't constantly teach and speak about something, without it having a dramatic effect on how you live your life, how you do your business and etc, because you can't continuously teach something and live a completely different way, or do it a completely different way without being consider a fraud or a fake."
MZUr1DfYNNw$_$1,Neutral,0.0,0.47882339358329773,0.07756545394659042,0.47882339358329773,0.44361117482185364,Positive,1.3333333730697632,True,1.3333333730697632,0.0,0.0,0.0,"The move was made to grow its financial restructuring, turnaround management and bankruptcy reorganization capabilities."
NIpuKcoJhGM$_$0,Negative,-0.5858525633811951,0.7336100935935974,0.7336100935935974,0.07731305807828903,0.18907682597637177,Positive,2.0,True,2.58585262298584,0.0,0.0,0.0,Increasing women's entrepreneurship is just plain good economics.
NVLPURuAVLU$_$2,Neutral,0.0,0.49655452370643616,0.31830453872680664,0.49655452370643616,0.185140922665596,Negative,-0.6666666865348816,True,0.6666666865348816,0.0,0.0,0.0,Certain things you're going to want to do is avoid salts and high sodium products as salt helps retain fluids and it won't let you get away from them as quickly.
NaWmaHwjElo$_$5,Neutral,0.0,0.49686381220817566,0.29518958926200867,0.49686381220817566,0.20794667303562164,Neutral,0.0,False,0.0,0.0,0.0,0.0,"If it is the time in the nation where interest rates are low, you're going to be able to find lower interest rates."
NiAjz4ciA60$_$1,Positive,1.1041826009750366,0.8774435520172119,0.027644062414765358,0.09491235017776489,0.8774435520172119,Positive,1.0,False,0.10418260097503662,0.0,0.0,0.12121212121212122,I'm here to announce the winner of Round 1 of the #HartHouseWinterBlast sweepstakes which we've been doing throughout the week.
NocexkPXja8$_$13,Negative,-0.9347479939460754,0.8086712956428528,0.8086712956428528,0.11549913883209229,0.07582960277795792,Negative,-1.0,False,0.06525200605392456,0.0,0.0,0.0,"And if you don't follow those prescribed rules, you are quote non-compliant."
NocexkPXja8$_$4,Negative,-1.3453782796859741,0.907736599445343,0.907736599445343,0.04540880396962166,0.04685458913445473,Negative,-2.3333332538604736,False,0.9879549741744995,0.0,0.0,0.0,I was devastated and so when I put into an institution and I went into this segregated high school I was very angry because I couldn't be with my peers at the local high school.
O-b3DQg0QmA$_$1,Positive,0.6618419885635376,0.5977141261100769,0.044904064387083054,0.3573817312717438,0.5977141261100769,Neutral,0.0,True,0.6618419885635376,0.0,0.0,0.0,I'm gonna do several videos on back to school
OFia3dWgaoI$_$0,Neutral,0.0,0.5042780041694641,0.28989139199256897,0.5042780041694641,0.20583052933216095,Negative,-1.3333333730697632,True,1.3333333730697632,0.0,0.0,0.0,"JON TESTER: Look, I don't think it's going the move the ball"
OFia3dWgaoI$_$6,Negative,-0.5398532748222351,0.6965370178222656,0.6965370178222656,0.13807456195354462,0.16538845002651215,Negative,-0.6666666865348816,False,0.12681341171264648,0.0,0.0,0.0,And I don't think you get the moderates either
OKJPFisBoPY$_$0,Positive,0.9300894141197205,0.8010644912719727,0.03915311023592949,0.15978233516216278,0.8010644912719727,Positive,0.3333333432674408,False,0.596756100654602,0.0,0.0,0.0,"Hi, I'm Carmen Lynne with Expert Village and we've been talking about handwriting analysis and I hope you have realized how fascinating this whole subject is."
OORklkFql3k$_$10,Negative,-0.6492919921875,0.7484534382820129,0.7484534382820129,0.1532612442970276,0.09828529506921768,Negative,-0.3333333432674408,False,0.3159586489200592,0.0,0.0,0.0,"Iran's Supreme Leader, the Ayatollah Khamenei, said on March 21 that the deal does not limit Iran's aggression in any way."
OORklkFql3k$_$4,Negative,-0.009999999776482582,0.4005701541900635,0.4005701541900635,0.2180042862892151,0.38142552971839905,Negative,-2.0,False,1.9900000095367432,0.0,0.0,0.0,"In the coming decade, the deal will reward Iran, the terrorist regime in Tehran, with hundreds of billions of dollars."
OWWHjP3pX9o$_$0,Neutral,0.0,0.3794972896575928,0.2849278748035431,0.3794972896575928,0.33557483553886414,Negative,-0.3333333432674408,True,0.3333333432674408,0.0,0.0,0.0,monsters have a perpetual effect all the time
OWWHjP3pX9o$_$4,Positive,0.3324906527996063,0.4506157338619232,0.16066958010196686,0.38871467113494873,0.4506157338619232,Positive,0.6666666865348816,False,0.33417603373527527,0.0,0.0,0.0,So these monsters are now the monsters you start out with roaming the halls of Wizard School
OXsTIPdytiw$_$0,Neutral,0.0,0.5249904990196228,0.0545181930065155,0.5249904990196228,0.4204913079738617,Positive,0.6666666865348816,True,0.6666666865348816,0.0,0.0,0.0,A useful non-digital source of information is witnesses-- finding people who have seen something going on.
OXsTIPdytiw$_$7,Positive,0.7760456204414368,0.7356181144714355,0.030850932002067566,0.2335309535264969,0.7356181144714355,Positive,0.6666666865348816,False,0.10937893390655518,0.0,0.0,0.19999999999999996,"So you want to get something that's very top of mind, very fresh in their memory."
Oa2xVjzAMFc$_$9,Neutral,0.0,0.6074386239051819,0.1852429062128067,0.6074386239051819,0.20731842517852783,Negative,-0.3333333432674408,True,0.3333333432674408,0.0,0.0,0.0,Sole Proprietorship who write off in Schedule-C's often get audited and certainly at a much higher rate than an S-Corp.
OctOcfI4KSs$_$3,Neutral,0.0,0.3853195011615753,0.3543384373188019,0.3853195011615753,0.2603420913219452,Positive,0.3333333432674408,True,0.3333333432674408,0.0,0.0,0.0,"If you cover your face completely, will the oath taker be able to reveal themselves to the authorities, now that is obviously a concern."
OctOcfI4KSs$_$7,Neutral,0.0,0.5890982747077942,0.18121974170207977,0.5890982747077942,0.22968196868896484,Positive,0.3333333432674408,True,0.3333333432674408,0.0,0.0,0.0,"If the oath taker who is wearing a religious garb, for example an hijab, can properly identify themselves, then they should have the right to do."
P0UHzR4CmYg$_$1,Neutral,0.0,0.5331467986106873,0.0678219422698021,0.5331467986106873,0.39903128147125244,Positive,1.0,True,1.0,0.0,0.0,0.0,"Processes can be automated, but one-on-one conversations meant to relationship-build cannot"
P0UHzR4CmYg$_$3,Positive,1.0462671518325806,0.8632276654243469,0.03202226758003235,0.10475001484155655,0.8632276654243469,Positive,0.6666666865348816,False,0.379600465297699,0.0,0.0,0.0,"It's the blending of the two that's an art form, and it's always evolving"
P0UHzR4CmYg$_$4,Positive,1.1199878454208374,0.880318820476532,0.031058594584465027,0.08862268924713135,0.880318820476532,Positive,1.0,False,0.1199878454208374,0.0,0.0,0.0,"See, when you can automate in the right places, the human touch points within any campaign, product release, or general sharing system, you've hit the jackpot"
P0UHzR4CmYg$_$8,Neutral,0.0,0.42887911200523376,0.32534733414649963,0.42887911200523376,0.2457735389471054,Positive,0.6666666865348816,True,0.6666666865348816,0.0,0.0,0.0,"The more complex we get with our automation systems, the harder we have to work at humanizing what we do"
P0UHzR4CmYg$_$11,Negative,-0.3560676574707031,0.5912593007087708,0.5912593007087708,0.24470598995685577,0.1640346795320511,Negative,-1.0,False,0.6439323425292969,0.0,0.0,0.0,"Currently, there is no automated system that prevents humans from making mistakes or social errors online"
PcqKFt1p3UQ$_$10,Neutral,0.0,0.5336692333221436,0.17728108167648315,0.5336692333221436,0.2890496253967285,Positive,0.3333333432674408,True,0.3333333432674408,0.0,0.0,0.0,"So I'm living witness that Nixon came into office uh, thinking about uh, reestablishing relations with China."
PzI6yY9Y2xQ$_$0,Positive,1.1985031366348267,0.8828563690185547,0.048674583435058594,0.06846905499696732,0.8828563690185547,Positive,1.6666666269302368,False,0.46816349029541016,0.0,0.0,0.0,"SECRETARY CLINTON: I’m sorry I couldn’t be there in person, but I am delighted to send best wishes to all of you as you come together to find ways to elevate the status of women."
PzI6yY9Y2xQ$_$2,Positive,0.7522000670433044,0.7202702164649963,0.06928985565900803,0.21043992042541504,0.7202702164649963,Positive,1.3333333730697632,False,0.5811333060264587,0.0,0.0,0.0,Closing the gender gap is a powerful prescription for economic growth.
QBc7X5jj8oA$_$4,Neutral,0.0,0.3940816819667816,0.2136932611465454,0.3940816819667816,0.392225056886673,Positive,1.3333333730697632,True,1.3333333730697632,0.0,0.0,0.0,"Oh well, no one is crying and he has plenty more low-priced options to exercise and sell at the full deal price."
QCR7uyowjhM$_$10,Neutral,0.0,0.5331793427467346,0.11367776989936829,0.5331793427467346,0.3531428873538971,Positive,0.3333333432674408,True,0.3333333432674408,0.0,0.0,0.0,"You know, that just amplified on that"
QCR7uyowjhM$_$8,Negative,-0.45062851905822754,0.6156036257743835,0.6156036257743835,0.25006237626075745,0.13433398306369781,Neutral,0.0,True,0.45062851905822754,0.0,0.0,0.0,But that wasn't the case
QIonRUsCqBs$_$1,Positive,1.1127358675003052,0.853029727935791,0.03693995997309685,0.1100303903222084,0.853029727935791,Positive,1.3333333730697632,False,0.220597505569458,0.0,0.0,0.0,Listen May is just around the corner and that means we're gonna happen schedule changes that you're gonna like coming out for the network I encourage you to go to GEB America dot com click on the schedule link
Qfa1fY_07bQ$_$5,Positive,0.6314504742622375,0.6200916767120361,0.059709083288908005,0.32019922137260437,0.6200916767120361,Positive,1.3333333730697632,False,0.7018828988075256,0.0,0.0,0.0,Navy's five goals for reducing  the branch's energy and environmental footprint.
R9xTBw3MCWI$_$5,Positive,1.2927899360656738,0.898123562335968,0.038794565945863724,0.06308187544345856,0.898123562335968,Positive,0.3333333432674408,False,0.9594565629959106,0.0,0.0,0.0,Maybe and those of you have children I want you to think about how hard you strive to be the best parent you can be
ROC2YI3tDsk$_$13,Positive,1.078757643699646,0.8747608661651611,0.02399550937116146,0.10124362260103226,0.8747608661651611,Positive,0.3333333432674408,False,0.7454242706298828,0.0,0.0,0.0,"So get a summer job at a local producer or farm, go to college and get your qualifications, be it relevant to the marketing side or retail, there are all sorts of degrees appropriate to the industry, and again work in a supermarket."
ROC2YI3tDsk$_$3,Positive,0.49628791213035583,0.554309606552124,0.08527489751577377,0.3604154884815216,0.554309606552124,Positive,1.0,False,0.5037120580673218,0.0,0.0,0.0,"The best part of the job, I would say, would be when you’re giving a big new contract or a new listing to, in particular, a small supplier because that’s where it means jobs."
RVC8l5hf2Eg$_$13,Neutral,0.0,0.49125435948371887,0.2801886796951294,0.49125435948371887,0.22855700552463531,Negative,-0.6666666865348816,True,0.6666666865348816,0.0,0.0,0.0,"-Five retailers failed Greenpeace’s ranking this year – including Giant Eagle, Publix, Supervalue, Winn-Dixie and Meijer."
RVC8l5hf2Eg$_$8,Negative,-0.24914972484111786,0.4382026195526123,0.4382026195526123,0.41489171981811523,0.14690570533275604,Negative,-0.3333333432674408,False,0.08418361842632294,0.0,0.0,0.0,"-However, 72 percent of customers do not feel that they have adequate information when if comes to the origin of seafood that they buy."
Rb1uzHNcYcA$_$4,Positive,1.2996326684951782,0.8810719847679138,0.04957957938313484,0.06934840232133865,0.8810719847679138,Positive,1.6666666269302368,False,0.3670339584350586,0.0,0.0,0.0,"If you can relate to any of these, give this video a thumbs up"
RvmTZVNAAuQ$_$2,Positive,0.8331937193870544,0.7909649014472961,0.05373390391469002,0.15530116856098175,0.7909649014472961,Neutral,0.0,True,0.8331937193870544,0.0,0.0,0.0,In the coming months what we will see is a self serve option for any budget much like Facebook has.
SKTyBOhDX6U$_$11,Positive,0.9784682393074036,0.778480052947998,0.0473359040915966,0.17418412864208221,0.778480052947998,Positive,1.6666666269302368,False,0.6881983876228333,0.0,0.0,0.0,"Through this, my mother was able to rise above her poverty, become a registered nurse, and come to the United States"
SKTyBOhDX6U$_$12,Neutral,0.0,0.415866881608963,0.34538647532463074,0.415866881608963,0.23874664306640625,Positive,0.6666666865348816,True,0.6666666865348816,0.0,0.0,0.0,My mother moving to the US turned out to be critical for me
SKTyBOhDX6U$_$9,Positive,1.014499545097351,0.8308549523353577,0.04299567639827728,0.12614934146404266,0.8308549523353577,Positive,1.0,False,0.014499545097351074,0.0,0.0,0.0,"However, despite their poverty, the family prioritize education because they believed in its power to transform lives"
SYQ_zv8dWng$_$0,Neutral,0.0,0.5920703411102295,0.05653439089655876,0.5920703411102295,0.35139527916908264,Positive,0.3333333432674408,True,0.3333333432674408,0.0,0.0,0.0,"- Hi, it's Tim Allwood from Compass Property, here today to talk to you about Equity"
SYQ_zv8dWng$_$5,Negative,-0.2713675796985626,0.5856142640113831,0.5856142640113831,0.22459776699543,0.18978793919086456,Positive,0.6666666865348816,True,0.9380342960357666,0.0,0.0,0.13157894736842102,"So what we propose you do is what most clever Australians do, is grab some of that equity, keep it secure, don't take all of it, just a good amount of it"
SYQ_zv8dWng$_$6,Neutral,0.0,0.6699602007865906,0.09891531616449356,0.6699602007865906,0.23112452030181885,Positive,0.6666666865348816,True,0.6666666865348816,0.0,0.0,0.0,"So we use that to purchase the income-producing asset, an investment property"
SYQ_zv8dWng$_$9,Neutral,0.0,0.5349454283714294,0.12594759464263916,0.5349454283714294,0.339106947183609,Neutral,0.0,False,0.0,0.0,0.0,0.0,"And I'll also talk in my next video about whether you should be looking at cash flow neutral, cash flow positive, cash flow negative, and in fact, what that really does mean"
SZ7HK5ns6mE$_$11,Positive,0.516925573348999,0.5824549794197083,0.10742046684026718,0.31012454628944397,0.5824549794197083,Positive,1.6666666269302368,False,1.1497410535812378,0.0,0.0,0.0,It's needed to help answer the aspirations for opportunity and dignity that are at the root of this Arab Spring.
Sq6DIhFxPqQ$_$4,Neutral,0.0,0.5511788725852966,0.26425495743751526,0.5511788725852966,0.1845662146806717,Neutral,0.0,False,0.0,0.0,0.0,0.0,It's also in large part about the commercial end of it
SwT0gh0V8fI$_$10,Negative,-0.5691457390785217,0.7103555202484131,0.7103555202484131,0.12484536319971085,0.16479910910129547,Neutral,0.0,True,0.5691457390785217,0.0,0.0,0.0,A lot of the sorta hallmarks of your average mystery novel are not really in this one.
SwT0gh0V8fI$_$19,Positive,0.5889280438423157,0.6012844443321228,0.19835078716278076,0.20036476850509644,0.6012844443321228,Positive,0.6666666865348816,False,0.07773864269256592,0.0,0.0,0.0,"He has so much personality that really comes through, even though I would argue that most the other characters feel somewhat one-dimensional."
SwT0gh0V8fI$_$5,Neutral,0.0,0.48422765731811523,0.3747442960739136,0.48422765731811523,0.14102806150913239,Neutral,0.0,False,0.0,0.0,0.0,0.0,"The body is unmarked by violence, but on the wall a mysterious word has been written in blood."
TXiOSZdaLJ8$_$2,Positive,1.2397958040237427,0.8895172476768494,0.04752190783619881,0.06296086311340332,0.8895172476768494,Positive,0.6666666865348816,False,0.5731291174888611,0.0,0.0,0.0,"Both countries reaffirmed their commitment to strengthening the U.S.-Philippines alliance in terms of ensuring both countries – our mutual defense and security as well as jointly contributing to regional peace, stability, and economic prosperity."
TcTGCIh6e5s$_$4,Neutral,0.0,0.6762214303016663,0.1113511398434639,0.6762214303016663,0.21242742240428925,Neutral,0.0,False,0.0,0.0,0.0,0.0,How do they talk to each other
TxRtSItpGMo$_$4,Positive,0.989730179309845,0.8453748822212219,0.03069779835641384,0.1239272728562355,0.8453748822212219,Positive,2.0,False,1.0102698802947998,0.0,0.0,0.0,I especially appreciate the fact that faculty know their students personally.
U-KihZeIfKI$_$20,Positive,1.0817312002182007,0.8689846396446228,0.029918327927589417,0.10109706968069077,0.8689846396446228,Positive,1.3333333730697632,False,0.2516021728515625,0.0,0.0,0.0,"I especially appreciate that NFIB is a bottoms-up organization where the members vote on issues and endorsements that matter to them, not directed by Washington"
U-KihZeIfKI$_$1,Positive,0.28630635142326355,0.4728386104106903,0.23126626014709473,0.29589512944221497,0.4728386104106903,Positive,0.6666666865348816,False,0.38036033511161804,0.0,0.0,0.0,I spoke on Monday to pay tribute to the 15th anniversary of the attacks of September 11th
U-KihZeIfKI$_$6,Negative,-0.8058403134346008,0.8030500411987305,0.8030500411987305,0.11531359702348709,0.08163643628358841,Negative,-1.0,False,0.19415968656539917,0.0,0.0,0.0,Sadly this Administration's reactions to the public health crisis are too little too late
U-KihZeIfKI$_$15,Negative,-0.10487019270658493,0.49295976758003235,0.49295976758003235,0.279453307390213,0.22758688032627106,Positive,0.6666666865348816,True,0.7715368866920471,0.0,0.0,0.0,"This week I sent a letter to the Acting Undersecretary for Terrorism and Financial Intelligence, demanding answers on what steps his office took to ensure that the payment will not be used to support terrorist activities to kill Americans"
U-KihZeIfKI$_$16,Positive,0.9892794489860535,0.8451506495475769,0.0251301359385252,0.12971925735473633,0.8451506495475769,Positive,1.0,False,0.010720551013946533,0.0,0.0,0.0,I look forward to continuing to advocate for this legislation when it comes before the full House led by Chairman Ed Royce
UiurP5k-f1A$_$4,Positive,1.034301519393921,0.8429684638977051,0.029111897572875023,0.12791968882083893,0.8429684638977051,Positive,1.0,False,0.0343015193939209,0.0,0.0,0.0,Accenture also provided project management to enable the Ballet to upgrade its technology capabilities without needing a full-time IT organization in-house.
UjqA6KVW2m8$_$0,Negative,-0.827282190322876,0.7663338780403137,0.7663338780403137,0.14944176375865936,0.08422434329986572,Negative,-0.3333333432674408,False,0.4939488470554352,0.0,0.0,0.0,- Something weird happened to me
UjqA6KVW2m8$_$3,Neutral,0.0,0.5892941951751709,0.135245218873024,0.5892941951751709,0.2754606008529663,Negative,-0.6666666865348816,True,0.6666666865348816,0.0,0.0,1.0,- I forgot I'm working out
UjqA6KVW2m8$_$2,Negative,-0.9880732893943787,0.6994165778160095,0.6994165778160095,0.20112405717372894,0.09945940971374512,Negative,-1.3333333730697632,False,0.3452600836753845,0.0,0.0,0.0,Who the hell am I
UjqA6KVW2m8$_$4,Positive,1.0139628648757935,0.858551025390625,0.02904698997735977,0.11240202188491821,0.858551025390625,Positive,1.0,False,0.013962864875793457,0.0,0.0,0.050000000000000044,"I was more focusing on my dream, my goals, my fears, and how to achieve all this"
UweZVaFqruU$_$1,Neutral,0.0,0.6501274704933167,0.07167056947946548,0.6501274704933167,0.2782019078731537,Positive,0.3333333432674408,True,0.3333333432674408,0.0,0.0,0.0,"This is Tom Floyd, Vice President of Real Estate at Member One Federal Credit Union bringing you another Member One Money Minute"
UweZVaFqruU$_$5,Neutral,0.0,0.5757284760475159,0.18765191733837128,0.5757284760475159,0.23661966621875763,Neutral,0.0,False,0.0,0.0,0.0,0.0,"The score is a reflection of how well you pay your bills, what type of credit you use, how many inquiries you have, what are the balances of your credit cards to your maximum limit"
V27mmEkN80g$_$0,Positive,0.5554901361465454,0.5932443141937256,0.0636148527264595,0.3431408703327179,0.5932443141937256,Neutral,0.0,True,0.5554901361465454,0.0,0.0,0.0,more rock like structures than the ones that you used to get and add that to the mix
VDkBM0ZG4q8$_$4,Neutral,0.0,0.5830339193344116,0.25582218170166016,0.5830339193344116,0.16114383935928345,Neutral,0.0,False,0.0,0.0,0.0,0.0,"-All manufacturers of engines, CHP plants, and trucks must make their"
VDkBM0ZG4q8$_$7,Positive,1.0680330991744995,0.8670662045478821,0.02780984342098236,0.10512396693229675,0.8670662045478821,Positive,0.3333333432674408,False,0.7346997261047363,0.0,0.0,1.0,-Our system has been proven to work and is being used by a major
VLQgw-88v4Q$_$2,Positive,0.9612279534339905,0.8172698616981506,0.02600022591650486,0.15672990679740906,0.8172698616981506,Positive,1.0,False,0.03877204656600952,0.0,0.0,0.0,"Nicholas, the most trusted source for lowest-interest, highest-loan-to-value stock secured loan programs for personal, business, and real estate applications"
VLQgw-88v4Q$_$6,Positive,0.9237666726112366,0.7979817390441895,0.02832203544676304,0.17369627952575684,0.7979817390441895,Positive,1.6666666269302368,False,0.7428999543190002,0.0,0.0,0.0,"Every LeverageLine credit line is managed at the institutional level by a fully licensed, top-rated FINRA-member executive advisor"
VLQgw-88v4Q$_$8,Positive,1.0254696607589722,0.8389809131622314,0.0335875004529953,0.12743161618709564,0.8389809131622314,Positive,1.3333333730697632,False,0.307863712310791,0.0,0.0,0.7073170731707317,"Whether you are about to invest in real estate, buy a franchise, pay off taxes, or pay off a college education, LeverageLine’s wholesale interest rates are usually even better than the best mortgage rates"
VXy21GwGs8o$_$0,Positive,0.8209527134895325,0.7788646817207336,0.04826369881629944,0.1728716343641281,0.7788646817207336,Neutral,0.0,True,0.8209527134895325,0.0,0.0,0.0,Letter came through the mail to try Beltone  I decided that I would try and compare it  with my other hearing aid.
Vdf1McvE9ao$_$9,Negative,-0.41364559531211853,0.534332275390625,0.534332275390625,0.3511696755886078,0.11449804157018661,Neutral,0.0,True,0.41364559531211853,0.0,0.0,0.0,No official report or comment from MCS has confirmed it was released.
Vlas-mPydcg$_$17,Negative,-0.3180049955844879,0.5852013230323792,0.5852013230323792,0.21470360457897186,0.20009510219097137,Positive,0.6666666865348816,True,0.9846717119216919,0.0,0.0,0.0,"So if there's anything inside your own house that is difficult  to move, then I would highly recommend putting these on the  bottom of that furniture, or that bin, or that basket."
Vlas-mPydcg$_$3,Positive,0.9252238273620605,0.8162164688110352,0.03008311055600643,0.15370042622089386,0.8162164688110352,Positive,1.0,False,0.07477617263793945,0.0,0.0,0.0,And one of those products are these self-adhesive instant wheels.
VsXGwSZazwA$_$4,Neutral,0.0,0.6050209999084473,0.1958644837141037,0.6050209999084473,0.19911454617977142,Neutral,0.0,False,0.0,0.0,0.0,0.0,One thing that might happen is that we allow a witness simply to recall everything they can without interrupting them.
VsXGwSZazwA$_$6,Neutral,0.0,0.6444132924079895,0.06539664417505264,0.6444132924079895,0.2901900112628937,Positive,1.6666666269302368,True,1.6666666269302368,0.0,0.0,0.0,By doing that the witness can remember more accurate information.
VwGPIUNayKM$_$1,Neutral,0.0,0.5136138796806335,0.05268089100718498,0.5136138796806335,0.43370532989501953,Neutral,0.0,False,0.0,0.0,0.0,0.0,"to work out a method whereby glass could become part of this process, if you like"
VwGPIUNayKM$_$5,Neutral,0.0,0.38874295353889465,0.27858078479766846,0.38874295353889465,0.3326762616634369,Negative,-1.0,True,1.0,0.0,0.0,0.0,which are not very efficient windows and we identified that by replacing the old
VwGPIUNayKM$_$8,Positive,0.8945951461791992,0.8400391936302185,0.029251009225845337,0.13070984184741974,0.8400391936302185,Positive,1.0,False,0.10540485382080078,0.0,0.0,0.9090909090909091,Glass technology has advanced so much in the last 10 years
W1CWpktWtTs$_$5,Positive,1.2586568593978882,0.8735716938972473,0.04487939551472664,0.08154895156621933,0.8735716938972473,Positive,1.0,False,0.2586568593978882,0.0,0.0,0.0625,and one of the things that you can give when you have nothing else is appreciation
W1CWpktWtTs$_$9,Positive,0.47895631194114685,0.545268714427948,0.30531054735183716,0.14942072331905365,0.545268714427948,Positive,0.6666666865348816,False,0.18771037459373474,0.0,0.0,0.0,"Always look for those opportunities, but be okay that you can't do them yet"
WfNiQBXmPw8$_$3,Negative,-0.07382755726575851,0.41434240341186523,0.41434240341186523,0.36463046073913574,0.22102713584899902,Negative,-0.3333333432674408,False,0.2595057785511017,0.0,0.0,0.0,So much for your mom telling you that bullies are just insecure
WfNiQBXmPw8$_$5,Neutral,0.0,0.44701361656188965,0.3409847319126129,0.44701361656188965,0.21200163662433624,Positive,0.3333333432674408,True,0.3333333432674408,0.0,0.0,0.0,We'll act viciously as long as we think we can get away with it
WgI8IbJtXHw$_$0,Positive,1.204662799835205,0.856037437915802,0.08113955706357956,0.06282296776771545,0.856037437915802,Neutral,0.0,True,1.204662799835205,0.0,0.0,0.0,SECRETARY KERRY: This is a very impressive display of Colombia's commitment to try to make a difference in this effort.
X2Hs89fZ2-c$_$4,Neutral,0.0,0.5027046799659729,0.04722139239311218,0.5027046799659729,0.4500739574432373,Positive,1.0,True,1.0,0.0,0.0,0.0,"This is where you create your data, edit data, view data, analyze your map, create maps, it is the workhorse of the ArcGIS program."
X6N7UEFJLNY$_$0,Positive,0.7166605591773987,0.723616361618042,0.04008270800113678,0.236300989985466,0.723616361618042,Positive,0.3333333432674408,False,0.3833272159099579,0.0,0.0,0.0,"Now that we've talked about whether your choosing battery powered or hardwired, you've got to determine how and when you're going to use this."
X6N7UEFJLNY$_$2,Positive,0.6532483696937561,0.6490206718444824,0.05048355460166931,0.30049577355384827,0.6490206718444824,Neutral,0.0,True,0.6532483696937561,0.0,0.0,0.0,You can set your GPS to turn on a Monday through a Friday and not work on the weekends.
X6N7UEFJLNY$_$4,Positive,1.2005244493484497,0.8917698860168457,0.02829069085419178,0.07993948459625244,0.8917698860168457,Positive,0.6666666865348816,False,0.5338577628135681,0.0,0.0,0.0,You can also set it so that it's on every minute of every day.
XDVit9ASVUg$_$2,Neutral,0.0,0.6244668960571289,0.16816206276416779,0.6244668960571289,0.2073710411787033,Positive,0.3333333432674408,True,0.3333333432674408,0.0,0.0,0.0,The thing about a conclusion is that it is simply a wrap up.
XKyumlBmix8$_$0,Neutral,0.0,0.5338332653045654,0.08528229594230652,0.5338332653045654,0.38088440895080566,Neutral,0.0,False,0.0,0.0,0.0,0.0,"But when they're injured the heal with scar tissue and now they don't glide as much, right, and they create this knot in there"
XKyumlBmix8$_$2,Neutral,0.0,0.47231602668762207,0.3725259602069855,0.47231602668762207,0.15515802800655365,Negative,-0.6666666865348816,True,0.6666666865348816,0.0,0.0,1.0,So it's very easily irritated again
XVWiAArXYpE$_$3,Neutral,0.0,0.41080260276794434,0.19409368932247162,0.41080260276794434,0.39510372281074524,Negative,-0.6666666865348816,True,0.6666666865348816,0.0,0.0,0.0,And his vision of manifest destiny really involves the eradication of all Native Americans
XVWiAArXYpE$_$4,Negative,-0.6276887655258179,0.7107217907905579,0.7107217907905579,0.1741762012243271,0.11510205268859863,Negative,-2.0,False,1.3723112344741821,0.0,0.0,0.0,"- [Voiceover] I mean, this is a really dark time for American Indian policy"
XVWiAArXYpE$_$9,Neutral,0.0,0.5427370071411133,0.22270704805850983,0.5427370071411133,0.23455600440502167,Negative,-0.3333333432674408,True,0.3333333432674408,0.0,0.0,0.0,"So, before Jackson, do we really have the Democratic Party as an institution"
X_TusmBIlC0$_$5,Neutral,0.0,0.44512441754341125,0.11719990521669388,0.44512441754341125,0.43767568469047546,Neutral,0.0,False,0.0,0.0,0.0,0.0,"You need to, most lenders require that you leave at least twenty percent equity in the house."
Xa086gxLJ3Y$_$12,Neutral,0.0,0.578987181186676,0.06184285879135132,0.578987181186676,0.35916993021965027,Positive,0.3333333432674408,True,0.3333333432674408,0.0,0.0,0.0,Many times these corporate kits include sample Articles of Incorporation.
XrNaL-MTjXg$_$3,Neutral,0.0,0.3901059627532959,0.3850477635860443,0.3901059627532959,0.22484631836414337,Neutral,0.0,False,0.0,0.0,0.0,0.0,"This is my monologue from Queens Boulevard; I, what do I want; why am I telling my best friend this?"
Xy57UpKRNEo$_$7,Negative,-0.7916848063468933,0.8138596415519714,0.8138596415519714,0.10092196613550186,0.08521833270788193,Negative,-1.0,False,0.2083151936531067,0.0,0.0,0.0,"So a child who doesn't see light, they will be blind after a few years because the visual circuits need light waves for their development, they just don't otherwise"
Y8dI1GTWCk4$_$6,Positive,0.8274588584899902,0.7360494136810303,0.031918417662382126,0.23203212022781372,0.7360494136810303,Positive,1.3333333730697632,False,0.505874514579773,0.0,0.0,1.0,"Hialeah, because I love saying Lukumi Babalu Aye"
YLK58srjhNI$_$3,Positive,0.15661951899528503,0.4993978440761566,0.42901816964149475,0.07158397883176804,0.4993978440761566,Positive,0.6666666865348816,False,0.510047197341919,0.0,0.0,0.0,"I think it may have been the first off-Broadway production, ever, and it became a big success then – in a much worse production than the original one, but they were passionate, and they really were terrific."
YQZPnHZRp1w$_$1,Positive,0.5097236633300781,0.6051580905914307,0.04002605006098747,0.35481587052345276,0.6051580905914307,Positive,0.3333333432674408,False,0.17639032006263733,0.0,0.0,0.0,So again we have a tool
YUNxD04EvfE$_$1,Neutral,0.0,0.5214719772338867,0.3012551963329315,0.5214719772338867,0.17727284133434296,Negative,-0.3333333432674408,True,0.3333333432674408,0.0,0.0,0.0,"Well I think the biggest conservation challenge today,  is conservation itself as a land management strategy  going against competing land uses, largely driven by economic incentives."
Z4iYSMMMycQ$_$4,Positive,0.5373678803443909,0.6557013392448425,0.048243701457977295,0.2960549592971802,0.6557013392448425,Positive,0.6666666865348816,False,0.12929880619049072,0.0,0.0,0.0,"The free application for Federal Student Aid, or FAFSA, is available online at www.fafsa.ed.gov beginning January 1. The priority deadline for most financial aid is March 2, but you can always apply after that as well."
ZKErPftd--w$_$6,Positive,1.1313468217849731,0.8463321328163147,0.03476538881659508,0.11890244483947754,0.8463321328163147,Positive,0.6666666865348816,False,0.46468013525009155,0.0,0.0,0.0,""" The Pack One of the most memorable scenes in Pitch Perfect 2 is when the Green Bay Packers compete in the riff-off"
ZKZ8UjaQQT4$_$7,Positive,0.5738460421562195,0.5903312563896179,0.20896576344966888,0.2007029801607132,0.5903312563896179,Neutral,0.0,True,0.5738460421562195,0.0,0.0,0.0,Remember the Drew Carey show Mimi always had the troll dolls but the thing to remember about that is there is a difference between personal items and items that are just to personal.
ZS1Nb0OWYNE$_$11,Positive,1.2579116821289062,0.9073100090026855,0.034696970134973526,0.05799299478530884,0.9073100090026855,Positive,0.6666666865348816,False,0.5912449955940247,0.0,0.0,0.0,We have a full range of excellent speakers on the program including our very own Prime Minister the Rt Hon John Key
ZS1Nb0OWYNE$_$15,Positive,1.3686596155166626,0.9169391989707947,0.034241314977407455,0.04881952330470085,0.9169391989707947,Neutral,0.0,True,1.3686596155166626,0.0,0.0,0.0,"I am encouraged that you will be making connections, and exchanging ideas that will help us unlock the benefits of diversity for New Zealand in a connected global market"
ZS1Nb0OWYNE$_$5,Neutral,0.0,0.6376473307609558,0.12828463315963745,0.6376473307609558,0.23406805098056793,Positive,0.6666666865348816,True,0.6666666865348816,0.0,0.0,0.0,First it was a “supercity”
ZS1Nb0OWYNE$_$9,Positive,1.2058234214782715,0.88566654920578,0.047769948840141296,0.06656361371278763,0.88566654920578,Positive,2.6666667461395264,False,1.4608433246612549,0.0,0.0,0.0,"Superdiversity brings with it enormous benefits such as greater innovation, productivity and investment"
ZcFzcd4ZoMg$_$4,Negative,-0.24372375011444092,0.5816242098808289,0.5816242098808289,0.2301618903875351,0.18821386992931366,Negative,-0.3333333432674408,False,0.08960959315299988,0.0,0.0,0.0,So this is either loss or it's hope
ZeH7gZw94k0$_$1,Positive,0.9818657040596008,0.8030124306678772,0.04406299069523811,0.15292459726333618,0.8030124306678772,Positive,1.6666666269302368,False,0.684800922870636,0.0,0.0,0.0,Wow It seems that we have Banana Can I have something to eat this banana with
ZtocGyL3Tfc$_$13,Positive,0.8836320042610168,0.7894394993782043,0.0999782606959343,0.11058220267295837,0.7894394993782043,Positive,1.0,False,0.11636799573898315,0.0,0.0,0.0,And there are many people in the world that understand and believe this and we have to get this into the economic system.
ZtocGyL3Tfc$_$10,Positive,0.5647454261779785,0.6467105746269226,0.06707928329706192,0.28621014952659607,0.6467105746269226,Positive,1.0,False,0.4352545738220215,0.0,0.0,0.0,The ILO has highlighted that there is a link between social justice and a fair globalization; in fact we put together a Declaration on that issue.
ZtocGyL3Tfc$_$9,Positive,1.0294090509414673,0.8477563261985779,0.04919217526912689,0.10305150598287582,0.8477563261985779,Positive,1.6666666269302368,False,0.6372575759887695,0.0,0.0,0.0,That you have a fair chance at whatever wealth you contributed to creating and every successful enterprise knows that.
ZznoGQVwTtw$_$4,Positive,0.8508402705192566,0.7726325392723083,0.047427088022232056,0.17994040250778198,0.7726325392723083,Positive,1.6666666269302368,False,0.8158263564109802,0.0,0.0,1.0,NEW MEXICO HAS ALL OF THAT POTENTIAL
_1nvuNk7EFY$_$10,Negative,-0.9962748885154724,0.8557146191596985,0.8557146191596985,0.0868661180138588,0.05741932615637779,Negative,-0.3333333432674408,False,0.662941575050354,0.0,0.0,0.0,An alarming report found that in 2010 the stock was only about 20 percent of its fully rebuilt size and that fishing rates have been almost five times the overfishing level.
_OmWVs0-6UM$_$0,Positive,0.5660242438316345,0.5719055533409119,0.03718474134802818,0.39090970158576965,0.5719055533409119,Neutral,0.0,True,0.5660242438316345,0.0,0.0,0.0,"As part of my ERASMUS, I spent the year in the Institute of Political Studies in Rennes, France."
_on_E-ZWy0I$_$21,Positive,0.8881592750549316,0.7553359866142273,0.17501552402973175,0.06964852660894394,0.7553359866142273,Positive,1.3333333730697632,False,0.44517409801483154,0.0,0.0,0.09090909090909094,"Get out of your student loan debt, kick some serious butt and get motivated to make a change in your life"
_on_E-ZWy0I$_$3,Neutral,0.0,0.5941961407661438,0.24942314624786377,0.5941961407661438,0.15638065338134766,Neutral,0.0,False,0.0,0.0,0.0,0.05555555555555558,"There is a huge problem that I see on hundreds, if not thousands of credit reports and it is student loans reporting past late payments when they were supposed to be in deferment"
_on_E-ZWy0I$_$12,Neutral,0.0,0.4582229554653168,0.08565458655357361,0.4582229554653168,0.456122487783432,Negative,-1.0,True,1.0,0.0,0.0,0.04255319148936165,"Now, what if you paid all of your student loans on time, but they’re still reporting late payments? Then, what you need to do is, reach out to us and we will give you a free credit audit and consultation"
_q7DM8WkzAQ$_$3,Positive,0.7406371235847473,0.7396623492240906,0.04036584123969078,0.21997177600860596,0.7396623492240906,Positive,0.6666666865348816,False,0.07397043704986572,0.0,0.0,0.0,And so you really have to do your best to capture the listener's interest in the beginning of the speech by connecting to an issue that's going to be of interest to them and of importance to them.
a4PHWxILDp0$_$15,Neutral,0.0,0.6548003554344177,0.13593696057796478,0.6548003554344177,0.20926272869110107,Neutral,0.0,False,0.0,0.0,0.0,1.0,It may also take the role of mirror to characters who are unaware of their folly.
ahG9c_uaf8s$_$1,Positive,0.8950233459472656,0.8066301941871643,0.03028453327715397,0.1630852073431015,0.8066301941871643,Positive,0.3333333432674408,False,0.5616899728775024,0.0,0.0,0.0,"I'm also co-director of the center for civic engagement which has a long history of active participation by sociologists here, and as co-director I arrange internships with community-based organizations working on social justice, deepening democracy and promoting sustainability in the area."
ahG9c_uaf8s$_$3,Positive,1.1494249105453491,0.8813982009887695,0.03144240006804466,0.08715943247079849,0.8813982009887695,Positive,0.3333333432674408,False,0.8160915374755859,0.0,0.0,0.0,You get not only a lot of experience but an idea whether of that is the right career path for you.
b92iw0OAnI4$_$7,Positive,0.6296613216400146,0.6490581035614014,0.16586069762706757,0.18508119881153107,0.6490581035614014,Positive,1.3333333730697632,False,0.7036720514297485,0.0,0.0,0.0,"Make sure you have an effective line item schedule that you stick with, but don't be so critical on yourself that you can't allow some fun every now and then because it's very important to do that."
bNQOeiAotbk$_$8,Neutral,0.0,0.5456228852272034,0.2021191567182541,0.5456228852272034,0.25225791335105896,Neutral,0.0,False,0.0,0.0,0.0,0.0,"Situation, Task, Action, Result"
bdFCD-3BCRg$_$2,Positive,1.193258285522461,0.8974819183349609,0.03159809112548828,0.07092002779245377,0.8974819183349609,Positive,1.0,False,0.19325828552246094,0.0,0.0,0.0,I would like to present to you some of the exciting features and products that we have recently introduced to make the quality of your trading experience even better
bdFCD-3BCRg$_$11,Positive,0.7806434035301208,0.7521800994873047,0.036452021449804306,0.2113678902387619,0.7521800994873047,Positive,0.6666666865348816,False,0.11397671699523926,0.0,0.0,0.125,Here at Axiory we believe that this is an important concept and have decided to cooperate with them so you can be completely confident in the security of your deposits
bdFCD-3BCRg$_$12,Positive,0.9147956967353821,0.7973831295967102,0.03254653513431549,0.17007030546665192,0.7973831295967102,Positive,1.0,False,0.08520430326461792,0.0,0.0,0.0,A brand new mobile platform is available for download on our website
c5VEvmutmVg$_$13,Positive,0.5404146313667297,0.5924111008644104,0.0913921669125557,0.3161967098712921,0.5924111008644104,Positive,1.0,False,0.45958536863327026,0.0,0.0,0.0,"If you go outside as well, you need to have one of those, a space suit"
c5VEvmutmVg$_$19,Neutral,0.0,0.5104480385780334,0.05249048396945,0.5104480385780334,0.43706145882606506,Neutral,0.0,False,0.0,0.0,0.0,0.0,"It's what I did with the HDV and the experiments that we based outside of the Japanese module, Kibo"
c5VEvmutmVg$_$0,Positive,1.187905192375183,0.8751357197761536,0.04529544338583946,0.07956875115633011,0.8751357197761536,Positive,1.6666666269302368,False,0.4787614345550537,0.0,0.0,0.0,"MALE SPEAKER: Frank, Jerome is asking, how do you feel in orbit after several months? FRANK DE WINNE: Well as you can see, Jerome, I'm feeling just great"
c5zxqITn3ZM$_$5,Negative,-0.8777623176574707,0.8097226023674011,0.8097226023674011,0.0844617709517479,0.10581565648317337,Positive,0.6666666865348816,True,1.544429063796997,0.0,0.0,0.0,"And it’s not always rational, it’s very much emotional at times."
c5zxqITn3ZM$_$6,Positive,0.726263701915741,0.7189710140228271,0.04474630951881409,0.23628266155719757,0.7189710140228271,Positive,1.0,False,0.27373629808425903,0.0,0.0,0.0,"The other thing that we have done is we are putting in place global communities, it is called the mic at Star Com, and these are global listening communities that we have where we can at any point in time put out questions to these communities."
c9hE1ghElrM$_$2,Neutral,0.0,0.6680703163146973,0.07315201312303543,0.6680703163146973,0.2587777078151703,Neutral,0.0,False,0.0,0.0,0.0,0.0,This medication comes in injectable form to be given into a or just under the skin
c9hE1ghElrM$_$4,Neutral,0.0,0.5057625770568848,0.33795079588890076,0.5057625770568848,0.15628664195537567,Neutral,0.0,False,0.0,0.0,0.0,0.0,Always take this medication only as prescribed
cW-aX4dPVfk$_$4,Neutral,0.0,0.5282219052314758,0.15666650235652924,0.5282219052314758,0.31511154770851135,Negative,-0.3333333432674408,True,0.3333333432674408,0.0,0.0,0.625,"So that's what has been holding me back, as far as content goes"
cW-aX4dPVfk$_$11,Positive,1.0074787139892578,0.8055664896965027,0.07814862579107285,0.11628490686416626,0.8055664896965027,Positive,0.3333333432674408,False,0.6741453409194946,0.0,0.0,0.64,"So I was curious as to how they could pull it off and, surprisingly, they pull it off really well in this movie"
cW-aX4dPVfk$_$32,Positive,0.7737799286842346,0.7250472903251648,0.18388701975345612,0.09106564521789551,0.7250472903251648,Positive,1.6666666269302368,False,0.8928866982460022,0.0,0.0,0.75,"I don't know if it's still playing in theaters but I liked it, I thought it was pretty good"
cW-aX4dPVfk$_$30,Positive,1.4096150398254395,0.8852405548095703,0.05375109985470772,0.06100839003920555,0.8852405548095703,Positive,2.3333332538604736,False,0.9237182140350342,0.0,0.0,1.0,I think it's really good
cml9rShionM$_$3,Positive,1.238446593284607,0.9035720825195312,0.033617109060287476,0.0628107562661171,0.9035720825195312,Negative,-0.3333333432674408,True,1.5717799663543701,0.0,0.0,0.0,"We are very warm-hearted   people, we put a lot of heart in communication."
d-Uw_uZyUys$_$1,Neutral,0.0,0.651141345500946,0.12871970236301422,0.651141345500946,0.22013895213603973,Negative,-2.3333332538604736,True,2.3333332538604736,0.0,0.0,0.02083333333333337,"Let me tell you a story about my grandmother Every time that I used to date a new boyfriend She would ask his name and then she would go like ""and what part of the city does he live in?"" That was her way of asking if my boyfriend was white She was an out and out racist So I know the face of prejudice Governor Reston is telling me I don't have the balls to be president And he means that literally It's offensive It's offensive to me It's offensive to every woman out there who he is asking the votes for Tonight I am here stating that governor Reston is a sexist But you know what"
d-Uw_uZyUys$_$6,Negative,-0.24844218790531158,0.4936273992061615,0.4936273992061615,0.3331347703933716,0.1732378602027893,Negative,-2.3333332538604736,False,2.0848910808563232,0.0,0.0,0.0,"Don't interrupt me while I am speaking You see, James, you are promoting stereotypes You are advancing this idea that women are weaker than men You are playing right into the hands of Reston And you know what? You are playing into the hands of anyone any imbecile out there that thinks women are not strong fit enough to be commander in chief Governor, I'm talking about you"
dHk--ExZbHs$_$7,Positive,0.4983009099960327,0.5546446442604065,0.0744451954960823,0.37091007828712463,0.5546446442604065,Positive,0.6666666865348816,False,0.16836577653884888,0.0,0.0,0.0,"-And Supervalue has announced that it will source 100 percent of its top 20 wild-caught products from sustainable fisheries by 2015. -Next up, you can add a two more seafood sustainability eco-labels to the already long list: -The Gulf of Maine Research Institute has partnered with Hannaford Supermarkets and a number of seafood suppliers to roll out a “Gulf of Maine Responsibly Harvested” label."
dR68gbeOWOc$_$1,Positive,0.9246406555175781,0.793947696685791,0.05636751651763916,0.14968477189540863,0.793947696685791,Positive,0.3333333432674408,False,0.5913072824478149,0.0,0.0,0.0,"convenes the leaders of the G-8 this coming weekend, there are three issues I think are going to be on many people's minds in watching the meetings unfold."
dTcz1am1eUw$_$2,Positive,1.0804723501205444,0.8692090511322021,0.02985953353345394,0.10093136876821518,0.8692090511322021,Positive,1.3333333730697632,False,0.25286102294921875,0.0,0.0,0.0,We have programs that are very robust on the educational level.
ddWHTdJz2O8$_$1,Positive,0.7286319732666016,0.7076485753059387,0.07245256751775742,0.21989880502223969,0.7076485753059387,Negative,-0.3333333432674408,True,1.0619653463363647,0.0,0.0,0.0,"Quality of service (53 percent), fees, (50 percent), ease of use (49 percent) and interest rates (49 percent) represent the biggest impact areas that banks need to address."
dlE05KC95uk$_$11,Neutral,0.0,0.5922092795372009,0.07660620659589767,0.5922092795372009,0.33118459582328796,Positive,0.3333333432674408,True,0.3333333432674408,0.0,0.0,0.0,"I start out with using experiments to understand how do we make the decisions that we do, and why we make them."
eE8Qr9fOvVA$_$2,Neutral,0.0,0.6154741644859314,0.06986134499311447,0.6154741644859314,0.31466448307037354,Negative,-1.3333333730697632,True,1.3333333730697632,0.0,0.0,0.9285714285714286,Who worked in nuclear arms control as a Green Beret in the military
eFV7iFPYZB4$_$12,Positive,1.2117010354995728,0.8880295157432556,0.03120085597038269,0.08076963573694229,0.8880295157432556,Positive,1.6666666269302368,False,0.45496559143066406,0.0,0.0,1.0,That makes a world of difference
eFV7iFPYZB4$_$14,Positive,1.0932369232177734,0.8598104119300842,0.04058295860886574,0.09960658103227615,0.8598104119300842,Positive,1.3333333730697632,False,0.24009644985198975,0.0,0.0,0.0,"Fire TV, also click somewhere up here"
eJfT7-dDqzA$_$3,Neutral,0.0,0.515873908996582,0.2179732769727707,0.515873908996582,0.26615282893180847,Positive,0.6666666865348816,True,0.6666666865348816,0.0,0.0,0.0,And let me tell you - I am being serious while I say talk to yourself
eJfT7-dDqzA$_$2,Positive,1.0727869272232056,0.8543164134025574,0.032925013452768326,0.11275861412286758,0.8543164134025574,Positive,0.6666666865348816,False,0.406120240688324,0.0,0.0,0.0,Now to practice these phases the easiest way is to talk to yourself
eJfT7-dDqzA$_$7,Positive,0.7914559245109558,0.7583001255989075,0.041096579283475876,0.20060330629348755,0.7583001255989075,Positive,0.6666666865348816,False,0.12478923797607422,0.0,0.0,0.0,Just utter the names of the foods that you are eating in your mind
eKQKEi2-0Ws$_$0,Positive,0.3138858675956726,0.4188760221004486,0.34521737694740295,0.23590661585330963,0.4188760221004486,Neutral,0.0,True,0.3138858675956726,0.0,0.0,0.0,very fair cuz its maps mass is very fair in it like you never see him at Sage going yep 6
eQc5uI7FKCU$_$5,Positive,0.3666369915008545,0.5193959474563599,0.049028147011995316,0.4315758943557739,0.5193959474563599,Positive,0.3333333432674408,False,0.033303648233413696,0.0,0.0,0.0,We've had a robot here at Hopkins since the year 2000 longer than most institutions in this country and around the world
ey1lr8wFFDc$_$0,Positive,0.9987208843231201,0.8620460629463196,0.05118292570114136,0.08677100390195847,0.8620460629463196,Positive,0.6666666865348816,False,0.3320541977882385,0.0,0.0,0.0,"There’s a number of reasons, first of all of course, economically, intellectual property is extremely important for Europe."
f-VdKweez2U$_$4,Positive,0.7848353385925293,0.7554571628570557,0.05204707384109497,0.19249576330184937,0.7554571628570557,Neutral,0.0,True,0.7848353385925293,0.0,0.0,0.0,"Entrepreneurship is about spotting a problem, spotting a need, and figuring out how to address that and then how to convince those people with that problem, with that need, that you have the solution."
f8Puta8k8fU$_$1,Negative,-0.3391040563583374,0.4764673709869385,0.4764673709869385,0.38866230845451355,0.13487036526203156,Neutral,0.0,True,0.3391040563583374,0.0,0.0,0.0,you would describe it as a movie about Hannibal Lecter
fT6SrlsWV7M$_$12,Neutral,0.0,0.5247490406036377,0.07483812421560287,0.5247490406036377,0.40041282773017883,Negative,-1.3333333730697632,True,1.3333333730697632,0.0,0.0,0.0,Where there is this evidence we will pursue insider traders no matter who they are - from the Chairman of the Board through to junior staff.
fWAKek8jA5M$_$0,Negative,-1.1771053075790405,0.8637049794197083,0.8637049794197083,0.08683943003416061,0.04945560172200203,Negative,-1.6666666269302368,False,0.4895613193511963,0.0,0.0,0.0,"Wait, that doesn't make any sense"
fWAKek8jA5M$_$3,Neutral,0.0,0.5412237048149109,0.10712528228759766,0.5412237048149109,0.35165098309516907,Negative,-1.3333333730697632,True,1.3333333730697632,0.0,0.0,0.0,"In fact, they go on to explain that"
fWAKek8jA5M$_$4,Neutral,0.0,0.4273478090763092,0.3386213779449463,0.4273478090763092,0.2340308278799057,Neutral,0.0,False,0.0,0.0,0.0,0.0,"""It's true that under a scheme like the one Sanders envisions, most people would lose the insurance they have today"
frCWtiam4tE$_$0,Positive,0.4427914321422577,0.5341576933860779,0.31962618231773376,0.14621619880199432,0.5341576933860779,Positive,1.6666666269302368,False,1.2238751649856567,0.0,0.0,0.0,"The three key trends that I see coming up more and more in campaigns, I think overwhelmingly the number one, and it sort of [INAUD] everything is two way communication."
fsBzpr4k3rY$_$0,Negative,-0.37423935532569885,0.7501510977745056,0.7501510977745056,0.0811128243803978,0.16873610019683838,Positive,2.0,True,2.374239444732666,0.0,0.0,0.0,It causes me to not do bad and put myself in a bad situation
fz-MzQcOBwQ$_$1,Positive,0.693918764591217,0.7115934491157532,0.04430823028087616,0.24409830570220947,0.7115934491157532,Positive,1.3333333730697632,False,0.6394146084785461,0.0,0.0,0.0,The book for this week was: Solve for Happy how to engineer your way to happiness by Mo Gawdat and he's the chief business officer of Google X
gE7kUqMqQ9g$_$2,Negative,-0.77325439453125,0.7844969630241394,0.7844969630241394,0.14013804495334625,0.07536500692367554,Negative,-0.6666666865348816,False,0.10658770799636841,0.0,0.0,0.0,"Or worse, an individual previously had good credit, but usually by no fault of their own, or perhaps by fault of their own, they have let their credit sag, and credit scores is very low."
gJjkCPO7iXg$_$1,Positive,0.6924395561218262,0.7111886143684387,0.04141576215624809,0.2473955899477005,0.7111886143684387,Positive,1.0,False,0.30756044387817383,0.0,0.0,0.0,"We’ve assembled a strong team of dedicated personal injury attorneys, investigators, paralegals and case managers, all to insure that your case is treated with the importance it deserves"
gJjkCPO7iXg$_$0,Positive,0.4226357638835907,0.5096772313117981,0.0665939673781395,0.4237287938594818,0.5096772313117981,Positive,1.0,False,0.5773642063140869,0.0,0.0,0.0,"As one of the leading personal injury law firms in Arizona, Phillips Law Group realizes it takes more than just one person to handle the challenges behind a personal injury claim"
gLTxaEcx41E$_$2,Neutral,0.0,0.5114747881889343,0.11108898371458054,0.5114747881889343,0.37743619084358215,Neutral,0.0,False,0.0,0.0,0.0,0.0,"And Greg, I was wondering these are part of the text I each of them"
gLTxaEcx41E$_$4,Negative,-0.5400635600090027,0.6898733973503113,0.6898733973503113,0.11902269721031189,0.19110393524169922,Neutral,0.0,True,0.5400635600090027,0.0,0.0,0.0,"The reference to looking and hearing in a special way and which also involves not looking and not hearing, or can I say not visualizing and not verbalizing in other ways, is just pure mystery"
gLTxaEcx41E$_$7,Positive,0.20650093257427216,0.41291043162345886,0.34235918521881104,0.24473033845424652,0.41291043162345886,Neutral,0.0,True,0.20650093257427216,0.0,0.0,0.0,"What is it like to be initiated into the mysteries of a cult hero? And how does that have to do with my role and your role as a citizen in [INAUDIBLE]? That's what this is all about and that's what, certainly, Sophocles is concentrating on and that's why he's so fascinated with Theseus"
gLTxaEcx41E$_$6,Positive,0.8948106169700623,0.794725239276886,0.04740301892161369,0.15787173807621002,0.794725239276886,Positive,0.3333333432674408,False,0.5614773035049438,0.0,0.0,0.0,"And that's why I want to come back to this part and try to make it understandable in terms of the fifth century of Athens, which was a very sophisticated period in the history of the city, but which is still clinging to these fundamental notions of what is a cult hero"
gcFECfN4BCU$_$23,Positive,1.331573724746704,0.9086267948150635,0.032845593988895416,0.058527540415525436,0.9086267948150635,Positive,2.0,False,0.6684262752532959,0.0,0.0,0.0,I love to hear what you guys think and pop over to my blog torimackle
gcFECfN4BCU$_$10,Positive,1.0468628406524658,0.8381595015525818,0.040608104318380356,0.12123241275548935,0.8381595015525818,Positive,0.6666666865348816,False,0.38019615411758423,0.0,0.0,0.0,So it doesn't matter what happens with those things because your business is always going to be long term and sustainable if it is about you and your personal brand
gcFECfN4BCU$_$15,Positive,0.7859622836112976,0.7528362274169922,0.053711146116256714,0.1934526413679123,0.7528362274169922,Positive,1.3333333730697632,False,0.5473710894584656,0.0,0.0,0.0,"If you've got a lot of people that look up to you as an authority in a certain area, as a leader in some description, then you probably already have a personal brand"
gpn71-aKWwQ$_$2,Positive,1.1871360540390015,0.8755252361297607,0.05860916152596474,0.06586560606956482,0.8755252361297607,Positive,1.6666666269302368,False,0.47953057289123535,0.0,0.0,0.0,"Applied to as many as I could, that was, you know, humanly feasible, and then I actually ended up getting a couple."
h1ZZHUU4j0k$_$3,Positive,0.6272475123405457,0.7226144671440125,0.046082329005002975,0.23130328953266144,0.7226144671440125,Positive,0.6666666865348816,False,0.03941917419433594,0.0,0.0,0.0,"Applying this theme to marketing reveals at least one universal truth: at the beginning of any project, make sure your entire team, especially the final stakeholders and decision-makers, are all seeing the same objective as the end goal"
h1ZZHUU4j0k$_$4,Negative,-0.720865786075592,0.7840101718902588,0.7840101718902588,0.11578259617090225,0.10020724684000015,Positive,0.6666666865348816,True,1.3875324726104736,0.0,0.0,0.0,"If you have different and conflicting objectives, you're gonna look for different tactics to achieve different results, and you're setting yourself up for incoherence"
h1ZZHUU4j0k$_$10,Positive,0.4956723153591156,0.5775949358940125,0.050985198467969894,0.3714198172092438,0.5775949358940125,Positive,1.0,False,0.504327654838562,0.0,0.0,0.0,We start creating daily content on YouTube for them
h1ZZHUU4j0k$_$13,Negative,-0.4055321216583252,0.6166228652000427,0.6166228652000427,0.24342620372772217,0.1399509310722351,Negative,-1.0,False,0.5944678783416748,0.0,0.0,0.0,""" Or, ""We don't like that there aren't more people coming from YouTube to our other social channels as we'd like there to be"
iQDB_OkAQWs$_$4,Negative,-0.5551535487174988,0.6982868313789368,0.6982868313789368,0.17132560908794403,0.1303875595331192,Neutral,0.0,True,0.5551535487174988,0.0,0.0,0.0,"There will be a time when there's no telephone, there is no computer, there is no online, it'll just be a communication channel."
iXiMifHNKPI$_$8,Positive,0.4084967076778412,0.48982563614845276,0.04594461992383003,0.4642297327518463,0.48982563614845276,Positive,0.3333333432674408,False,0.07516336441040039,0.0,0.0,0.0,The speaker needs to answer the question or encouragement while continuing with the information they are sharing.
j1m6ctAgjsM$_$1,Positive,1.2245616912841797,0.8846456408500671,0.04273165389895439,0.07262269407510757,0.8846456408500671,Positive,1.3333333730697632,False,0.1087716817855835,0.0,0.0,0.0,"If you're adding more people to your team, or if you've just already got a decent sized business"
j1m6ctAgjsM$_$2,Positive,0.9867106080055237,0.8252155184745789,0.033040642738342285,0.14174382388591766,0.8252155184745789,Positive,1.0,False,0.013289391994476318,0.0,0.0,0.0,Then you're probably thinking a lot about how your company can have more effective meetings
j1m6ctAgjsM$_$4,Positive,0.6080963015556335,0.6528254151344299,0.03410018980503082,0.31307435035705566,0.6528254151344299,Positive,0.3333333432674408,False,0.27476295828819275,0.0,0.0,0.07692307692307687,And that's what I want to talk about in this video
j1m6ctAgjsM$_$14,Positive,0.48613467812538147,0.571486234664917,0.04537120833992958,0.3831425607204437,0.571486234664917,Neutral,0.0,True,0.48613467812538147,0.0,0.0,0.0,They have weekly company meetings
j1m6ctAgjsM$_$18,Positive,0.39709487557411194,0.4715287685394287,0.1309385746717453,0.39753273129463196,0.4715287685394287,Positive,1.0,False,0.6029051542282104,0.0,0.0,0.1428571428571429,"Like I said, not just randomly"
j1m6ctAgjsM$_$30,Neutral,0.0,0.5516049861907959,0.21004442870616913,0.5516049861907959,0.23835062980651855,Positive,0.3333333432674408,True,0.3333333432674408,0.0,0.0,0.0,"We have daily huddles that are about 15 minutes long, sometimes less, depending on the number of people in them"
j1m6ctAgjsM$_$35,Positive,0.72308349609375,0.7305305600166321,0.032724812626838684,0.23674464225769043,0.7305305600166321,Positive,1.0,False,0.27691650390625,0.0,0.0,0.0,"So on one day, I will attend a meeting with our training division"
j1m6ctAgjsM$_$33,Neutral,0.0,0.5587770342826843,0.09982017427682877,0.5587770342826843,0.3414028584957123,Positive,0.3333333432674408,True,0.3333333432674408,0.0,0.0,0.0,And then each business area has a huddle each day
j1m6ctAgjsM$_$37,Neutral,0.0,0.5887607336044312,0.05473103001713753,0.5887607336044312,0.3565082550048828,Neutral,0.0,False,0.0,0.0,0.0,0.0,"On the next day, I might be with marketing etc"
jXQmVFcOiUI$_$0,Positive,1.073569655418396,0.8583922386169434,0.031814396381378174,0.10979336500167847,0.8583922386169434,Positive,1.0,False,0.073569655418396,0.0,0.0,0.0,DEAN DAVID: As a university we really cherish international friendship and collaborations.
jj8aSNPHMw8$_$14,Negative,-0.26247167587280273,0.5366530418395996,0.5366530418395996,0.28803327679634094,0.17531366646289825,Neutral,0.0,True,0.26247167587280273,0.0,0.0,0.0,"Over that same period, typical property taxes in Fairfax, County, Virginia, for example, have gone up $ 1,195, or about $300 per year."
jj8aSNPHMw8$_$5,Positive,0.3624476492404938,0.46740174293518066,0.19808286428451538,0.33451545238494873,0.46740174293518066,Negative,-1.3333333730697632,True,1.6957809925079346,0.0,0.0,0.0,"Our public schools have been funded at, or below, the level defined as ‘Maintenance of Effort’ since FY 09. On a per-pupil basis, funding has not increased."
jqutn5ou8_0$_$6,Positive,0.8735470175743103,0.7986912131309509,0.026793504133820534,0.17451532185077667,0.7986912131309509,Positive,0.6666666865348816,False,0.2068803310394287,0.0,0.0,0.0,"Also, we have a link right now to our last stock market today story update, so if you want further detail on the market action and notable movers, you can check that out in the meantime."
jscKL5jS-SQ$_$17,Positive,0.5344240665435791,0.5747103095054626,0.26693403720855713,0.1583556830883026,0.5747103095054626,Positive,1.0,False,0.4655759334564209,0.0,0.0,0.0,"And if you give Him your entire life and all of your time, He will NOT disappoint you."
kaudsLIvYC8$_$0,Positive,0.849253237247467,0.7757485508918762,0.058327436447143555,0.16592402756214142,0.7757485508918762,Positive,1.6666666269302368,False,0.8174133896827698,0.0,0.0,0.0,Well I think the good news is a government wide agressive assistance program is very much under way and things get better each and every day.
kg-W6-hP2Do$_$3,Positive,0.7064476609230042,0.7129486203193665,0.08178924769163132,0.20526210963726044,0.7129486203193665,Neutral,0.0,True,0.7064476609230042,0.0,0.0,1.0,I know you are a very busy man but I can assure you I am not wasting your time.
kpS4BXif_Sw$_$12,Negative,-1.0423640012741089,0.8543874621391296,0.8543874621391296,0.08245968073606491,0.06315289437770844,Negative,-2.0,False,0.9576359987258911,0.0,0.0,0.0,The events of the past several months remind us of how difficult democracy can be in a country with deep divisions
kpS4BXif_Sw$_$15,Positive,0.7574257254600525,0.7446691989898682,0.11633339524269104,0.1389973908662796,0.7446691989898682,Positive,1.3333333730697632,False,0.5759076476097107,0.0,0.0,0.0,"Vice President Biden just spoke with the Prime Minister of Ukraine to assure him that in this difficult moment the United States supports his government's efforts and stands for the sovereignty, territorial integrity and democratic future of Ukraine"
kpS4BXif_Sw$_$4,Positive,0.9647636413574219,0.8364464640617371,0.04473409056663513,0.11881941556930542,0.8364464640617371,Neutral,0.0,True,0.9647636413574219,0.0,0.0,0.0,"I also spoke several days ago with President Putin - and my administration has been in daily communication with Russian officials - and we've made clear that they can be part of an international communities effort to support the stability and success of a united Ukraine going forward, which is not only in the interests of the people of Ukraine and the international community, but also in Russia's interest"
kpS4BXif_Sw$_$8,Negative,-0.6189571619033813,0.7534787058830261,0.7534787058830261,0.150448277592659,0.09607299417257309,Negative,-1.0,False,0.38104283809661865,0.0,0.0,0.0,It would represent a profound interference in matters that must be determined by the Ukrainian people
ktblaVOnFVE$_$4,Positive,0.5956205725669861,0.5499092936515808,0.09576588869094849,0.3543248176574707,0.5499092936515808,Positive,1.3333333730697632,False,0.7377128005027771,0.0,0.0,0.0,"However, this got me thinking, I guess, about the value of impulse versus reason and logic and consideration"
l0vCKpk6Aes$_$24,Positive,1.2438077926635742,0.8684270977973938,0.05014196038246155,0.08143100142478943,0.8684270977973938,Neutral,0.0,True,1.2438077926635742,0.0,0.0,0.0,"My phone number is 845-458-1210 Be sure to visit jay townsend.com to get your copy of my free book, the 10 worst mistakes candidates make."
l0vCKpk6Aes$_$12,Positive,0.6950914859771729,0.6366793513298035,0.12484464794397354,0.2384759932756424,0.6366793513298035,Positive,1.0,False,0.30490851402282715,0.0,0.0,0.0,He has been the most authentic of the nearly two dozen who ran for President this year.
l0vCKpk6Aes$_$19,Negative,-0.3816353380680084,0.6495673060417175,0.6495673060417175,0.19348327815532684,0.15694944560527802,Neutral,0.0,True,0.3816353380680084,0.0,0.0,0.0,"That, and that alone is the only reason you will ever need to run for office."
l4oMbKDuW3Y$_$3,Negative,-0.9946402907371521,0.8531177639961243,0.8531177639961243,0.085688017308712,0.061194200068712234,Negative,-0.6666666865348816,False,0.3279736042022705,0.0,0.0,0.0,I think people are looking at today's leaders and we are brutally disappointed or feel lost.
lD4xtQ6NpDY$_$2,Negative,-0.1473403424024582,0.47433117032051086,0.47433117032051086,0.27123042941093445,0.25443845987319946,Neutral,0.0,True,0.1473403424024582,0.0,0.0,0.0,I was one of five
lYwgLa4R5XQ$_$1,Positive,0.34656915068626404,0.47851505875587463,0.14317364990711212,0.37831127643585205,0.47851505875587463,Neutral,0.0,True,0.34656915068626404,0.0,0.0,1.0,In 2011 the number of people moving from Mexico to the United States was about the same as the number moving from the United States to Mexico
lkIe41StoGI$_$10,Neutral,0.0,0.7296319603919983,0.11341097205877304,0.7296319603919983,0.15695704519748688,Neutral,0.0,False,0.0,0.0,0.0,1.0,Uncle Jim has already arrived
lkIe41StoGI$_$3,Positive,0.592885434627533,0.6463529467582703,0.04018322005867958,0.3134637773036957,0.6463529467582703,Positive,0.6666666865348816,False,0.07378125190734863,0.0,0.0,1.0,If you are using another provider please press *123 for sending voice mail
lkIe41StoGI$_$2,Neutral,0.0,0.574282705783844,0.13693071901798248,0.574282705783844,0.28878653049468994,Positive,0.6666666865348816,True,0.6666666865348816,0.0,0.0,1.0,Charges on national calls are 8 cents per minute and 14 cents per minute on international calls
lkIe41StoGI$_$8,Neutral,0.0,0.524739682674408,0.08055386692285538,0.524739682674408,0.3947063982486725,Neutral,0.0,False,0.0,0.0,0.0,0.0,Are you still busy at the meeting
lwL4hjhkid4$_$1,Neutral,0.0,0.665405809879303,0.10856249183416367,0.665405809879303,0.22603172063827515,Neutral,0.0,False,0.0,0.0,0.0,1.0,We equate being a giver solely with that second type
lwL4hjhkid4$_$3,Positive,0.5978167653083801,0.6220857501029968,0.03880046308040619,0.3391138017177582,0.6220857501029968,Positive,2.0,False,1.4021832942962646,0.0,0.0,0.7142857142857143,"I was inspired by anthropologist Robin Dunbar, who says that the number of people with whom you can maintain stable, ongoing social interaction is approximately 150"
lwL4hjhkid4$_$6,Positive,0.8088377118110657,0.7279624342918396,0.06462329626083374,0.20741426944732666,0.7279624342918396,Positive,0.3333333432674408,False,0.4755043685436249,0.0,0.0,0.0,"So, in my Facebook experiment, I stayed friends with everyone, but I followed only a select few"
m-7yRWZLwLY$_$0,Neutral,0.0,0.5534026622772217,0.14700503647327423,0.5534026622772217,0.2995922863483429,Neutral,0.0,False,0.0,0.0,0.0,0.0,"&gt;&gt; So India can clearly be a superpower, it's a question of how and when rather than if."
mVnqP-vLpuo$_$0,Positive,1.1214118003845215,0.8659539222717285,0.029091566801071167,0.10495448112487793,0.8659539222717285,Positive,0.6666666865348816,False,0.4547451138496399,0.0,0.0,0.0,But maybe you can help us thinking about this
mZ_8em_-CGc$_$7,Positive,0.4954555928707123,0.5633075833320618,0.060953885316848755,0.3757385313510895,0.5633075833320618,Positive,0.6666666865348816,False,0.1712110936641693,0.0,0.0,0.0,"And even though the weather forecasts were only essentially daily, and then they subsequently over time become refined to be hourly, that initial implementation of adding forecasts to open house information allowed us to market open houses in a new way."
mgsvwAVQAQo$_$4,Positive,0.5379524230957031,0.5724349021911621,0.09119158238172531,0.33637356758117676,0.5724349021911621,Positive,0.3333333432674408,False,0.20461907982826233,0.0,0.0,0.0,"But, of course, that doesn't mean that other people have had exactly that experience and so there was definitely room for more nuance when we made that point"
mmg_eTDHjkk$_$5,Neutral,0.0,0.5655231475830078,0.05907406285405159,0.5655231475830078,0.3754028379917145,Positive,0.3333333432674408,True,0.3333333432674408,0.0,0.0,0.0,Now on my right is a different story
mmg_eTDHjkk$_$8,Positive,0.41957488656044006,0.48269763588905334,0.05768347904086113,0.4596188962459564,0.48269763588905334,Positive,0.6666666865348816,False,0.24709179997444153,0.0,0.0,0.0,This is any day cream or moisturizer which says SPF on the front panel
mmg_eTDHjkk$_$15,Positive,0.4738897383213043,0.5408775210380554,0.13979408144950867,0.3193283975124359,0.5408775210380554,Positive,1.0,False,0.5261102914810181,0.0,0.0,0.0,"Last but not least, are products you would normally use with water"
mzAu5gxjE-w$_$2,Positive,1.2848161458969116,0.8998060822486877,0.04628332331776619,0.05391053855419159,0.8998060822486877,Positive,1.6666666269302368,False,0.3818504810333252,0.0,0.0,0.02083333333333337,Over the past two years we've been very very a successful in growing our business to pre-recession levels we added approximately 40 members to our group we found that the talent that was available in the market was exceptional and we're very excited about that opportunity.
nFTo-Lz4Fr8$_$1,Positive,0.9189295768737793,0.8136556148529053,0.04094739630818367,0.14539700746536255,0.8136556148529053,Positive,0.6666666865348816,False,0.2522628903388977,0.0,0.0,0.0,So we were very fortunate and were able to capitalize on that because we had a savings message out that the public was hearing.
nZFPKP9kBkw$_$4,Positive,1.1598963737487793,0.870347261428833,0.04585347697138786,0.08379931002855301,0.870347261428833,Neutral,0.0,True,1.1598963737487793,0.0,0.0,0.0,"There’s certainly many things from our heritage in creative development that continue to be very important, lots of discipline and clarity of strategy are absolutely critical as well."
namehdJxRIM$_$1,Positive,0.5146026611328125,0.5664591789245605,0.052221521735191345,0.3813192844390869,0.5664591789245605,Positive,0.3333333432674408,False,0.1812693178653717,0.0,0.0,0.0,So that's the one I know the best
o2XbNJDpOlc$_$6,Positive,0.4142957627773285,0.48151156306266785,0.142778217792511,0.37571024894714355,0.48151156306266785,Positive,1.6666666269302368,False,1.252370834350586,0.0,0.0,0.0,"If you want the Holy Spirit baptism, where you need to go is Jesus."
oBS-IW-BO00$_$3,Neutral,0.0,0.5952042937278748,0.11773619800806046,0.5952042937278748,0.2870595455169678,Neutral,0.0,False,0.0,0.0,0.0,0.0,"Okay, you don't have to belabor the point, but you want to talk about the future of the deceased."
oHff2W51wZ8$_$1,Positive,1.315301537513733,0.9070167541503906,0.027523895725607872,0.06545932590961456,0.9070167541503906,Positive,1.3333333730697632,False,0.018031835556030273,0.0,0.0,0.0,"Sometimes, posting a TED talk about the subject, or an inspiring article can motivate students to stay engaged"
oHff2W51wZ8$_$2,Positive,1.3030084371566772,0.8919026851654053,0.0384293831884861,0.06966786831617355,0.8919026851654053,Positive,2.0,False,0.6969915628433228,0.0,0.0,0.0,"Even an image, a meme, or a funny cartoon can keep your Team space alive"
oHff2W51wZ8$_$5,Positive,0.9748304486274719,0.8153578639030457,0.027327761054039,0.15731436014175415,0.8153578639030457,Positive,2.6666667461395264,False,1.6918363571166992,0.0,0.0,0.0,"This is great for teacher announcements, student suggestions, or questions"
oPlnhc0DkcU$_$1,Negative,-0.009999999776482582,0.551765501499176,0.551765501499176,0.21001946926116943,0.23821502923965454,Negative,-0.3333333432674408,False,0.32333335280418396,0.0,0.0,0.0,Home prices are stabilizing and even turning up in some markets.
oZxMx8e0x2U$_$2,Negative,-0.5547458529472351,0.6371438503265381,0.6371438503265381,0.2611851394176483,0.1016710177063942,Positive,0.3333333432674408,True,0.8880791664123535,0.0,0.0,0.0,Mostly small business people wondering if they pay too much tax.
obGF3RfWQKE$_$24,Negative,-0.24995775520801544,0.5879172086715698,0.5879172086715698,0.18329398334026337,0.22878886759281158,Neutral,0.0,True,0.24995775520801544,0.0,0.0,0.0,"You might have to pay a little bit more, but you can get it."
obGF3RfWQKE$_$3,Positive,1.3892574310302734,0.8921710848808289,0.05044558271765709,0.05738333985209465,0.8921710848808289,Positive,1.3333333730697632,False,0.055924057960510254,0.0,0.0,0.10810810810810811,"Read a very very interesting piece in the New York Times' Motherlode blog by KJ--I can never get this name right, Dell'Antonia, love that name."
ossKC1VrusE$_$3,Positive,0.49297845363616943,0.5764088034629822,0.045407116413116455,0.3781839907169342,0.5764088034629822,Positive,0.6666666865348816,False,0.17368823289871216,0.0,0.0,0.0,"All of these things, motivation, influence, and sensation, and perception are involved in advertising."
ossKC1VrusE$_$2,Positive,0.9463050365447998,0.8409600257873535,0.03353382274508476,0.1255062073469162,0.8409600257873535,Positive,1.6666666269302368,False,0.720361590385437,0.0,0.0,0.0,"Because they learn about what motivates people, what influences people or limits to sensation and perception, as well as how to measure satisfactions."
ozA7pRW4gFM$_$7,Neutral,0.0,0.49344101548194885,0.2898949384689331,0.49344101548194885,0.21666407585144043,Neutral,0.0,False,0.0,0.0,0.0,0.0,We often don't know what will create the tipping point
p4WmcxrXkc4$_$0,Positive,0.8618348240852356,0.7901144623756409,0.03170130029320717,0.17818425595760345,0.7901144623756409,Positive,0.3333333432674408,False,0.5285015106201172,0.0,0.0,0.0,"When thinking about which advertisers are most innovative in talking to moms, I often talk about advertisers like Quaker out of Chicago, in understanding that a mass reach outdoor campaign can complement an online campaign, which can complement an influencer sampling program, and complement the insights that are driving the engagement of moms."
p7zuPEZgtY4$_$0,Neutral,0.0,0.5196337699890137,0.1583738774061203,0.5196337699890137,0.32199230790138245,Positive,0.3333333432674408,True,0.3333333432674408,0.0,0.0,0.0,JEFF KING: Media fragmentation and multiple touch points is a huge topic.
pIaEcqnzI-s$_$3,Neutral,0.0,0.5666273236274719,0.0616338737308979,0.5666273236274719,0.3717387914657593,Positive,0.3333333432674408,True,0.3333333432674408,0.0,0.0,0.0,The regulations of our 50 states are another million pages
pIaEcqnzI-s$_$5,Neutral,0.0,0.6285865306854248,0.09831757098436356,0.6285865306854248,0.2730959355831146,Negative,-0.3333333432674408,True,0.3333333432674408,0.0,0.0,0.0,These are the OSHA safety regulations that every business owner and factory worker must obey
pIaEcqnzI-s$_$7,Neutral,0.0,0.6724671721458435,0.11688429862260818,0.6724671721458435,0.2106485813856125,Negative,-0.3333333432674408,True,0.3333333432674408,0.0,0.0,0.0,Are these edicts of government available to citizens to inform themselves
pIaEcqnzI-s$_$6,Neutral,0.0,0.575697124004364,0.06743821501731873,0.575697124004364,0.35686469078063965,Neutral,0.0,False,0.0,0.0,0.0,0.0,"These are the hazmat transport and storage regulations, the product safety regulations for hearing aids and baby strollers and propane tanks and elevators"
pQpy7RSfWzM$_$19,Positive,1.0364564657211304,0.8541300892829895,0.02774170972406864,0.11812815815210342,0.8541300892829895,Positive,0.3333333432674408,False,0.7031230926513672,0.0,0.0,0.0,"I'all about connecting with people within my field and abroad, but I would much rather spend time developing my own projects outside of corporate marketing and material benefits."
pQpy7RSfWzM$_$8,Positive,0.5863863825798035,0.6228044629096985,0.12632445991039276,0.25087112188339233,0.6228044629096985,Neutral,0.0,True,0.5863863825798035,0.0,0.0,0.0,"When school was becoming a bit much, I would walk to the lake or around Grant Park and take time to unwind."
pSxte-ms0t8$_$33,Negative,-0.2201918363571167,0.5575397610664368,0.5575397610664368,0.25767719745635986,0.18478305637836456,Negative,-0.3333333432674408,False,0.1131415069103241,0.0,0.0,0.0,"This fall, if a third party candidate gets a significant portion of the vote, we will show the major parties that we care about our freedoms and are sick of endless war."
pSxte-ms0t8$_$2,Neutral,0.0,0.41638222336769104,0.3580876886844635,0.41638222336769104,0.22553010284900665,Positive,0.6666666865348816,True,0.6666666865348816,0.0,0.0,0.0,"As amusing as arguments over who built the forty seven percent are, There is a basic truth to the Democrats and the Republicans that deserves more attention."
pSxte-ms0t8$_$7,Negative,-1.1258424520492554,0.8586096167564392,0.8586096167564392,0.08760169893503189,0.0537886917591095,Negative,-2.0,False,0.8741575479507446,0.0,0.0,0.0,Both the Democrats and the Republicans believe that we the American people are pack of cowards.
pSxte-ms0t8$_$6,Positive,0.4086627662181854,0.504166841506958,0.08545500785112381,0.4103781282901764,0.504166841506958,Positive,1.0,False,0.5913372039794922,0.0,0.0,0.0,"I would like to speak to you today about the most important thing they have in common, however."
pZye4zFzk3o$_$2,Positive,0.48502087593078613,0.5623230338096619,0.07789382338523865,0.3597831726074219,0.5623230338096619,Negative,-0.6666666865348816,True,1.1516876220703125,0.0,0.0,0.0,"However, we want to see the issue in a deeper way, in a more fundamental way"
pZye4zFzk3o$_$5,Negative,-0.7928622364997864,0.7602220177650452,0.7602220177650452,0.14588762819766998,0.09389028698205948,Negative,-0.6666666865348816,False,0.12619554996490479,0.0,0.0,0.0,""" It's certainly not from the kindness of their heart"
pnpFPX34Agk$_$2,Neutral,0.0,0.6322483420372009,0.15948089957237244,0.6322483420372009,0.20827078819274902,Positive,0.3333333432674408,True,0.3333333432674408,0.0,0.0,0.7,Do you have to separate kids by perceived ability level
q5M1God4M6Y$_$9,Neutral,0.0,0.5418457984924316,0.04550807550549507,0.5418457984924316,0.4126460552215576,Positive,0.6666666865348816,True,0.6666666865348816,0.0,0.0,0.0,The device has touch sensing and communicate with the smartphone through Bluetooth
qDfSYz0PX9g$_$0,Negative,-0.009999999776482582,0.5450306534767151,0.5450306534767151,0.10294995456933975,0.352019339799881,Negative,-2.0,False,1.9900000095367432,0.0,0.0,0.0,"are not protecting your future, you are ruining it"
qDfSYz0PX9g$_$8,Neutral,0.0,0.49926409125328064,0.1722441464662552,0.49926409125328064,0.32849177718162537,Negative,-0.6666666865348816,True,0.6666666865348816,0.0,0.0,0.0,"Yes, probably the other person said something incorrect"
qEuJj4uW93E$_$1,Neutral,0.0,0.5727313160896301,0.0856996551156044,0.5727313160896301,0.34156903624534607,Neutral,0.0,False,0.0,0.0,0.0,0.0,"RICHARD FIFER, Petaquilla Minerals: You see it yourself"
qgC8_emxSIU$_$6,Neutral,0.0,0.516486644744873,0.07248545438051224,0.516486644744873,0.4110279083251953,Neutral,0.0,False,0.0,0.0,0.0,0.0,"This is so that you can make eye contact with your audience in the first line and the last line, but everything else will just simply be notes of an outline."
r46amqjpWgg$_$26,Positive,1.0365525484085083,0.8150704503059387,0.08292584866285324,0.10200373083353043,0.8150704503059387,Positive,0.6666666865348816,False,0.3698858618736267,0.0,0.0,0.0,"Keep your body language active, don't stand rigid at the stage, and just relax"
r46amqjpWgg$_$22,Positive,1.0670448541641235,0.8609403967857361,0.03863197937607765,0.10042767971754074,0.8609403967857361,Positive,0.6666666865348816,False,0.40037816762924194,0.0,0.0,0.0,Once you've timed your speech and you know how long its going to be you go a long way in keeping peoples attention
r46amqjpWgg$_$6,Positive,0.7302197813987732,0.7278509736061096,0.0333772674202919,0.23877175152301788,0.7278509736061096,Positive,1.3333333730697632,False,0.60311359167099,0.0,0.0,0.0,Stories are easy to retell without needing notes because you already know them
r46amqjpWgg$_$15,Neutral,0.0,0.6568022966384888,0.1573021560907364,0.6568022966384888,0.18589551746845245,Neutral,0.0,False,0.0,0.0,0.0,0.0,Now you have to make sure you're watching the clock
r46amqjpWgg$_$32,Positive,1.2964130640029907,0.9062795042991638,0.03619568422436714,0.05752483010292053,0.9062795042991638,Positive,1.0,False,0.2964130640029907,0.0,0.0,0.0,"You're going to do great! If you still aren't sure how to write your wedding speech, head back to our previous video: the 5 keys to writing a great wedding toast"
rcfnqiD0y8o$_$0,Positive,1.4118586778640747,0.9054350852966309,0.0459919273853302,0.04857298731803894,0.9054350852966309,Positive,1.6666666269302368,False,0.2548079490661621,0.0,0.0,0.0,increase your skills to help you lead your teams with more excellence
rhQB8e999-Q$_$10,Positive,1.125930905342102,0.8845968246459961,0.026134416460990906,0.0892687439918518,0.8845968246459961,Positive,1.0,False,0.12593090534210205,0.0,0.0,0.0,"There are a lot of ones that I throw in different scenarios based on the context That's another one that I do use by the way: Creativity, Consistency and Context that's something I'm known for saying."
rhQB8e999-Q$_$0,Positive,1.1140644550323486,0.8816267848014832,0.024596482515335083,0.09377681463956833,0.8816267848014832,Positive,0.6666666865348816,False,0.44739776849746704,0.0,0.0,0.0,Hey everybody this Graphic Designer Roberto Blake with another Graphic Design quick tip for you today's quick tip is about investing in your personal branding!
rhQB8e999-Q$_$5,Positive,0.9803202748298645,0.845564067363739,0.02472361922264099,0.1297123283147812,0.845564067363739,Neutral,0.0,True,0.9803202748298645,0.0,0.0,0.0,They've also come up with different taglines to be able to you associate the values that they want to communicate for their brand with an audience.
rhQB8e999-Q$_$7,Positive,1.1434985399246216,0.8878194689750671,0.024817397817969322,0.08736312389373779,0.8878194689750671,Positive,0.6666666865348816,False,0.47683185338974,0.0,0.0,0.0,So I talked about creating your own visual style and that's definitely part in developing a brand but there are other things you need to do.
rhQB8e999-Q$_$8,Positive,0.649514377117157,0.691648542881012,0.030690865591168404,0.277660608291626,0.691648542881012,Neutral,0.0,True,0.649514377117157,0.0,0.0,0.0,You come up with a possible tagline for yourself and what you doing.
svsbGQn389o$_$8,Negative,-0.7712664604187012,0.8038877844810486,0.8038877844810486,0.11349314451217651,0.0826190635561943,Negative,-1.3333333730697632,False,0.562066912651062,0.0,0.0,0.5714285714285714,"And banks, of course, are suffering credit crisis and not making loans as much as they used to."
tC2KicUHB9Q$_$7,Neutral,0.0,0.6035093665122986,0.0605115108191967,0.6035093665122986,0.3359791338443756,Negative,-0.3333333432674408,True,0.3333333432674408,0.0,0.0,0.0,told the New York Daily News
tNd3--lvSXE$_$6,Neutral,0.0,0.5177040696144104,0.19479553401470184,0.5177040696144104,0.28750044107437134,Positive,0.6666666865348816,True,0.6666666865348816,0.0,0.0,0.0,Wild actually has TWO Oscar nominations - also Laura Dern for Best Supporting Actress - plus what’s more Witherspoon produced Gone Girl for which Pike is nominated
teQqaAmqqx0$_$0,Positive,0.9314802289009094,0.8116722702980042,0.05772487819194794,0.13060283660888672,0.8116722702980042,Neutral,0.0,True,0.9314802289009094,0.0,0.0,0.0,"Greetings to the Palestine Children's Relief Fund, PCRF and to all its staff, members and children treated through it."
teQqaAmqqx0$_$3,Positive,0.910733699798584,0.7936576008796692,0.07085493952035904,0.1354874223470688,0.7936576008796692,Neutral,0.0,True,0.910733699798584,0.0,0.0,0.0,"Their cause is a great and noble one that serves the children of Palestine, especially those who were injured during the events of the intifada and the occupation."
tnWmVXZ87h0$_$0,Positive,1.2064285278320312,0.8842292428016663,0.04806162044405937,0.0677090734243393,0.8842292428016663,Positive,2.0,False,0.7935714721679688,0.0,0.0,0.0,"Our country stands for a basic promise; no matter who you are, what you look like, or what your name is, you can make it here if you try."
tnWmVXZ87h0$_$3,Positive,0.670630156993866,0.6801581978797913,0.20438110828399658,0.11546071618795395,0.6801581978797913,Positive,1.6666666269302368,False,0.9960364699363708,0.0,0.0,0.0,"But keeping our country's basic promise has never been easy, so I want to thank you."
ttfaZ8IIWCo$_$2,Positive,0.878018856048584,0.7950446605682373,0.03172684833407402,0.17322848737239838,0.7950446605682373,Positive,2.3333332538604736,False,1.4553143978118896,0.0,0.0,0.0,"Do you want excellently typed, proofread and edited transcripts of your audios and video?"
ttfaZ8IIWCo$_$5,Positive,1.2118180990219116,0.888413667678833,0.03550521656870842,0.07608112692832947,0.888413667678833,Positive,2.3333332538604736,False,1.121515154838562,0.0,0.0,0.0,We help professionals like you spend more time with your family and friends; or on your business doing what you do best.
ttfaZ8IIWCo$_$4,Positive,1.1389434337615967,0.8818489909172058,0.025144681334495544,0.09300633519887924,0.8818489909172058,Positive,2.3333332538604736,False,1.194389820098877,0.0,0.0,0.0,TranscriptionPRO Services is a general transcription services provider dedicated to delivering excellent transcription services at affordable prices.
tymso_pAxhk$_$12,Positive,0.5462337732315063,0.6081498265266418,0.14689256250858307,0.24495762586593628,0.6081498265266418,Negative,-1.0,True,1.5462337732315063,0.0,0.0,0.0,"When we take a look at balancing things in the state of Vermont, I think that we've gone perhaps sometimes too far, our environmental issues versus business issues and succeeded."
u9ZV8jb_-U0$_$0,Negative,-0.29288825392723083,0.50223708152771,0.50223708152771,0.272070974111557,0.22569197416305542,Negative,-1.6666666269302368,False,1.3737783432006836,0.0,0.0,0.0,"JAMES MENY: So let's just say, since most people are going to not sing correctly, that it's not working for you."
um8WVjZMLUc$_$1,Negative,-0.8805057406425476,0.7908309102058411,0.7908309102058411,0.14304573833942413,0.0661233589053154,Neutral,0.0,True,0.8805057406425476,0.0,0.0,0.0,Shops are constantly closing down  since they cannot operate under these circumstances.
unOeTDc2rlY$_$27,Positive,0.4948951303958893,0.561535120010376,0.1958056092262268,0.24265925586223602,0.561535120010376,Positive,1.0,False,0.5051048994064331,0.0,0.0,0.0,"And even if your group doesn't seem to be 'getting it,' don't worry!"
unOeTDc2rlY$_$31,Neutral,0.0,0.5911107659339905,0.18685247004032135,0.5911107659339905,0.22203673422336578,Positive,1.0,True,1.0,0.0,0.0,0.0,There's no single piece of the application that will make or break an applicant - including the team exercise.
unOeTDc2rlY$_$29,Positive,0.30931925773620605,0.44386008381843567,0.41568395495414734,0.140455961227417,0.44386008381843567,Negative,-0.3333333432674408,True,0.6426526308059692,0.0,0.0,0.0,"[QUESTION: Soojin, this whole process the application, the resume, the team exercise all of it, has me so nervous."
uogwnZGb-iE$_$26,Positive,0.9347696304321289,0.7783676981925964,0.035154372453689575,0.1864779144525528,0.7783676981925964,Positive,2.0,False,1.065230369567871,0.0,0.0,0.0,But never fear I'll get back to my usual video schedule soon.
uogwnZGb-iE$_$21,Positive,0.7234659790992737,0.618837833404541,0.1333685666322708,0.24779362976551056,0.618837833404541,Positive,0.3333333432674408,False,0.3901326358318329,0.0,0.0,0.0,"I don't have anyone, like, locally around me that likes to make videos like that that I could collaborate with."
uogwnZGb-iE$_$22,Positive,1.4254627227783203,0.9116703867912292,0.03471497446298599,0.05361466482281685,0.9116703867912292,Positive,2.0,False,0.5745372772216797,0.0,0.0,0.0,So to be in one space for a week gives me the most awesome opportunity to collaborate with other YouTubers and people who are crafty and that cook and knit and just.
uogwnZGb-iE$_$28,Positive,1.395943284034729,0.9119923710823059,0.03441585227847099,0.05359170213341713,0.9119923710823059,Positive,2.3333332538604736,False,0.9373899698257446,0.0,0.0,0.0,So I'm really excited to hopefully launch that over the next couple of weeks and I think you guys will be really receptive to it.
uogwnZGb-iE$_$13,Positive,1.3214892148971558,0.8988215327262878,0.03744480386376381,0.06373372673988342,0.8988215327262878,Positive,2.3333332538604736,False,1.0118440389633179,0.0,0.0,0.0,"I've met some amazing YouTubers, people who are just like me."
uogwnZGb-iE$_$6,Positive,1.4057782888412476,0.8922460675239563,0.041385259479284286,0.0663686990737915,0.8922460675239563,Positive,1.0,False,0.40577828884124756,0.0,0.0,0.0,So that's the main reason and everything's going to be okay.
vB_kZocHtYo$_$8,Neutral,0.0,0.6291961669921875,0.07370450347661972,0.6291961669921875,0.29709938168525696,Neutral,0.0,False,0.0,0.0,0.0,0.0,In the body of the business plan you should be very short but the fifth section which is the appendix is where the actual financials should go.
vGkIaClHKDg$_$6,Positive,1.3660154342651367,0.9147598147392273,0.03141750022768974,0.05382274091243744,0.9147598147392273,Positive,1.3333333730697632,False,0.032682061195373535,0.0,0.0,0.0,Online Content Marketing your product is essential and there are so many great ways you can market your product at very low cost.
vR90Pdx9wxs$_$3,Positive,0.40603816509246826,0.5060139298439026,0.06192438304424286,0.43206167221069336,0.5060139298439026,Positive,0.3333333432674408,False,0.07270482182502747,0.0,0.0,0.0,"The second session, I ask the parents to bring in food and we actually start feeding the kid then and I observe how it usually goes now and then based on what I observe, I start to intervene and start the treatment to see what works so I can send the parents home with a plan after just the second session."
v_8QeoNc4QY$_$5,Neutral,0.0,0.70619136095047,0.12201275676488876,0.70619136095047,0.17179591953754425,Positive,0.3333333432674408,True,0.3333333432674408,0.0,0.0,0.0,A money market account on the other hand is a completely liquid vehicle.
veA6ECsGFxI$_$0,Positive,0.9275153279304504,0.8290653228759766,0.03200661391019821,0.13892807066440582,0.8290653228759766,Positive,0.6666666865348816,False,0.26084864139556885,0.0,0.0,0.0,"Accenture's ability to help its pharmaceutical clients achieve more efficient global regulatory submissions that will enable them to get medicines to market more quickly, safely and at a lower cost has been enhanced."
wC_1M7KIv9s$_$24,Positive,0.4168446958065033,0.5258843302726746,0.08264098316431046,0.39147472381591797,0.5258843302726746,Neutral,0.0,True,0.4168446958065033,0.0,0.0,0.0,"For example, in one world, you might be a “student” and as a “student” you undertake certain responsibilities."
wC_1M7KIv9s$_$12,Positive,0.9624325633049011,0.8269009590148926,0.03229273855686188,0.14080631732940674,0.8269009590148926,Positive,0.3333333432674408,False,0.6290992498397827,0.0,0.0,0.0,"As per agreement, if Coraline finds the souls first, she and the rest of them get to return to the real world."
wC_1M7KIv9s$_$23,Negative,-0.26756638288497925,0.5432245135307312,0.5432245135307312,0.29797863960266113,0.15879689157009125,Neutral,0.0,True,0.26756638288497925,0.0,0.0,0.0,Different social spheres act as these dual worlds where individuals must or choose to assume certain roles and responsibilities.
wC_1M7KIv9s$_$1,Neutral,0.0,0.5103499293327332,0.08458524942398071,0.5103499293327332,0.40506473183631897,Positive,0.6666666865348816,True,0.6666666865348816,0.0,0.0,0.0,This is a story about a girl named Coraline who lives in the countryside with her mother and father.
wC_1M7KIv9s$_$5,Neutral,0.0,0.6660658717155457,0.09896785020828247,0.6660658717155457,0.23496627807617188,Neutral,0.0,False,0.0,0.0,0.0,0.0,"As she explores her house, she finds a door with a brick wall behind it."
wC_1M7KIv9s$_$25,Positive,0.5354047417640686,0.6140363216400146,0.056224871426820755,0.3297387659549713,0.6140363216400146,Positive,2.0,False,1.4645953178405762,0.0,0.0,0.0,"In another world, you might be a “son” or “daughter”. And in yet another world, you might be an “employee”. You’re the same person looking back in a reflection, yet at the same time, you’re different."
wC_1M7KIv9s$_$21,Negative,-0.4473479986190796,0.6486242413520813,0.6486242413520813,0.15111373364925385,0.20026201009750366,Negative,-0.3333333432674408,False,0.1140146553516388,0.0,0.0,0.0,Coraline must save her parents and others - a role that she is not used to undertaking.
wHeZHLv9wGI$_$12,Negative,-0.009999999776482582,0.5147528648376465,0.5147528648376465,0.12676557898521423,0.35848161578178406,Negative,-0.6666666865348816,False,0.6566666960716248,0.0,0.0,0.0,"You might even figure out, OK I'm using this deodorant one day and it really worked but the next day my deodorant hardly worked at all and I had a real problem, you know."
wnL3ld9bM2o$_$25,Negative,-0.947141706943512,0.8462703824043274,0.8462703824043274,0.05422034487128258,0.0995093286037445,Positive,2.0,True,2.947141647338867,0.0,0.0,0.0,I know I'm a little older than a millennial and I don't so
wnL3ld9bM2o$_$21,Negative,-0.7439369559288025,0.7789702415466309,0.7789702415466309,0.13821671903133392,0.08281306177377701,Positive,0.3333333432674408,True,1.077270269393921,0.0,0.0,0.0,It's a trend that's not going to be reversed
wnL3ld9bM2o$_$4,Positive,1.1713565587997437,0.8547198176383972,0.06529859453439713,0.07998153567314148,0.8547198176383972,Positive,0.3333333432674408,False,0.8380231857299805,0.0,0.0,0.0,I would pick flexibility over a stable job with benefits because I like the idea that I can work when I need to and work really hard if I need more money and I'm my own boss
wnL3ld9bM2o$_$9,Positive,0.980185329914093,0.8095476627349854,0.04568769410252571,0.14476466178894043,0.8095476627349854,Positive,1.0,False,0.019814670085906982,0.0,0.0,0.0,I wanted it to be an expression of a passion
wnL3ld9bM2o$_$15,Negative,-0.42933201789855957,0.6431589126586914,0.6431589126586914,0.177703857421875,0.1791372150182724,Neutral,0.0,True,0.42933201789855957,0.0,0.0,0.0,"If you believe in a lot of the things that unions supported, we don't have that kind of dynamic in the economy"
wnL3ld9bM2o$_$14,Neutral,0.0,0.6752970814704895,0.110467828810215,0.6752970814704895,0.2142351269721985,Neutral,0.0,False,0.0,0.0,0.0,0.0,"You know, like Small Business Administration within each state"
wznRBN1fWj4$_$0,Neutral,0.0,0.5409140586853027,0.1491064876317978,0.5409140586853027,0.3099794387817383,Neutral,0.0,False,0.0,0.0,0.0,0.0,"become, there will be water wars and in fact my institute at ASU"
wznRBN1fWj4$_$6,Positive,0.7876604199409485,0.8079805374145508,0.031290337443351746,0.16072912514209747,0.8079805374145508,Neutral,0.0,True,0.7876604199409485,0.0,0.0,1.0,They are groups of cells with the potential to become human beings
x0rLwBIocuI$_$7,Negative,-1.0032823085784912,0.8366596698760986,0.8366596698760986,0.10333460569381714,0.060005754232406616,Negative,-0.6666666865348816,False,0.3366156220436096,0.0,0.0,0.0,"If you have a one minute monologue and you go one ten or one fifteen, most likely you'll be disqualified from getting the part, and a director may well say, stop and leave the stage."
xBE9YWYGjtk$_$7,Positive,1.2728899717330933,0.8530797958374023,0.0776154100894928,0.06930481642484665,0.8530797958374023,Positive,2.0,False,0.7271100282669067,0.0,0.0,0.0,"One day, the stares from others will be a lesson to remind you you are full of stunning blessing"
xSCvspXYU9k$_$19,Negative,-0.6188411116600037,0.7740527987480164,0.7740527987480164,0.13073141872882843,0.09521574527025223,Negative,-1.0,False,0.38115888833999634,0.0,0.0,0.0,"If Canada wants to attract investment and investors, this is definitely not the way to do it."
xSCvspXYU9k$_$7,Positive,0.9857274889945984,0.8433824181556702,0.05920128896832466,0.09741625189781189,0.8433824181556702,Neutral,0.0,True,0.9857274889945984,0.0,0.0,0.0,"First of all, you need an enormous $10 million net worth to qualify."
xXXcgb9eZ9Y$_$7,Neutral,0.0,0.4907630980014801,0.30443188548088074,0.4907630980014801,0.20480497181415558,Negative,-0.3333333432674408,True,0.3333333432674408,0.0,0.0,0.0,The pig has a couple of disadvantages that the cow doesn’t suffer from
xmLJHru6Z1M$_$12,Neutral,0.0,0.4581042230129242,0.34825971722602844,0.4581042230129242,0.19363601505756378,Positive,1.0,True,1.0,0.0,0.0,0.0,"You want a low steady tone and steady pace, rather than a high pitched and fast pace."
xmLJHru6Z1M$_$14,Negative,-0.31215575337409973,0.5156715512275696,0.5156715512275696,0.3187277615070343,0.1656007170677185,Positive,1.0,True,1.3121557235717773,0.0,0.0,0.0,"You want to act like you're talking to your friend, just chatting to your mom or dad or somebody that you've known for years."
xmLJHru6Z1M$_$8,Positive,0.47791823744773865,0.5779955387115479,0.051320549100637436,0.3706839978694916,0.5779955387115479,Positive,0.3333333432674408,False,0.14458489418029785,0.0,0.0,0.30434782608695654,"You can tuck your thumbs into your pockets, but you want to make sure the majority of your hands are visible."
xobMRm5Vs44$_$1,Positive,1.1979151964187622,0.8909302353858948,0.02840965799987316,0.08066005259752274,0.8909302353858948,Neutral,0.0,True,1.1979151964187622,0.0,0.0,0.0,GFEBS supports one of the Army's most critical goals: achieving audibility.
yCpHmPSshKY$_$1,Negative,-0.15253224968910217,0.4740464687347412,0.4740464687347412,0.2729848325252533,0.2529686987400055,Positive,1.6666666269302368,True,1.8191988468170166,0.0,0.0,0.0,And my bill is to help get support and care for children suffering from mental illnesses.
yCpHmPSshKY$_$0,Neutral,0.0,0.4155101478099823,0.18449713289737701,0.4155101478099823,0.3999927043914795,Positive,0.6666666865348816,True,0.6666666865348816,0.0,0.0,0.0,My name is Louise and I'm at the Linus Pauling Mock Congress at LBCC this year and my bill is about mental health and mental illnesses in children and teens.
yLo-Jl8nBXU$_$11,Positive,1.1171236038208008,0.8770217895507812,0.03550858050584793,0.08746960759162903,0.8770217895507812,Positive,0.6666666865348816,False,0.4504569172859192,0.0,0.0,0.0,I encouraged her to move forward in preparing for elections to take place no later than February of 2015. We have provided more than $100 million in support to the peacekeeping effort.
yLo-Jl8nBXU$_$0,Negative,-0.12915055453777313,0.44012001156806946,0.44012001156806946,0.3479364812374115,0.21194346249103546,Neutral,0.0,True,0.12915055453777313,0.0,0.0,0.0,"MS. JENSEN: Our next question comes from Korka Bah: ""During the AU summit in Addis, Ethiopian prime minister called for urgent action to avoid the further escalating of violence between Christians and Muslims in Central African Republic."
yLo-Jl8nBXU$_$6,Positive,1.2016669511795044,0.8880658149719238,0.04467669501900673,0.06725744158029556,0.8880658149719238,Positive,1.3333333730697632,False,0.1316664218902588,0.0,0.0,0.0,We particularly thank the French Government for their efforts and the troops that they have put on the ground.
ySblgk7T7eQ$_$12,Negative,-0.009999999776482582,0.4028189480304718,0.4028189480304718,0.3176969289779663,0.2794841229915619,Negative,-0.3333333432674408,False,0.32333335280418396,0.0,0.0,0.0,"On the one hand he's battling against theists who affirm the objectivity of moral values and duties, but ground them in God"
ySblgk7T7eQ$_$0,Positive,1.2318724393844604,0.8987479209899902,0.03175780549645424,0.06949431449174881,0.8987479209899902,Positive,1.0,False,0.23187243938446045,0.0,0.0,0.0,"Hi, it's good that you can join me in my study"
ySblgk7T7eQ$_$4,Neutral,0.0,0.5332698822021484,0.11106854677200317,0.5332698822021484,0.3556615114212036,Positive,0.6666666865348816,True,0.6666666865348816,0.0,0.0,0.0,"Philosophers call this strategy ""tu quoque,"" which is Latin for ""the same to you"
ySblgk7T7eQ$_$9,Negative,-0.9364481568336487,0.8348826766014099,0.8348826766014099,0.09733343124389648,0.0677839145064354,Positive,1.0,True,1.936448097229004,0.0,0.0,0.0,"It just says that the other guy's view is as bad as yours and if your opponent can show that his view is not really analogous to your view, then you're stuck with this unresolved problem"
yUqNp-poh9M$_$2,Negative,-1.2272676229476929,0.8849357962608337,0.8849357962608337,0.05335550382733345,0.06170876696705818,Negative,-0.3333333432674408,False,0.8939342498779297,0.0,0.0,0.0,"It is there already, and it’s not going to change"
yUqNp-poh9M$_$9,Negative,-1.0081485509872437,0.8319492340087891,0.8319492340087891,0.09939100593328476,0.0686596930027008,Neutral,0.0,True,1.0081485509872437,0.0,0.0,0.0,And they even have to pull some of the Conservatives
ydzNAuqUAnc$_$6,Positive,0.49090099334716797,0.5045105814933777,0.28949806094169617,0.20599132776260376,0.5045105814933777,Negative,-1.0,True,1.490900993347168,0.0,0.0,0.3548387096774194,"In Pakistan, in lots of sub-saharan Africa, again you can see, democracy and elections are compatible with corrupt governments with states that are unstable and dangerous"
yoDMh8FlHR8$_$0,Positive,0.4518713057041168,0.5419203639030457,0.05264909192919731,0.40543046593666077,0.5419203639030457,Positive,1.6666666269302368,False,1.2147953510284424,0.0,0.0,0.0,In the marketing puzzle you’re gonna have to include a large on line piece into that puzzle.
yzCHa2qchpg$_$1,Negative,-0.1721903532743454,0.5837883353233337,0.5837883353233337,0.13258497416973114,0.2836267352104187,Negative,-2.0,False,1.8278096914291382,0.0,0.0,0.0,"They would really get warm at night, when I had covers on my feet; I had sharp, shooting pains going through my feet and they are getting better to stand on, because before they would really hurt and every step in every area of my foot would hurt."
yzCHa2qchpg$_$2,Positive,1.0493594408035278,0.8152578473091125,0.10248919576406479,0.08225292712450027,0.8152578473091125,Positive,1.3333333730697632,False,0.28397393226623535,0.0,0.0,0.0,"I encourage everybody to come in and give him a try, thanks."
z441aDJvAcU$_$20,Positive,0.9257137179374695,0.8299460411071777,0.02988862805068493,0.140165314078331,0.8299460411071777,Positive,1.0,False,0.07428628206253052,0.0,0.0,0.0,"Meanwhile, the European cloud partnership we are setting up will help us work together to find the best cloud solutions for the public sector."
z441aDJvAcU$_$21,Positive,0.8800690770149231,0.7905397415161133,0.04584045335650444,0.1636197566986084,0.7905397415161133,Positive,0.3333333432674408,False,0.5467357635498047,0.0,0.0,0.0,"And stimulate a growing and maturing market: benefiting every cloud user, public or private."
z441aDJvAcU$_$22,Negative,-0.20842020213603973,0.4902840852737427,0.4902840852737427,0.3634395897388458,0.1462763100862503,Neutral,0.0,True,0.20842020213603973,0.0,0.0,0.0,I don't want national rules constraining the cloud to tiny markets: only if we “think European” can we get the right economies of scale.
zfZUOvZZTuk$_$1,Neutral,0.0,0.6153436303138733,0.17552387714385986,0.6153436303138733,0.20913244783878326,Neutral,0.0,False,0.0,0.0,0.0,0.0,We all know that hurricane paths can change from one update to the next
zfZUOvZZTuk$_$8,Neutral,0.0,0.47487112879753113,0.11350840330123901,0.47487112879753113,0.41162052750587463,Neutral,0.0,False,0.0,0.0,0.0,0.0,Our food and nutrition services staff work in the shelters providing meals to evacuees
zhNksSReaQk$_$27,Positive,0.24451641738414764,0.4615825116634369,0.3298948407173157,0.20852267742156982,0.4615825116634369,Neutral,0.0,True,0.24451641738414764,0.0,0.0,0.0,"They could have a really high IQ"""
zhNksSReaQk$_$44,Positive,0.8810380101203918,0.7644007802009583,0.12549304962158203,0.11010619252920151,0.7644007802009583,Negative,-1.0,True,1.881037950515747,0.0,0.0,0.0,"The concept of intelligence, and giving people value based on their intelligence, is super not-awesome"
zhNksSReaQk$_$28,Negative,-0.5723738670349121,0.7897472977638245,0.7897472977638245,0.0505509190261364,0.15970179438591003,Negative,-1.0,False,0.4276261329650879,0.0,0.0,0.0,"Which, by the way, IQ is totally not a thing"
zhNksSReaQk$_$1,Positive,0.7010132670402527,0.6208061575889587,0.1846170425415039,0.1945769041776657,0.6208061575889587,Neutral,0.0,True,0.7010132670402527,0.0,0.0,0.0,"So, today I was supposed to film an episode of Ask an Autistic, and it was going pretty well"
zhNksSReaQk$_$4,Negative,-1.231667160987854,0.8987922668457031,0.8987922668457031,0.051551517099142075,0.04965614154934883,Negative,-0.3333333432674408,False,0.8983337879180908,0.0,0.0,0.0,And then I was like three minutes in and the battery died
zhNksSReaQk$_$15,Positive,0.5916557908058167,0.6040614247322083,0.1680600792169571,0.22787846624851227,0.6040614247322083,Neutral,0.0,True,0.5916557908058167,0.0,0.0,0.0,One for every month of the year
zhNksSReaQk$_$36,Negative,-0.9976873397827148,0.8730628490447998,0.8730628490447998,0.06304623931646347,0.06389085203409195,Neutral,0.0,True,0.9976873397827148,0.0,0.0,0.0,And in the process we hurt our intellectually disabled and cognitively disabled disabled cousins
