样本编号,预测极性,预测强度,预测最大概率,负向概率,中性概率,正向概率,真实极性,真实强度,分类是否错误,绝对误差,文本不可用比例,语音不可用比例,视觉不可用比例,文本
-UacrmKiTn4$_$7,Positive,0.48303917050361633,0.6382092237472534,0.042061660438776016,0.31972917914390564,0.6382092237472534,Positive,0.3333333432674408,False,0.14970582723617554,0.0,0.0,0.0,"You want your lectures to be different than your textbook material, but it's important that you test the students on the textbook."
-qDkUB0GgYY$_$5,Positive,0.6585838198661804,0.6074811220169067,0.07507362961769104,0.3174452483654022,0.6074811220169067,Positive,2.0,False,1.3414161205291748,0.0,0.0,0.0,"One finished still within buy range, another hit profit-taking zone after breaking out a little while back, so to find out what all of those are, keep an eye out for the link in the description I'll have all of the analysis for you and make sure to share your comments with us."
0utROiKxejc$_$1,Positive,0.2437473088502884,0.4241419732570648,0.2888352572917938,0.28702279925346375,0.4241419732570648,Neutral,0.0,True,0.2437473088502884,0.0,0.0,0.0,Business was good initially but companies has a tend to launch new products every month.
0utROiKxejc$_$4,Negative,-1.1409029960632324,0.895152747631073,0.895152747631073,0.054425667971372604,0.050421684980392456,Neutral,0.0,True,1.1409029960632324,0.0,0.0,0.0,"When I approached the wholesalers regarding this, they didn't helped me and they will not accept returns and because of these conditions, I went into huge losses."
0y022OlZ3W0$_$3,Positive,1.0100187063217163,0.8061275482177734,0.09094718843698502,0.10292526334524155,0.8061275482177734,Positive,1.3333333730697632,False,0.3233146667480469,0.0,0.0,0.0,"God's not just an add on, He is the center of everything you do"
0y022OlZ3W0$_$5,Negative,-1.0261988639831543,0.8462116718292236,0.8462116718292236,0.09413548558950424,0.05965286120772362,Negative,-1.3333333730697632,False,0.3071345090866089,0.0,0.0,0.0,"""But I don't want to shove it down my kid's throat and then they will reject it"
0y022OlZ3W0$_$8,Positive,0.5152766704559326,0.5506107807159424,0.056140560656785965,0.39324864745140076,0.5506107807159424,Negative,-0.3333333432674408,True,0.8486100435256958,0.0,0.0,0.0,"Based on my experience, here's what I've seen"
101787$_$11,Neutral,0.0,0.5282544493675232,0.2733291685581207,0.5282544493675232,0.19841639697551727,Neutral,0.0,False,0.0,0.0,0.0,0.0,"(uhh) His character hates tourist, so of course he has to spend a week with Anne Heche, a tourist, and they have some romantic involvement"
101787$_$13,Negative,-0.5851387977600098,0.6399555802345276,0.6399555802345276,0.16910485923290253,0.19093959033489227,Negative,-1.6666666269302368,False,1.081527829170227,0.0,0.0,0.0,"It's kind of (uhh) Castaway like, except Castaway is really good"
101787$_$1,Neutral,0.0,0.45864829421043396,0.4052155017852783,0.45864829421043396,0.1361362487077713,Negative,-0.6666666865348816,True,0.6666666865348816,0.0,0.0,0.0,"Which is a nineties Harrison Ford, semi-action, more romantic comedy flick"
101787$_$5,Negative,-1.4001283645629883,0.8933433890342712,0.8933433890342712,0.054011326283216476,0.0526452362537384,Negative,-1.6666666269302368,False,0.26653826236724854,0.0,0.0,0.4117647058823529,"(umm) pretty funny but all in all, not not worth the price of admission"
101787$_$7,Positive,1.026237964630127,0.8086313605308533,0.0579400360584259,0.1334286332130432,0.8086313605308533,Positive,1.0,False,0.026237964630126953,0.0,0.0,0.0,It was actually some good scenery in this
101787$_$9,Neutral,0.0,0.5154555439949036,0.3332325518131256,0.5154555439949036,0.1513119488954544,Negative,-0.3333333432674408,True,0.3333333432674408,0.0,0.0,0.0,"But (umm) Harrison Ford plays his (stutter) normal character, a gruff cargo pilot"
102408$_$2,Neutral,0.0,0.5573729872703552,0.25077012181282043,0.5573729872703552,0.19185693562030792,Negative,-0.3333333432674408,True,0.3333333432674408,0.0,0.0,0.0,(umm) not necessarily by choice
102408$_$5,Positive,0.7915810942649841,0.7348206639289856,0.17087842524051666,0.09430095553398132,0.7348206639289856,Negative,-2.0,True,2.791581153869629,0.0,0.0,0.0,"I couldn't wait til it was over, but you know if you have little boys then, you know, they probably would like this movie"
102408$_$9,Negative,-0.608173668384552,0.7607178092002869,0.7607178092002869,0.12555734813213348,0.11372487992048264,Negative,-1.6666666269302368,False,1.05849289894104,0.0,0.0,0.0,Maybe it's just because I don't have little boys so I'm not really into the little (uhh) characters like that
102858$_$20,Negative,-0.27776190638542175,0.5756286978721619,0.5756286978721619,0.17902164161205292,0.2453496903181076,Positive,2.0,True,2.277761936187744,0.0,0.0,0.0,"This thing, if you guys don't have it, you're going to need it for your holiday DVD list"
102858$_$21,Negative,-0.6956024765968323,0.7055217623710632,0.7055217623710632,0.19940412044525146,0.09507414698600769,Positive,1.0,True,1.6956024169921875,0.0,0.0,0.0,"I'm giving this beast a four out of, (stutter) I mean, (uhh) wait, four, no"
102858$_$1,Neutral,0.0,0.548965573310852,0.08243677020072937,0.548965573310852,0.3685976266860962,Positive,0.3333333432674408,True,0.3333333432674408,0.0,0.0,0.0,"This is Helsing920 (stutter), and I've got a DVD review for everybody"
102858$_$0,Positive,0.5413970947265625,0.5648053288459778,0.05456250533461571,0.3806321918964386,0.5648053288459778,Positive,0.3333333432674408,False,0.2080637514591217,0.0,0.0,0.0,"Hello, everybody"
102858$_$4,Positive,0.4939506947994232,0.5111690163612366,0.16366367042064667,0.32516732811927795,0.5111690163612366,Positive,3.0,False,2.506049394607544,0.0,0.0,0.0,"This one disc contains not only Garfield, not only Garfield's Halloween, Halloween (stutter) Adventure, a special I've I've (stutter) watched almost every year since I was about four, but it also has Garfield's (stutter) Thanksgiving, which is a pretty funny little short, funny little special, and A Garfield's Christmas, which is just absolutely awesome"
102858$_$6,Neutral,0.0,0.5578145384788513,0.19776149094104767,0.5578145384788513,0.244423970580101,Positive,2.6666667461395264,True,2.6666667461395264,0.0,0.0,0.0,It's probably three of the best (stutter) holiday specials made in the last (uhh) let's see
102858$_$10,Positive,1.0788041353225708,0.8323240876197815,0.0632542297244072,0.1044216975569725,0.8323240876197815,Positive,2.0,False,0.9211958646774292,0.0,0.0,0.0,Regardless (umm) all three specials are just awesome
102858$_$17,Neutral,0.0,0.4998109042644501,0.17444701492786407,0.4998109042644501,0.32574209570884705,Positive,1.0,True,1.0,0.0,0.0,0.0,I watched this thing three times in three months
102858$_$19,Neutral,0.0,0.4748448431491852,0.13691841065883636,0.4748448431491852,0.38823673129081726,Neutral,0.0,False,0.0,0.0,0.0,0.0,"So, yeah, Garfield's Halloween, or Holiday Celebrations"
112433$_$10,Neutral,0.0,0.7030170559883118,0.1026286706328392,0.7030170559883118,0.19435423612594604,Neutral,0.0,False,0.0,0.0,0.0,0.0,Okay
112433$_$3,Negative,-0.30409958958625793,0.5211784243583679,0.5211784243583679,0.3080189526081085,0.17080259323120117,Negative,-0.3333333432674408,False,0.02923375368118286,0.0,0.0,0.0,Half the movie was not fighting was you know backstabbing and underhand dealings and you never know who was on who's team and what was going on
112433$_$7,Negative,-0.904430627822876,0.8299169540405273,0.8299169540405273,0.0720086395740509,0.09807438403367996,Negative,-0.6666666865348816,False,0.23776394128799438,0.0,0.0,0.0,You're really not missing out on anything
112433$_$6,Negative,-0.9600889086723328,0.8105425834655762,0.8105425834655762,0.07797663658857346,0.11148076504468918,Negative,-1.3333333730697632,False,0.3732444643974304,0.0,0.0,0.0,"(umm) Really, (uhh) unless you're a die hard fan, I would not recommend this one"
117tQqLjza4$_$6,Positive,0.5887591242790222,0.6342266201972961,0.03832365199923515,0.3274497091770172,0.6342266201972961,Positive,0.6666666865348816,False,0.07790756225585938,0.0,0.0,0.0,"Dell has dell.com, one of the largest sites on the internet."
11j7EfglCAs$_$2,Neutral,0.0,0.6243153214454651,0.06470006704330444,0.6243153214454651,0.3109845817089081,Positive,0.6666666865348816,True,0.6666666865348816,0.0,0.0,0.33333333333333337,It secures the fact that the creditor is going to be repaid for the service that they're giving.
121128$_$10,Positive,0.601202666759491,0.6002761721611023,0.23385395109653473,0.16586987674236298,0.6002761721611023,Positive,2.0,False,1.3987972736358643,0.0,0.0,0.0,(umm) But I still think that kids would enjoy it equally as well
121128$_$1,Neutral,0.0,0.6396439075469971,0.11489585787057877,0.6396439075469971,0.24546022713184357,Neutral,0.0,False,0.0,0.0,0.0,0.0,(uhh) It's a movie about a rat who lives in the French countryside but (umm) he dreams of becoming a famous chef
121128$_$0,Neutral,0.0,0.6614446640014648,0.08668632060289383,0.6614446640014648,0.2518690228462219,Neutral,0.0,False,0.0,0.0,0.0,0.0,This is a review of the movie Ratatouille
121128$_$5,Positive,0.8764049410820007,0.7229830622673035,0.11517232656478882,0.1618446558713913,0.7229830622673035,Positive,3.0,False,2.1235949993133545,0.0,0.0,0.0,(umm) This movie was excellent
125344$_$0,Negative,-0.3611017167568207,0.6009525656700134,0.6009525656700134,0.16771139204502106,0.2313361018896103,Positive,0.6666666865348816,True,1.0277683734893799,0.0,0.0,0.7083333333333333,"Harry Potter and the Order of the Phoenix yes Harry Potter's back and I think he's forty seven in this one no no he's not that old but (stutter) he's starting to look old in the movies they're all starting to look all grown up, and (umm) I'll admit it that I'm I'm (stutter) a dork and I enjoy the Harry Potter movies not saying everybody that enjoys Harry Potter movie is necessarily a dork, but (umm) I'm an older gentleman and I enjoy the kid movies but (umm) it's a very good movie (stutter) I mean the the the (stutter) movies in general are very good they the first one was really good the second one was still pretty good, and they just went on downhill from down there, this one wasn't very good I mean I didn't think it was that good (umm) Harry's back in school yet again and I think this is his fifth year, and (umm) this time new people are taking over Hogwart the school, see I told you I'm a dork I know the names of the school, and (umm) they're trying to discredit Harry saying that Lord the the (stutter) bad guys coming back I don't know his name Valdemort, Valdemont (stutter) I know it begins with a V I know that much but they're trying to discredit him and (umm) to me it just seems I don't know maybe i'm growing up whenever the first one came out I was a little younger than I am now but (umm) I didn't enjoy this one and I'm sure kids will enjoy it, I I (stutter) mean there was a lot of magic and the acting in it was really good, and (umm) the scenes were really good the (umm) the magic scenes looked awesome, but (umm) I just didn't enjoy it"
125676$_$0,Positive,0.861544132232666,0.7553461194038391,0.08376654237508774,0.16088730096817017,0.7553461194038391,Negative,-0.3333333432674408,True,1.1948775053024292,0.0,0.0,0.0,Hi today I'm gonna review this DVD Ten Items or Less
125676$_$4,Positive,1.0271140336990356,0.8224920630455017,0.039050374180078506,0.13845761120319366,0.8224920630455017,Positive,2.0,False,0.9728859663009644,0.0,0.0,0.0,The character {cough} the characters (umm) you really learn to enjoy their (umm) their bond that they build between each other
128059$_$11,Negative,-1.2831588983535767,0.8929083943367004,0.8929083943367004,0.03967137634754181,0.06742022186517715,Negative,-1.0,False,0.28315889835357666,0.0,0.0,0.0,"It's not even, unfortunately it's not even that great of a popcorn flick but you know, if you like this kind of movie you know, you probably wanna pick it up"
128059$_$12,Negative,-0.009999999776482582,0.3714929521083832,0.3714929521083832,0.36081358790397644,0.26769348978996277,Positive,0.6666666865348816,True,0.6766666769981384,0.0,0.0,0.0625,(uhh) Special features is not so bad (uhh) you know
128059$_$2,Negative,-0.9358224868774414,0.8281195163726807,0.8281195163726807,0.06705370545387268,0.10482680052518845,Negative,-1.6666666269302368,False,0.7308441400527954,0.0,0.0,0.0,I wasn't I'm not a huge fan of Fantastic Four
128059$_$7,Neutral,0.0,0.5137741565704346,0.3230714201927185,0.5137741565704346,0.16315437853336334,Neutral,0.0,False,0.0,0.0,0.0,0.0,"(uhh) You know, if you don't know what it's about (uhh) you know it's a team of scientists that go up into space to explore this kind of radiation field that's going by earth and you know it ends up you know destroying their station and when they get back they all develop super powers you know"
128059$_$6,Negative,-0.6535784602165222,0.7138934135437012,0.7138934135437012,0.15035463869571686,0.13575197756290436,Positive,1.0,True,1.653578519821167,0.0,0.0,0.0,"You know, the people the people (stutter) who get this you know, Jessica Alba's a good actress too but (uhh) he just you know, gives a pretty decent performance or worthwhile performance you know, a bunch"
128059$_$9,Negative,-0.46464648842811584,0.5907042622566223,0.5907042622566223,0.2664123475551605,0.14288337528705597,Positive,0.3333333432674408,True,0.7979798316955566,0.0,0.0,0.0,"(umm) You know like I said, it's it's (stutter) an alright movie"
128763$_$12,Positive,0.15448690950870514,0.424046128988266,0.3101675808429718,0.26578623056411743,0.424046128988266,Negative,-0.6666666865348816,True,0.8211535811424255,0.0,0.0,0.0,I mean if you're into that kind of stuff then I mean I would suggest it
128763$_$3,Negative,-1.3951753377914429,0.8795585632324219,0.8795585632324219,0.07328277826309204,0.04715866968035698,Negative,-1.6666666269302368,False,0.27149128913879395,0.0,0.0,0.0,"(umm) There was Jeepers Creepers one, and (umm) I mean I didn't like this movie"
128763$_$2,Neutral,0.0,0.6995141506195068,0.15689291059970856,0.6995141506195068,0.14359289407730103,Neutral,0.0,False,0.0,0.0,0.0,0.0,(umm) This is the (uhh) second movie
128763$_$5,Neutral,0.0,0.7175483107566833,0.12425341457128525,0.7175483107566833,0.1581982523202896,Neutral,0.0,False,0.0,0.0,0.0,0.0,It was about this (umm) high school team
128763$_$7,Negative,-1.038961410522461,0.8163402080535889,0.8163402080535889,0.11637542396783829,0.06728442758321762,Negative,-0.3333333432674408,False,0.7056280374526978,0.0,0.0,0.0,They're just trying to survive (umm) I mean like anyone would do
128763$_$8,Negative,-0.7022726535797119,0.6762399077415466,0.6762399077415466,0.2348320037126541,0.08892811089754105,Neutral,0.0,True,0.7022726535797119,0.0,0.0,0.0,They're definitely just trying to survive
130456$_$11,Negative,-1.0405632257461548,0.878631591796875,0.878631591796875,0.04022080823779106,0.08114766329526901,Positive,1.6666666269302368,True,2.7072298526763916,0.0,0.0,0.0,"It it (stutter) involves like, (uhh) theoretical physics and just so much stuff and Donnie Darko no matter how weird he is is still really funny"
130456$_$3,Positive,0.525081992149353,0.562065601348877,0.32432350516319275,0.11361096054315567,0.562065601348877,Positive,2.3333332538604736,False,1.8082512617111206,0.0,0.0,0.26315789473684215,"(uhh) It's, out of five stars, I would give it a five"
130456$_$5,Negative,-0.6721937656402588,0.7157486081123352,0.7157486081123352,0.18245826661586761,0.1017930880188942,Negative,-0.3333333432674408,False,0.338860422372818,0.0,0.0,0.0,And He's he's a very weird kid
130456$_$4,Neutral,0.0,0.6755242347717285,0.1693543642759323,0.6755242347717285,0.15512140095233917,Neutral,0.0,False,0.0,0.0,0.0,0.0,"(umm) It follows this boy Donnie Darko, played by (uhh) Jake Gyllenhaal"
130456$_$7,Negative,-0.8472115397453308,0.7245118618011475,0.7245118618011475,0.19650383293628693,0.07898430526256561,Negative,-0.3333333432674408,False,0.5138782262802124,0.0,0.0,0.0,(umm) It's definitely dark
130456$_$6,Negative,-0.27946218848228455,0.45595207810401917,0.45595207810401917,0.41700923442840576,0.12703865766525269,Positive,0.3333333432674408,True,0.6127955317497253,0.0,0.0,0.0,(umm) He sees this this (stutter) like demented bunny who tells him when the world is going to end and Donnie just has to figure everything out
188343$_$13,Negative,-0.7275504469871521,0.6991490721702576,0.6991490721702576,0.14466199278831482,0.1561889797449112,Positive,1.0,True,1.7275505065917969,0.0,0.0,0.0,(uhh) But (uhh) like I said it might be (uhh) good for a laugh (umm) if you really like monster movies or if you (uhh) like Japanese films
188343$_$12,Negative,-1.580330491065979,0.9237377047538757,0.9237377047538757,0.03669716790318489,0.039565082639455795,Negative,-2.0,False,0.419669508934021,0.0,0.0,0.0,(uhh) But all in all it's it's (stutter) not a very good movie and so I would not recommend it
188343$_$5,Negative,-0.4424471855163574,0.5640881657600403,0.5640881657600403,0.2779238522052765,0.15798796713352203,Neutral,0.0,True,0.4424471855163574,0.0,0.0,0.0,(umm) Where it's about to drop in the water and (uhh) mayhem begins
188343$_$9,Negative,-0.38942527770996094,0.5569489002227783,0.5569489002227783,0.19139409065246582,0.25165703892707825,Positive,1.0,True,1.389425277709961,0.0,0.0,0.0,(uhh) But (uhh) if you enjoy seeing foreign films (umm) you might (uhh) have a little fun with it
188343$_$8,Negative,-1.3778948783874512,0.8942904472351074,0.8942904472351074,0.06296314299106598,0.04274645820260048,Negative,-1.3333333730697632,False,0.04456150531768799,0.0,0.0,0.0,(uhh) We actually had to skip through some of the movie because it just got so drawn out
1HK7Nea0PFo$_$1,Negative,-0.35987672209739685,0.603448212146759,0.603448212146759,0.24264216423034668,0.1539095789194107,Neutral,0.0,True,0.35987672209739685,0.0,0.0,0.0,But now I think our . . . our hardest work is . . . legitimacy.
216097$_$1,Negative,-0.4173043668270111,0.47452154755592346,0.47452154755592346,0.4103875160217285,0.11509090662002563,Negative,-1.0,False,0.5826956033706665,0.0,0.0,0.6923076923076923,(umm) There are really no known actors are in this movie
216097$_$2,Neutral,0.0,0.6496807932853699,0.11603286117315292,0.6496807932853699,0.2342863529920578,Neutral,0.0,False,0.0,0.0,0.0,0.08333333333333337,(umm) It's directed by George Pal who did many other (uhh) science fiction movies during the fifties
216097$_$5,Positive,0.36914101243019104,0.5099277496337891,0.10705535858869553,0.3830169141292572,0.5099277496337891,Negative,-0.3333333432674408,True,0.7024743556976318,0.0,0.0,0.15625,So he goes to private invest investors (stutter) and a few millionaires (uhh) decide yes (uhh) the human population is worth saving
216097$_$4,Negative,-1.1700519323349,0.8606894612312317,0.8606894612312317,0.06928342580795288,0.07002706080675125,Neutral,0.0,True,1.1700519323349,0.0,0.0,0.08695652173913049,He goes to the world governments who think he's a crackpot and really have no interest in building a rocket ship to try to (uhh) save a few people kind of like a Noah's arc to another planet
216097$_$7,Positive,0.6657593846321106,0.733985424041748,0.18525467813014984,0.08075985312461853,0.733985424041748,Negative,-0.3333333432674408,True,0.999092698097229,0.0,0.0,0.08333333333333337,"He's able to save forty people (uhh) on his rocket ship, which I found pretty interesting since he has thousands working for him to build his rocket ship and most of them know that hey, the only chance is for forty people getting out so why am I wasting all this time and energy to helping forty people get away when the astronomer, his daughter and her two boyfriends are already guaranteed four of the forty spots on the rocket ship"
216097$_$8,Negative,-1.2691022157669067,0.8666308522224426,0.8666308522224426,0.0727134421467781,0.06065572425723076,Negative,-1.6666666269302368,False,0.3975644111633301,0.0,0.0,0.9166666666666666,(umm) The special effects aren't all that good
223431$_$11,Negative,-0.7098770141601562,0.6505365967750549,0.6505365967750549,0.25130581855773926,0.09815751761198044,Negative,-1.3333333730697632,False,0.6234563589096069,0.0,0.0,0.0,"Don't expect much in in (stutter) acting or anything like that, it's pretty much just classic Alien Versus Predators"
223431$_$10,Positive,0.5095222592353821,0.6105756163597107,0.15208891034126282,0.23733551800251007,0.6105756163597107,Negative,-1.0,True,1.5095221996307373,0.0,0.0,0.0,(umm) Definitely gets tireless after a while {laugh}
223431$_$13,Negative,-1.0180772542953491,0.7922809720039368,0.7922809720039368,0.1369006186723709,0.07081841677427292,Negative,-2.3333332538604736,False,1.3152559995651245,0.0,0.0,0.0,(uhh) I don't think you should go see this in theater or even pay matinee for this
223431$_$0,Neutral,0.0,0.6078092455863953,0.04594610631465912,0.6078092455863953,0.3462446630001068,Positive,0.3333333432674408,True,0.3333333432674408,0.0,0.0,0.0,Hello expo
223431$_$5,Neutral,0.0,0.5360940098762512,0.26905420422554016,0.5360940098762512,0.19485174119472504,Neutral,0.0,False,0.0,0.0,0.0,0.0,Crashes on earth in a small town and aliens get loose and start killing all the inhabitants
225770$_$3,Neutral,0.0,0.4583311080932617,0.38713952898979187,0.4583311080932617,0.1545293927192688,Negative,-1.3333333730697632,True,1.3333333730697632,0.0,0.0,0.0,(umm) I expected something more along the lines of an The (stutter) Exorcist (umm) where it actually shows the story of the girl and the priest coming in and and performing the exorcism and going through it step by step like that and that just doesn't happen in this movie
225770$_$5,Neutral,0.0,0.6399865746498108,0.10821457952260971,0.6399865746498108,0.2517988085746765,Negative,-0.3333333432674408,True,0.3333333432674408,0.0,0.0,0.0,And it starts at his trial
225770$_$4,Neutral,0.0,0.7007105946540833,0.1278655081987381,0.7007105946540833,0.17142389714717865,Neutral,0.0,False,0.0,0.0,0.0,0.0,(umm) This is actually told (uhh) from the point of view of a priest who (umm) performed the exorcism on Emily Rose
225770$_$6,Neutral,0.0,0.5189418196678162,0.24278856813907623,0.5189418196678162,0.2382696121931076,Neutral,0.0,False,0.0,0.0,0.0,0.0,He's on trial for (umm) completing that exorcism and the only time you get to see Emily Rose is actually through flashbacks or through his storytelling
236021$_$12,Positive,0.7758486270904541,0.6982930302619934,0.08472023159265518,0.2169867753982544,0.6982930302619934,Positive,1.3333333730697632,False,0.5574847459793091,0.0,0.0,0.0,"(uhh) Go check it out, if you want"
236021$_$1,Neutral,0.0,0.6521503925323486,0.06389147788286209,0.6521503925323486,0.2839581072330475,Positive,0.3333333432674408,True,0.3333333432674408,0.0,0.0,0.0,(umm) It's currently out in theaters and it's about this guy named Fred and he is Santa Claus's brother
236021$_$3,Negative,-1.402758002281189,0.9033088088035583,0.9033088088035583,0.05191924795508385,0.044771935790777206,Neutral,0.0,True,1.402758002281189,0.0,0.0,0.0,He thinks the whole situation is silly
236021$_$2,Positive,0.5245282649993896,0.5756874084472656,0.33688053488731384,0.08743210881948471,0.5756874084472656,Neutral,0.0,True,0.5245282649993896,0.0,0.0,0.0,And it's around the holiday times when everyone's getting ready for Christmas and they're getting all their toys set and (umm) so they have their little family get togethers and (umm) Fred doesn't really get along with anybody really
236021$_$5,Negative,-0.10255259275436401,0.40573254227638245,0.40573254227638245,0.21652083098888397,0.37774658203125,Negative,-0.6666666865348816,False,0.5641140937805176,0.0,0.0,0.0,It's (uhh) it's kind of a kid movie
236021$_$4,Negative,-0.8866853713989258,0.8490705490112305,0.8490705490112305,0.051726143807172775,0.09920328855514526,Positive,0.6666666865348816,True,1.5533521175384521,0.0,0.0,0.0,"So he kind of (uhh) steps in one day and looks after things at the North Pole and then it turns into this big party and everything goes kind of crazy havocy and so, Santa Claus's brother doesn't really like that too much and so I don't know"
237009$_$11,Negative,-0.7031354308128357,0.6899110674858093,0.6899110674858093,0.23307941854000092,0.07700956612825394,Negative,-3.0,False,2.2968645095825195,0.0,0.0,0.0,"(umm), it should be rated junk"
237009$_$12,Negative,-1.3543950319290161,0.8991356492042542,0.8991356492042542,0.052263498306274414,0.048600804060697556,Negative,-2.6666667461395264,False,1.3122717142105103,0.0,0.0,0.0,"(umm), so if (uhh) you really want to (umm) yeah, don't don't (stutter) waste your time, it's it's (stutter) really terrible"
237009$_$4,Positive,0.8870418071746826,0.6974158883094788,0.1342530995607376,0.16833102703094482,0.6974158883094788,Positive,0.3333333432674408,False,0.5537084341049194,0.0,0.0,0.5789473684210527,"(umm), I think since they had (umm) such a good one the first time"
237009$_$7,Negative,-1.3326936960220337,0.9088075160980225,0.9088075160980225,0.04349835216999054,0.04769411310553551,Negative,-3.0,False,1.6673063039779663,0.0,0.0,0.0,(umm) I was just greatly disappointed
237009$_$9,Negative,-0.9659997820854187,0.8047865033149719,0.8047865033149719,0.12760819494724274,0.06760524958372116,Neutral,0.0,True,0.9659997820854187,0.0,0.0,0.0,(umm) it's (uhh) not rated
241629$_$10,Negative,-1.4899290800094604,0.9188017249107361,0.9188017249107361,0.031445831060409546,0.049752455204725266,Negative,-1.6666666269302368,False,0.17673754692077637,0.0,0.0,0.5,So overall I would not recommend seeing this movie I would give it two out of five stars
241629$_$0,Positive,1.033057689666748,0.845775842666626,0.03208676353096962,0.1221373975276947,0.845775842666626,Positive,1.0,False,0.03305768966674805,0.0,0.0,0.0,Hello and welcome to my review of the movie Twenty-Seven Dresses
241629$_$3,Positive,0.4985567033290863,0.6149696111679077,0.3032228648662567,0.08180750161409378,0.6149696111679077,Positive,2.3333332538604736,False,1.834776520729065,0.0,0.0,0.0,(uhh) Knocked Up was a hilarious movie that I really enjoyed and (uhh) was expecting something along that lines for this movie
241629$_$5,Negative,-0.8927928805351257,0.7545432448387146,0.7545432448387146,0.11367549747228622,0.13178123533725739,Negative,-0.3333333432674408,False,0.5594595670700073,0.0,0.0,0.0,(uhh) She's been in twenty-seven different weddings and has twenty-seven hideous bridesmaid dresses to prove it
241629$_$8,Negative,-1.5310558080673218,0.919355571269989,0.919355571269989,0.03757796064019203,0.04306650161743164,Negative,-0.3333333432674408,False,1.1977224349975586,0.0,0.0,0.0,"(uhh) It's just you know, I had a few laughs and that sort of thing but nothing you know just, compared to Knocked Up which was just absolutely fall on the floor laughs I didn't think it was nearly as good"
243646$_$11,Negative,-1.111136794090271,0.7975561022758484,0.7975561022758484,0.13507963716983795,0.06736433506011963,Negative,-0.6666666865348816,False,0.4444701075553894,0.0,0.0,0.0,"Like, like (stutter) I am saying, you know, I don't know"
243646$_$12,Negative,-0.9621217846870422,0.7917912006378174,0.7917912006378174,0.09973585605621338,0.10847298055887222,Negative,-1.3333333730697632,False,0.37121158838272095,0.0,0.0,0.0,"I just, I didn't (stutter) think the movie was that good and (umm) without ruining anything just I mean, think about your morals {laughs} so that's my (uhh) opinion on this and what will he do you know Is he going to be a man What's he going to do But Alright this is The Heartbreak Kid"
243646$_$9,Neutral,0.0,0.7234029173851013,0.09178052097558975,0.7234029173851013,0.18481658399105072,Neutral,0.0,False,0.0,0.0,0.0,0.0,Case
243646$_$8,Neutral,0.0,0.6542634963989258,0.061802852898836136,0.6542634963989258,0.2839336693286896,Neutral,0.0,False,0.0,0.0,0.0,0.0,(umm) There's the movie as you can see
247318$_$12,Negative,-1.4585198163986206,0.8820256590843201,0.8820256590843201,0.07369496673345566,0.04427945613861084,Negative,-2.0,False,0.5414801836013794,0.0,0.0,0.0,(umm) It just didn't do it for me though
247318$_$1,Neutral,0.0,0.629977285861969,0.05062384530901909,0.629977285861969,0.3193989098072052,Neutral,0.0,False,0.0,0.0,0.0,0.0,Today I have for you a review of a movie currently in theaters the Bee Movie
247318$_$3,Neutral,0.0,0.6055070757865906,0.23499292135238647,0.6055070757865906,0.15950001776218414,Negative,-2.3333332538604736,True,2.3333332538604736,0.0,0.0,0.0,B here standing for bad
247318$_$2,Neutral,0.0,0.5608335137367249,0.10959287732839584,0.5608335137367249,0.32957354187965393,Negative,-1.6666666269302368,True,1.6666666269302368,0.0,0.0,0.0,"(uhh) In my opinion the Bee Movie is exactly that, a B movie"
247318$_$5,Neutral,0.0,0.4954283535480499,0.10058797150850296,0.4954283535480499,0.4039836823940277,Negative,-0.3333333432674408,True,0.3333333432674408,0.0,0.0,0.0,"It was supposed to be a comedy, an animation and perhaps a kids movie and it was that"
247318$_$7,Negative,-1.2578620910644531,0.824094831943512,0.824094831943512,0.11996825784444809,0.05593687668442726,Negative,-2.0,False,0.7421379089355469,0.0,0.0,0.0,It wasn't very funny
247318$_$6,Neutral,0.0,0.6752703189849854,0.07117679715156555,0.6752703189849854,0.2535529136657715,Negative,-0.3333333432674408,True,0.3333333432674408,0.0,0.0,0.0,It was a kids movie
252998$_$1,Neutral,0.0,0.5117729306221008,0.2821023166179657,0.5117729306221008,0.20612472295761108,Neutral,0.0,False,0.0,0.0,0.0,0.0,"Starring Parker Posey, Josh Hamilton, (umm) Tori Spelling, Freddie Prinz Junior"
252998$_$0,Neutral,0.0,0.6635199189186096,0.10947219282388687,0.6635199189186096,0.2270078808069229,Neutral,0.0,False,0.0,0.0,0.0,0.0,"Hi, I'm here to review the movie The House of Yes"
252998$_$5,Negative,-1.5160449743270874,0.9146899580955505,0.9146899580955505,0.03345826640725136,0.051851823925971985,Negative,-1.3333333730697632,False,0.18271160125732422,0.0,0.0,0.0,"(uhh) The movie is billed as a dark comedy but (uhh) I didn't really find it all that funny, I found it kind of ridiculous and (uhh) maybe bizarre"
252998$_$4,Negative,-0.8808403611183167,0.7775797843933105,0.7775797843933105,0.14633789658546448,0.07608234882354736,Negative,-0.3333333432674408,False,0.5475070476531982,0.0,0.0,0.0,"(umm) His his (stutter) mother tries to buy her off (uhh) but it's his sister Parker Posey who is (umm) completely obscene, {laughs} or not obscene, insane and obsessed (umm) by her brother who probably most frightens us (uhh) in this movie"
252998$_$7,Negative,-0.9315082430839539,0.7981748580932617,0.7981748580932617,0.059612274169921875,0.14221280813217163,Positive,1.3333333730697632,True,2.2648415565490723,0.0,0.0,0.05405405405405406,(uhh) I think the best line in the movie comes from Tori Spelling when she looks at Parker Posey and says no you're not insane you're just incredibly spoiled
252998$_$8,Neutral,0.0,0.6005995869636536,0.19836211204528809,0.6005995869636536,0.20103824138641357,Negative,-1.6666666269302368,True,1.6666666269302368,0.0,0.0,0.0,(uhh) The House of Yes a rounding no
257247$_$10,Negative,-0.9366586804389954,0.7603524327278137,0.7603524327278137,0.15028510987758636,0.08936236053705215,Negative,-0.3333333432674408,False,0.603325366973877,0.0,0.0,0.0,Some of it's kind of bad
257247$_$12,Negative,-1.0655666589736938,0.8277752995491028,0.8277752995491028,0.09424789994955063,0.07797683030366898,Negative,-1.6666666269302368,False,0.601099967956543,0.0,0.0,0.0,"Wasn't well executed, pretty formulaic, bad ending, wouldn't recommend watching it"
257247$_$2,Neutral,0.0,0.6216405034065247,0.06688392907381058,0.6216405034065247,0.311475545167923,Neutral,0.0,False,0.0,0.0,0.0,0.0,It's (uhh) from the director of Independence Day and the Day After Tomorrow
258654$_$1,Negative,-1.0016204118728638,0.8043423295021057,0.8043423295021057,0.07191953808069229,0.1237381175160408,Negative,-1.3333333730697632,False,0.3317129611968994,0.0,0.0,0.0,"It really has no plot, just an excuse for Will Ferrell to do crazy dumb things and (uhh) basically I think Will Ferrell might be out of schtick (uhh) all of his movies have been kind of dropping off into being repetitive and dumber and dumber and this one is probably the worst movie he's ever made"
258654$_$3,Negative,-0.5440640449523926,0.6582089066505432,0.6582089066505432,0.06423332542181015,0.27755776047706604,Negative,-2.3333332538604736,False,1.789269208908081,0.0,0.0,0.0,"This is a really bad movie, it has no plot whatsoever and I really had high hopes for it because at his best Will Ferrell can be (uhh) apparently zany and funny, but spent a lot of money advertising (uhh) this movie, had multiple spots during the superbowl"
258654$_$4,Neutral,0.0,0.6370654702186584,0.09270665794610977,0.6370654702186584,0.2702278196811676,Neutral,0.0,False,0.0,0.0,0.0,0.0,They even put the semi-pro character into the sports illustrated swimsuit edition
266791$_$24,Negative,-1.1588664054870605,0.8548076748847961,0.8548076748847961,0.07907284051179886,0.06611946225166321,Negative,-1.6666666269302368,False,0.5078002214431763,0.0,0.0,0.0,And it doesn't help that the words they're delivering are just dumb
266791$_$20,Neutral,0.0,0.4733596742153168,0.3349495828151703,0.4733596742153168,0.19169074296951294,Positive,0.6666666865348816,True,0.6666666865348816,0.0,0.0,0.0,"(uhh) With Bruce Willis or Mel Gibson, (umm) Paul Giamatti, (uhh) Bryce Dallas Howard, they're all decent actors in his movies"
266791$_$21,Negative,-1.2007299661636353,0.8732835650444031,0.8732835650444031,0.07016783952713013,0.05654865875840187,Negative,-1.6666666269302368,False,0.46593666076660156,0.0,0.0,0.0,"(umm) I don't know if it was teaming up with Mark Wahlberg, who has is notori notoriously (stutter) wooden actor I don't know if that hurt the film, or not, but he also did not get anything out of John Leguizamo or Zooey Deschanel, who are usually pretty fine actors themselves"
266791$_$23,Positive,0.4022843837738037,0.5205240845680237,0.09175661951303482,0.3877193033695221,0.5205240845680237,Negative,-2.6666667461395264,True,3.06895112991333,0.0,0.0,0.0,"As you're watching the movie it looks like they're actually looking at cue cards and reading these words for the first time, that's how the delivery is"
266791$_$29,Neutral,0.0,0.6876929402351379,0.08903675526380539,0.6876929402351379,0.2232702523469925,Negative,-1.6666666269302368,True,1.6666666269302368,0.0,0.0,0.0,Obviously CG
266791$_$3,Neutral,0.0,0.4949745237827301,0.3695099651813507,0.4949745237827301,0.1355154663324356,Positive,1.0,True,1.0,0.0,0.0,0.0,"Night Shyamalan, who previously directed the good movies Sixth Sense, Unbreakable and Signs"
266791$_$5,Negative,-1.0419987440109253,0.8342530131340027,0.8342530131340027,0.09529704600572586,0.07044994831085205,Negative,-2.3333332538604736,False,1.2913345098495483,0.0,0.0,0.0,"(umm) Unfortunately, this one can't even fit into the not so good movies category (umm) I'll get to that in a little bit"
266791$_$4,Negative,-0.4221663475036621,0.551086962223053,0.551086962223053,0.338676780462265,0.11023624986410141,Negative,-1.6666666269302368,False,1.2445002794265747,0.0,0.0,0.0,And the not so good movies The Village and Lady in the Water
266791$_$6,Neutral,0.0,0.6799167990684509,0.08547324687242508,0.6799167990684509,0.23461000621318817,Neutral,0.0,False,0.0,0.0,0.0,0.0,(umm) The movie stars Mark Wahlberg as a science teacher and Zooey Deschanel as his wife (umm) and also stars John Leguizamo as his friend
266791$_$8,Neutral,0.0,0.4558286666870117,0.43169331550598145,0.4558286666870117,0.11247799545526505,Negative,-1.3333333730697632,True,1.3333333730697632,0.0,0.0,0.0,(umm) The cause of this is never fully explained
266791$_$11,Positive,0.33709320425987244,0.506887674331665,0.28287070989608765,0.2102416306734085,0.506887674331665,Positive,1.0,False,0.6629067659378052,0.0,0.0,0.0,(umm) It was probably a good idea when M
266791$_$14,Negative,-0.2940070927143097,0.4783344268798828,0.4783344268798828,0.25875598192214966,0.2629096508026123,Negative,-1.3333333730697632,False,1.0393263101577759,0.0,0.0,0.0,"(umm) If that sounds exciting to you then maybe you can go check this movie out, but otherwise, don't bother"
270254$_$23,Negative,-0.6922795176506042,0.7144177556037903,0.7144177556037903,0.15773169696331024,0.1278505176305771,Negative,-1.6666666269302368,False,0.9743871092796326,0.0,0.0,0.0,"Wait to rent it if you're really desperate, buy it if you want to"
270254$_$0,Positive,0.5171169638633728,0.5757115483283997,0.037852488458156586,0.3864358961582184,0.5757115483283997,Neutral,0.0,True,0.5171169638633728,0.0,0.0,0.0,"Hey everybody, this is Tom and today I'm going to be reviewing the movie Hancock"
270254$_$6,Negative,-0.08317694813013077,0.3927474915981293,0.3927474915981293,0.3716074526309967,0.23564499616622925,Positive,0.6666666865348816,True,0.7498436570167542,0.0,0.0,0.09375,"Okay, as you can tell I'm doing this a little bit past the point when Hancock came out, but you see where I'm going with this"
270254$_$8,Negative,-1.2872744798660278,0.8858024477958679,0.8858024477958679,0.05937441065907478,0.05482318624854088,Negative,-1.3333333730697632,False,0.04605889320373535,0.0,0.0,0.0,"One, no one has ever heard of this, two, I hope nobody will remember this cause this was a bad movie"
270254$_$11,Positive,0.5712441205978394,0.5989312529563904,0.03833254799246788,0.36273622512817383,0.5989312529563904,Neutral,0.0,True,0.5712441205978394,0.0,0.0,0.0,That is the story of this
270254$_$14,Neutral,0.0,0.5147647261619568,0.21183554828166962,0.5147647261619568,0.2733997106552124,Negative,-1.6666666269302368,True,1.6666666269302368,0.0,0.0,0.0,Half the time the camera was doing three-sixties
270254$_$16,Negative,-0.4538862407207489,0.5789089202880859,0.5789089202880859,0.2838706970214844,0.13722039759159088,Negative,-0.6666666865348816,False,0.2127804458141327,0.0,0.0,0.0,"(uhh) Maybe I was the only one who noticed, who knows"
272624$_$10,Negative,-0.6537217497825623,0.6401551365852356,0.6401551365852356,0.2464907318353653,0.11335409432649612,Negative,-1.6666666269302368,False,1.0129449367523193,0.0,0.0,0.0,"(uhh) There's some CGI in, CGI in (stutter) here that isn't very good and (uhh) usually there shouldn't be a problem but (uhh) it just detracts from the experience I think"
272624$_$13,Positive,0.8769106268882751,0.780920684337616,0.08706273883581161,0.13201652467250824,0.780920684337616,Positive,0.6666666865348816,False,0.21024394035339355,0.0,0.0,0.0,"It's a lot like the other Mummies, if you've seen those and you like them you'll probably want to just see this cause you'll like it too"
272624$_$12,Neutral,0.0,0.4523960053920746,0.3459356129169464,0.4523960053920746,0.201668381690979,Negative,-1.0,True,1.0,0.0,0.0,0.0,(uhh) There's also just not that much (stutter) stuff in terms of originality
272624$_$16,Neutral,0.0,0.3780265152454376,0.29511383175849915,0.3780265152454376,0.32685962319374084,Neutral,0.0,False,0.0,0.0,0.0,0.0,"(umm) Unfortunately this one isn't in three D though, so it's not as entertaining but (stutter) I think this is strictly for Mummy fans and people that just want (uhh) some kind of escapist movie to forget about their worries for ninety minutes"
272624$_$18,Neutral,0.0,0.5789458751678467,0.08834969997406006,0.5789458751678467,0.3327043950557709,Positive,0.3333333432674408,True,0.3333333432674408,0.0,0.0,0.0,"(uhh) In this movie they actually go to China and that's the whole dragon thing and that's why Jet Li is in it, in case you were wondering"
272624$_$2,Neutral,0.0,0.5614824891090393,0.06606907397508621,0.5614824891090393,0.3724484145641327,Neutral,0.0,False,0.0,0.0,0.0,0.0,"Now (uhh) this is a new movie (uhh) starring (stutter) Brendan Fraser, Jet Li, and Maria Bello and it's the third (uhh) movie in the, The Mummy series"
272624$_$6,Neutral,0.0,0.5618963241577148,0.20243901014328003,0.5618963241577148,0.23566468060016632,Negative,-0.6666666865348816,True,0.6666666865348816,0.0,0.0,0.0,"(umm) This movie as as (stutter) the other ones were is is (stutter) not to be taken too seriously, it's pretty much popcorn entertainment"
272624$_$9,Positive,0.26011914014816284,0.4863932132720947,0.2631869316101074,0.2504197955131531,0.4863932132720947,Negative,-1.0,True,1.2601191997528076,0.0,0.0,0.0,"(uhh) The movie has Jet Li in it, which is a nice surprise, but I feel that if they (uhh) could have used him more in it (uhh) it would have been movie if they did"
272624$_$8,Negative,-0.506004810333252,0.6148120164871216,0.6148120164871216,0.23209111392498016,0.15309685468673706,Negative,-1.6666666269302368,False,1.1606618165969849,0.0,0.0,0.0,"(umm) As as (stutter) popcorn entertainment it doesn't really (uhh) (uhh) fail necessarily, but it doesn't do its job as great as say even the first Mummy"
273539$_$3,Negative,-1.1583207845687866,0.8612363934516907,0.8612363934516907,0.05229136347770691,0.08647217601537704,Negative,-2.6666667461395264,False,1.5083459615707397,0.0,0.0,0.0,(umm) xxx seen this with a few of my friends and I was much more soft having done so (umm) this film has little substance
273539$_$2,Neutral,0.0,0.6912913918495178,0.10954239219427109,0.6912913918495178,0.1991661638021469,Neutral,0.0,False,0.0,0.0,0.0,0.0,Vicky Cristina Barcelona
273539$_$9,Negative,-1.1656955480575562,0.864316463470459,0.864316463470459,0.05947631224989891,0.07620719075202942,Negative,-2.3333332538604736,False,1.1676377058029175,0.0,0.0,0.0,"That I think worked with the film (umm) but originality wise, this movie is nothing that hasn't been made before It's just kinda sleezy (umm) waste of time completes your mind type of thing"
290546$_$3,Negative,-0.43667006492614746,0.627082347869873,0.627082347869873,0.17252491414546967,0.2003927081823349,Neutral,0.0,True,0.43667006492614746,0.0,0.0,0.0,Some of the faces looked familiar but (umm) not so much that I would be able to name them for you
290546$_$5,Negative,-0.7612948417663574,0.7373763918876648,0.7373763918876648,0.18420152366161346,0.07842208445072174,Negative,-1.0,False,0.23870515823364258,0.0,0.0,0.0,(umm) Apparently her mother tries to (uhh) kill her when she's younger and (umm) it really haunts her in terms of psychologically
290546$_$7,Negative,-0.36317363381385803,0.5862746834754944,0.5862746834754944,0.25266680121421814,0.1610584706068039,Negative,-0.3333333432674408,False,0.029840290546417236,0.0,0.0,0.0,"I think it's more of a a (stutter) teen flick more than anything because it revolves a lot of the, the (stutter) things are based in the high school where (uhh) Molly goes to school at"
290546$_$6,Negative,-0.2887174189090729,0.4891604483127594,0.4891604483127594,0.37933292984962463,0.13150657713413239,Neutral,0.0,True,0.2887174189090729,0.0,0.0,0.0,She has to see doctors and so forth
2S00zYaVrtc$_$10,Negative,-0.2817661464214325,0.6127634048461914,0.6127634048461914,0.1838730126619339,0.2033635824918747,Negative,-2.6666667461395264,False,2.3849005699157715,0.0,0.0,0.0,The pepper spray incident was one that I will deeply regret for the rest of my life.
2S00zYaVrtc$_$12,Positive,0.994051456451416,0.8374602198600769,0.04467613622546196,0.1178637370467186,0.8374602198600769,Positive,2.0,False,1.005948543548584,0.0,0.0,0.0,We learned from it and we now do a better job protecting you and our campus.
2S00zYaVrtc$_$20,Positive,1.2891567945480347,0.898082971572876,0.03725794330239296,0.0646590068936348,0.898082971572876,Positive,1.3333333730697632,False,0.044176578521728516,0.0,0.0,0.0,Thank you for listening to this message and I look forward to our next talk.
2S00zYaVrtc$_$17,Positive,0.49610963463783264,0.5415658354759216,0.10625436156988144,0.35217976570129395,0.5415658354759216,Negative,-0.3333333432674408,True,0.8294429779052734,0.0,0.0,0.0,"Learning from these mistakes, we are moving forward to increase transparency and accountability for my administration."
2S00zYaVrtc$_$5,Positive,1.201654314994812,0.8960156440734863,0.03316362574696541,0.070820651948452,0.8960156440734863,Positive,1.6666666269302368,False,0.4650123119354248,0.0,0.0,0.0,This is why I have worked tirelessly for everyone to have a chance at a free or affordable education to transform their lives.
2S00zYaVrtc$_$4,Positive,0.6267734169960022,0.6632105708122253,0.10717734694480896,0.22961212694644928,0.6632105708122253,Positive,1.3333333730697632,False,0.706559956073761,0.0,0.0,0.0,This is why I have always worked hard to improve opportunities for women and other under-represented groups.
2Xt31_d0XEE$_$2,Positive,1.3353906869888306,0.9038520455360413,0.03185855224728584,0.064289391040802,0.9038520455360413,Positive,2.0,False,0.6646093130111694,0.0,0.0,0.0,"Now Xenca has hundreds of dedicated Associates who all love selling our products, that all tried and tested to really work"
31474$_$11,Neutral,0.0,0.6570358276367188,0.11788743734359741,0.6570358276367188,0.22507666051387787,Negative,-1.3333333730697632,True,1.3333333730697632,0.0,0.0,0.0,Almost like they were reading cue cards
31474$_$14,Negative,-0.42853260040283203,0.6577686667442322,0.6577686667442322,0.09944957494735718,0.2427818328142166,Neutral,0.0,True,0.42853260040283203,0.0,0.0,0.0,So she ended up killing about four of them because she was such a bad shot
31474$_$0,Positive,0.7325652241706848,0.6801567077636719,0.0335722379386425,0.28627097606658936,0.6801567077636719,Positive,0.3333333432674408,False,0.399231880903244,0.0,0.0,0.0,"Hello, I'm Matthew and I'm here to give you my review on this DVD movie called The Feeding"
31474$_$3,Neutral,0.0,0.6438378691673279,0.1448422521352768,0.6438378691673279,0.2113199234008789,Neutral,0.0,False,0.0,0.0,0.0,0.0,(umm) The storyline is a bunch of college students go camping in the woods and there is a werewolf which is chasing them
31474$_$6,Negative,-1.6229071617126465,0.9241545796394348,0.9241545796394348,0.03364153206348419,0.042203813791275024,Negative,-2.6666667461395264,False,1.0437595844268799,0.0,0.0,0.0,This movie was quite possibly the worst movie I've ever seen in my life
31474$_$9,Negative,-0.7724989056587219,0.742634117603302,0.742634117603302,0.15365995466709137,0.10370593518018723,Negative,-1.0,False,0.22750109434127808,0.0,0.0,0.0,It was shot really kind of grainy
31474$_$8,Negative,-0.8109820485115051,0.7103747725486755,0.7103747725486755,0.21588844060897827,0.07373673468828201,Neutral,0.0,True,0.8109820485115051,0.0,0.0,0.0,It was shot on a very low budget
32681$_$1,Negative,-0.402597576379776,0.6464298963546753,0.6464298963546753,0.12322989851236343,0.23034022748470306,Neutral,0.0,True,0.402597576379776,0.0,0.0,0.0,"(umm) I saw that over the weekend, did did (stutter) good in the box office"
32681$_$3,Negative,-1.2180904150009155,0.8510763049125671,0.8510763049125671,0.06683161854743958,0.08209212869405746,Negative,-2.6666667461395264,False,1.4485763311386108,0.0,0.0,0.0,"So (umm) I decided to pay ten dollars, you know, go to the movie theater and see it and (uhh) gotta tell you that I'm extremely disappointed in the movie"
32681$_$5,Negative,-1.2549761533737183,0.8610679507255554,0.8610679507255554,0.057762373238801956,0.08116966485977173,Positive,0.3333333432674408,True,1.5883095264434814,0.0,0.0,0.0,"(umm) The only time I did laugh was at the the (stutter) pretty dirty stuff which they usually don't put in movies but, I mean that was pretty funny to me"
32681$_$6,Negative,-1.0109471082687378,0.7817453742027283,0.7817453742027283,0.1218884214758873,0.09636622667312622,Negative,-1.0,False,0.010947108268737793,0.0,0.0,0.0,"(umm) there are a couple of rap music scenes from from BET, that were trying to make fun of, wasn't really funny"
33170$_$1,Neutral,0.0,0.48785606026649475,0.3627384603023529,0.48785606026649475,0.14940546452999115,Positive,0.3333333432674408,True,0.3333333432674408,0.0,0.0,0.0,"It's basically a movie (uhh) comedy satire (uhh) it's it (stutter) mocks movies such as the (uhh) Da Vinci Code, Nacho Libre, X-Men, (umm) Land of Narnia, (uhh) Chocolate Factory, and some other movies I can't really think of right now"
33170$_$3,Negative,-0.18271887302398682,0.5460819602012634,0.5460819602012634,0.11381769925355911,0.34010031819343567,Negative,-2.0,False,1.8172811269760132,0.0,0.0,0.0,"It's a lot of toilet humor and cheap laughs, and if you are really really really desperate for that kind of a comedy, I highly recommend this movie for you"
33170$_$4,Negative,-0.7659850716590881,0.7273098826408386,0.7273098826408386,0.12568138539791107,0.1470087617635727,Negative,-2.0,False,1.2340149879455566,0.0,0.0,0.0,"(umm) I mean if you are expecting (uhh) a lot more, I mean with this type of movie I don't think you will enjoy it"
3MFNIag0wNE$_$12,Negative,-1.2264961004257202,0.878168523311615,0.878168523311615,0.05196503922343254,0.06986647099256516,Negative,-1.0,False,0.22649610042572021,0.0,0.0,0.0,"Perhaps not Rob Talbert, but people at Machinima, writers and workers of that show before Chris Lockey came on -mind you, Chris Lockey was doing this by himself: very little support- and we still didn't cut him a break."
3MFNIag0wNE$_$14,Negative,-1.4647941589355469,0.9126943945884705,0.9126943945884705,0.037778228521347046,0.04952741786837578,Negative,-2.0,False,0.5352058410644531,0.0,0.0,0.0,"It's also sad that in the final episode, Chris Lockey didn't even show up; [he] probably didn't feel good about it."
3MFNIag0wNE$_$16,Positive,0.4863297939300537,0.569683849811554,0.07971233129501343,0.3506038188934326,0.569683849811554,Negative,-0.3333333432674408,True,0.8196631669998169,0.0,0.0,0.0,I guess this is a good time to mention that there's a person called the Nostalgic Gamer.
3MFNIag0wNE$_$7,Negative,-0.596943199634552,0.7384226322174072,0.7384226322174072,0.09638208895921707,0.16519533097743988,Negative,-1.0,False,0.403056800365448,0.0,0.0,0.0,"Flawed, yes, but he would've gotten better if we had given him a chance."
3V2qm0rw920$_$11,Positive,0.6207157373428345,0.6666565537452698,0.05969514325261116,0.27364832162857056,0.6666565537452698,Positive,1.0,False,0.3792842626571655,0.0,0.0,0.0,"Students hear from the activists directly, a bridging of theory and practice that is distinctly Smith."
3V2qm0rw920$_$13,Positive,1.2054141759872437,0.8933140635490417,0.0299035906791687,0.07678236812353134,0.8933140635490417,Positive,3.0,False,1.7945858240127563,0.0,0.0,0.0,"I'm proud to present this dynamic online experience of Smith college, and proud to feature the remarkable stories of women who are transforming our world."
3V2qm0rw920$_$3,Positive,0.6195325255393982,0.6338868141174316,0.08420940488576889,0.28190383315086365,0.6338868141174316,Positive,0.3333333432674408,False,0.2861991822719574,0.0,0.0,0.0,The course offers the same rigorous content that students find in traditional Smith classrooms.
3j94B0pzSVs$_$12,Positive,0.9068493843078613,0.8152292370796204,0.030102774500846863,0.15466803312301636,0.8152292370796204,Positive,1.6666666269302368,False,0.7598172426223755,0.0,0.0,0.0,I will work toward making this effort historic in my tenure.
3j94B0pzSVs$_$17,Negative,-0.47805824875831604,0.6977924704551697,0.6977924704551697,0.1924424171447754,0.10976513475179672,Negative,-1.3333333730697632,False,0.8552751541137695,0.0,0.0,0.0,I will furthermore address the proliferation of hate crimes and the emergence of homegrown terrorism in the United States.
3j94B0pzSVs$_$1,Positive,0.6751437187194824,0.63910311460495,0.06675201654434204,0.294144868850708,0.63910311460495,Neutral,0.0,True,0.6751437187194824,0.0,0.0,0.0,"I've been a member of the APA for 35 years, but have never held elective office and have not been part of APA politics or governing activities."
3j94B0pzSVs$_$0,Neutral,0.0,0.6227419972419739,0.07540460675954819,0.6227419972419739,0.30185338854789734,Neutral,0.0,False,0.0,0.0,0.0,0.0,&gt;&gt;JACK KITAEFF: The time is right to elect a president of the American Psychological Association from outside of traditional governance.
4cFeG2ydm9A$_$8,Positive,1.0490039587020874,0.8381759524345398,0.04754139110445976,0.11428272724151611,0.8381759524345398,Positive,1.0,False,0.0490039587020874,0.0,0.0,0.0,The only way to be remembered is to be enthusiastic and conversation in your style.
4dV3slGSc60$_$10,Positive,0.6025895476341248,0.6281101703643799,0.04334752634167671,0.3285423815250397,0.6281101703643799,Positive,1.0,False,0.39741045236587524,0.0,0.0,0.0,We're one of the few universities that are 100 percent holding online that have a dedicated entrepreneurship degree program.
4dV3slGSc60$_$12,Positive,0.731734037399292,0.7057603001594543,0.043517302721738815,0.25072237849235535,0.7057603001594543,Positive,0.6666666865348816,False,0.0650673508644104,0.0,0.0,0.0,We have a bachelor's that's completely entrepreneurship based and master's completely entrepreneurship based.
4dV3slGSc60$_$22,Positive,0.7794160842895508,0.7398942112922668,0.038022737950086594,0.22208304703235626,0.7398942112922668,Positive,1.6666666269302368,False,0.887250542640686,0.0,0.0,0.9791666666666666,"We want to make sure that when students come through the Entrepreneurship Program whether it's the bachelor's and master's that we don't graduate a student that just has the degree in hand, but we graduate an entrepreneur, and that they can continue on with their venture in that we've helped them to succeed with the dreams that they have."
4dV3slGSc60$_$9,Positive,0.9820480346679688,0.8590517044067383,0.02934415452182293,0.11160415410995483,0.8590517044067383,Positive,1.6666666269302368,False,0.6846185922622681,0.0,0.0,0.0,It seemed to encompass everything about Business Administration I needed and professor you know was right on the ball.
4dV3slGSc60$_$8,Positive,1.2751799821853638,0.8942558169364929,0.04029472544789314,0.06544946879148483,0.8942558169364929,Positive,1.0,False,0.27517998218536377,0.0,0.0,0.0,I remember takin a course on enterpreneurship and that seemed like the entire reason why I was here.
50103$_$3,Negative,-1.5180902481079102,0.9084110856056213,0.9084110856056213,0.049758702516555786,0.04183017835021019,Negative,-2.0,False,0.48190975189208984,0.0,0.0,0.0,So (uhh) I didn't watch the whole show but if you are afraid of snakes or anything you'd probably have your eyes closed the whole movie so I I (stutter) didn't like it
5B0PQx3Ep3k$_$5,Positive,1.027797818183899,0.8432226777076721,0.046497892588377,0.11027941852807999,0.8432226777076721,Positive,1.3333333730697632,False,0.30553555488586426,0.0,0.0,0.0,"And I know that if we truly want to help all our young people reach their college dreams, we need to support our school counselors."
5O1W39o56gg$_$1,Positive,0.4982452392578125,0.5757798552513123,0.03581547364592552,0.3884046971797943,0.5757798552513123,Neutral,0.0,True,0.4982452392578125,0.0,0.0,0.0,"And today we're talking about your major assignment, the literature review"
5O1W39o56gg$_$2,Positive,0.5421555638313293,0.5793249011039734,0.05089950188994408,0.36977556347846985,0.5793249011039734,Positive,0.6666666865348816,False,0.12451112270355225,0.0,0.0,0.0,There's a reason we have your literature review due at end of Week 4
5O1W39o56gg$_$9,Positive,0.9496772885322571,0.8247649073600769,0.029620110988616943,0.14561496675014496,0.8247649073600769,Positive,0.3333333432674408,False,0.6163439750671387,0.0,0.0,0.0,"Larry, Moe and Curly did a great study in 1997 about involving the community"
5i6AgQSjXO4$_$3,Positive,0.7009041905403137,0.7194900512695312,0.030604084953665733,0.24990594387054443,0.7194900512695312,Positive,0.6666666865348816,False,0.03423750400543213,0.0,0.0,0.26315789473684215,And that is exactly one of the key area of the report that we ourselves will be looking at
5i6AgQSjXO4$_$2,Positive,0.9598138928413391,0.8268788456916809,0.04894401505589485,0.12417709827423096,0.8268788456916809,Neutral,0.0,True,0.9598138928413391,0.0,0.0,0.0,The motion before us today is: This House considers that environmental protection of the Arctic is more important than the need for economic development and job creation
5i6AgQSjXO4$_$6,Neutral,0.0,0.7100942730903625,0.0698050931096077,0.7100942730903625,0.22010064125061035,Neutral,0.0,False,0.0,0.0,0.0,0.0,Further knowledge of any change can rapidly be known
5kaCGzjYukM$_$0,Positive,0.36359110474586487,0.4728739559650421,0.13959884643554688,0.3875272274017334,0.4728739559650421,Negative,-0.3333333432674408,True,0.6969244480133057,0.0,0.0,0.0,"MR KIRBY: A quick note on this airstrike, which I know many of you have covered or have asked about, in Aleppo on a Doctors Without Borders hospital."
5kaCGzjYukM$_$3,Negative,-0.5344697833061218,0.6977189183235168,0.6977189183235168,0.18414004147052765,0.11814101785421371,Negative,-1.6666666269302368,False,1.1321969032287598,0.0,0.0,0.0,"We’re looking at dozens, if not several dozens, of casualties in this strike on what was clear that was a medical facility."
5kaCGzjYukM$_$2,Negative,-0.8447700142860413,0.8255699276924133,0.8255699276924133,0.09678400307893753,0.07764603197574615,Negative,-0.3333333432674408,False,0.5114367008209229,0.0,0.0,0.0,But I didn’t want to relinquish the podium at the outset without mentioning that we’re obviously – find this attack reprehensible in every possible way.
5kaCGzjYukM$_$5,Negative,-1.0491836071014404,0.8736225962638855,0.8736225962638855,0.05839904025197029,0.0679784044623375,Negative,-2.3333332538604736,False,1.2841496467590332,0.0,0.0,0.0,"So once again, we call on the regime to cease these absolutely senseless attacks, which are, of course, violations of the cessation of hostilities."
5kaCGzjYukM$_$7,Positive,1.0059138536453247,0.8391599059104919,0.048832815140485764,0.11200734227895737,0.8391599059104919,Negative,-0.6666666865348816,True,1.6725804805755615,0.0,0.0,0.0,"But again, you’re going to hear more from the Secretary on this very shortly, but I did want to just put that out there right at the top since I know you’ve all been interested in it and it just happened."
6KvG5VbLalY$_$9,Positive,0.4743760824203491,0.5723063349723816,0.107268787920475,0.3204248249530792,0.5723063349723816,Neutral,0.0,True,0.4743760824203491,0.0,0.0,0.0,"And sometimes you want to branch out and reach the active seeker plus the general consumer who may not necessarily think they have an issue, but have had a few red flags raised over time."
6ZA8I83x-oY$_$0,Neutral,0.0,0.5364711284637451,0.10110347718000412,0.5364711284637451,0.36242541670799255,Neutral,0.0,False,0.0,0.0,0.0,0.0,"Legion M, the world's first fan-owned entertainment company, is hoping to break the Hollywood studio mold."
6ZA8I83x-oY$_$2,Positive,1.0597933530807495,0.8570024371147156,0.03530782833695412,0.10768979787826538,0.8570024371147156,Positive,2.0,False,0.9402066469192505,0.0,0.0,0.0,"[Annison] ""It's the first time in history that regular people like you and I can actually invest in film and television and content projects."" [Scanlan] ""We love Hollywood, we love pop culture, this is why we're doing this."
6hFiTU77Sm0$_$1,Positive,0.6831755042076111,0.6464523077011108,0.07639095187187195,0.27715668082237244,0.6464523077011108,Neutral,0.0,True,0.6831755042076111,0.0,0.0,0.0,There are tons of different financial aid; each college does it differently.
6hFiTU77Sm0$_$2,Neutral,0.0,0.5474689602851868,0.11832380294799805,0.5474689602851868,0.3342071771621704,Neutral,0.0,False,0.0,0.0,0.0,0.0,Sometimes you might have to learn about how one school does it and how another.
6uPGcKTpC4I$_$1,Positive,0.6857526898384094,0.6153437495231628,0.08156716823577881,0.3030890226364136,0.6153437495231628,Neutral,0.0,True,0.6857526898384094,0.0,0.0,0.0,"Little heads-up for you -- that sometime on February 12th at block 630,720, we will have our annual decrease of inflation"
6uPGcKTpC4I$_$2,Positive,1.039777398109436,0.8132879137992859,0.0640462264418602,0.12266584485769272,0.8132879137992859,Neutral,0.0,True,1.039777398109436,0.0,0.0,0.0,"This means that Dash's block reward -- that is the reward to miners, masternodes, and the available treasury -- will decrease by 7"
6uPGcKTpC4I$_$6,Positive,0.6321817636489868,0.6615993976593018,0.036122988909482956,0.30227765440940857,0.6615993976593018,Positive,1.3333333730697632,False,0.7011516094207764,0.0,0.0,0.0,"And finally, in Social Happenings, there are three new ""What is Dash"
70280$_$11,Negative,-0.8116245269775391,0.7371575236320496,0.7371575236320496,0.16056972742080688,0.10227274894714355,Negative,-1.6666666269302368,False,0.8550420999526978,0.0,0.0,0.0,"I would rather buy that movie, (uhh) the Rear Window I mean, than to see this one again"
70280$_$3,Negative,-0.5029655694961548,0.5801880955696106,0.5801880955696106,0.3055529296398163,0.11425892263650894,Negative,-0.6666666865348816,False,0.1637011170387268,0.0,0.0,0.0,He thinks his neighbor is actually a murderer but there is really nothing that he can do about it because he is under house arrest
70280$_$4,Positive,0.5671645998954773,0.5644538998603821,0.058494340628385544,0.37705180048942566,0.5644538998603821,Neutral,0.0,True,0.5671645998954773,0.0,0.0,0.0,(uhh) If this plot sounds very familiar I think I saw this movie (uhh) many years ago
70280$_$6,Negative,-0.7402739524841309,0.7232666611671448,0.7232666611671448,0.10027122497558594,0.1764620989561081,Negative,-1.3333333730697632,False,0.5930594205856323,0.0,0.0,0.0,(uhh) I kind of felt a little bit cheated because (uhh) the plot is (uhh) very similar
75RGHaxmUK8$_$3,Positive,0.5189537405967712,0.6212767958641052,0.0396072082221508,0.3391159772872925,0.6212767958641052,Positive,0.3333333432674408,False,0.18562039732933044,0.0,0.0,0.0,As an Enrolled Agent we can help you with your individual tax preparation and business tax preparation needs.
75RGHaxmUK8$_$5,Neutral,0.0,0.7110114693641663,0.07401267439126968,0.7110114693641663,0.21497583389282227,Positive,0.3333333432674408,True,0.3333333432674408,0.0,0.0,0.0,An EA or Enrolled Agent is an accountant that specializes in taxation.
7_K3F-lAv1k$_$2,Positive,0.5099342465400696,0.5834975838661194,0.14736048877239227,0.2691419720649719,0.5834975838661194,Neutral,0.0,True,0.5099342465400696,0.0,0.0,0.0,"I applied for Kingston University 2 years ago,  but I took a gap year,  as I felt like I want to travel around and experience new things,  and Kingston allowed me to defer my entry for a year."
7r4vRxKLFCA$_$6,Positive,1.0916298627853394,0.8446941375732422,0.03463244065642357,0.12067341804504395,0.8446941375732422,Negative,-0.6666666865348816,True,1.7582964897155762,0.0,0.0,0.0,"They go back there, they come back to Nationwide, and we're going back and forth with each other, all three of us; the fan, Nationwide and nascar.com."
80566$_$1,Positive,0.4410245418548584,0.5217883586883545,0.08360327035188675,0.39460837841033936,0.5217883586883545,Neutral,0.0,True,0.4410245418548584,0.0,0.0,0.15384615384615385,"A New Hope, The Empire Strikes Back, Return of the Jedi"
80566$_$0,Neutral,0.0,0.6428051590919495,0.10690125077962875,0.6428051590919495,0.2502935826778412,Neutral,0.0,False,0.0,0.0,0.0,0.0,This is a box set of the original three Star Wars movies
80566$_$3,Positive,0.4777512550354004,0.5753797888755798,0.06639627367258072,0.35822391510009766,0.5753797888755798,Positive,0.3333333432674408,False,0.1444179117679596,0.0,0.0,0.0,You see references you know Luke I am your father but with somebody else's name
80566$_$2,Positive,0.6622447967529297,0.680094301700592,0.054106924682855606,0.26579877734184265,0.680094301700592,Positive,0.6666666865348816,False,0.004421889781951904,0.0,0.0,0.0,"They are referenced countlessly in you know, modern culture, modern cinema"
80566$_$4,Positive,0.3469845950603485,0.48229649662971497,0.3734791576862335,0.14422430098056793,0.48229649662971497,Positive,1.3333333730697632,False,0.9863487482070923,0.0,0.0,0.0,And they are almost an American icon
80566$_$6,Negative,-0.9855484366416931,0.8021564483642578,0.8021564483642578,0.12284038215875626,0.07500319182872772,Neutral,0.0,True,0.9855484366416931,0.0,0.0,0.0,"I I (stutter) mean in the original Star Wars, people actually acted it"
80855$_$11,Neutral,0.0,0.6209249496459961,0.05281960964202881,0.6209249496459961,0.3262554407119751,Neutral,0.0,False,0.0,0.0,0.0,0.0,"Ben Stiller, and Ben Stiller's boy are in some episodes"
80855$_$10,Neutral,0.0,0.6784667372703552,0.08073145151138306,0.6784667372703552,0.24080181121826172,Positive,0.3333333432674408,True,0.3333333432674408,0.0,0.0,0.0,"He's (uhh) in the, he's in a couple episodes"
80855$_$12,Neutral,0.0,0.4519174098968506,0.4225189685821533,0.4519174098968506,0.12556366622447968,Neutral,0.0,False,0.0,0.0,0.0,0.0,David Schwimmer and some guy playing David Schwimmer's dad is in this too
80855$_$15,Positive,0.8198347091674805,0.7134008407592773,0.047353774309158325,0.2392454892396927,0.7134008407592773,Positive,2.0,False,1.1801652908325195,0.0,0.0,1.0,"As you see, it keeps to the same packaging which is amazing (uhh) you know"
80855$_$17,Negative,-1.2927041053771973,0.8790175318717957,0.8790175318717957,0.06660177558660507,0.054380711168050766,Neutral,0.0,True,1.2927041053771973,0.0,0.0,0.4666666666666667,"I like to just sit around, when I can get it to okay, maybe this one doesn't work, but that's not the point"
80855$_$0,Neutral,0.0,0.6123802661895752,0.06312188506126404,0.6123802661895752,0.32449784874916077,Neutral,0.0,False,0.0,0.0,0.0,0.0,Alright
80855$_$3,Neutral,0.0,0.4795311689376831,0.045814741402864456,0.4795311689376831,0.47465410828590393,Neutral,0.0,False,0.0,0.0,0.0,0.0,The acclaimed series
80855$_$2,Negative,-0.5403876900672913,0.6069619655609131,0.6069619655609131,0.2747687101364136,0.11826934665441513,Positive,1.0,True,1.5403876304626465,0.0,0.0,0.0,Season four Curb Your Enthusiasm
80855$_$7,Negative,-0.5784807801246643,0.5299227833747864,0.5299227833747864,0.35515180230140686,0.11492542177438736,Neutral,0.0,True,0.5784807801246643,0.0,0.0,0.0,That's my fingers being crossed
80855$_$20,Neutral,0.0,0.4028359353542328,0.3970510959625244,0.4028359353542328,0.20011299848556519,Positive,1.0,True,1.0,0.0,0.0,0.0,Larry David's a (uhh) curmudgeon and a genius
830KzUc6CbU$_$0,Neutral,0.0,0.6695199608802795,0.07432657480239868,0.6695199608802795,0.2561534643173218,Neutral,0.0,False,0.0,0.0,0.0,0.0,"Hi, this is Rhett Reiger from White Caspian Studios on behalf of Expert Village."
830KzUc6CbU$_$13,Negative,-0.28007620573043823,0.5158766508102417,0.5158766508102417,0.3482719957828522,0.13585133850574493,Positive,0.3333333432674408,True,0.6134095191955566,0.0,0.0,0.12765957446808507,"You have to look for many different issues, like pay scale, what do they expect to be paid, or do they not, or will they defer their payment until the end of the shoot, or until the movie makes money."
84140$_$0,Positive,0.5427894592285156,0.4960726499557495,0.18237324059009552,0.3215540945529938,0.4960726499557495,Positive,1.3333333730697632,False,0.7905439138412476,0.0,0.0,0.0,"Hey ExpoTV, I'm Dea, and I generally love sort of these bad teen comedy sort of movies"
84140$_$5,Negative,-1.080004096031189,0.8622227311134338,0.8622227311134338,0.07515572756528854,0.06262148171663284,Negative,-1.3333333730697632,False,0.2533292770385742,0.0,0.0,0.0,"You know, to sort of fake a relationship to make those two jealous, Melissa Joan Hart gives him a makeover, and it's all, it all (stutter) feels very like, it's not, it's not, (stutter) it doesn't have the sort of undercurrent of satire that a lot of high school comedies have, that sort of make them funny"
89835$_$1,Positive,0.5164409279823303,0.5298188328742981,0.044796187430620193,0.42538490891456604,0.5298188328742981,Positive,1.0,False,0.4835590720176697,0.0,0.0,0.0,"At the same time, Jackie Chan is known for his martial arts special effects action flicks"
89835$_$0,Neutral,0.0,0.5936568379402161,0.05676732584834099,0.5936568379402161,0.34957584738731384,Neutral,0.0,False,0.0,0.0,0.0,0.0,Chris Tucker is known for his off the wall slapstick comedic performances
89835$_$4,Negative,-0.32052382826805115,0.5666134357452393,0.5666134357452393,0.3127424716949463,0.12064408510923386,Negative,-2.6666667461395264,False,2.3461430072784424,0.0,0.0,0.0,"(umm) {clears throat} The acting in this one is not really acting so much as one person fights and beats the crap out of others, (umm) the other star of the movie makes loud-mouth, (uhh) off-color remarks through the entire thing"
89835$_$7,Negative,-1.1091922521591187,0.8849294781684875,0.8849294781684875,0.042330920696258545,0.07273959368467331,Negative,-2.3333332538604736,False,1.224141001701355,0.0,0.0,0.0,"(uhh) There are a few (uhh) good moments in there, (umm) however I really didn't, (uhh) really didn't enjoy the film all that much"
8eaYvALnJ0o$_$1,Positive,1.010402798652649,0.8607892394065857,0.026539959013462067,0.11267078667879105,0.8607892394065857,Positive,2.0,False,0.9895972013473511,0.0,0.0,0.0,"It's available in a wide range of patterns, a wide range of grades, a wide range of thicknesses."
8eaYvALnJ0o$_$0,Positive,1.123742938041687,0.877875804901123,0.03311358392238617,0.08901065587997437,0.877875804901123,Positive,1.6666666269302368,False,0.5429236888885498,0.0,0.0,0.0,One of the great advantages a cedar siding is its great versatility.
8x_nCOh6Wmc$_$6,Positive,0.5874581336975098,0.5970773100852966,0.21565181016921997,0.18727083504199982,0.5970773100852966,Positive,1.0,False,0.41254186630249023,0.0,0.0,0.0,"And if you follow this, you won't have to be practicing a whole lot, just a couple of times to work out the bugs, work out the kinks, and you'll be ready to give a great speech."
96642$_$1,Neutral,0.0,0.44171810150146484,0.4390221834182739,0.44171810150146484,0.11925967782735825,Neutral,0.0,False,0.0,0.0,0.0,0.0,"xxx I am reviewing today is the movie Team America World Police, specifically this is the censored and unrated version"
96642$_$3,Neutral,0.0,0.4931079149246216,0.055959418416023254,0.4931079149246216,0.45093265175819397,Positive,0.6666666865348816,True,0.6666666865348816,0.0,0.0,0.8235294117647058,"(uhh) They were the mind behind South Park, a very popular television show"
96642$_$2,Neutral,0.0,0.6710051894187927,0.06894528120756149,0.6710051894187927,0.2600495517253876,Neutral,0.0,False,0.0,0.0,0.0,0.0,(umm) The team who made this is the team (uhh) xxx parker
96642$_$4,Negative,-1.5392318964004517,0.9101961255073547,0.9101961255073547,0.04632679745554924,0.043477047234773636,Negative,-2.0,False,0.46076810359954834,0.0,0.0,0.02857142857142858,"And also (umm) the movie xxx, not so good but (umm) I guess they should really stick to TV because this isn't that good of a movie"
99501$_$10,Positive,0.057666826993227005,0.40002331137657166,0.38104093074798584,0.2189358025789261,0.40002331137657166,Negative,-1.6666666269302368,True,1.72433340549469,0.0,0.0,0.0,"(uhh) The special effects are nice, but not enough to warrant any kind of purchase or rental"
99501$_$13,Negative,-1.2823203802108765,0.8843514919281006,0.8843514919281006,0.05475689843297005,0.06089160963892937,Negative,-1.6666666269302368,False,0.38434624671936035,0.0,0.0,0.0,"It's, it's not as bad as, as (stutter) a one but like I said there's very, very little here to reclaim it and make it valuable"
99501$_$1,Neutral,0.0,0.5169543623924255,0.0406273789703846,0.5169543623924255,0.44241824746131897,Neutral,0.0,False,0.0,0.0,0.0,0.0,Today I'm going to be reviewing the two disc special edition of The Hulk widescreen
99501$_$0,Neutral,0.0,0.6642170548439026,0.07614105939865112,0.6642170548439026,0.2596418857574463,Positive,0.3333333432674408,True,0.3333333432674408,0.0,0.0,0.0,Hey
99501$_$5,Negative,-1.0245081186294556,0.8149554133415222,0.8149554133415222,0.09508039802312851,0.08996424823999405,Negative,-0.3333333432674408,False,0.6911747455596924,0.0,0.0,0.0,The movie kind of glosses over a lot of the (uhh) (stutter) a lot of the things that you could say with a story like that in favor of just pure action
99501$_$7,Positive,0.9759343266487122,0.7965913414955139,0.057241592556238174,0.14616703987121582,0.7965913414955139,Negative,-1.0,True,1.9759342670440674,0.0,0.0,0.0,"I think you could have done a little bit more with this movie, with the subject matter"
9QI-9w_VdB4$_$0,Positive,0.4243091642856598,0.5417472720146179,0.07640988379716873,0.38184285163879395,0.5417472720146179,Positive,0.3333333432674408,False,0.090975821018219,0.0,0.0,0.0,"Now, something else you want to be aware of is evaluating each particular situation, every time you're in it."
AG5EY8ZaFj4$_$3,Positive,0.5662115216255188,0.6572820544242859,0.035553306341171265,0.30716460943222046,0.6572820544242859,Positive,0.3333333432674408,False,0.232878178358078,0.0,0.0,0.0,I'm a photographer and digital retouching artist here in New York City.
AG5EY8ZaFj4$_$15,Positive,0.4422290325164795,0.5462638139724731,0.05869421362876892,0.3950420320034027,0.5462638139724731,Positive,0.3333333432674408,False,0.1088956892490387,0.0,0.0,0.0,"Now, use your move tool to move around the marquee until you get just the part of the picture that you want."
Arh2TKRi_mg$_$15,Positive,0.8083797097206116,0.7835730910301208,0.030596191063523293,0.18583077192306519,0.7835730910301208,Positive,1.0,False,0.19162029027938843,0.0,0.0,0.0,So provide the space in your booth where you can be comfortable and talk about the features and benefits of your product.
Arh2TKRi_mg$_$14,Positive,0.786638081073761,0.7858424782752991,0.029762310907244682,0.18439513444900513,0.7858424782752991,Positive,1.3333333730697632,False,0.5466952919960022,0.0,0.0,0.0,Only face to face can you distinguish your product and make connections that could become fruitful relationships down the road.
Arh2TKRi_mg$_$16,Positive,0.40170207619667053,0.4992654323577881,0.07142765820026398,0.42930686473846436,0.4992654323577881,Positive,0.6666666865348816,False,0.26496461033821106,0.0,0.0,0.0,"Remember, those guys with the checkbooks still like to do business across the table or at the bar, not everything is best sold on the world wide web."
Arh2TKRi_mg$_$19,Neutral,0.0,0.4718480110168457,0.0853685513138771,0.4718480110168457,0.4427834451198578,Positive,0.3333333432674408,True,0.3333333432674408,0.0,0.0,0.0,Unless you closed the deal and came back with a signed contract what you really have is a warm lead.
Arh2TKRi_mg$_$32,Positive,1.362979769706726,0.913048267364502,0.029330335557460785,0.05762146785855293,0.913048267364502,Positive,2.0,False,0.6370202302932739,0.0,0.0,0.0,"Good luck, and good business, I'm Peggy Collins, and that's how to make your next trade show a huge success."
Arh2TKRi_mg$_$28,Negative,-0.6441633105278015,0.7350468635559082,0.7350468635559082,0.18280303478240967,0.08215005695819855,Negative,-0.6666666865348816,False,0.022503376007080078,0.0,0.0,0.0,"Rule number four, don't try this with a bad product or service."
Arh2TKRi_mg$_$3,Positive,0.4152328073978424,0.4710501730442047,0.06417275220155716,0.4647770822048187,0.4710501730442047,Positive,0.6666666865348816,False,0.2514338791370392,0.0,0.0,0.0,"I'm a firm believer in top down selling, and the people who either write the checks or tell other people to write the checks attend the big shows."
AxNy9TeTLq8$_$0,Positive,1.1836612224578857,0.9011225700378418,0.030135205015540123,0.06874221563339233,0.9011225700378418,Positive,1.3333333730697632,False,0.14967215061187744,0.0,0.0,0.0,"CHUCK DAVIS: Advertising, when used correctly, is content, and it helps lead people to make good business decisions, find great conversions, and there's great data on all of this."
BSKAHXFYF_I$_$1,Neutral,0.0,0.7156705260276794,0.10342872142791748,0.7156705260276794,0.18090076744556427,Positive,0.3333333432674408,True,0.3333333432674408,0.0,0.0,0.0,But did you know that businesses also have an unofficial organization chart?
BSKAHXFYF_I$_$3,Neutral,0.0,0.5493659973144531,0.044234052300453186,0.5493659973144531,0.4063999652862549,Positive,0.6666666865348816,True,0.6666666865348816,0.0,0.0,0.9375,"Here's what I mean, every company's unofficial org chart is comprised of just three types of employees; Finders, Minders and Grinders."
BSKAHXFYF_I$_$7,Neutral,0.0,0.6953285336494446,0.06659749150276184,0.6953285336494446,0.23807400465011597,Positive,0.3333333432674408,True,0.3333333432674408,0.0,0.0,0.7857142857142857,Grinders are the employees that do the actual work of the company.
BSKAHXFYF_I$_$8,Neutral,0.0,0.643717348575592,0.06851372122764587,0.643717348575592,0.2877689599990845,Positive,0.3333333432674408,True,0.3333333432674408,0.0,0.0,0.0,They're the ones who build and ship the products or deliver the services.
Baz0VVQ-E9E$_$10,Negative,-0.6785850524902344,0.7358719706535339,0.7358719706535339,0.1687772423028946,0.09535077214241028,Negative,-0.3333333432674408,False,0.3452517092227936,0.0,0.0,0.0,Someone’s going to make a bad choice
Baz0VVQ-E9E$_$1,Neutral,0.0,0.545829713344574,0.13352127373218536,0.545829713344574,0.3206489682197571,Neutral,0.0,False,0.0,0.0,0.0,0.0,"In 1774, America had always been the possession of Great Britain"
Baz0VVQ-E9E$_$5,Negative,-0.7437836527824402,0.7575942873954773,0.7575942873954773,0.16172806918621063,0.08067771047353745,Negative,-0.6666666865348816,False,0.0771169662475586,0.0,0.0,0.0,"In 1918, women could not vote"
Baz0VVQ-E9E$_$7,Positive,0.9240448474884033,0.8274744153022766,0.06293944269418716,0.10958614200353622,0.8274744153022766,Positive,0.6666666865348816,False,0.25737816095352173,0.0,0.0,0.0,"We fundamentally changed those things and we became a better, smarter, stronger nation because of it"
CJGuudyvA0Y$_$4,Positive,0.4234914481639862,0.5351985692977905,0.19452141225337982,0.27028000354766846,0.5351985692977905,Negative,-0.6666666865348816,True,1.0901581048965454,0.0,0.0,0.4358974358974359,Don't end up in this situation track all of your human resources and make sure everyone who works for you is under contract from the beginning and keep it all organized and loaded in IncMind.
CPjbogfLHR4$_$2,Neutral,0.0,0.47041240334510803,0.09016314148902893,0.47041240334510803,0.43942439556121826,Neutral,0.0,False,0.0,0.0,0.0,0.0,"Fuels, prescription writing, and treating the forest really to prevent these catastrophic fires."
CPjbogfLHR4$_$5,Positive,0.6109141707420349,0.6648158431053162,0.03181161358952522,0.3033725321292877,0.6648158431053162,Positive,2.0,False,1.3890857696533203,0.0,0.0,0.0,While a student at the NAU School of Forestry I heard about the Hooper Sustainability Award which is a grant for either research study or community sustainability.
DdUJojoFU_c$_$11,Positive,0.4684898853302002,0.4995112419128418,0.09593034535646439,0.4045584201812744,0.4995112419128418,Positive,0.6666666865348816,False,0.1981768012046814,0.0,0.0,0.0,Management expects throughput to achieve 300 tonnes per day by the end of the year as both main veins contribute to production.
DdUJojoFU_c$_$15,Positive,0.6726362109184265,0.6709701418876648,0.04150478169322014,0.2875250577926636,0.6709701418876648,Positive,0.3333333432674408,False,0.3393028676509857,0.0,0.0,0.0,Their branches are listed on their website at www.jenningscapital.com.
DdUJojoFU_c$_$14,Positive,1.130503535270691,0.8713591694831848,0.025930816307663918,0.10271000117063522,0.8713591694831848,Neutral,0.0,True,1.130503535270691,0.0,0.0,0.0,"For more information about Jennings Capital or to obtain a copy of their research report, contact your nearest Jennings Capital office."
DdUJojoFU_c$_$17,Neutral,0.0,0.620738685131073,0.1689247339963913,0.620738685131073,0.21033664047718048,Positive,0.3333333432674408,True,0.3333333432674408,0.0,0.0,0.30000000000000004,This video is for information purposes only and it is not a recommendation to buy or sell any securities.
DdUJojoFU_c$_$16,Positive,1.2886239290237427,0.9012377262115479,0.02844054065644741,0.0703217163681984,0.9012377262115479,Positive,1.0,False,0.2886239290237427,0.0,0.0,0.0,"I'm Samantha Deutscher for InvestmentPitch.com For more video news, and to view our disclaimer, be sure to visit our website www.investmentpitch.com."
DdUJojoFU_c$_$2,Positive,0.7338533997535706,0.678027868270874,0.057008761912584305,0.2649633586406708,0.678027868270874,Positive,0.3333333432674408,False,0.40052005648612976,0.0,0.0,0.0,"The company, which is focused in Mexico, has the producing Rosario project, two advanced-stage projects, the San Filipe and Gavilanes, and an early-stage exploration project, El Gachi."
DdUJojoFU_c$_$6,Positive,0.45503881573677063,0.4334300458431244,0.1352085918188095,0.4313613474369049,0.4334300458431244,Positive,0.6666666865348816,False,0.21162787079811096,0.0,0.0,0.0,"(map in release) Of the 11 drill holes reported, hole SCVT-02 reported 11.8 metres of 116 grams per tonne silver equivalent."
DdUJojoFU_c$_$8,Neutral,0.0,0.4752124547958374,0.06263869255781174,0.4752124547958374,0.46214887499809265,Positive,1.0,True,1.0,0.0,0.0,0.0,Drilling has traced the strike at transversales to 200 metres and a depth of 240 metres and it remains open along strike and at depth.
DlbYiwOnTyk$_$1,Neutral,0.0,0.5158507823944092,0.05527947470545769,0.5158507823944092,0.42886972427368164,Negative,-0.3333333432674408,True,0.3333333432674408,0.0,0.0,0.0,I attended Alan's course around late July but only got time to build the website around October.
E8MuzHUhUHk$_$15,Positive,1.2322765588760376,0.8972249627113342,0.02439103275537491,0.07838398218154907,0.8972249627113342,Positive,1.6666666269302368,False,0.4343900680541992,0.0,0.0,0.0,Thank you for listening from my tips  for professional buyers for the NY NOW Market.
E8MuzHUhUHk$_$14,Positive,1.2002698183059692,0.9000887274742126,0.03171461820602417,0.06819665431976318,0.9000887274742126,Positive,0.6666666865348816,False,0.5336031317710876,0.0,0.0,0.0,You may even get in a quick workout so you are prepared for the long day ahead.
E8MuzHUhUHk$_$16,Positive,1.2673124074935913,0.9009096026420593,0.030027970671653748,0.06906241923570633,0.9009096026420593,Positive,2.0,False,0.7326875925064087,0.0,0.0,0.0,And after the trade show be sure  to visit Bonagora.com to learn how to enhance your  professional buying experience in between the trade show seasons.
E8MuzHUhUHk$_$2,Positive,0.6116769909858704,0.5993289351463318,0.06564442068338394,0.3350266218185425,0.5993289351463318,Neutral,0.0,True,0.6116769909858704,0.0,0.0,0.0,"So Handmade opens on Saturday  and closes on Tuesday, but Home, Gift and New  all open on Sunday and close on Wednesday."
E8MuzHUhUHk$_$9,Negative,-0.07264535874128342,0.44117510318756104,0.44117510318756104,0.3501480519771576,0.20867687463760376,Positive,0.3333333432674408,True,0.4059787094593048,0.0,0.0,0.0,"If you go to the show looking to add only your most profitable and best-selling categories, it would avoid impulse buying."
EEjCkc82oyk$_$7,Neutral,0.0,0.43915900588035583,0.4364769458770752,0.43915900588035583,0.12436405569314957,Negative,-1.0,True,1.0,0.0,0.0,0.0,They don't want to have to explain a bad night when they're filling out a job application.
EEjCkc82oyk$_$9,Negative,-0.20663082599639893,0.4422985017299652,0.4422985017299652,0.4281845986843109,0.12951689958572388,Neutral,0.0,True,0.20663082599639893,0.0,0.0,0.2857142857142857,So we can keep their record clean so it doesn't come back to haunt them in the future.
EQxkXiWAm08$_$8,Neutral,0.0,0.6820449829101562,0.14581163227558136,0.6820449829101562,0.17214341461658478,Positive,0.3333333432674408,True,0.3333333432674408,0.0,0.0,0.0,A real estate attorney needs to be involved in writing the contract.
ET1cU5_A2YM$_$1,Negative,-0.8868937492370605,0.8012807965278625,0.8012807965278625,0.11647989600896835,0.08223932236433029,Negative,-2.3333332538604736,False,1.446439504623413,0.0,0.0,0.0,No country on earth would remain passive in the face of hundreds of rockets fired on its cities and Israel is no exception.
ET1cU5_A2YM$_$3,Negative,-0.20605294406414032,0.49107274413108826,0.49107274413108826,0.2789454758167267,0.22998173534870148,Neutral,0.0,True,0.20605294406414032,0.0,0.0,0.0,We will continue to protect our civilians against Hamas attacks on them.
ET1cU5_A2YM$_$6,Negative,-0.5494847893714905,0.6315266489982605,0.6315266489982605,0.2615851163864136,0.1068882942199707,Negative,-2.0,False,1.4505152702331543,0.0,0.0,0.0,"Hamas is thus committing a double war crime: It targets Israeli civilians, while hiding behind Palestinian civilians."
EmmuWoCUgXs$_$22,Neutral,0.0,0.5194871425628662,0.046049654483795166,0.5194871425628662,0.43446317315101624,Negative,-0.6666666865348816,True,0.6666666865348816,0.0,0.0,0.0,So those are just some ways that I would start a small photography business.
EmmuWoCUgXs$_$7,Negative,-0.40603360533714294,0.6796576380729675,0.6796576380729675,0.059543054550886154,0.2607993483543396,Negative,-0.6666666865348816,False,0.26063308119773865,0.0,0.0,0.0,"Where as they started out doing something they love and ended up actually hating it and just doing it for money, and in the end, I think sometimes that really shows."
Es9MkKsMsjU$_$10,Neutral,0.0,0.5157492756843567,0.2882039546966553,0.5157492756843567,0.19604671001434326,Negative,-1.3333333730697632,True,1.3333333730697632,0.0,0.0,0.0,like what should be the determining factor in whether or not someone is or is not my friend?
Es9MkKsMsjU$_$12,Negative,-1.0901298522949219,0.8682578206062317,0.8682578206062317,0.07005415111780167,0.061688005924224854,Negative,-1.6666666269302368,False,0.5765367746353149,0.0,0.0,0.0,Because apparently not being friends with Craig because he's voting for people who are running their entire campaigns off the promises of committing war crimes is too superficial of a reason for you.
Es9MkKsMsjU$_$2,Negative,-1.116838812828064,0.86688631772995,0.86688631772995,0.06511354446411133,0.06800023466348648,Negative,-1.6666666269302368,False,0.5498278141021729,0.0,0.0,0.0,But the idea that there is absolutely no legitimate reason for someone like me to not be friends with someone who is voting for people like Donald Trump or Ted Cruz is really disconnected from the way that the world actually works.
Es9MkKsMsjU$_$7,Negative,-1.2804975509643555,0.8854592442512512,0.8854592442512512,0.050226856023073196,0.06431382894515991,Negative,-1.6666666269302368,False,0.38616907596588135,0.0,0.0,0.0,"I just- I really hate, that the people who say this act as if like political beliefs is like the dumbest, most superficial thing to stop being friends with someone over."
Ezn3p5FWF_U$_$4,Positive,1.0881022214889526,0.8884201049804688,0.03434470295906067,0.0772351324558258,0.8884201049804688,Positive,1.0,False,0.08810222148895264,0.0,0.0,0.2222222222222222,"More and more we have to have transparency, collaboration and the lessons learned from the crisis help us to understand that the real next step after the crisis will be a much more committed economy to ethics and values that can support trust."
F1U26PLiXjM$_$1,Neutral,0.0,0.41776785254478455,0.18910597264766693,0.41776785254478455,0.39312615990638733,Positive,0.6666666865348816,True,0.6666666865348816,0.0,0.0,0.0,"Every day, we try to bring ourselves to the boundary between the known and the unknown and face the cloud"
F6JV-K840EY$_$2,Neutral,0.0,0.5221271514892578,0.25888791680336,0.5221271514892578,0.2189849466085434,Neutral,0.0,False,0.0,0.0,0.0,0.0,You first want to start by deciding whether if you're going to attend or not attend to.
FB_b1dm0SRY$_$10,Negative,-0.5129898190498352,0.6438515782356262,0.6438515782356262,0.23705007135868073,0.11909832805395126,Neutral,0.0,True,0.5129898190498352,0.0,0.0,0.0,A lot of human drama happens that would not happen in a grownup life where there’s no legal obligation to show up anywhere
FB_b1dm0SRY$_$0,Neutral,0.0,0.5485119223594666,0.0933384895324707,0.5485119223594666,0.3581496477127075,Positive,0.3333333432674408,True,0.3333333432674408,0.0,0.0,0.0,"Well, one reason that I write for teenagers is that when I went to high school, I actually went to two different high schools"
FB_b1dm0SRY$_$6,Negative,-0.009999999776482582,0.3923797607421875,0.3923797607421875,0.27873873710632324,0.32888147234916687,Positive,0.6666666865348816,True,0.6766666769981384,0.0,0.0,0.0,And I don’t think that very many people get that chance
FB_b1dm0SRY$_$9,Negative,-0.7280121445655823,0.7821357846260071,0.7821357846260071,0.13728798925876617,0.08057612180709839,Neutral,0.0,True,0.7280121445655823,0.0,0.0,0.0,"I think when you have a place like high school where you’re legally obligated to show up every day, you cannot walk away"
FB_b1dm0SRY$_$8,Positive,1.0153629779815674,0.8035707473754883,0.07646336406469345,0.11996594816446304,0.8035707473754883,Positive,1.6666666269302368,False,0.6513036489486694,0.0,0.0,0.0,"And high school is a fascinating setting, especially boarding school or summer camp where you really are stuck there"
FxxJB8hBpyQ$_$1,Negative,-0.4174659252166748,0.7185342907905579,0.7185342907905579,0.1425601691007614,0.1389055699110031,Negative,-0.3333333432674408,False,0.08413258194923401,0.0,0.0,0.0,One of the challenges that we've had is that the word advertising doesn't even work anymore.
Fy0Uid9afM8$_$0,Negative,-0.19160884618759155,0.4444652795791626,0.4444652795791626,0.40042731165885925,0.15510742366313934,Negative,-1.0,False,0.8083911538124084,0.0,0.0,0.0,There is also this stuff about how’re your not supposed to show you’re religion
Fy0Uid9afM8$_$3,Negative,-0.26800987124443054,0.5236868262290955,0.5236868262290955,0.35424843430519104,0.12206470221281052,Negative,-0.6666666865348816,False,0.39865681529045105,0.0,0.0,0.0,"Islamaphobia in France, it is supposed to protect women from a religion that abuses them"
Fy0Uid9afM8$_$5,Negative,-0.24932724237442017,0.44955363869667053,0.44955363869667053,0.40919229388237,0.1412540227174759,Negative,-1.3333333730697632,False,1.0840060710906982,0.0,0.0,1.0,Because since these policies there have been a lot of attacks against women who wear the hijabs by men
Fy0Uid9afM8$_$4,Negative,-0.12471293658018112,0.46231940388679504,0.46231940388679504,0.39249178767204285,0.14518879354000092,Negative,-1.0,False,0.8752870559692383,0.0,0.0,0.0,But they are the first victims of these policies
H1DpVwktfDQ$_$0,Negative,-0.31074029207229614,0.5117273926734924,0.5117273926734924,0.24481697380542755,0.24345560371875763,Positive,1.6666666269302368,True,1.9774069786071777,0.0,0.0,1.0,going to head back to my room and start watching some YouTube videos
HGicRLwgtkM$_$1,Positive,0.48690009117126465,0.5156072974205017,0.06260424107313156,0.42178845405578613,0.5156072974205017,Positive,1.0,False,0.5130999088287354,0.0,0.0,0.9142857142857143,"So, as you might guess, animals detecting different human facial expressions isn’t something new… According to research, other animals like dogs and pigeonscan distinguish between faces and expressions"
HGicRLwgtkM$_$3,Neutral,0.0,0.548180103302002,0.09036237001419067,0.548180103302002,0.361457496881485,Positive,1.0,True,1.0,0.0,0.0,0.0,"Essentially, the pigeons could tell when the photographs they were shown were of the same person and when the emotions of different people were similar"
HGicRLwgtkM$_$2,Positive,0.4806866943836212,0.5608704686164856,0.04967871308326721,0.3894508183002472,0.5608704686164856,Positive,2.0,False,1.5193133354187012,0.0,0.0,0.0,"Researchers at the University of Iowa, found that pigeons can see similarities among human faces when it comes to identity and emotion"
HGicRLwgtkM$_$6,Positive,0.4209822416305542,0.5094224214553833,0.04446958377957344,0.44610801339149475,0.5094224214553833,Positive,2.3333332538604736,False,1.9123510122299194,0.0,0.0,0.7619047619047619,And researchers from Kyoto University showed that dogs can match their owner’s face to their owner’s voice
HmXXW45eZL4$_$1,Positive,0.5225318074226379,0.5281053185462952,0.18880514800548553,0.2830894887447357,0.5281053185462952,Negative,-0.3333333432674408,True,0.8558651208877563,0.0,0.0,0.0,"And in addition to this possible retort or comment that you have prepared, in case your joke or story fails, I want to tell you something else that you don't want to do if your humor doesn't work."
HmXXW45eZL4$_$4,Negative,-1.165716290473938,0.8680210113525391,0.8680210113525391,0.0864388719201088,0.04554007574915886,Neutral,0.0,True,1.165716290473938,0.0,0.0,0.0,"Never ever look hurt, look sad, look angry, start crying, run off stage."
IM6HW1HwHhM$_$11,Negative,-0.3092792332172394,0.5844241976737976,0.5844241976737976,0.19240708649158478,0.2231687754392624,Positive,1.0,True,1.309279203414917,0.0,0.0,0.0,"Because, just because you haven't met your goals yet, doesn't mean that you won't going forward."
IM6HW1HwHhM$_$15,Positive,0.7601757049560547,0.7387184500694275,0.03176696598529816,0.22951459884643555,0.7387184500694275,Positive,1.0,False,0.2398242950439453,0.0,0.0,0.0,So that you can start shifting your business to where it is that you want it to be.
IM6HW1HwHhM$_$17,Positive,1.0397931337356567,0.8495487570762634,0.03391696885228157,0.11653431504964828,0.8495487570762634,Neutral,0.0,True,1.0397931337356567,0.0,0.0,0.0,And if that's the case then we need you to carve out some time every single week to move you forward.
IUmxJNs2zaY$_$3,Neutral,0.0,0.6530683040618896,0.0810559019446373,0.6530683040618896,0.26587584614753723,Positive,0.3333333432674408,True,0.3333333432674408,0.0,0.0,0.0,"To understand and predict the flow characteristics of these snowmelt dominated rivers, it is important to have a basic understanding of snow and its influence on hydrology."
IUmxJNs2zaY$_$2,Neutral,0.0,0.62395840883255,0.2118794471025467,0.62395840883255,0.16416211426258087,Positive,0.6666666865348816,True,0.6666666865348816,0.0,0.0,0.0,"In such mountainous terrain, snow and snowmelt are important components of the hydrologic regime."
JAnRCQ9A0vI$_$1,Positive,0.4567957818508148,0.543929398059845,0.0385921485722065,0.4174784719944,0.543929398059845,Neutral,0.0,True,0.4567957818508148,0.0,0.0,0.9166666666666666,"When we initially launched the system we decided that we were going to our BIS team and find all of our users that have already been logged on customers to our Internet site, and take those user names and push them into the Widen system and then market to those specific users, letting them know what kind of new system we were creating, what were the advantages of it, and push that out to them"
JAnRCQ9A0vI$_$0,Neutral,0.0,0.6314845681190491,0.08672461658716202,0.6314845681190491,0.28179076313972473,Neutral,0.0,False,0.0,0.0,0.0,0.0,We did sort of push-pull kind of strategy
JAnRCQ9A0vI$_$3,Positive,0.8608214259147644,0.7947413325309753,0.03764102980494499,0.16761766374111176,0.7947413325309753,Positive,1.0,False,0.1391785740852356,0.0,0.0,0.0,"And we highlighted it on that catalog that gets distributed out to about 10,000 addresses, which is a very large audience, to see how many would actually log on to our website, and come in and see the toolbox"
JAnRCQ9A0vI$_$2,Positive,0.8656172752380371,0.756973922252655,0.0349401980638504,0.20808593928813934,0.756973922252655,Positive,1.0,False,0.1343827247619629,0.0,0.0,0.0,"We did a full back cover spread on our very first catalog when we launched the marketing toolbox, identifying what it was, how easy it was to use, and we came up with a quick little slogan to use to try to get them to understand that it was fast, easy and simple, which was basically our slogan that we used"
JAnRCQ9A0vI$_$5,Positive,0.5438449382781982,0.6177549362182617,0.033880967646837234,0.34836411476135254,0.6177549362182617,Neutral,0.0,True,0.5438449382781982,0.0,0.0,1.0,Then we followed up with an email blast to identify that this new system was here and what were the advantages of using the system
JAnRCQ9A0vI$_$4,Neutral,0.0,0.5432583689689636,0.06381025910377502,0.5432583689689636,0.39293137192726135,Neutral,0.0,False,0.0,0.0,0.0,0.0,We gave that roughly about a couple months to see how that settled in
JAnRCQ9A0vI$_$8,Positive,0.8252251744270325,0.7471103668212891,0.040645379573106766,0.21224427223205566,0.7471103668212891,Positive,1.3333333730697632,False,0.5081081986427307,0.0,0.0,0.0,"From that we felt like there was a good enough number of customers who had seen it in the few places that we had put it out, and we moved into our training phase, which was launching WebExes a couple times a week for a few consecutive weeks in a row, and putting out open lines to all of our customers saying that they could attend a particular WebEx"
JOK1SSmPtFw$_$10,Neutral,0.0,0.5787534117698669,0.07700205594301224,0.5787534117698669,0.34424450993537903,Neutral,0.0,False,0.0,0.0,0.0,0.0,Make sure you are on a device where the Respondus Lock-down browser will work
JOK1SSmPtFw$_$13,Positive,0.7010475993156433,0.6996550559997559,0.07156825810670853,0.22877661883831024,0.6996550559997559,Negative,-0.6666666865348816,True,1.367714285850525,0.0,0.0,0.0,"You can’t stop it and return, so make sure you are ready when you begin"
JOK1SSmPtFw$_$14,Neutral,0.0,0.5953798294067383,0.062298789620399475,0.5953798294067383,0.34232139587402344,Neutral,0.0,False,0.0,0.0,0.0,0.0,The exam itself will be 40 multiple choice questions and one short-answer question
JOK1SSmPtFw$_$16,Neutral,0.0,0.5492009520530701,0.05152921378612518,0.5492009520530701,0.39926978945732117,Neutral,0.0,False,0.0,0.0,0.0,0.0,There is a study guide posted that has possible short-answer questions on it
JOK1SSmPtFw$_$0,Positive,1.290649652481079,0.9089444279670715,0.031691908836364746,0.059363674372434616,0.9089444279670715,Positive,1.3333333730697632,False,0.04268372058868408,0.0,0.0,0.0,"It is Monday, September 4, and it is Labor Day! I hope you are able to enjoy this beautiful day outside at the lake or a golf course or somewhere, but I also know that some of you may be using this day to get ahead"
JOK1SSmPtFw$_$5,Positive,0.44612324237823486,0.5688465237617493,0.07674766331911087,0.35440579056739807,0.5688465237617493,Neutral,0.0,True,0.44612324237823486,0.0,0.0,0.0,"First off, during weeks when we have exams, the quizzes close on THURSDAY at midnight, so don’t miss that deadline"
JOK1SSmPtFw$_$4,Positive,0.5287873148918152,0.5915107727050781,0.038864679634571075,0.369624525308609,0.5915107727050781,Neutral,0.0,True,0.5287873148918152,0.0,0.0,0.0,There are several important things to know about exams and exam week
JOK1SSmPtFw$_$8,Neutral,0.0,0.5383235812187195,0.054102521389722824,0.5383235812187195,0.4075738489627838,Neutral,0.0,False,0.0,0.0,0.0,0.0,"The exam will be available for 24 hours, beginning at midnight on Thursday"
JPT38CA3sGI$_$1,Negative,-0.04526898264884949,0.5390234589576721,0.5390234589576721,0.2429715394973755,0.2180049866437912,Positive,1.0,True,1.0452690124511719,0.0,0.0,0.0,"Because with men, it's very straightforward With the guy, it's very straightforward"
JPT38CA3sGI$_$0,Positive,0.6720037460327148,0.6036373376846313,0.08523601293563843,0.31112661957740784,0.6036373376846313,Positive,0.6666666865348816,False,0.005337059497833252,0.0,0.0,0.0,That's what it is I think we are better at masking our emotion
JPT38CA3sGI$_$5,Neutral,0.0,0.48272427916526794,0.04372622072696686,0.48272427916526794,0.4735494554042816,Positive,1.3333333730697632,True,1.3333333730697632,0.0,0.0,0.5,"Some guys, if you are a guy and you're watching, tell me"
JVpF99zuQhA$_$0,Neutral,0.0,0.5229341983795166,0.05802946165204048,0.5229341983795166,0.4190363585948944,Positive,0.3333333432674408,True,0.3333333432674408,0.0,0.0,0.0,"Hi, my name is Julie Asti, I'm a Certified Financial Planner with Asti Financial Management."
JVpF99zuQhA$_$2,Neutral,0.0,0.5938987731933594,0.07571522146463394,0.5938987731933594,0.3303859531879425,Neutral,0.0,False,0.0,0.0,0.0,0.0,There are two main type of life insurance policies that you're going to want to consider when deciding to buy a life insurance policy.
JVpF99zuQhA$_$4,Neutral,0.0,0.6624628901481628,0.07579946517944336,0.6624628901481628,0.2617376446723938,Neutral,0.0,False,0.0,0.0,0.0,0.0,The second type of policy is either a permanent or a whole life policy.
K0m1tO3Ybyc$_$15,Positive,0.748573362827301,0.7036470770835876,0.043597739189863205,0.25275516510009766,0.7036470770835876,Neutral,0.0,True,0.748573362827301,0.0,0.0,0.0,Remember when we read about Marie Antoinette we used to talk of love.
K0m1tO3Ybyc$_$8,Positive,0.6479153037071228,0.6165630221366882,0.1992550641298294,0.18418194353580475,0.6165630221366882,Negative,-1.3333333730697632,True,1.9812486171722412,0.0,0.0,0.0,We had John Thain redecorating his office to the tune of a million dollars while getting money from the tax payers to bail out his company.
K8gp7ncdUl8$_$5,Neutral,0.0,0.4294940233230591,0.2120034247636795,0.4294940233230591,0.35850250720977783,Positive,1.0,True,1.0,0.0,0.0,0.0,"If the price of Oil is on the decline for example, you can open simultaneous positions on oil &amp; gold and double your odds of profiting from a single action."
KDjl2exStlI$_$10,Neutral,0.0,0.6738501191139221,0.1611974835395813,0.6738501191139221,0.164952352643013,Neutral,0.0,False,0.0,0.0,0.0,0.0,And whether it's a light weight approach or a heavy weight approach.
KDjl2exStlI$_$13,Neutral,0.0,0.6510986685752869,0.19872026145458221,0.6510986685752869,0.15018108487129211,Neutral,0.0,False,0.0,0.0,0.0,0.0,"And whether the arbitrator supports reads, writes, or both."
KDjl2exStlI$_$5,Neutral,0.0,0.6821303963661194,0.09610622376203537,0.6821303963661194,0.22176335752010345,Positive,0.3333333432674408,True,0.3333333432674408,0.0,0.0,0.0,Some of the variations for arbitrator connectors include how they handle faults.
KDjl2exStlI$_$4,Neutral,0.0,0.688044011592865,0.1068408191204071,0.688044011592865,0.2051151543855667,Neutral,0.0,False,0.0,0.0,0.0,0.0,"Hence they support reliability and atomicity, scheduling and load balancing, trapping of faults and even synchronization."
KkKWFZZmmCM$_$1,Positive,0.9840496182441711,0.8252946734428406,0.0661102756857872,0.1085950955748558,0.8252946734428406,Neutral,0.0,True,0.9840496182441711,0.0,0.0,0.0,"The whole infrastructure, the whole culture, the whole development we've seen in India predestines India to become a superpower."
KpMCvUyQCXg$_$1,Neutral,0.0,0.5159437656402588,0.14197909832000732,0.5159437656402588,0.3420771360397339,Neutral,0.0,False,0.0,0.0,0.0,0.0,"Last year, the Big Four auditing firms discovered that a number of financial irregularities regarding a series of U.S."
KpMCvUyQCXg$_$3,Neutral,0.0,0.5980691313743591,0.1438635140657425,0.5980691313743591,0.25806739926338196,Negative,-0.3333333432674408,True,0.3333333432674408,0.0,0.0,0.0,Auditing firms become aware of problems towards the end of April.
KpMCvUyQCXg$_$5,Neutral,0.0,0.48803532123565674,0.06799296289682388,0.48803532123565674,0.4439717233181,Positive,0.3333333432674408,True,0.3333333432674408,0.0,0.0,0.0,Deloitte feels it is crucial that any firms they do business with do so with full transparency.
L1eFHRQGFeg$_$2,Positive,0.3594733476638794,0.4475814402103424,0.3157259523868561,0.2366926223039627,0.4475814402103424,Positive,0.3333333432674408,False,0.0261400043964386,0.0,0.0,0.0,"Unfortunately, I don't remember everything, and I'm sure a lot   of my literacy development happened when I was born... before I went to school, which my mind didn't retain."
MCsvw5-7lVE$_$1,Positive,1.0225495100021362,0.8531253933906555,0.030202766880393028,0.1166718602180481,0.8531253933906555,Positive,1.3333333730697632,False,0.31078386306762695,0.0,0.0,0.0,"And so as we look at Teespring, the people who do really well on our platform are people who've been able to build a brand with our buyers on Teespring."
MCsvw5-7lVE$_$2,Positive,1.150110125541687,0.888140857219696,0.03406842425465584,0.07779068499803543,0.888140857219696,Positive,0.6666666865348816,False,0.4834434390068054,0.0,0.0,0.0,And been able to bring them back over and over and over again to be able to purchase more and more products.
MCsvw5-7lVE$_$4,Positive,0.8465418219566345,0.8093757033348083,0.03043867088854313,0.16018569469451904,0.8093757033348083,Neutral,0.0,True,0.8465418219566345,0.0,0.0,0.0,And really invest in sort of answering any questions that your customers have.
MMpo2bDk-DU$_$10,Positive,0.3044079840183258,0.4933346211910248,0.23784345388412476,0.26882195472717285,0.4933346211910248,Negative,-0.3333333432674408,True,0.6377413272857666,0.0,0.0,0.0,It's easy for you to lose some objectivity about what you've written.
MMpo2bDk-DU$_$17,Neutral,0.0,0.4467092752456665,0.23833757638931274,0.4467092752456665,0.31495311856269836,Negative,-0.6666666865348816,True,0.6666666865348816,0.0,0.0,0.0,"""Spell check will not catch errors such as words that are spelled correctly but are used incorrectly, such as form and from or sue and use and so on."
MMpo2bDk-DU$_$16,Neutral,0.0,0.41566649079322815,0.35784101486206055,0.41566649079322815,0.22649244964122772,Negative,-1.0,True,1.0,0.0,0.0,0.0,"I use spell check."" Don't rely on spell check for grammar checking or catch errors."
MMpo2bDk-DU$_$19,Positive,0.970659077167511,0.8356079459190369,0.025585487484931946,0.13880658149719238,0.8356079459190369,Positive,1.6666666269302368,False,0.6960075497627258,0.0,0.0,0.43999999999999995,"For more great tips about proofreading and preparing reports, get  my book, ""Honing Your Legal Nurse Consulting Skills."
MjaaudUc5-4$_$1,Negative,-0.8007016777992249,0.7412595748901367,0.7412595748901367,0.17699778079986572,0.08174264430999756,Neutral,0.0,True,0.8007016777992249,0.0,0.0,0.0,To write an angry letter of protest is not as effective as to write a love letter
MjaaudUc5-4$_$0,Positive,0.7500052452087402,0.7243018746376038,0.0831250324845314,0.19257311522960663,0.7243018746376038,Negative,-0.3333333432674408,True,1.0833386182785034,0.0,0.0,0.0,And you try to help them
MjaaudUc5-4$_$3,Positive,0.9684472680091858,0.7954277396202087,0.04700257256627083,0.15756969153881073,0.7954277396202087,Positive,0.6666666865348816,False,0.3017805814743042,0.0,0.0,0.0,"You may wake them up and the may change their course, their idea of happiness"
MjaaudUc5-4$_$6,Negative,-0.32249656319618225,0.5904086232185364,0.5904086232185364,0.2621059715747833,0.1474853754043579,Positive,0.6666666865348816,True,0.9891632795333862,0.0,0.0,0.0,Even a Buddha without a Sangha cannot do much
MoQmPA7Q07Q$_$1,Positive,0.5469681620597839,0.5652406811714172,0.105781190097332,0.3289780914783478,0.5652406811714172,Positive,1.3333333730697632,False,0.7863652110099792,0.0,0.0,0.0,It's about the courage to be honest about where I'm at who am I and who am I becoming in the process
MoQmPA7Q07Q$_$2,Positive,1.3430980443954468,0.9115603566169739,0.03415976092219353,0.05427988991141319,0.9115603566169739,Positive,1.6666666269302368,False,0.32356858253479004,0.0,0.0,0.0,"And as a result my finances are well, and I can make really great decisions about what's important to my life, my lifestyle and my legacy"
N1X63d_jgmw$_$5,Positive,0.29553377628326416,0.40819215774536133,0.23687870800495148,0.3549290895462036,0.40819215774536133,Positive,0.3333333432674408,False,0.037799566984176636,0.0,0.0,0.0,"We tend to go a little bit faster when we're nervous, so you want to be very aware that you're speaking in a moderate pace: not too slow, not to fast, where people can understand."
N5xfBtD6rLY$_$7,Neutral,0.0,0.5138673186302185,0.04594891890883446,0.5138673186302185,0.4401837885379791,Positive,0.6666666865348816,True,0.6666666865348816,0.0,0.0,1.0,Cross-branded promotions are now ubiquitous in Hollywood
NoZsdSGnNpI$_$7,Positive,0.5724595189094543,0.6698565483093262,0.15499132871627808,0.17515210807323456,0.6698565483093262,Neutral,0.0,True,0.5724595189094543,0.0,0.0,0.0,"If you're wearing fancy shoes, know how they feel, if you're a woman, and you have high heels, make sure you rehearse with your high heels on."
Nrurc5sMUOE$_$5,Negative,-0.7112812995910645,0.7179331183433533,0.7179331183433533,0.1771784871816635,0.1048884466290474,Negative,-0.3333333432674408,False,0.37794795632362366,0.0,0.0,0.0,"If you're watching a play that is done in the style of Theater of the absurd this could be the point of the play; that dialogue is meaningless, but if you're not you're probably watching a bad play."
Nrurc5sMUOE$_$7,Neutral,0.0,0.5399470925331116,0.322590708732605,0.5399470925331116,0.13746219873428345,Neutral,0.0,False,0.0,0.0,0.0,0.0,If a character is talking about themselves and nothing is really happening on stage.
Nrurc5sMUOE$_$8,Neutral,0.0,0.4674958884716034,0.3409031927585602,0.4674958884716034,0.19160087406635284,Neutral,0.0,False,0.0,0.0,0.0,0.0,"Next, dialogue written to seem like a dialect, so dialog that is written to seem like a southern drawl, as though the playwright did not know what the dialect really was."
NzvNW7vP-Co$_$5,Positive,0.9975770115852356,0.8509173393249512,0.04220925271511078,0.10687342286109924,0.8509173393249512,Positive,1.3333333730697632,False,0.3357563614845276,0.0,0.0,0.0,I'm definitely seeing early signs of recovery in terms of planning over the last three or four weeks and feel very confident that as we see the next six months to one year we'll see much more positive environments for doing business.
NzvNW7vP-Co$_$4,Neutral,0.0,0.5106772780418396,0.3397318422794342,0.5106772780418396,0.149590864777565,Neutral,0.0,False,0.0,0.0,0.0,0.0,"But half the bridge only, the other half of the bridge is the US."
NzvNW7vP-Co$_$7,Positive,0.6224135756492615,0.6848294734954834,0.2173774391412735,0.09779303520917892,0.6848294734954834,Neutral,0.0,True,0.6224135756492615,0.0,0.0,0.0,I know their dollar is finding lower pressure at the moment same as-- situation so let's pray to pass in the world economy and I think we can look forward to better times.
OLP0nCKwU6k$_$6,Neutral,0.0,0.46891024708747864,0.3927745819091797,0.46891024708747864,0.1383151262998581,Negative,-0.6666666865348816,True,0.6666666865348816,0.0,0.0,0.0,"You have to make sure that you pay your insurance quarterly payments as they come due, because insurance company's are now reporting to the credit bureaus, and if you are late on your insurance premium it could effect your credit score."
OrYBtyO0aPI$_$1,Neutral,0.0,0.4664073884487152,0.4019780158996582,0.4664073884487152,0.1316145807504654,Positive,0.6666666865348816,True,0.6666666865348816,0.0,0.0,0.7058823529411764,What's surprising is how Apple is undercutting the competition in 4K pricing
OrYBtyO0aPI$_$4,Positive,0.8911564350128174,0.820568859577179,0.03090205229818821,0.1485290676355362,0.820568859577179,Positive,1.0,False,0.10884356498718262,0.0,0.0,0.0,So there you have it guys
PboaYD5hlG8$_$10,Positive,0.6361808180809021,0.7139251232147217,0.03251880034804344,0.2535560727119446,0.7139251232147217,Positive,1.0,False,0.3638191819190979,0.0,0.0,0.0,As those intelligent enough to use this open source information to build their own self driving car modification
PboaYD5hlG8$_$3,Positive,0.8376612067222595,0.751582145690918,0.04220406338572502,0.2062138319015503,0.751582145690918,Positive,1.3333333730697632,False,0.49567216634750366,0.0,0.0,0.0,ai saying quote “I believe in being as open as possible without killing the host organism
PboaYD5hlG8$_$2,Neutral,0.0,0.48654699325561523,0.044968944042921066,0.48654699325561523,0.4684840738773346,Negative,-0.6666666865348816,True,0.6666666865348816,0.0,0.0,0.0,The data is 6 months behind where he is now with his startup company comma
PboaYD5hlG8$_$7,Neutral,0.0,0.5139347910881042,0.19901855289936066,0.5139347910881042,0.2870467007160187,Neutral,0.0,False,0.0,0.0,0.0,0.0,Most likely the people playing with this open source information are going to start using it in a safe closed course then build up to regular driving but will allow for immediate manual override
PboaYD5hlG8$_$9,Neutral,0.0,0.45016416907310486,0.16941200196743011,0.45016416907310486,0.3804238736629486,Neutral,0.0,False,0.0,0.0,0.0,0.0,Autonomous driving still requires a driver’s full attention so they can override control of the car in the case of making a mistake like not seeing a tractor trailer
PboaYD5hlG8$_$8,Negative,-0.009999999776482582,0.41800132393836975,0.41800132393836975,0.20094972848892212,0.38104894757270813,Negative,-1.3333333730697632,False,1.3233333826065063,0.0,0.0,0.0,"As far as the man who died from a fault in Tesla’s most recent autonomous driving iteration, it’s sad and it weighs heavy on Tesla’s conscious"
Pt-D0LUHDSc$_$2,Positive,0.807476818561554,0.718937873840332,0.027709176763892174,0.25335296988487244,0.718937873840332,Positive,0.3333333432674408,False,0.47414347529411316,0.0,0.0,0.52,"This film is about two outlaws and a bounty hunter and their journey in finding a treasure, and the hilarious moments that occur throughout"
PwapK9d8IGk$_$4,Neutral,0.0,0.527519941329956,0.21788541972637177,0.527519941329956,0.2545946538448334,Neutral,0.0,False,0.0,0.0,0.0,0.0,"For example, if you take a hundred thousand dollars based on your age, you want to receive an income stream for ten years, twenty years, or for your entire life, that's what the insurance company will do."
PyQrAYl1bFs$_$0,Positive,0.9482079148292542,0.8083599209785461,0.026407143101096153,0.16523294150829315,0.8083599209785461,Positive,1.0,False,0.05179208517074585,0.0,0.0,0.0,The name my project is Triangle Dance Marathon.
PyQrAYl1bFs$_$3,Positive,1.3526414632797241,0.9052173495292664,0.04057064279913902,0.0542120635509491,0.9052173495292664,Positive,2.0,False,0.6473585367202759,0.0,0.0,0.0,"All and all we raise a $145,000 for the hospitals."
PyQrAYl1bFs$_$4,Positive,1.0227476358413696,0.8197147846221924,0.054340850561857224,0.1259443610906601,0.8197147846221924,Positive,0.1666666716337204,False,0.856080949306488,0.0,0.0,0.0,"It's last year it was 6 hours of dancing, basketball, eating, photo booths."
Q4WzApjaCNI$_$0,Positive,0.6362740397453308,0.6491079926490784,0.044354766607284546,0.3065372705459595,0.6491079926490784,Positive,0.6666666865348816,False,0.03039264678955078,0.0,0.0,1.0,So Wagner talked him into building a special theater just for these productions
Q7S0tX4FUNA$_$4,Neutral,0.0,0.6137821078300476,0.10904062539339066,0.6137821078300476,0.27717727422714233,Positive,0.6666666865348816,True,0.6666666865348816,0.0,0.0,0.0,Studies from the University of California Santa Barbara found inducing anger in participants helped them be more analytical
Q7S0tX4FUNA$_$7,Neutral,0.0,0.6730521321296692,0.09281114488840103,0.6730521321296692,0.2341366559267044,Positive,0.6666666865348816,True,0.6666666865348816,0.0,0.0,1.0,This is the problem we have when studying our emotions
Q7S0tX4FUNA$_$8,Neutral,0.0,0.47267481684684753,0.3653435707092285,0.47267481684684753,0.16198162734508514,Negative,-0.6666666865348816,True,0.6666666865348816,0.0,0.0,0.0,They're so fleeting and deep-seated they're difficult to measure
Qa6Yz62V-Yc$_$0,Neutral,0.0,0.47977733612060547,0.32062914967536926,0.47977733612060547,0.19959352910518646,Positive,0.6666666865348816,True,0.6666666865348816,0.0,0.0,0.0,The President will soon propose that Congress enact baseline privacy legislation that will guard against companies collecting and keeping data that they don't need for their business models.
QjcQx8_PQfw$_$10,Positive,1.0898622274398804,0.8739221096038818,0.02891327627003193,0.0971645638346672,0.8739221096038818,Positive,1.0,False,0.08986222743988037,0.0,0.0,0.0,"I'm Cherie Ashwood, I'm a guidance counselor, and I hope this works out for you."
QjcQx8_PQfw$_$7,Neutral,0.0,0.602026641368866,0.1655804067850113,0.602026641368866,0.23239298164844513,Negative,-0.3333333432674408,True,0.3333333432674408,0.0,0.0,0.0,"They give you a dollar amount, for example, two thousand dollars, you cannot send them two thousand dollars."
QpchvHpGFc8$_$3,Neutral,0.0,0.5801233649253845,0.1963132619857788,0.5801233649253845,0.22356338798999786,Positive,0.6666666865348816,True,0.6666666865348816,0.0,0.0,0.0,"They made it very easy for gentlemen to approach the prostitutes on the street, without being hauled away by the police."
RArhIHk4Qs4$_$13,Neutral,0.0,0.6039966940879822,0.15407446026802063,0.6039966940879822,0.24192889034748077,Positive,0.3333333432674408,True,0.3333333432674408,0.0,0.0,0.0,"Yet, there's nothing wrong with searching for that information"
RArhIHk4Qs4$_$17,Negative,-1.0290251970291138,0.8301957249641418,0.8301957249641418,0.10060957074165344,0.06919463723897934,Neutral,0.0,True,1.0290251970291138,0.0,0.0,0.0,There is nothing wrong with that
RArhIHk4Qs4$_$16,Negative,-0.4299972951412201,0.5671803951263428,0.5671803951263428,0.3291063606739044,0.1037132665514946,Positive,0.3333333432674408,True,0.7633306384086609,0.0,0.0,0.0,"In and of itself, searching this information, and looking at information that is not indexed is not illegal"
RArhIHk4Qs4$_$19,Neutral,0.0,0.7200939655303955,0.1220371350646019,0.7200939655303955,0.1578688770532608,Positive,0.3333333432674408,True,0.3333333432674408,0.0,0.0,0.0,So the answer depends on what the actual behavior is
RArhIHk4Qs4$_$1,Positive,0.4471566379070282,0.5493673086166382,0.03758303076028824,0.4130496680736542,0.5493673086166382,Neutral,0.0,True,0.4471566379070282,0.0,0.0,0.0,"Today I am going to be answering the question, ""Is it legal to surf the deep web?"" To answer that questions let's first get an understand what deep web is"
RArhIHk4Qs4$_$2,Neutral,0.0,0.4236734211444855,0.17304889857769012,0.4236734211444855,0.4032776355743408,Positive,0.3333333432674408,True,0.3333333432674408,0.0,0.0,0.0,"Because, when you get on Google on run a research and you're looking for information you're actually surfing the shallow web, if you will"
RArhIHk4Qs4$_$7,Neutral,0.0,0.5324459075927734,0.08321744948625565,0.5324459075927734,0.3843366205692291,Positive,0.3333333432674408,True,0.3333333432674408,0.0,0.0,0.0,"In fact, the vast majority of information online is in the deep web"
RArhIHk4Qs4$_$6,Negative,-0.37665948271751404,0.6096575260162354,0.6096575260162354,0.2673107385635376,0.12303172796964645,Positive,0.3333333432674408,True,0.7099928259849548,0.0,0.0,0.0,It's all that information that people put online that doesn't run through Google or that Google or other search engines cannot see
RArhIHk4Qs4$_$8,Negative,-0.009999999776482582,0.4662758409976959,0.4662758409976959,0.21806256473064423,0.31566154956817627,Neutral,0.0,True,0.009999999776482582,0.0,0.0,0.0,And a lot of it is pretty benign
RArhIHk4Qs4$_$21,Positive,0.9051678776741028,0.8173491358757019,0.02973773144185543,0.1529131382703781,0.8173491358757019,Neutral,0.0,True,0.9051678776741028,0.0,0.0,0.4285714285714286,"Lawyers Plus, We Earn Your Trust"
ROcTx5VEn7o$_$11,Neutral,0.0,0.5526993870735168,0.09101495891809464,0.5526993870735168,0.3562856614589691,Neutral,0.0,False,0.0,0.0,0.0,0.0,"So from contribution margin we subtract fixed costs and that equals our operating income this is the same operating income, that we have when we use the Multi-Step format."
ROcTx5VEn7o$_$1,Neutral,0.0,0.6469902992248535,0.07423616200685501,0.6469902992248535,0.27877357602119446,Positive,0.3333333432674408,True,0.3333333432674408,0.0,0.0,0.0,There are two approved ways of reporting income to external users.
ROcTx5VEn7o$_$5,Neutral,0.0,0.5957527756690979,0.19289939105510712,0.5957527756690979,0.211347758769989,Negative,-0.3333333432674408,True,0.3333333432674408,0.0,0.0,0.0,"This format is not acceptable for external reporting, but it is used almost exclusively for internal reporting and decision-making purposes."
ROcTx5VEn7o$_$9,Neutral,0.0,0.6541991233825684,0.148408904671669,0.6541991233825684,0.19739197194576263,Neutral,0.0,False,0.0,0.0,0.0,0.0,Thus contribution margin is the incremental profit earned on each unit sold.
RrGpzInAwCg$_$0,Positive,0.5526453852653503,0.5785545706748962,0.05124532803893089,0.37020015716552734,0.5785545706748962,Positive,0.6666666865348816,False,0.11402130126953125,0.0,0.0,0.0,"The Georgetown Institute for Consumer Research, Sponsored by KPMG, has been created."
RzOFxDk26p0$_$1,Positive,1.2805185317993164,0.9051821231842041,0.03550777956843376,0.059310123324394226,0.9051821231842041,Positive,1.3333333730697632,False,0.05281484127044678,0.0,0.0,0.0,"Vital Voices is co-sponsoring this event, The Courage to Lead, with The Eleanor Roosevelt Project at George Washington University, and it has been such an amazing experience, not only to plan the event, but to attend the event."
RzOFxDk26p0$_$0,Neutral,0.0,0.49386343359947205,0.05456363037228584,0.49386343359947205,0.451572984457016,Positive,1.3333333730697632,True,1.3333333730697632,0.0,0.0,0.0,"CINDY DYER: My name is Cindy Dyer, and I am the Senior Director for Human Rights at Vital Voices Global Partnership."
SHa756SwGJQ$_$0,Neutral,0.0,0.6456092000007629,0.13297057151794434,0.6456092000007629,0.22142024338245392,Positive,0.3333333432674408,True,0.3333333432674408,0.0,0.0,0.9375,example of why you need a Hegemonic structure to actually foster human rights
SHa756SwGJQ$_$2,Positive,0.6571014523506165,0.6418784260749817,0.04398445412516594,0.3141370713710785,0.6418784260749817,Neutral,0.0,True,0.6571014523506165,0.0,0.0,0.0,"After over an hour of competitive debating, constructing and deconstructing points of argument it was time for the judges and the audience to pick the winner"
SHa756SwGJQ$_$4,Negative,-0.20873677730560303,0.4578288495540619,0.4578288495540619,0.39209333062171936,0.15007786452770233,Negative,-1.0,False,0.791263222694397,0.0,0.0,0.0,"And in response to the notion ""This House welcomes the decline of U"
SHa756SwGJQ$_$7,Neutral,0.0,0.4499404728412628,0.36045166850090027,0.4499404728412628,0.18960785865783691,Positive,0.3333333432674408,True,0.3333333432674408,0.0,0.0,0.0,""" However, even though the judges agreed that Ryerson has successfully defended the notion"
SHa756SwGJQ$_$6,Neutral,0.0,0.5415658354759216,0.12722136080265045,0.5415658354759216,0.3312128186225891,Neutral,0.0,False,0.0,0.0,0.0,0.0,"Hegemony"" we believe Ryerson has successfully defended the notion"
TH32jop4FiI$_$15,Neutral,0.0,0.4709068536758423,0.3374094069004059,0.4709068536758423,0.19168372452259064,Positive,0.3333333432674408,True,0.3333333432674408,0.0,0.0,0.0,Former Republican Florida Governor Charlie Crist has apologized for his past support for a ban on marriage and civil unions.
TH32jop4FiI$_$17,Positive,0.7057741284370422,0.7057226300239563,0.06736928224563599,0.22690802812576294,0.7057226300239563,Positive,1.0,False,0.29422587156295776,0.0,0.0,0.0,"And officials in Maine have announced that in the first year of marriage equality, over 1,500 gay and lesbian couples got married in the state."
TWszOxkOV0w$_$1,Negative,-0.4883657991886139,0.6996787190437317,0.6996787190437317,0.16940127313137054,0.13092000782489777,Negative,-2.3333332538604736,False,1.8449674844741821,0.0,0.0,0.0,And I think I reflect the outrage of the ordinary citizen who feels very strongly about the notion that we were told that CEOs require those kinds of pay packages because they are tied to performance.
TXCXFYIc3Yo$_$16,Neutral,0.0,0.46852171421051025,0.13709582388401031,0.46852171421051025,0.39438244700431824,Positive,2.0,True,2.0,0.0,0.0,0.0,"If you need knowledge, if you need understanding... I'm telling you, go to Jesus, ask of Him."
TXCXFYIc3Yo$_$2,Positive,0.48846498131752014,0.5387752652168274,0.0654740259051323,0.39575067162513733,0.5387752652168274,Positive,0.6666666865348816,False,0.17820170521736145,0.0,0.0,0.0,"And the Lord reminded me of this recently when my wife, daughter, and I went out shopping."
TXCXFYIc3Yo$_$7,Positive,0.19869230687618256,0.4303964674472809,0.35577139258384705,0.21383213996887207,0.4303964674472809,Positive,1.3333333730697632,False,1.1346410512924194,0.0,0.0,0.0,"And immediately she grabbed my hand and all the fear and all the worry, the sound of her voice changed, and she was just totally confident walking into the house because she had her dad's hand."
TXCXFYIc3Yo$_$6,Neutral,0.0,0.49248528480529785,0.14157189428806305,0.49248528480529785,0.3659428060054779,Positive,1.3333333730697632,True,1.3333333730697632,0.0,0.0,0.0,"And I said, honey don't be afraid, just grab a hold of daddy's hand."
TYJzg5IJN8o$_$11,Neutral,0.0,0.5324950814247131,0.2013058215379715,0.5324950814247131,0.2661990821361542,Negative,-0.3333333432674408,True,0.3333333432674408,0.0,0.0,0.0,"Also if you are a lobbyist,  you may not lobby during the course of the transition,  nor may you come back after President-elect Obama takes office for one year and lobby on an issue that you worked on in the course of the transition."
TYJzg5IJN8o$_$10,Neutral,0.0,0.5329380035400391,0.30957311391830444,0.5329380035400391,0.1574888974428177,Negative,-0.3333333432674408,True,0.3333333432674408,0.0,0.0,0.0,What we will prohibit is anyone who has lobbied on an issue  in the last year from working on that issue during the course of the transition.
TYJzg5IJN8o$_$14,Positive,0.9645166993141174,0.8209946751594543,0.038425594568252563,0.14057965576648712,0.8209946751594543,Positive,1.0,False,0.03548330068588257,0.0,0.0,0.0,"We are looking for people who have the best interests of you,  the American people, in mind  as they help us prepare to govern going forward."
TYJzg5IJN8o$_$0,Positive,0.7404582500457764,0.7161993980407715,0.043082986027002335,0.2407175898551941,0.7161993980407715,Positive,1.3333333730697632,False,0.5928751230239868,0.0,0.0,0.0,"Hello everyone, my name is Valerie Jarrett,  and I’m one of the three co-chairs  of President-elect Obama’s Transition committee."
TYJzg5IJN8o$_$4,Positive,0.7438752055168152,0.7301786541938782,0.03689850494265556,0.23292283713817596,0.7301786541938782,Positive,0.3333333432674408,False,0.4105418622493744,0.0,0.0,0.0,President-elect Obama also announced that Rahm Emmanuel  will be his Chief of Staff  and this week we announced several of the key people who are leading the agency reviews.
TYJzg5IJN8o$_$7,Positive,1.1404087543487549,0.8599358201026917,0.04497842118144035,0.09508573263883591,0.8599358201026917,Neutral,0.0,True,1.1404087543487549,0.0,0.0,0.0,"President-elect Obama is committed to having an efficient, competent,  well organized, transparent and bi-partisan Transition Team."
Uc_6d-fkZEc$_$3,Positive,1.1652365922927856,0.8940808176994324,0.030092701315879822,0.075826495885849,0.8940808176994324,Neutral,0.0,True,1.1652365922927856,0.0,0.0,0.0,Different cultures getting closer Many thanks to the pupils that participated in this project.
UlTJmndbGHM$_$1,Positive,1.3895224332809448,0.9086588025093079,0.03681712970137596,0.05452406406402588,0.9086588025093079,Positive,1.6666666269302368,False,0.277144193649292,0.0,0.0,0.1875,And I make this announcement today with a smile on my face because we know this
UlTJmndbGHM$_$4,Negative,-0.6190534234046936,0.6918908953666687,0.6918908953666687,0.22022968530654907,0.08787935972213745,Negative,-1.0,False,0.3809465765953064,0.0,0.0,1.0,why do we keep failing to take notice of the pressure put on girls too young to understand this
VbV9S4svrTg$_$13,Positive,0.8079301714897156,0.775705873966217,0.03602404147386551,0.18827004730701447,0.775705873966217,Neutral,0.0,True,0.8079301714897156,0.0,0.0,0.0,We already have a time and a place
VbV9S4svrTg$_$3,Positive,0.9208300709724426,0.8158161044120789,0.03441398963332176,0.14976997673511505,0.8158161044120789,Positive,1.3333333730697632,False,0.41250330209732056,0.0,0.0,0.0,And that's why we want to partner with the On The Table community
VbV9S4svrTg$_$7,Positive,1.2688080072402954,0.8997411131858826,0.04372893646359444,0.05652995780110359,0.8997411131858826,Positive,1.0,False,0.2688080072402954,0.0,0.0,0.0,These kids are the future of our city
VbV9S4svrTg$_$8,Positive,0.6286751627922058,0.682736337184906,0.03657763823866844,0.28068605065345764,0.682736337184906,Positive,0.6666666865348816,False,0.03799152374267578,0.0,0.0,0.0,It's our responsibility to make sure that their voices are heard
VinxKpWioTo$_$1,Positive,1.2518603801727295,0.9070048332214355,0.030540933832526207,0.06245425343513489,0.9070048332214355,Positive,1.0,False,0.2518603801727295,0.0,0.0,0.0,"Welcome to the National Institute for School Leadership’s Executive Development Program E-D-P is a tool that aligns with the work the Department of Education has been doing on a broader scale, and I thank you for participating and further developing your skills, whether you’ve been in the field for a week or a decade"
VinxKpWioTo$_$0,Positive,0.467846155166626,0.5211483240127563,0.04380973055958748,0.43504199385643005,0.5211483240127563,Neutral,0.0,True,0.467846155166626,0.0,0.0,0.0,"Hi, I’m Secretary of Education Pedro Rivera"
VinxKpWioTo$_$3,Positive,1.074487328529358,0.8789046406745911,0.028788991272449493,0.09230640530586243,0.8789046406745911,Positive,0.3333333432674408,False,0.7411539554595947,0.0,0.0,0.0,"Whether their plans are to further their education or go on to an industry-based career, students under your leadership will be up to the task"
VinxKpWioTo$_$5,Positive,1.197856068611145,0.9019964337348938,0.029117576777935028,0.06888594478368759,0.9019964337348938,Positive,0.6666666865348816,False,0.5311893820762634,0.0,0.0,0.0,There’s a place in our commonwealth’s landscape for all students to find their niche and succeed
ViyQVpGW05w$_$1,Positive,0.46894267201423645,0.5140565037727356,0.0407971628010273,0.4451464116573334,0.5140565037727356,Positive,1.6666666269302368,False,1.1977239847183228,0.0,0.0,0.0,I'm a faculty member in the School of Education at Sonoma State University.
ViyQVpGW05w$_$4,Neutral,0.0,0.40713825821876526,0.24698834121227264,0.40713825821876526,0.3458733856678009,Neutral,0.0,False,0.0,0.0,0.0,0.0,This legal session will focus on illegal discrimination in schools and classrooms.
ViyQVpGW05w$_$6,Negative,-0.8844982981681824,0.8423711657524109,0.8423711657524109,0.09507957100868225,0.06254922598600388,Negative,-0.3333333432674408,False,0.551164984703064,0.0,0.0,0.0,Noncompliance with these laws can result in legal liability to you and to the school districts in which you are employed.
Vuay0mVKkik$_$3,Negative,-0.009999999776482582,0.38694095611572266,0.38694095611572266,0.2600104510784149,0.3530486524105072,Negative,-2.0,False,1.9900000095367432,0.0,0.0,0.0,And when I was going to school it was really difficult for me to find avenues and resources to be able to reach higher education.
WmQF5RmbsVQ$_$6,Positive,0.32417795062065125,0.48254942893981934,0.044373203068971634,0.4730774164199829,0.48254942893981934,Neutral,0.0,True,0.32417795062065125,0.0,0.0,0.0,"Now, there are specialty lenders out there, that do these construction or permanent loans, so my suggestion is to go to your local bank, or perhaps search online, for construction loans, and you will find lenders that do these loans for the construction period, and also find lenders that will do the loans on the lot."
Wrcf2xtqbkQ$_$9,Neutral,0.0,0.6851940751075745,0.11856196075677872,0.6851940751075745,0.19624392688274384,Neutral,0.0,False,0.0,0.0,0.0,0.0,"The Mladic trial is in its pre-trial phase, so they're debating how exactly the trial will take place, exchanging evidence."
Wrcf2xtqbkQ$_$8,Positive,0.5496551394462585,0.5775194764137268,0.05466238781809807,0.36781811714172363,0.5775194764137268,Negative,-0.3333333432674408,True,0.882988452911377,0.0,0.0,0.0,"Of course, I'm going to, to be present at some of the trials."
WxajvjGKz7Y$_$0,Neutral,0.0,0.6435269713401794,0.061682987958192825,0.6435269713401794,0.2947900593280792,Positive,0.6666666865348816,True,0.6666666865348816,0.0,0.0,0.0,"The second suggestion is to use a ""strategies approach"""
WxajvjGKz7Y$_$3,Neutral,0.0,0.537036120891571,0.11064361780881882,0.537036120891571,0.35232028365135193,Neutral,0.0,False,0.0,0.0,0.0,0.0,So if they were facing a number fact like 8+3 we would say we will count on 3 from 8
WxajvjGKz7Y$_$6,Neutral,0.0,0.5237241387367249,0.063418447971344,0.5237241387367249,0.41285741329193115,Neutral,0.0,False,0.0,0.0,0.0,0.0,Once the students have recalled and the number fact then of course they don't need the strategy and so that's the ultimate goal that they just recall it
XIGpuL-Kkyk$_$12,Positive,0.46391621232032776,0.5932824611663818,0.04068775847554207,0.36602982878685,0.5932824611663818,Positive,2.0,False,1.5360838174819946,0.0,0.0,0.6071428571428572,So what we actually have been preparing for companies is to let them know that they're medical products are actually competitive and viable in this market
XIGpuL-Kkyk$_$0,Neutral,0.0,0.5853223204612732,0.23552143573760986,0.5853223204612732,0.17915622889995575,Neutral,0.0,False,0.0,0.0,0.0,1.0,to a poor transaction using these mechanisms that are freely available to us
XIGpuL-Kkyk$_$4,Positive,1.1950247287750244,0.8861609101295471,0.029459364712238312,0.08437968045473099,0.8861609101295471,Positive,1.0,False,0.19502472877502441,0.0,0.0,0.0,"And for those companies that need export help in any regard, Export Express is an excellent tool to get there"
XIGpuL-Kkyk$_$7,Positive,0.6747810244560242,0.6936960220336914,0.03369828686118126,0.27260565757751465,0.6936960220336914,Neutral,0.0,True,0.6747810244560242,0.0,0.0,1.0,One of the things that the U
XaVYxIW0FDg$_$2,Neutral,0.0,0.5177819132804871,0.09313229471445084,0.5177819132804871,0.3890858590602875,Positive,0.3333333432674408,True,0.3333333432674408,0.0,0.0,0.0,"This proves a prophecy in the Bible, Here, ""one piece was rained on"" refers to churches who accept and obey God's work of judgment in the last days"
XyP8bVmGX6M$_$4,Positive,1.1230545043945312,0.8730804920196533,0.028676563873887062,0.09824291616678238,0.8730804920196533,Positive,0.6666666865348816,False,0.45638781785964966,0.0,0.0,0.0,"""Thought leadership from the institute will be particularly relevant."" she said in a statement."
XzVapdEr_GY$_$3,Positive,1.0049279928207397,0.8217782378196716,0.056410957127809525,0.12181075662374496,0.8217782378196716,Positive,1.3333333730697632,False,0.32840538024902344,0.0,0.0,0.0,In fact the nice thing about coming into med school with a major that’s not necessarily in the sciences is that you bring a level of diversity to the class.
XzVapdEr_GY$_$4,Positive,1.2029653787612915,0.8905345797538757,0.03504631295800209,0.07441910356283188,0.8905345797538757,Positive,2.3333332538604736,False,1.1303678750991821,0.0,0.0,0.0,If you have a major in humanities you have had critical thinking and creativity as part of your curriculum and those are skills which will be wonderful to have as part of a med school class.
Y7h-S3cJ52o$_$0,Neutral,0.0,0.5103250741958618,0.04148740693926811,0.5103250741958618,0.4481875002384186,Neutral,0.0,False,0.0,0.0,0.0,0.0,Baltimore Link is a completely redesigned transit system for Baltimore.
Y7qkyMyanjU$_$2,Neutral,0.0,0.5913237929344177,0.060750290751457214,0.5913237929344177,0.3479258716106415,Neutral,0.0,False,0.0,0.0,0.0,1.0,To solve the problem I'm gonna start by modeling
Y7qkyMyanjU$_$4,Positive,0.5576061606407166,0.5617069602012634,0.04354105517268181,0.3947519361972809,0.5617069602012634,Positive,0.6666666865348816,False,0.10906052589416504,0.0,0.0,1.0,In order to add I know I've got a combine these
YbuG8xyUO-o$_$3,Neutral,0.0,0.6775777339935303,0.09472241252660751,0.6775777339935303,0.227699875831604,Neutral,0.0,False,0.0,0.0,0.0,0.0,Our underwriters have the final say on your mortgage application.
YbuG8xyUO-o$_$2,Neutral,0.0,0.6967570185661316,0.09652800112962723,0.6967570185661316,0.20671498775482178,Positive,0.6666666865348816,True,0.6666666865348816,0.0,0.0,0.0,Your loan is out of processing and is now with our underwriters.
Z7L3V5bwzI0$_$2,Positive,0.9760794639587402,0.7835684418678284,0.05541304126381874,0.1610184758901596,0.7835684418678284,Positive,2.3333332538604736,False,1.3572537899017334,0.0,0.0,0.0,"&gt;&gt; I want to get rid of the federal government monopoly on student loans, and give our students more options."
ZaoFHcbRM9g$_$3,Positive,0.2594129145145416,0.4504399299621582,0.42051467299461365,0.1290455013513565,0.4504399299621582,Positive,1.6666666269302368,False,1.4072537422180176,0.0,0.0,0.0,"I MEAN BECAUSE -- BECAUSE TO BE A GAY MAN OR WOMAN, THANK GOD IT IS A MIRACLE, THANK GOD IT IS NOT A SIN ANYMORE"
ZaoFHcbRM9g$_$2,Neutral,0.0,0.6405699253082275,0.2040499448776245,0.6405699253082275,0.15538011491298676,Neutral,0.0,False,0.0,0.0,0.0,0.0,"WELL, THAT'S NOT A SECRET ANYMORE"
ZaoFHcbRM9g$_$5,Negative,-0.4256892204284668,0.578597366809845,0.578597366809845,0.2885788381099701,0.13282379508018494,Positive,0.3333333432674408,True,0.75902259349823,0.0,0.0,0.0,AND YOU WERE MARRIED 25 YEARS BEFORE YOU FOUND OUT YOUR HUSBAND WAS GAY
ZaoFHcbRM9g$_$9,Negative,-0.7534754872322083,0.732418954372406,0.732418954372406,0.13561122119426727,0.13196980953216553,Negative,-1.3333333730697632,False,0.5798578858375549,0.0,0.0,0.0,I FELT LESS THAN A WOMAN
ZaoFHcbRM9g$_$8,Negative,-1.3723101615905762,0.8843652606010437,0.8843652606010437,0.0611826628446579,0.05445211008191109,Negative,-1.0,False,0.37231016159057617,0.0,0.0,0.0,I NEVER THOUGHT I WOULD BE SO DEVASTATED
Zvisaa77Cng$_$1,Positive,0.322439044713974,0.5038537979125977,0.35821279883384705,0.1379334032535553,0.5038537979125977,Negative,-0.6666666865348816,True,0.9891057014465332,0.0,0.0,0.0,And I think in Davos the whole issue about regulation ethics has been a big issue.
Zvisaa77Cng$_$5,Positive,0.4635030925273895,0.477006196975708,0.15558291971683502,0.3674108684062958,0.477006196975708,Positive,0.6666666865348816,False,0.20316359400749207,0.0,0.0,0.0,"And the best CEOs have that anyway, they don't need boards."
_7HVhnSYX1Y$_$26,Positive,0.4646923840045929,0.5120899677276611,0.041776616126298904,0.4461333751678467,0.5120899677276611,Neutral,0.0,True,0.4646923840045929,0.0,0.0,0.0,"Coordinate everything, all the details with the venue where your event will take place."
_7HVhnSYX1Y$_$12,Positive,0.6105917096138,0.6242402195930481,0.035949114710092545,0.33981063961982727,0.6242402195930481,Neutral,0.0,True,0.6105917096138,0.0,0.0,0.0,"If you're hosting a fashion show, team up with local clothing retailers and shoe stores."
_7HVhnSYX1Y$_$14,Positive,0.4231165945529938,0.4672313630580902,0.07422105967998505,0.45854756236076355,0.4672313630580902,Positive,0.3333333432674408,False,0.08978325128555298,0.0,0.0,0.0,Do not overlook internet advertising and reciprocal partnership opportunities.
_7HVhnSYX1Y$_$19,Neutral,0.0,0.602766215801239,0.167535200715065,0.602766215801239,0.22969859838485718,Positive,0.6666666865348816,True,0.6666666865348816,0.0,0.0,0.0,You can pull off an elaborate stunt to generate news media attention.
_7HVhnSYX1Y$_$31,Positive,0.7617208361625671,0.7663576602935791,0.0326012521982193,0.20104116201400757,0.7663576602935791,Positive,0.6666666865348816,False,0.09505414962768555,0.0,0.0,0.0,"The better prepared you are, the better the experience and results."
_7HVhnSYX1Y$_$3,Positive,0.46314987540245056,0.4878190755844116,0.043354641646146774,0.4688262641429901,0.4878190755844116,Positive,0.6666666865348816,False,0.20351681113243103,0.0,0.0,0.0,"Look for the synergies such as media partnerships with local radio stations, TV stations, newspapers and cable companies."
_BvNNdEkhZA$_$14,Negative,-0.48034563660621643,0.559856116771698,0.559856116771698,0.3099428713321686,0.1302010416984558,Negative,-0.6666666865348816,False,0.18632104992866516,0.0,0.0,0.0,And a lot of people thought it was a new guitar hero being announced.
_BvNNdEkhZA$_$19,Positive,0.422870397567749,0.49746641516685486,0.04555666819214821,0.456976979970932,0.49746641516685486,Positive,0.6666666865348816,False,0.24379628896713257,0.0,0.0,0.0,I'm going to have all the information tomorrow probably in the afternoon or evening about when Guitar Hero is actually revealed and all the information we know about it.
_BvNNdEkhZA$_$7,Positive,0.49773144721984863,0.5932653546333313,0.04223892092704773,0.36449572443962097,0.5932653546333313,Positive,1.0,False,0.5022685527801514,0.0,0.0,0.0,Maybe it could be something similar with what we've seen with Rocksmith with allowing people to play real guitars.
_BvNNdEkhZA$_$6,Negative,-0.24716389179229736,0.42945635318756104,0.42945635318756104,0.38562193512916565,0.18492169678211212,Neutral,0.0,True,0.24716389179229736,0.0,0.0,0.0,And we've heard rumours in the past that the new guitar hero would be much more realistic in it's approach to the series.
_BvNNdEkhZA$_$9,Neutral,0.0,0.6111795902252197,0.15398095548152924,0.6111795902252197,0.23483942449092865,Positive,0.3333333432674408,True,0.3333333432674408,0.0,0.0,0.0,We also see a drum kit in the trailer too and towards the very end.
_aZDaIfGfPo$_$1,Positive,1.0292075872421265,0.8326646685600281,0.04538845643401146,0.12194693088531494,0.8326646685600281,Positive,0.6666666865348816,False,0.3625409007072449,0.0,0.0,0.0,"The Affordable Care Act provides new options for affordable health coverage that covers a range of benefits, including important preventive services with no out-of-pocket costs for millions of Americans, including the Asian American and Pacific Islander communities."
_aZDaIfGfPo$_$0,Positive,0.9402546286582947,0.8255510926246643,0.029518837109208107,0.14493006467819214,0.8255510926246643,Positive,1.3333333730697632,False,0.3930787444114685,0.0,0.0,0.0,"Hi, I'm Rebecca Lee, Advisor at the White House Initiative on Asian Americans and Pacific Islanders."
_gr7o5ynhnw$_$13,Neutral,0.0,0.4903402626514435,0.04577353596687317,0.4903402626514435,0.46388617157936096,Positive,0.3333333432674408,True,0.3333333432674408,0.0,0.0,0.0,"On occasion, we'll also talk about applications, like for example, how the graph primitives that we learn are useful for reasoning about the web and social networks."
_gr7o5ynhnw$_$12,Positive,0.8164251446723938,0.7853713035583496,0.027661660686135292,0.18696705996990204,0.7853713035583496,Positive,0.6666666865348816,False,0.1497584581375122,0.0,0.0,0.0,While the emphasis of the course is on timeless ideas and key principles.
_gr7o5ynhnw$_$15,Positive,1.3150960206985474,0.8992279171943665,0.04095548763871193,0.05981667712330818,0.8992279171943665,Positive,1.6666666269302368,False,0.35157060623168945,0.0,0.0,0.0,"So in summary, when you study algorithms, it's a ton of fun because you wind up learning a lot of the greatest hits of from the last 50 years of computer science and I very much hope I'll see you in January."
_gzYkdjNvPc$_$12,Neutral,0.0,0.6033799648284912,0.07747123390436172,0.6033799648284912,0.3191487789154053,Positive,1.3333333730697632,True,1.3333333730697632,0.0,0.0,0.0,The third thing is that social media celebrates diversity
_gzYkdjNvPc$_$17,Negative,-0.9852283596992493,0.8563348650932312,0.8563348650932312,0.08367398381233215,0.05999124050140381,Negative,-1.3333333730697632,False,0.3481050133705139,0.0,0.0,0.0,And these troubled brands they just really didn't utilize this at least not fast enough
_gzYkdjNvPc$_$1,Neutral,0.0,0.4588964879512787,0.35078465938568115,0.4588964879512787,0.19031886756420135,Negative,-0.3333333432674408,True,0.3333333432674408,0.0,0.0,0.0,"One very notable one is American Apparel, especially since they've filed bankruptcy twice within the period of a little bit over a year"
_gzYkdjNvPc$_$3,Neutral,0.0,0.6342174410820007,0.08305413275957108,0.6342174410820007,0.2827284634113312,Neutral,0.0,False,0.0,0.0,0.0,0.0,"Other brands include Pacific Sunwear, Cache, Wet Seal, and Quicksilver"
_gzYkdjNvPc$_$2,Negative,-0.9319210052490234,0.8360069394111633,0.8360069394111633,0.08662381023168564,0.07736917585134506,Negative,-0.6666666865348816,False,0.26525431871414185,0.0,0.0,0.0,That's kind of crazy
_gzYkdjNvPc$_$5,Neutral,0.0,0.6617487072944641,0.13344979286193848,0.6617487072944641,0.204801544547081,Positive,0.6666666865348816,True,0.6666666865348816,0.0,0.0,0.0,A lot of these are very teen specific or sort of focus on a younger customer
_gzYkdjNvPc$_$4,Neutral,0.0,0.6033525466918945,0.08504609018564224,0.6033525466918945,0.3116013705730438,Neutral,0.0,False,0.0,0.0,0.0,0.0,And if you kind of listen to the names of these brands you might figure out that there's a pattern
_gzYkdjNvPc$_$6,Neutral,0.0,0.49126338958740234,0.37539565563201904,0.49126338958740234,0.1333409696817398,Negative,-0.3333333432674408,True,0.3333333432674408,0.0,0.0,0.0,I think there's sort of three big reasons why these types of companies are having trouble
_gzYkdjNvPc$_$9,Neutral,0.0,0.6013145446777344,0.2516072988510132,0.6013145446777344,0.14707820117473602,Positive,0.3333333432674408,True,0.3333333432674408,0.0,0.0,0.0,The second thing is that teen trends used to be a much more segregated niche
a-WihYDk6vc$_$8,Positive,0.6018369793891907,0.6718328595161438,0.03519991412758827,0.2929672300815582,0.6718328595161438,Positive,0.6666666865348816,False,0.06482970714569092,0.0,0.0,0.0,Whatever it is you want to take this time in the speech to talk about what it is they do specifically any achievements that they have in relation to their work.
a-WihYDk6vc$_$0,Positive,1.02091646194458,0.841912031173706,0.02771972119808197,0.13036829233169556,0.841912031173706,Positive,0.3333333432674408,False,0.6875830888748169,0.0,0.0,0.0,Okay we have talked about the person and the family in this birthday speech.
aFhc2ddipoM$_$14,Positive,0.9618568420410156,0.8432343602180481,0.027863716706633568,0.1289018839597702,0.8432343602180481,Positive,1.0,False,0.038143157958984375,0.0,0.0,0.0,"And after two years of that experience, I decided to come to the USA, get a PhD, and I decided to do it in the area of entrepreneurship."
aK5tRCXjUvU$_$0,Positive,0.9967946410179138,0.8334247469902039,0.027962692081928253,0.13861258327960968,0.8334247469902039,Positive,2.0,False,1.0032052993774414,0.0,0.0,0.0,"Hello, so today I'm going to speak to you about this product."
b-FX9NOVQOM$_$1,Neutral,0.0,0.5317211747169495,0.3018628656864166,0.5317211747169495,0.16641592979431152,Negative,-1.0,True,1.0,0.0,0.0,0.2592592592592593,"But we can't because we -- you know, the system wants to divide and conquer so they find a way to do that"
b-FX9NOVQOM$_$4,Positive,0.14666159451007843,0.3504590094089508,0.33900609612464905,0.31053486466407776,0.3504590094089508,Negative,-1.3333333730697632,True,1.4799950122833252,0.0,0.0,0.4,"It's us against them, it's not us, us, us, them, them, them, and the big man -- no"
b1LEcg6z66g$_$0,Negative,-0.19707763195037842,0.5953161120414734,0.5953161120414734,0.20427457988262177,0.20040929317474365,Negative,-0.6666666865348816,False,0.4695890545845032,0.0,0.0,0.0,"For far too long, the greatest predictor of how well you will do at school has been your parents' income."
b1LEcg6z66g$_$4,Positive,0.8986958861351013,0.8007721900939941,0.08647165447473526,0.1127561554312706,0.8007721900939941,Positive,0.6666666865348816,False,0.23202919960021973,0.0,0.0,0.0,"Not only is it  increasing to £600 per pupil but also taking in many more students, reaching many more disadvantaged students who deserve that extra chance."
b1LEcg6z66g$_$8,Negative,-0.7523701786994934,0.7999235987663269,0.7999235987663269,0.11426817625761032,0.08580821752548218,Negative,-1.0,False,0.2476298213005066,0.0,0.0,0.0,It's simply not good enough that how well you should do at school is so dependent on your parents' background.
bAkUEnPoucg$_$3,Positive,1.1340469121932983,0.8607995510101318,0.053405892103910446,0.08579454571008682,0.8607995510101318,Positive,1.6666666269302368,False,0.5326197147369385,0.0,0.0,0.0,"Um, in this case you don't have to invest too much you can start with just a small amount and then end up with double that which is great!"
bNQkb4K5DX0$_$3,Neutral,0.0,0.557345449924469,0.1304912567138672,0.557345449924469,0.31216320395469666,Positive,0.3333333432674408,True,0.3333333432674408,0.0,0.0,0.0,"Most of the certification exams last about 10 hours, including scheduled breaks, except for the Cardiovascular Disease exam which lasts about 14 hours."
bNQkb4K5DX0$_$7,Positive,1.1444085836410522,0.8849217891693115,0.0338243767619133,0.08125385642051697,0.8849217891693115,Positive,2.3333332538604736,False,1.1889246702194214,0.0,0.0,0.0,"Their website provides the best study guides, flash cards and practice tests around, so go check it out."
bWunvAd96zI$_$1,Neutral,0.0,0.46437084674835205,0.22480541467666626,0.46437084674835205,0.3108237683773041,Negative,-0.3333333432674408,True,0.3333333432674408,0.0,0.0,0.0,"We enter the story when Callie kisses her crush on the cheek, making their relationship super awkward"
bWunvAd96zI$_$2,Negative,-0.2654186189174652,0.5435457825660706,0.5435457825660706,0.3310801088809967,0.12537410855293274,Positive,0.3333333432674408,True,0.598751962184906,0.0,0.0,0.0,"She decides to distract herself by focusing on theater, but her focus is interrupted by the introduction of two fraternal twins, low ticket sales, and off stage drama"
bWunvAd96zI$_$5,Neutral,0.0,0.5383697152137756,0.06573335081338882,0.5383697152137756,0.39589691162109375,Neutral,0.0,False,0.0,0.0,0.0,0.0,The other characters overcome obstacles as well
bWunvAd96zI$_$4,Positive,0.7734818458557129,0.6967305541038513,0.06700550764799118,0.2362639456987381,0.6967305541038513,Neutral,0.0,True,0.7734818458557129,0.0,0.0,0.0,"Through the process, Callie becomes a better friend who is less consumed by her love life"
bj9e8w4vNxo$_$12,Positive,0.507732093334198,0.5280486941337585,0.16437360644340515,0.3075777292251587,0.5280486941337585,Neutral,0.0,True,0.507732093334198,0.0,0.0,0.0,"Now breathing can help you slow down, and calm down, and relax, but it's just a fact that you talk faster when you're nervous, and you're probably going to be nervous."
bpvYdXVlgvc$_$1,Neutral,0.0,0.45126521587371826,0.2606853246688843,0.45126521587371826,0.28804945945739746,Neutral,0.0,False,0.0,0.0,0.0,0.0,Now we are starting to see the Democrats fight back
bpvYdXVlgvc$_$3,Negative,-0.2092324048280716,0.5166065692901611,0.5166065692901611,0.34481143951416016,0.1385819911956787,Negative,-1.3333333730697632,False,1.124100923538208,0.0,0.0,0.0,"They wouldn't be able to run his business, but that is Donald Trump's plan right now"
bpvYdXVlgvc$_$4,Negative,-0.6358814835548401,0.7352362275123596,0.7352362275123596,0.1815750151872635,0.08318869024515152,Negative,-1.6666666269302368,False,1.030785083770752,0.0,0.0,0.0,Making him in direct violation of this law if it were to ever pass
bpvYdXVlgvc$_$6,Negative,-0.5645511746406555,0.7408124804496765,0.7408124804496765,0.16945259273052216,0.08973493427038193,Negative,-2.0,False,1.4354488849639893,0.0,0.0,0.0,They're not going to give this thing any floor time at all because they know that Donald Trump is not going to divest from his corporations
c1a1y9ytHH0$_$0,Neutral,0.0,0.5497344732284546,0.0653645321726799,0.5497344732284546,0.3849010169506073,Positive,0.3333333432674408,True,0.3333333432674408,0.0,0.0,0.14814814814814814,"There are four exchanges used in the  counting method, and these exchanges  are similar, as I was saying earlier, to  borrowing in print."
c1a1y9ytHH0$_$3,Neutral,0.0,0.5712081789970398,0.051733363419771194,0.5712081789970398,0.3770585060119629,Neutral,0.0,False,0.0,0.0,0.0,0.48275862068965514,If possible the exchanges of  the beads needs to occur in one movement as you count and move  the beads toward or away from the  horizontal counting bar.
c1a1y9ytHH0$_$7,Positive,0.501278817653656,0.5561712384223938,0.04302530363202095,0.40080344676971436,0.5561712384223938,Neutral,0.0,True,0.501278817653656,0.0,0.0,0.18181818181818177,"So  that’s really important for you to also  remember, that they can occur anywhere  on the abacus."
c5cB7AfVgcE$_$12,Positive,0.5780799984931946,0.6069331765174866,0.08400153368711472,0.3090652823448181,0.6069331765174866,Positive,1.3333333730697632,False,0.7552533745765686,0.0,0.0,0.032258064516129004,"It's important that where you're sitting, you're in a commanding position; you face what is going on, and you feel comfortable."
c5cB7AfVgcE$_$5,Negative,-0.13123498857021332,0.5327911972999573,0.5327911972999573,0.2327529639005661,0.23445580899715424,Negative,-0.6666666865348816,False,0.5354316830635071,0.0,0.0,0.0,"The desk is never against the wall, with their back to the door, and having your back to the door in general; wherever you're sitting, is not a great thing."
d8BR6hsvzoY$_$1,Neutral,0.0,0.5173820853233337,0.060477662831544876,0.5173820853233337,0.42214033007621765,Positive,0.6666666865348816,True,0.6666666865348816,0.0,0.0,0.0,""" If the shop has the clothing you're looking for, you will want to try it on before you buy it"
d8BR6hsvzoY$_$0,Neutral,0.0,0.6874426007270813,0.09068449586629868,0.6874426007270813,0.22187285125255585,Neutral,0.0,False,0.0,0.0,0.0,0.0,"""Do you have jeans in stock"
d8BR6hsvzoY$_$2,Neutral,0.0,0.48848703503608704,0.06435835361480713,0.48848703503608704,0.44715461134910583,Neutral,0.0,False,0.0,0.0,0.0,0.0,"You can try on the clothing in the changing room, a room for trying on clothing"
d8BR6hsvzoY$_$5,Neutral,0.0,0.6155943274497986,0.07953835278749466,0.6155943274497986,0.30486729741096497,Neutral,0.0,False,0.0,0.0,0.0,0.0,""" ""Do you have this in a size eight"
d8BR6hsvzoY$_$6,Neutral,0.0,0.6930808424949646,0.08264519274234772,0.6930808424949646,0.22427397966384888,Positive,0.3333333432674408,True,0.3333333432674408,0.0,0.0,0.0,""" ""Do you have this is another colour"
d8BR6hsvzoY$_$9,Neutral,0.0,0.6350470185279846,0.08826199173927307,0.6350470185279846,0.2766909897327423,Neutral,0.0,False,0.0,0.0,0.0,0.0,"If you're buying one item, you can ask, ""How much is this"
d8BR6hsvzoY$_$8,Positive,0.5899717211723328,0.5647103190422058,0.1036301851272583,0.3316594660282135,0.5647103190422058,Positive,0.3333333432674408,False,0.25663837790489197,0.0,0.0,0.0,""" You've tried on the clothing, it's the right size and the right colour, now you want to know how much it costs"
dBWvtPeHpWM$_$4,Positive,0.9739494323730469,0.787278413772583,0.12139115482568741,0.091330386698246,0.787278413772583,Positive,0.6666666865348816,False,0.3072827458381653,0.0,0.0,0.0,Some of them are ok
dEDbm2ubVRQ$_$0,Neutral,0.0,0.6553199291229248,0.08758297562599182,0.6553199291229248,0.25709712505340576,Negative,-0.3333333432674408,True,0.3333333432674408,0.0,0.0,0.0,Here are a few thoughts on dealing with late paying clients.
dEDbm2ubVRQ$_$3,Neutral,0.0,0.6056475639343262,0.13517121970653534,0.6056475639343262,0.2591812312602997,Positive,0.3333333432674408,True,0.3333333432674408,0.0,0.0,0.0,"Heck, I'm sure it's the bane of most businesses existence, especially those that deal with people who provide services and then pay at a later date."
dEDbm2ubVRQ$_$8,Neutral,0.0,0.5606303215026855,0.057799745351076126,0.5606303215026855,0.3815699517726898,Positive,0.3333333432674408,True,0.3333333432674408,0.0,0.0,0.0,Also provide them with the contact information for the person who originally secured your services.
dt641WxonBI$_$1,Positive,0.9014801979064941,0.7686812877655029,0.048084527254104614,0.18323421478271484,0.7686812877655029,Positive,0.3333333432674408,False,0.568146824836731,0.0,0.0,0.0,I attended Morton College from 2009 until currently actually.
dt641WxonBI$_$3,Neutral,0.0,0.48769447207450867,0.09211758524179459,0.48769447207450867,0.42018795013427734,Positive,0.6666666865348816,True,0.6666666865348816,0.0,0.0,0.0,The classes are mostly for people who just got out of high school and they need to do a two-year program.
eOiC1kb17P4$_$0,Positive,1.220136284828186,0.8786410689353943,0.046126361936330795,0.0752326026558876,0.8786410689353943,Positive,1.3333333730697632,False,0.11319708824157715,0.0,0.0,0.0,"Hey Guys, its Donny And no I'm not in Toronto I'm in Italy! But I want to tell you a little bit about the story of what I just went through Yes, many of you know I bought a house recently And I've been telling everyone I know"
erNDEjQeox8$_$12,Negative,-0.009999999776482582,0.46222713589668274,0.46222713589668274,0.0953659787774086,0.44240686297416687,Positive,2.0,True,2.009999990463257,0.0,0.0,0.0,"And when people that you appreciate say something like that and actually put their money where their mouth is, it's something very special, something very special happens when when they do it for some people, for most people even if."
ewBrNsyY82Q$_$4,Neutral,0.0,0.4872819483280182,0.06186312437057495,0.4872819483280182,0.4508548676967621,Neutral,0.0,False,0.0,0.0,0.0,0.0,"You might have people, and when I talk about culture, I'm talking about culture within the United States like Texas vs New York, California vs Florida."
fWOIAxzBQFY$_$12,Neutral,0.0,0.6545171737670898,0.07246679812669754,0.6545171737670898,0.2730160653591156,Neutral,0.0,False,0.0,0.0,0.0,0.0,"We will cover topics like listening for incoming connections requests  Receiving data from a client, and sending data back to a client."
fWOIAxzBQFY$_$5,Positive,1.0625895261764526,0.8521555066108704,0.029097191989421844,0.11874724179506302,0.8521555066108704,Positive,1.3333333730697632,False,0.27074384689331055,0.0,0.0,0.0,I am a programmer who's spent a lot of time in the trenches.
fWOIAxzBQFY$_$7,Positive,0.7761443257331848,0.7442277073860168,0.036510616540908813,0.21926163136959076,0.7442277073860168,Neutral,0.0,True,0.7761443257331848,0.0,0.0,0.0,Of course you'll have to watch it :p My course is divided in several sections.
f_ZJ7L14oYQ$_$11,Positive,0.6249210238456726,0.5711126923561096,0.13106204569339752,0.29782524704933167,0.5711126923561096,Positive,1.3333333730697632,False,0.7084123492240906,0.0,0.0,0.0,"And you could see I've worn them with boots, I've worn them with tennis shoes, I've actually worn them with nicer shoes when I'm going in to work."
f_ZJ7L14oYQ$_$27,Negative,-0.1409553438425064,0.5344763994216919,0.5344763994216919,0.21258032321929932,0.2529432773590088,Positive,1.6666666269302368,True,1.807621955871582,0.0,0.0,0.0,So what I found is that I just pop these over my tennis shoes and I don't have to worry about it anymore.
f_ZJ7L14oYQ$_$21,Negative,-1.4335756301879883,0.9162253737449646,0.9162253737449646,0.03977402672171593,0.04400061070919037,Positive,2.0,True,3.4335756301879883,0.0,0.0,0.0,They just so much more convenient than stupid boots that take forever to put on and just aren't comfortable!
f_ZJ7L14oYQ$_$17,Negative,-0.27490612864494324,0.5206906199455261,0.5206906199455261,0.3208051919937134,0.15850426256656647,Negative,-0.6666666865348816,False,0.39176055788993835,0.0,0.0,0.0,"You could come in and take this off, and throw them in the sink and rinse it off."
f_ZJ7L14oYQ$_$9,Negative,-0.009999999776482582,0.48769763112068176,0.48769763112068176,0.1382652074098587,0.3740371763706207,Neutral,0.0,True,0.009999999776482582,0.0,0.0,0.0,"And all you do, you kind of take it, and it stretches out, and you stretch it over any shoes you're already wearing."
f_ZJ7L14oYQ$_$8,Negative,-0.009999999776482582,0.4464123249053955,0.4464123249053955,0.15815569460391998,0.3954319953918457,Positive,0.6666666865348816,True,0.6766666769981384,0.0,0.0,0.0,"I think you can see all the little ridges in there, that's what keeps you from slipping."
ffrJ91swyq0$_$1,Positive,0.8266156315803528,0.8027804493904114,0.032611772418022156,0.1646077185869217,0.8027804493904114,Positive,0.6666666865348816,False,0.1599489450454712,0.0,0.0,0.0,"So you've got now 250 monitoring companies who are out there monitoring the web and, oh, we can give you sentiment analysis and all these wonderful terms that they really can tell you what's being said."
g8Cl74tS3oY$_$2,Negative,-0.3420455753803253,0.5731242299079895,0.5731242299079895,0.2751270830631256,0.1517486572265625,Negative,-0.6666666865348816,False,0.3246211111545563,0.0,0.0,0.0,"While this is not the first time this has been considered, the threat of defunding the Corporation for Public Broadcasting has never been more real than it is now."
g8Cl74tS3oY$_$6,Positive,0.9980966448783875,0.8295857310295105,0.07319772988557816,0.09721657633781433,0.8295857310295105,Positive,0.6666666865348816,False,0.33142995834350586,0.0,0.0,0.0,"The very essence of public broadcasting—programming for you, your family, and your community, uninterrupted and with the uncompromising expectation of quality and respect for the viewer's intellect."
gR4gM_WXesQ$_$10,Neutral,0.0,0.5702480673789978,0.21982187032699585,0.5702480673789978,0.20993007719516754,Positive,0.3333333432674408,True,0.3333333432674408,0.0,0.0,0.0,"Their relationship begins to get more physical, but Eleanor’s step-father discovers her relationship with Park and is upset."
gR4gM_WXesQ$_$26,Negative,-0.4559533894062042,0.5695388913154602,0.5695388913154602,0.32931724190711975,0.10114381462335587,Neutral,0.0,True,0.4559533894062042,0.0,0.0,0.0,Eleanor for her size and lack of femininity; Park for his low self-esteem.
gR4gM_WXesQ$_$20,Positive,0.41723743081092834,0.512220025062561,0.07226958870887756,0.4155104160308838,0.512220025062561,Negative,-1.3333333730697632,True,1.7505707740783691,0.0,0.0,0.0,"And while there have been Asian men who have been action heroes, like Bruce Lee and Jackie Chan, they’re more viewed as weapons or comic relief, not necessarily as romantic love interests."
gR4gM_WXesQ$_$24,Neutral,0.0,0.48019763827323914,0.3966536819934845,0.48019763827323914,0.12314864993095398,Negative,-0.3333333432674408,True,0.3333333432674408,0.0,0.0,0.0,There are two imperfect people trying to make a relationship work.
gR4gM_WXesQ$_$18,Negative,-0.8735114932060242,0.8170137405395508,0.8170137405395508,0.099736787378788,0.08324947953224182,Positive,0.6666666865348816,True,1.5401781797409058,0.0,0.0,0.0,"He feels undesirable, in a way, because he identifies himself as Asian and he sees a lack of Asian men in the media as desirable."
gR4gM_WXesQ$_$3,Negative,-0.5379763841629028,0.6143561601638794,0.6143561601638794,0.2624126970767975,0.12323112040758133,Positive,0.3333333432674408,True,0.871309757232666,0.0,0.0,0.18518518518518523,"Since she is the new girl, Eleanor has no place to sit on the bus, but Park eventually lets her sit next to him."
gR4gM_WXesQ$_$4,Positive,0.9035424590110779,0.8285606503486633,0.025588510558009148,0.14585085213184357,0.8285606503486633,Positive,1.6666666269302368,False,0.7631241679191589,0.0,0.0,0.0,"As weeks go by, Park and Eleanor develop a friendship based on their love of music and comics."
gR4gM_WXesQ$_$8,Positive,0.3146137297153473,0.43524622917175293,0.18571601808071136,0.3790377080440521,0.43524622917175293,Positive,0.6666666865348816,False,0.3520529568195343,0.0,0.0,0.0,"During the holiday break, Eleanor spends more time with Park and his family, nearly going to his house every day."
gVqs4TzqySw$_$1,Positive,0.8555316925048828,0.7370588183403015,0.06986910849809647,0.19307203590869904,0.7370588183403015,Positive,0.3333333432674408,False,0.5221983194351196,0.0,0.0,0.11363636363636365,"If you said ""anata to aitakatta"", you'd be saying something more, I think, like ""I've been wanting us to get together, I've been wanting us to meet together"
gVqs4TzqySw$_$3,Neutral,0.0,0.5284256339073181,0.16361212730407715,0.5284256339073181,0.30796220898628235,Neutral,0.0,False,0.0,0.0,0.0,0.48,"In the causative form, as we discussed in the causative lesson, you can't use to at all"
gVqs4TzqySw$_$2,Positive,0.529527485370636,0.5386470556259155,0.05047658085823059,0.4108763635158539,0.5386470556259155,Neutral,0.0,True,0.529527485370636,0.0,0.0,0.4814814814814815,""" There it's much more of a mutual idea, the idea that is there is activity going on on both sides of the interaction"
gVqs4TzqySw$_$4,Positive,0.5779334902763367,0.5798244476318359,0.07766290754079819,0.3425126075744629,0.5798244476318359,Neutral,0.0,True,0.5779334902763367,0.0,0.0,0.0,You can only use either wo or ni
goMtnNHQ_z4$_$1,Positive,0.5767413973808289,0.6517771482467651,0.04458503797650337,0.303637832403183,0.6517771482467651,Neutral,0.0,True,0.5767413973808289,0.0,0.0,0.0,Today I'd like to talk to you about how to get construction financing.
goMtnNHQ_z4$_$2,Positive,1.2795379161834717,0.8704835772514343,0.061030950397253036,0.06848546117544174,0.8704835772514343,Positive,1.6666666269302368,False,0.38712871074676514,0.0,0.0,0.0,You found your perfect piece of property and now you want to build your dream home on it.
goMtnNHQ_z4$_$13,Positive,0.8946697115898132,0.8200213313102722,0.05697512626647949,0.12300362437963486,0.8200213313102722,Positive,1.0,False,0.10533028841018677,0.0,0.0,0.0,"A good contractor will help you through that, a good mortgage broker will be, help you even more."
goMtnNHQ_z4$_$12,Neutral,0.0,0.6479101777076721,0.07872381061315536,0.6479101777076721,0.2733660638332367,Negative,-0.3333333432674408,True,0.3333333432674408,0.0,0.0,0.0,There's also building inspections that will help to indicate how far along that construction job is.
hqzF4IDaIYE$_$0,Negative,-0.5254339575767517,0.7010203003883362,0.7010203003883362,0.12408450245857239,0.17489521205425262,Negative,-1.3333333730697632,False,0.8078994154930115,0.0,0.0,0.0,"It’s the bedrock of all rights, because if you don’t have legal capacity, then your rights are taken away"
hqzF4IDaIYE$_$3,Positive,0.8874009251594543,0.8057413101196289,0.05077745020389557,0.14348123967647552,0.8057413101196289,Positive,1.0,False,0.11259907484054565,0.0,0.0,0.0,"So, we are now in a—let’s say—new phase where we are in a possibility to use both CRPD and the Agenda 2030 to move the rights of people with disabilities forward"
hqzF4IDaIYE$_$2,Positive,1.1775089502334595,0.8873469829559326,0.03414927050471306,0.07850373536348343,0.8873469829559326,Positive,0.6666666865348816,False,0.5108422636985779,0.0,0.0,0.0,"The fact that persons from the movement are more and more involved into politics, policy, and working internationally, that will at some point bring better results"
hqzF4IDaIYE$_$4,Positive,0.4603102207183838,0.53969407081604,0.05880952998995781,0.40149644017219543,0.53969407081604,Positive,0.3333333432674408,False,0.126976877450943,0.0,0.0,0.0,"Because of the convention, governments have much more awareness about disability issues"
hqzF4IDaIYE$_$6,Neutral,0.0,0.5034181475639343,0.2083190232515335,0.5034181475639343,0.2882627546787262,Negative,-0.6666666865348816,True,0.6666666865348816,0.0,0.0,0.0,They don’t always know what to do
hvfaYsv7p8E$_$0,Negative,-0.376392126083374,0.5667542815208435,0.5667542815208435,0.2961026132106781,0.137143075466156,Negative,-0.6666666865348816,False,0.29027456045150757,0.0,0.0,0.0,The next thing I want to talk about is something that you actually don't want to do.
iUXqlrui25c$_$10,Neutral,0.0,0.45843973755836487,0.34905436635017395,0.45843973755836487,0.19250591099262238,Negative,-0.6666666865348816,True,0.6666666865348816,0.0,0.0,0.0,"And the kind of investors that could become a liability on the company, are those that are either very bad in the way they manage the relationship with the founders."
iUXqlrui25c$_$21,Neutral,0.0,0.4804312288761139,0.14270628988742828,0.4804312288761139,0.376862496137619,Negative,-0.6666666865348816,True,0.6666666865348816,0.0,0.0,0.0,"And these are the ones you need to insist on, on removing the ones that slow you down."
iUXqlrui25c$_$23,Positive,0.4063703715801239,0.5263985991477966,0.06414542347192764,0.4094559848308563,0.5263985991477966,Neutral,0.0,True,0.4063703715801239,0.0,0.0,0.0,"Just like the investor due diligence is you, you need to due diligence them because that's marriage."
icbUzboLcDQ$_$0,Positive,0.9306755661964417,0.7735614776611328,0.04009478539228439,0.186343714594841,0.7735614776611328,Negative,-0.6666666865348816,True,1.5973422527313232,0.0,0.0,0.0,"RM: I LOVE YOU~ Jin: Are you say ''Hyung-nim, thank you"
ioupaiAuRr0$_$5,Positive,0.6218153834342957,0.6574666500091553,0.034411970525979996,0.3081214129924774,0.6574666500091553,Neutral,0.0,True,0.6218153834342957,0.0,0.0,0.0,"If you find an insurance professional and he's licensed, he should be able to provide all the ratings from the best insurance companies for you."
ioupaiAuRr0$_$4,Neutral,0.0,0.48768267035484314,0.12564653158187866,0.48768267035484314,0.3866708278656006,Neutral,0.0,False,0.0,0.0,0.0,0.0,"There's also the Best Rating Agency, just like it sounds, Best, there's Moody's, and there's also Fitch, F-i-t-c-h."
jICmfLeFymA$_$16,Positive,1.2980753183364868,0.9083886742591858,0.02974516712129116,0.061866167932748795,0.9083886742591858,Positive,1.6666666269302368,False,0.36859130859375,0.0,0.0,0.0,"Our friendly and knowledgeable staff is waiting to answer all your questions, including evenings and weekends."
jPrEKz1rAno$_$11,Neutral,0.0,0.602679967880249,0.08561647683382034,0.602679967880249,0.31170356273651123,Positive,0.6666666865348816,True,0.6666666865348816,0.0,0.0,0.0,How they use the rest of those components will vary greatly by school.
jPrEKz1rAno$_$7,Positive,0.37420809268951416,0.523067831993103,0.09536021947860718,0.3815719783306122,0.523067831993103,Neutral,0.0,True,0.37420809268951416,0.0,0.0,0.0,"If the school requires any kind of standardized testing, from SAT, ACT, potentially AP or IB scores, those sorts of things, they could be in your file as well."
jPrEKz1rAno$_$6,Neutral,0.0,0.5996419787406921,0.15373539924621582,0.5996419787406921,0.24662260711193085,Positive,0.3333333432674408,True,0.3333333432674408,0.0,0.0,0.0,"A lot of schools also require one or potentially two letters of recommendation from teachers, so that could possibly be in the file as well."
k5ZOshC2LP4$_$1,Positive,0.331488698720932,0.44601568579673767,0.3063758909702301,0.24760837852954865,0.44601568579673767,Negative,-1.3333333730697632,True,1.6648221015930176,0.0,0.0,0.0,"Like Colbert, Kleppers host is a pompous know-it-all who isnt just conservative, but has alt-right leanings"
kbGhEJ4W44o$_$0,Negative,-0.009999999776482582,0.43873071670532227,0.43873071670532227,0.26189857721328735,0.29937076568603516,Positive,1.3333333730697632,True,1.34333336353302,0.0,0.0,0.0,"Innovation is social, not the preserve of lone geniuses; anarchic and anti-organisational, as well as needing failure and risk to succeed according to Professional Services firm Deloitte."
kfsO4c0Ekes$_$7,Positive,1.2588826417922974,0.8998681902885437,0.037077516317367554,0.06305435299873352,0.8998681902885437,Positive,0.6666666865348816,False,0.5922159552574158,0.0,0.0,0.03703703703703709,"And so my message to Tony is, stay strong; a lot of people love you and care for you and will pray for you."
kvUb78Rdzdc$_$3,Positive,1.1673494577407837,0.8724940419197083,0.053814440965652466,0.07369153946638107,0.8724940419197083,Positive,1.0,False,0.1673494577407837,0.0,0.0,0.0,"I got it looking and working exactly how I needed it for $80. So anybody considering using this: amazing support, amazing extension, works exactly as it should If you need any help they will make sure That everything works out the way you need it."
lO87-4Kf0cQ$_$2,Neutral,0.0,0.6442158818244934,0.09024464339017868,0.6442158818244934,0.2655394375324249,Neutral,0.0,False,0.0,0.0,0.0,0.0,The selection is usually made by the Board Chair for committee chair leaders.
lO87-4Kf0cQ$_$5,Neutral,0.0,0.6324318051338196,0.09483548253774643,0.6324318051338196,0.27273276448249817,Positive,0.3333333432674408,True,0.3333333432674408,0.0,0.0,0.0,Some Boards have a tradition of having Vice Chairs for the Board as well as for committees.
lWf5hHRHIDs$_$11,Positive,0.9409034848213196,0.8438682556152344,0.034619614481925964,0.12151213735342026,0.8438682556152344,Positive,1.0,False,0.05909651517868042,0.0,0.0,0.0,What is your main values that you can bring into your business?
lawHYX5eB20$_$1,Neutral,0.0,0.5953364968299866,0.2128172516822815,0.5953364968299866,0.19184625148773193,Negative,-1.0,True,1.0,0.0,0.0,0.0,""" And that's why they close down and go quiet"
lawHYX5eB20$_$2,Positive,0.4713869094848633,0.48438379168510437,0.05725541710853577,0.45836079120635986,0.48438379168510437,Positive,0.6666666865348816,False,0.1952797770500183,0.0,0.0,0.0,"So, the next time you're around a native speaker, speak to the native speaker on a level with them"
mHGaQ_nv9UY$_$13,Neutral,0.0,0.4664810597896576,0.23930679261684418,0.4664810597896576,0.2942122220993042,Positive,1.3333333730697632,True,1.3333333730697632,0.0,0.0,0.0,"By opening up the RAM from thirty-two bits to  sixty-four bits, the RAM goes from four gigabytes into the petabyte range, I mean it's just vast beyond words to describe, which means probably by next week we'll figure out a way to fill it up     but the fact is, Final Cut needs to have it's software actually recoded, rewritten to be able to support   the additional RAM that you've got."
mHGaQ_nv9UY$_$14,Positive,0.3314484655857086,0.46234092116355896,0.08656182140111923,0.4510972797870636,0.46234092116355896,Negative,-0.3333333432674408,True,0.6647818088531494,0.0,0.0,0.0,"So the reason you're getting an ""out of memory"" is that you're filling that four gigabyte limit."
mHGaQ_nv9UY$_$17,Neutral,0.0,0.5829010605812073,0.08304411172866821,0.5829010605812073,0.3340547978878021,Neutral,0.0,False,0.0,0.0,0.0,0.0,The way you solve this problem is to get rid of clips in the Browser and get rid of sequences in the Browser that you no longer  need.
mHGaQ_nv9UY$_$22,Negative,-0.9023736119270325,0.824629545211792,0.824629545211792,0.09963642805814743,0.07573404908180237,Negative,-0.3333333432674408,False,0.5690402984619141,0.0,0.0,0.0,"As your project file goes over a hundred megabytes, I'm not exactly sure why that's true, but it is, it starts to become unstable and when it becomes unstable, it starts to corrupt and when it corrupts,  suddenly you're going to lose everything."
mHGaQ_nv9UY$_$5,Negative,-0.4314384460449219,0.6342691779136658,0.6342691779136658,0.22974900901317596,0.13598178327083588,Neutral,0.0,True,0.4314384460449219,0.0,0.0,0.0,"My life is over, I'm going to start walking in front of large moving buses."" Phew, wow, that's a lot of responsibility."
mHGaQ_nv9UY$_$4,Negative,-0.2355654090642929,0.5083422660827637,0.5083422660827637,0.3264567255973816,0.16520105302333832,Negative,-1.6666666269302368,False,1.4311012029647827,0.0,0.0,0.0,This is especially frustrating when I have sent the project to compressor and I've already spent an hour processing I  get the failed response.
mLW-jn67gRE$_$20,Positive,0.7097247242927551,0.7568204402923584,0.026091672480106354,0.21708790957927704,0.7568204402923584,Positive,1.3333333730697632,False,0.6236086487770081,0.0,0.0,0.07499999999999996,"Stay tuned to our next video where I'll be giving an in-depth description of the ad preview tool and the keyword preview tool, so you too can view your ads like a pro."
mLW-jn67gRE$_$17,Positive,0.3705335557460785,0.5376519560813904,0.15876851975917816,0.30357953906059265,0.5376519560813904,Positive,0.6666666865348816,False,0.2961331307888031,0.0,0.0,0.0,"If you select an accelerated delivery you can see your ad every single time you search your query, but do be aware that this is incredibly budget intensive and especially if you are in a large search volume industry."
mLW-jn67gRE$_$1,Neutral,0.0,0.5774080157279968,0.24965298175811768,0.5774080157279968,0.1729389876127243,Negative,-0.6666666865348816,True,0.6666666865348816,0.0,0.0,0.0,There are three distinct reasons why you may not be seeing your ads.
mLW-jn67gRE$_$3,Neutral,0.0,0.6722148060798645,0.07175937294960022,0.6722148060798645,0.2560257911682129,Neutral,0.0,False,0.0,0.0,0.0,0.0,"The second is a budgetary and billing concern, and the third is your actual selection of delivery methods."
mLW-jn67gRE$_$5,Neutral,0.0,0.5468509793281555,0.0738263726234436,0.5468509793281555,0.3793226182460785,Neutral,0.0,False,0.0,0.0,0.0,0.0,"In AdWords, daily and monthly budgets are set to reflect what you would like to see from your campaign spend."
mLW-jn67gRE$_$6,Negative,-0.7356557846069336,0.729407787322998,0.729407787322998,0.16992731392383575,0.10066483169794083,Negative,-0.3333333432674408,False,0.4023224413394928,0.0,0.0,0.0,If your daily or monthly budget has been depleted your ads will no longer show as it's simply a factor of the click costs you can accrue within your budget.
mLW-jn67gRE$_$9,Neutral,0.0,0.41574323177337646,0.3569734990596771,0.41574323177337646,0.22728323936462402,Neutral,0.0,False,0.0,0.0,0.0,0.0,This is a definite reason why your ads will not be showing.
mjpCK2Edsv8$_$0,Positive,1.2731294631958008,0.8981688022613525,0.03186453506350517,0.06996657699346542,0.8981688022613525,Positive,2.0,False,0.7268705368041992,0.0,0.0,0.0,hey everybody my name is Harper Jones and I want to just do a quick testimonial of for the 67 steps to finding the good life with Tai Lopez I am going through this program right now and it's absolutely phenomenal.
nUZYqTRSGDw$_$4,Negative,-0.9069616198539734,0.8305479884147644,0.8305479884147644,0.09649141877889633,0.07296066731214523,Negative,-0.6666666865348816,False,0.2402949333190918,0.0,0.0,0.0,Now the alternative to that is to spend all your money and have debt and have the government look at you as a burden.
nyzIL6YAonY$_$5,Positive,1.1123260259628296,0.8718643188476562,0.028738128021359444,0.09939756989479065,0.8718643188476562,Positive,1.0,False,0.11232602596282959,0.0,0.0,0.0,Then download and review your free copy of our Guide to Better Hearing.
nyzIL6YAonY$_$6,Positive,0.8576187491416931,0.7929291725158691,0.036689694970846176,0.17038114368915558,0.7929291725158691,Positive,1.0,False,0.14238125085830688,0.0,0.0,0.0,"Once you have all the information you need, I recommend that you schedule a no-obligation appointment with us to discuss your unique needs and help you find a solution that meets your budget."
ooAF6I-fmTg$_$3,Negative,-0.44024166464805603,0.5603378415107727,0.5603378415107727,0.3140857219696045,0.1255764216184616,Neutral,0.0,True,0.44024166464805603,0.0,0.0,0.0,It is NOT just an imaginary voice in their head; it is NOT just their gut feeling.
ooAF6I-fmTg$_$5,Neutral,0.0,0.610698401927948,0.19384311139583588,0.610698401927948,0.1954585313796997,Negative,-0.3333333432674408,True,0.3333333432674408,0.0,0.0,0.0,Can YOU honestly say that you hear the voice of Jesus OUTSIDE OF THE BIBLE?
ooAF6I-fmTg$_$7,Negative,-1.0579053163528442,0.8589614033699036,0.8589614033699036,0.08251925557851791,0.05851928889751434,Negative,-2.0,False,0.9420946836471558,0.0,0.0,0.0,OR are you one of these Christians who is an utter hypocrite because you believe God is dead?
pOrk7fl1AYo$_$1,Neutral,0.0,0.6435586214065552,0.13113383948802948,0.6435586214065552,0.22530753910541534,Neutral,0.0,False,0.0,0.0,0.0,0.0,What a viewer doesn't realize is that what's in focus is actually the mirrored image of the woman
pOrk7fl1AYo$_$3,Positive,0.6399087905883789,0.691822350025177,0.1181936040520668,0.18998396396636963,0.691822350025177,Positive,0.3333333432674408,False,0.3065754473209381,0.0,0.0,0.0,"And that's the most important thing, is that through the eye of the video, you cannot tell real from mirror any longer"
pOrk7fl1AYo$_$2,Neutral,0.0,0.5288345217704773,0.30884256958961487,0.5288345217704773,0.1623229831457138,Neutral,0.0,False,0.0,0.0,0.0,0.0,It's not the actual image of the woman
pOrk7fl1AYo$_$4,Neutral,0.0,0.46055126190185547,0.4200564920902252,0.46055126190185547,0.1193922758102417,Negative,-0.6666666865348816,True,0.6666666865348816,0.0,0.0,0.8947368421052632,"Each time I go toward the mirror, I'm the one who's out of focus"
q9yDL81QppI$_$1,Neutral,0.0,0.67689448595047,0.09241806715726852,0.67689448595047,0.2306874543428421,Positive,1.0,True,1.0,0.0,0.0,0.0,"In this lesson you will learn about latency and throughput, which we use as a measure of computer performance."
q9yDL81QppI$_$0,Neutral,0.0,0.5348255038261414,0.11040107160806656,0.5348255038261414,0.3547734320163727,Negative,-0.3333333432674408,True,0.3333333432674408,0.0,0.0,0.0,Before we learn how to make better computers we need to learn what better means for computers and how do we measure that.
q9yDL81QppI$_$2,Neutral,0.0,0.625241219997406,0.07041410356760025,0.625241219997406,0.30434471368789673,Neutral,0.0,False,0.0,0.0,0.0,0.0,Then we will look at how to measure performance of real computers using benchmarks and a few general ways to get good performance.
qK77ZmbqmOM$_$9,Neutral,0.0,0.6065709590911865,0.15315905213356018,0.6065709590911865,0.2402699738740921,Negative,-0.3333333432674408,True,0.3333333432674408,0.0,0.0,0.23809523809523814,"And then they host them on websites that utilize flash, that is not even indexable or searchable."
qK77ZmbqmOM$_$0,Neutral,0.0,0.524990439414978,0.09469166398048401,0.524990439414978,0.3803178369998932,Negative,-0.3333333432674408,True,0.3333333432674408,0.0,0.0,0.0,"The City of LA is engaged in a debate over it's current email system provided by Novell, it's the Novell Groupwide email system."
qY1sXq-YCHs$_$8,Negative,-0.30422475934028625,0.5171309113502502,0.5171309113502502,0.35166069865226746,0.13120847940444946,Negative,-0.3333333432674408,False,0.02910858392715454,0.0,0.0,0.0,"If you refuse the breath test, it will also be for two years."
qmMSumMloAs$_$1,Positive,1.3373984098434448,0.9063296914100647,0.03853914141654968,0.055131226778030396,0.9063296914100647,Positive,2.3333332538604736,False,0.9959348440170288,0.0,0.0,0.0,"And I am here to tell you that we are up to, over 50% funded with the Kickstarter!!! That's amazing!"
qmMSumMloAs$_$3,Positive,1.3508259057998657,0.9060679078102112,0.03542857989668846,0.05850349739193916,0.9060679078102112,Positive,1.0,False,0.3508259057998657,0.0,0.0,0.0,I'm very hopeful and very confident that we will make this goal!
qmMSumMloAs$_$2,Positive,1.018302321434021,0.7914385795593262,0.1509171575307846,0.057644233107566833,0.7914385795593262,Positive,2.6666667461395264,False,1.6483644247055054,0.0,0.0,0.0,So Thank you to everyone who has donated it has been an amazing journey so far and I can't wait... there's 18 days left and... It's gonna rock!
r13W4H8ZhqI$_$12,Negative,-0.1779894232749939,0.4256453514099121,0.4256453514099121,0.3969990909099579,0.1773555725812912,Positive,1.0,True,1.1779894828796387,0.0,0.0,0.0,"And, you know, we sort of knock them down and pick them back up along the way."
r13W4H8ZhqI$_$1,Positive,0.48567092418670654,0.564755380153656,0.15053491294384003,0.28470972180366516,0.564755380153656,Neutral,0.0,True,0.48567092418670654,0.0,0.0,0.0,"And as you can imagine, you know, in the head and neck region there's a lot of very important structures, their eyes, swallowing muscles, nerves, brain, spinal cord, salivary glands."
r13W4H8ZhqI$_$5,Neutral,0.0,0.588900625705719,0.12369344383478165,0.588900625705719,0.28740593791007996,Positive,1.0,True,1.0,0.0,0.0,0.0,We feel that we're precise to within a couple of millimeters.
r13W4H8ZhqI$_$8,Positive,0.34445324540138245,0.47367987036705017,0.13502120971679688,0.39129897952079773,0.47367987036705017,Positive,0.6666666865348816,False,0.32221344113349915,0.0,0.0,0.0,"I think the most important thing with patients is to be honest and to, you know, be up front about what they should expect."
r5ijC2W9ddk$_$8,Positive,1.1899882555007935,0.8907201886177063,0.032946228981018066,0.07633358240127563,0.8907201886177063,Positive,0.3333333432674408,False,0.8566548824310303,0.0,0.0,0.0,"To learn more about our temporary buildings and shelters, call us at 1-800-330-9294 or visit our website at ShelterStructures.com."
r5ijC2W9ddk$_$0,Neutral,0.0,0.6226571202278137,0.21012552082538605,0.6226571202278137,0.16721737384796143,Neutral,0.0,False,0.0,0.0,0.0,0.0,Have a construction or manufacturing project that requires weather protection from snow or wind?
r9tgDqXEcuc$_$4,Positive,0.45400747656822205,0.5694965720176697,0.06924313306808472,0.361260324716568,0.5694965720176697,Positive,0.3333333432674408,False,0.12067413330078125,0.0,0.0,0.0,As a matter of fact you are going to want to build three fires in fairly close proximity to one another.
rf0yDSeVEUA$_$1,Positive,1.3383722305297852,0.9096489548683167,0.03373360261321068,0.05661744996905327,0.9096489548683167,Positive,1.6666666269302368,False,0.32829439640045166,0.0,0.0,0.0,"So if you are ready to get unstuck, optimize your profile and position yourself as a credible source then this Over the next 30 days, my goal is to pour myself into you and your business and set you up for success!"
rf0yDSeVEUA$_$0,Positive,1.274234414100647,0.9005087018013,0.02871702052652836,0.07077427953481674,0.9005087018013,Positive,2.3333332538604736,False,1.0590988397598267,0.0,0.0,0.0,hey hey hey Sherri Brown here with a super sweet and awesome promotion for anybody looking to take their business to the next level.
rf0yDSeVEUA$_$3,Positive,1.0541768074035645,0.7942003607749939,0.11058414727449417,0.09521549195051193,0.7942003607749939,Positive,0.3333333432674408,False,0.7208434343338013,0.0,0.0,0.0,"August ninth is the last day this will only be offered and it's to the first What's going to take place is you will be brought into the same marketing system that took me from struggling, overwhelmed, and honestly just failing in the industry, to actually generating leads daily into my business."
rojyUp4FPSg$_$26,Positive,0.8849911689758301,0.8024725914001465,0.02715960144996643,0.17036782205104828,0.8024725914001465,Positive,1.0,False,0.11500883102416992,0.0,0.0,0.0,"With that code, you'll be able to go to a special website and the link is going to be at the bottom of this YouTube video, and it'll also be on malestandard.com, and you enter the code."
rojyUp4FPSg$_$20,Positive,0.050370872020721436,0.46677693724632263,0.43771085143089294,0.09551223367452621,0.46677693724632263,Positive,1.3333333730697632,False,1.2829625606536865,0.0,0.0,0.0,"I'm not an overly sweaty person, but I did feel dry, and when I wore this product I did not wear any other fragrances with it."
rojyUp4FPSg$_$21,Positive,1.1737698316574097,0.86064213514328,0.08391379565000534,0.055444080382585526,0.86064213514328,Positive,1.3333333730697632,False,0.15956354141235352,0.0,0.0,0.0,And I got a lot of good compliments actually from it.
rojyUp4FPSg$_$23,Positive,1.0059133768081665,0.8021482825279236,0.10187532752752304,0.09597640484571457,0.8021482825279236,Positive,2.3333332538604736,False,1.3274198770523071,0.0,0.0,0.0,So this is definitely something good.
rojyUp4FPSg$_$5,Neutral,0.0,0.4786018431186676,0.07563204318284988,0.4786018431186676,0.44576606154441833,Positive,0.6666666865348816,True,0.6666666865348816,0.0,0.0,0.0,"So in Male Standard fashion, the first thing we did was we looked at the shampoo and conditioner and we examined the scent."
rojyUp4FPSg$_$7,Positive,1.0234627723693848,0.8427498936653137,0.0292768944054842,0.12797318398952484,0.8427498936653137,Positive,0.3333333432674408,False,0.6901293992996216,0.0,0.0,0.0,"And if you've seen reviews in the past or read the reviews on our website, you'll see that we are big fans of subtle scents when it comes to shampoos and conditioners or body washes."
rojyUp4FPSg$_$9,Negative,-0.6290749907493591,0.7256128191947937,0.7256128191947937,0.10965607315301895,0.16473113000392914,Positive,2.0,True,2.629075050354004,0.0,0.0,0.0,"So if you have a really overpowering scent, it will clash and just create something that's really not what we wanted."
rojyUp4FPSg$_$10,Positive,1.1651071310043335,0.8663213849067688,0.047559767961502075,0.08611882477998734,0.8663213849067688,Positive,1.3333333730697632,False,0.1682262420654297,0.0,0.0,0.0,"So what we liked is it definitely has that fresh, light scent."
rojyUp4FPSg$_$12,Positive,1.2194658517837524,0.8644717335700989,0.06163261458277702,0.07389562577009201,0.8644717335700989,Positive,0.6666666865348816,False,0.5527991652488708,0.0,0.0,0.0,And it cleans very well.
rojyUp4FPSg$_$16,Positive,0.4512598216533661,0.5115527510643005,0.09489524364471436,0.3935520350933075,0.5115527510643005,Positive,0.6666666865348816,False,0.2154068648815155,0.0,0.0,0.0,"It's the Fresh, but it is noticeably stronger."
rojyUp4FPSg$_$18,Positive,0.7654655575752258,0.6950183510780334,0.06425388157367706,0.2407277375459671,0.6950183510780334,Positive,2.5,False,1.734534502029419,0.0,0.0,0.0,This could be your primary scent to wear after you go to the gym or something.
rojyUp4FPSg$_$37,Positive,1.1341527700424194,0.8837432265281677,0.027305183932185173,0.08895163983106613,0.8837432265281677,Positive,1.5,False,0.36584722995758057,0.0,0.0,0.0,Please remember to leave a comment and subscribe to our channel and visit Malestandard.com.
rojyUp4FPSg$_$36,Positive,0.8417152762413025,0.7964007258415222,0.12440548092126846,0.07919373363256454,0.7964007258415222,Positive,0.6666666865348816,False,0.1750485897064209,0.0,0.0,0.0,So thanks again for watching.
rojyUp4FPSg$_$34,Positive,0.9751190543174744,0.8477678894996643,0.026394644752144814,0.12583743035793304,0.8477678894996643,Positive,2.0,False,1.0248808860778809,0.0,0.0,0.0,So we will be posting this video on Malestandard.com with a more in-depth written review and the link to sign up for the Apollo space camp.
rojyUp4FPSg$_$32,Positive,1.0703647136688232,0.8289270401000977,0.043370310217142105,0.12770260870456696,0.8289270401000977,Positive,0.3333333432674408,False,0.7370313405990601,0.0,0.0,0.0,The Fresh scent is really good.
rwNlqh0k1j4$_$15,Positive,1.0409718751907349,0.8335397839546204,0.06416600942611694,0.10229422897100449,0.8335397839546204,Negative,-0.6666666865348816,True,1.7076385021209717,0.0,0.0,0.0,"And over the last month, he has directed every member of his national security team to pick up the pace and move forward with ideas for degrading and defeating Daesh more rapidly, more completely, and permanently."
rwNlqh0k1j4$_$3,Negative,-0.9402236938476562,0.8404373526573181,0.8404373526573181,0.08741078525781631,0.07215195149183273,Negative,-0.6666666865348816,False,0.27355700731277466,0.0,0.0,0.0,Loathing towards Assad drove thousands of Syrians into the arms of Daesh.
rwNlqh0k1j4$_$2,Neutral,0.0,0.46318161487579346,0.09973231703042984,0.46318161487579346,0.4370860159397125,Neutral,0.0,False,0.0,0.0,0.0,0.0,"This is a case, and there are many in history, in which two supposed enemies are in fact symbolic."
rwNlqh0k1j4$_$7,Negative,-0.8129101395606995,0.7367286682128906,0.7367286682128906,0.16627593338489532,0.09699546545743942,Negative,-0.3333333432674408,False,0.47957679629325867,0.0,0.0,0.0,The relationship between Assad and Daesh clarifies one of the apparent peculiarities of this conflict – that the two extremes have only rarely targeted one another.
sC16n1k66io$_$2,Positive,1.0257781744003296,0.8413381576538086,0.04979206621646881,0.10886969417333603,0.8413381576538086,Positive,1.6666666269302368,False,0.6408884525299072,0.0,0.0,0.0,I think one of the best ways to talk about what it means to be a republican is to take people that republicans best identify as the leaders who are republicans.
sC16n1k66io$_$16,Positive,0.8087279200553894,0.7343683242797852,0.07875426858663559,0.18687741458415985,0.7343683242797852,Positive,0.3333333432674408,False,0.4753945767879486,0.0,0.0,0.0,Republicans have been at the heart and soul of environmental issues.
sPremsknoLM$_$1,Neutral,0.0,0.663659393787384,0.08640048652887344,0.663659393787384,0.24994011223316193,Negative,-0.3333333432674408,True,0.3333333432674408,0.0,0.0,1.0,Now why do I say that
ssqiwP19JhM$_$10,Neutral,0.0,0.44907721877098083,0.309604287147522,0.44907721877098083,0.2413185089826584,Neutral,0.0,False,0.0,0.0,0.0,0.0,"Work study is set at a maximum of 2100 dollars, so it is not a vehicle that should be used to manage the family contribution really nor is it meant for students to be sending home."
ssqiwP19JhM$_$2,Neutral,0.0,0.564858615398407,0.05677245184779167,0.564858615398407,0.37836894392967224,Positive,0.3333333432674408,True,0.3333333432674408,0.0,0.0,0.0,And we do want all financial aid forms to be submitted at the same time that the admission application is submitted.
szic2IB9HB4$_$5,Negative,-0.2337232232093811,0.5088152289390564,0.5088152289390564,0.36420902609825134,0.12697578966617584,Positive,0.3333333432674408,True,0.5670565366744995,0.0,0.0,0.0,Retail earnings did very little for consumer discretionary exchange traded funds.
tQ-CIfgj-Js$_$3,Neutral,0.0,0.622422456741333,0.19147348403930664,0.622422456741333,0.18610407412052155,Neutral,0.0,False,0.0,0.0,0.9583333333333334,1.0,"And my group is basically doing it on natural water filters using plants to purify water, which is basically a natural way to get rid of carcinogens in the water supply for people and underdeveloped countries can get access to clean water more efficiently than  paying so much money for all the devices or just like... not having water at all."
tXQpm-nKxNA$_$5,Positive,1.364882469177246,0.9087560176849365,0.0435970239341259,0.04764694347977638,0.9087560176849365,Positive,1.6666666269302368,False,0.3017841577529907,0.0,0.0,0.0,For those of you already pursuing an education abroad I'm very grateful and wish you well.
tXQpm-nKxNA$_$7,Positive,1.291001796722412,0.9036972522735596,0.038207583129405975,0.058095160871744156,0.9036972522735596,Positive,1.6666666269302368,False,0.3756648302078247,0.0,0.0,0.0,And to those students who have yet to study abroad I urge you to stretch your boundaries and your imaginations and set off on your own adventures.
uacdDoBtT1k$_$0,Negative,-0.5014493465423584,0.6523486375808716,0.6523486375808716,0.22956939041614532,0.1180819496512413,Negative,-1.3333333730697632,False,0.8318840265274048,0.0,0.0,0.0625,"In developed economies the youth unemployment rate will decline in the next 5 years, from the current 17.5% to 15.6% in 2017. This decline is mainly related to the fact that increasingly young people are dropping out of the labour market, as they find it more and more difficult to find a job."
uacdDoBtT1k$_$6,Negative,-0.6329503655433655,0.6859402656555176,0.6859402656555176,0.21814830601215363,0.09591146558523178,Negative,-0.6666666865348816,False,0.03371632099151611,0.0,0.0,0.1785714285714286,"But so far, from a statistical point of view, we are basically not counting them anymore as job seekers, because they have dropped out."
unNY4zIk8MM$_$1,Positive,1.2601295709609985,0.8991844058036804,0.03224378824234009,0.06857185810804367,0.8991844058036804,Positive,1.6666666269302368,False,0.4065370559692383,0.0,0.0,0.8333333333333334,"Barber could offer, and how responsive her girls are to her and the needs of the team, it’s been an incredible fit the last couple years"
unNY4zIk8MM$_$3,Positive,0.572565495967865,0.6331045031547546,0.03403091058135033,0.3328646421432495,0.6331045031547546,Positive,0.6666666865348816,False,0.0941011905670166,0.0,0.0,0.9411764705882353,"Whenever the team reports we’re here 30 minutes prior to them, getting things ready"
unNY4zIk8MM$_$5,Positive,0.8548709750175476,0.7813334465026855,0.02835102379322052,0.19031544029712677,0.7813334465026855,Positive,1.0,False,0.1451290249824524,0.0,0.0,0.9523809523809523,"” The Rockets certified athletic trainer is Victoria Simonetti, and she also relies on the help of the managers"
unNY4zIk8MM$_$8,Neutral,0.0,0.5978484749794006,0.07286660373210907,0.5978484749794006,0.3292849063873291,Neutral,0.0,False,0.0,0.0,0.0,0.0,What do you want me to do to get the process started
uooIiW6dEyg$_$1,Negative,-0.9044811129570007,0.8362619280815125,0.8362619280815125,0.06771605461835861,0.0960221067070961,Negative,-0.3333333432674408,False,0.5711477994918823,0.0,0.0,0.0,And this waste we throw away for good
uooIiW6dEyg$_$5,Positive,0.5704784989356995,0.6231006979942322,0.04300175607204437,0.3338974714279175,0.6231006979942322,Neutral,0.0,True,0.5704784989356995,0.0,0.0,0.0,"If it is an economic asset, it means that we will pay more attention to it, both when we recycle at home and and also when companies begin their manufacturing process"
v2Rr-EsJda8$_$0,Neutral,0.0,0.6586329340934753,0.18381302058696747,0.6586329340934753,0.15755410492420197,Negative,-0.3333333432674408,True,0.3333333432674408,0.0,0.0,0.7,"PROTESTING, THE BIGGER PROBLEM IS ACTUALLY THE UNDERLYING ONE"
v2Rr-EsJda8$_$6,Positive,1.0662418603897095,0.8564744591712952,0.03623175248503685,0.10729380697011948,0.8564744591712952,Positive,0.6666666865348816,False,0.3995751738548279,0.0,0.0,0.25,THE SECOND PART IS WHY THIS IS A REALLY ADJUSTING STORY TODAY
v9gjg7TDlTA$_$0,Negative,-0.6707618832588196,0.7547071576118469,0.7547071576118469,0.14886337518692017,0.09642940759658813,Positive,0.3333333432674408,True,1.004095196723938,0.0,0.0,0.0,"Our recipients of those microloans, they do not use those loans efficiently."
v9gjg7TDlTA$_$4,Negative,-0.8967078328132629,0.804432213306427,0.804432213306427,0.11794936656951904,0.07761844992637634,Negative,-0.6666666865348816,False,0.23004114627838135,0.0,0.0,0.0,"It seems that programs do more bad than good, which is really counterintuitive and surprising."
vHzbn_YW76s$_$3,Negative,-0.6116214394569397,0.7220185399055481,0.7220185399055481,0.18043644726276398,0.09754493087530136,Negative,-1.0,False,0.3883785605430603,0.0,0.0,0.0,We don't like to be rude with people but if we have to we will be.
vU0a4F36Ksw$_$13,Positive,0.3176448345184326,0.5129297375679016,0.07205656915903091,0.4150136411190033,0.5129297375679016,Positive,0.6666666865348816,False,0.349021852016449,0.0,0.0,0.0,"And finally, I also look at high technology or information technology and how that impacts how we manage companies, how we manage information, and how we manage people"
vU0a4F36Ksw$_$12,Positive,0.7384262681007385,0.7427840828895569,0.03601786494255066,0.22119800746440887,0.7427840828895569,Positive,0.3333333432674408,False,0.40509292483329773,0.0,0.0,0.0,"I also deal in the field of managing organizations and managing projects, so I look at that intersection with social entrepreneurship"
vU0a4F36Ksw$_$17,Positive,0.36899533867836,0.5677241086959839,0.04347783327102661,0.3887980282306671,0.5677241086959839,Positive,1.0,False,0.6310046911239624,0.0,0.0,0.0,My last two papers actually resulted from having participated in research that originated at the University
vU0a4F36Ksw$_$0,Positive,1.190421462059021,0.8937873840332031,0.029894458130002022,0.07631808519363403,0.8937873840332031,Positive,1.3333333730697632,False,0.1429119110107422,0.0,0.0,0.0,"[music] Jamie Gruman: I think the main strength of the program is that it can be completed in a reasonable amount of time, and you finish the program with very solid, strong research skills that allow into you to take those skills either into industry or into an academic job"
vU0a4F36Ksw$_$3,Positive,1.174714207649231,0.8672115206718445,0.03647444397211075,0.0963139757514,0.8672115206718445,Positive,1.0,False,0.17471420764923096,0.0,0.0,0.0,So the culture is very supportive
vU0a4F36Ksw$_$5,Positive,0.5152012705802917,0.5793545842170715,0.1271549016237259,0.29349055886268616,0.5793545842170715,Positive,1.0,False,0.48479872941970825,0.0,0.0,0.0,"People are interested when you actually publish something, or when you present something, and it's always questioning the big why are you doing this"
vU0a4F36Ksw$_$7,Positive,0.549286425113678,0.5739721655845642,0.04719097539782524,0.37883687019348145,0.5739721655845642,Positive,0.6666666865348816,False,0.11738026142120361,0.0,0.0,0.0,"Jamie Gruman: We've had students investigate a wide variety of issues, in the program"
vU0a4F36Ksw$_$20,Neutral,0.0,0.5368767380714417,0.10180258005857468,0.5368767380714417,0.3613206148147583,Positive,1.6666666269302368,True,1.6666666269302368,0.0,0.0,0.0,They want to learn
vbr3EA8cJTI$_$0,Positive,1.2931886911392212,0.9058682322502136,0.0291623305529356,0.06496944278478622,0.9058682322502136,Positive,1.3333333730697632,False,0.04014468193054199,0.0,0.0,0.0,Thank you so much for joining me today on our healthy version of how to do snacks right.
vbr3EA8cJTI$_$2,Positive,1.0417762994766235,0.8197493553161621,0.08351785689592361,0.09673281759023666,0.8197493553161621,Positive,1.6666666269302368,False,0.6248903274536133,0.0,0.0,0.040000000000000036,"I have my yam chips, and you'll see it's a very small amount because I keep eating them."
vbr3EA8cJTI$_$7,Positive,0.27667662501335144,0.44117918610572815,0.2776663303375244,0.28115445375442505,0.44117918610572815,Neutral,0.0,True,0.27667662501335144,0.0,0.0,0.0,"But, even if it means you are not making your own nut/trailmix, go buy some."
vbr3EA8cJTI$_$6,Positive,1.213257908821106,0.8970879912376404,0.031733959913253784,0.07117810845375061,0.8970879912376404,Positive,1.0,False,0.21325790882110596,0.0,0.0,0.0,"Again, the two tips that I really encourage you to invest some time in: plan and prepare, that may mean some cooking at home."
wF8980oGklk$_$24,Positive,0.5757309794425964,0.6863304972648621,0.05108725652098656,0.26258227229118347,0.6863304972648621,Positive,0.6666666865348816,False,0.09093570709228516,0.0,0.0,0.0,The children when they are sent off to use the iPads or the computers know that they are going to work
wF8980oGklk$_$25,Positive,1.1546019315719604,0.8901364803314209,0.03136272728443146,0.07850080728530884,0.8901364803314209,Positive,1.6666666269302368,False,0.5120646953582764,0.0,0.0,0.0,And that's what makes teaching so much easier
wF8980oGklk$_$1,Neutral,0.0,0.5753331780433655,0.0802108645439148,0.5753331780433655,0.34445586800575256,Neutral,0.0,False,0.0,0.0,0.0,0.0,Same gentleman most of the time came
wF8980oGklk$_$0,Neutral,0.0,0.5911096334457397,0.05099880322813988,0.5911096334457397,0.3578915596008301,Neutral,0.0,False,0.0,0.0,0.0,0.7222222222222222,Before we started working with CENTORRINO Technologies we had a local firm that worked with us
wF8980oGklk$_$3,Neutral,0.0,0.6410900950431824,0.1766054630279541,0.6410900950431824,0.18230439722537994,Negative,-0.3333333432674408,True,0.3333333432674408,0.0,0.0,0.0,He didn't have a knowledge of how the CEO worked and what the requirements were
wF8980oGklk$_$2,Negative,-1.2407455444335938,0.8825328946113586,0.8825328946113586,0.06995069235563278,0.04751642048358917,Negative,-0.3333333432674408,False,0.9074121713638306,0.0,0.0,0.0,It was a little limiting
wF8980oGklk$_$6,Positive,0.598236083984375,0.6585705280303955,0.0544024221599102,0.2870270311832428,0.6585705280303955,Neutral,0.0,True,0.598236083984375,0.0,0.0,0.04166666666666663,They were using CENTORRINO as well and had good reports back about those so we thought we'd have a chat
wF8980oGklk$_$17,Positive,1.2732692956924438,0.906592607498169,0.03291928768157959,0.06048809364438057,0.906592607498169,Positive,0.6666666865348816,False,0.6066026091575623,0.0,0.0,0.4347826086956522,We are leaning towards more of a Mac school and that's been something that has been a real bonus for us
wosolsrH3sM$_$6,Positive,0.4162417948246002,0.5602819919586182,0.3557702600955963,0.08394774049520493,0.5602819919586182,Positive,0.3333333432674408,False,0.08290845155715942,0.0,0.0,0.0,"Of course, we extend our deepest condolences to all the families and all those affected by this senseless violence, and we reaffirm our commitment to support the Iraqi people and the Government of Iraq as they work to defeat Daesh."
x-zGBp7axao$_$3,Negative,-0.16072510182857513,0.5488553643226624,0.5488553643226624,0.14463602006435394,0.3065086305141449,Positive,1.6666666269302368,True,1.8273917436599731,0.0,0.0,0.0,"I grew up Republican, but I think it is a big day in history today and I don't think it matters what party the president is and I think we need change, we need the economy to pick up, we need the world to be a better place and if Obama is going to be the one to do it, then I'm all for it."
x2lOwQaAn4g$_$4,Positive,1.3792409896850586,0.9097121357917786,0.03429676219820976,0.05599099397659302,0.9097121357917786,Neutral,0.0,True,1.3792409896850586,0.0,0.0,0.2222222222222222,All of these exercises are jean friendly and guarantee getting in some fitness time even on work hours
xUgAP84vsg4$_$15,Positive,1.3591032028198242,0.9112890362739563,0.0356365330517292,0.053074438124895096,0.9112890362739563,Positive,2.0,False,0.6408967971801758,0.0,0.0,0.38095238095238093,I'm sure you will make great friends with the   fellow students just as you would on-campus.
xUgAP84vsg4$_$4,Positive,1.2675684690475464,0.9033511281013489,0.027864977717399597,0.0687839463353157,0.9033511281013489,Positive,2.3333332538604736,False,1.0657647848129272,0.0,0.0,0.0,"You are joining the over 25,000 students that participate   in one of Gateway's over 65 degree programs."
xUgAP84vsg4$_$8,Positive,0.6774798035621643,0.6823930144309998,0.03440602496266365,0.2832009494304657,0.6823930144309998,Positive,1.3333333730697632,False,0.6558535695075989,0.0,0.0,0.0,There are many student engagement programs that take place.
xivYoEUQ5sk$_$5,Positive,1.2730858325958252,0.9002986550331116,0.034723471850156784,0.06497786194086075,0.9002986550331116,Positive,2.6666667461395264,False,1.3935809135437012,0.0,0.0,0.0,"One of the best things about it is that while Philisophy doesn't seem like it's applicable to real life situations, everything that you learn in this program, you use on a day-to-day basis"
xivYoEUQ5sk$_$4,Positive,1.3715564012527466,0.909238874912262,0.04286932945251465,0.047891732305288315,0.909238874912262,Positive,2.3333332538604736,False,0.961776852607727,0.0,0.0,0.0,"They want this program to succeed, they want you to succeed so it's, it's been a fantastic experience so far"
xjsaS-LeZ14$_$20,Neutral,0.0,0.6232070326805115,0.08815699815750122,0.6232070326805115,0.2886359989643097,Positive,0.3333333432674408,True,0.3333333432674408,0.0,0.0,0.0,"So if it's a floral company, you would file the card under F for flowers."
xjsaS-LeZ14$_$14,Positive,0.8448490500450134,0.766514778137207,0.0267956405878067,0.20668959617614746,0.766514778137207,Positive,1.0,False,0.15515094995498657,0.0,0.0,0.368421052631579,"And I'm going to use these business card sheets that are again, available at Staples."
xjsaS-LeZ14$_$6,Positive,0.7199520468711853,0.7105164527893066,0.13121993839740753,0.15826360881328583,0.7105164527893066,Positive,2.0,False,1.28004789352417,0.0,0.0,0.0,"So it's time to gather all those cards that don't belong in the places where they're currently at and put them in a system that is going to be easy to put away, easy to find, and easy to grab when it's time to look for that card to contact that person that you've been meaning to contact for months."
y8HXGm1-Ecw$_$7,Negative,-0.2857235372066498,0.6363658905029297,0.6363658905029297,0.15423516929149628,0.20939894020557404,Negative,-0.6666666865348816,False,0.3809431493282318,0.0,0.0,0.0,"Also when your face absorbs it, your body absorbs it and it can be dangerous for your whole body."
y9FyTEyGy5Y$_$1,Positive,1.0333648920059204,0.8391596674919128,0.05073215067386627,0.11010825634002686,0.8391596674919128,Positive,0.6666666865348816,False,0.3666982054710388,0.0,0.0,0.0,THE NUMBER OF STUDENTS -- FOREIGN EXCHANGE -- GROWS EVERY YEAR
zhE_68GMJIk$_$8,Negative,-0.009999999776482582,0.48597288131713867,0.48597288131713867,0.1916944533586502,0.3223326504230499,Neutral,0.0,True,0.009999999776482582,0.0,0.0,0.0,"From having been the 4th richest country in the world in 1970, 25 years later we were only the 14th richest."
zhE_68GMJIk$_$5,Negative,-0.41310587525367737,0.6837604641914368,0.6837604641914368,0.15322840213775635,0.16301113367080688,Positive,1.3333333730697632,True,1.7464392185211182,0.0,0.0,0.0,"In 1950, Sweden was already one of the world's richest countries, and back then taxes were lower in Sweden than in the United States."
zjYEBwXGD8I$_$13,Positive,0.519372284412384,0.6112917065620422,0.0614292174577713,0.32727906107902527,0.6112917065620422,Negative,-0.3333333432674408,True,0.8527055978775024,0.0,0.0,0.0,So we've actually done quite a few phone calls that were mystery shopping Frontpoint - making sure that we understood how they treat their customers when it comes to tough issues or complaints or sales
zjYEBwXGD8I$_$15,Neutral,0.0,0.5543432831764221,0.05811203643679619,0.5543432831764221,0.3875446617603302,Positive,0.3333333432674408,True,0.3333333432674408,0.0,0.0,0.95,It was focused around answering questions instead of trying to up-sell us home automation or an extra camera
zjYEBwXGD8I$_$0,Positive,0.7325798869132996,0.7043071389198303,0.03300800547003746,0.2626848518848419,0.7043071389198303,Neutral,0.0,True,0.7325798869132996,0.0,0.0,0.0,"Hey guys, this is David over at A Secure Life"
zjYEBwXGD8I$_$2,Positive,0.7446872591972351,0.7314950823783875,0.07027909904718399,0.19822579622268677,0.7314950823783875,Positive,1.0,False,0.2553127408027649,0.0,0.0,0.0,Frontpoint is actually been our #1 pick for 9 years running
zjYEBwXGD8I$_$4,Positive,0.34397634863853455,0.47297680377960205,0.06402650475502014,0.4629967212677002,0.47297680377960205,Neutral,0.0,True,0.34397634863853455,0.0,0.0,1.0,We're going to do a deep dive and go into what really sets Frontpoint apart from it's competitors and what you're going to get if you do decide to go with Frontpoint
zjYEBwXGD8I$_$9,Positive,1.0009877681732178,0.8484126925468445,0.025361882522702217,0.12622542679309845,0.8484126925468445,Positive,0.3333333432674408,False,0.6676543951034546,0.0,0.0,0.34615384615384615,They also offer a 30-day money-back guarantee which will allow you to test out the sensors and the system in your home
zk2jTlAtvSU$_$3,Neutral,0.0,0.655352771282196,0.08889880776405334,0.655352771282196,0.2557484209537506,Neutral,0.0,False,0.0,0.0,0.0,0.03125,They differ from the articles of incorporation generally in that they are not filed with the secretary of state's office in the state in which the corporation is incorporated.
