sample_id,video_id,true_class,predicted_class,correct,negative_probability,neutral_probability,positive_probability,true_intensity,predicted_intensity,absolute_error
--qXJuDtHPw$_$5,--qXJuDtHPw,Positive,Positive,True,0.03162630274891853,0.14518247544765472,0.8231911659240723,1.0,0.9892760515213013,0.01072394847869873
-571d8cVauQ$_$0,-571d8cVauQ,Neutral,Neutral,True,0.03621453419327736,0.6428335309028625,0.320951908826828,0.0,0.2483137547969818,0.2483137547969818
-571d8cVauQ$_$3,-571d8cVauQ,Negative,Negative,True,0.7834899425506592,0.16260561347007751,0.053904466331005096,-0.6666666865348816,-0.6645251512527466,0.0021415352821350098
-571d8cVauQ$_$5,-571d8cVauQ,Positive,Positive,True,0.07145586609840393,0.07586094737052917,0.8526832461357117,0.3333333432674408,1.083314061164856,0.7499806880950928
-I_e4mIh0yE$_$1,-I_e4mIh0yE,Negative,Neutral,False,0.41318029165267944,0.43767350912094116,0.1491462141275406,-0.6666666865348816,-0.19255349040031433,0.47411319613456726
-I_e4mIh0yE$_$3,-I_e4mIh0yE,Positive,Positive,True,0.04817190766334534,0.18116293847560883,0.7706651091575623,0.6666666865348816,0.7325231432914734,0.0658564567565918
-I_e4mIh0yE$_$4,-I_e4mIh0yE,Negative,Negative,True,0.6653962135314941,0.17279905080795288,0.16180472075939178,-0.6666666865348816,-0.41838788986206055,0.24827879667282104
-UacrmKiTn4$_$10,-UacrmKiTn4,Negative,Negative,True,0.7619566917419434,0.16126619279384613,0.07677708566188812,-0.6666666865348816,-0.7152202129364014,0.048553526401519775
-UacrmKiTn4$_$4,-UacrmKiTn4,Negative,Negative,True,0.48420748114585876,0.37774658203125,0.13804592192173004,-1.3333333730697632,-0.1948838084936142,1.1384495496749878
-UacrmKiTn4$_$7,-UacrmKiTn4,Positive,Positive,True,0.12162268906831741,0.31078121066093445,0.5675961375236511,0.3333333432674408,0.42822614312171936,0.09489279985427856
-UacrmKiTn4$_$6,-UacrmKiTn4,Neutral,Neutral,True,0.3150443434715271,0.4562053978443146,0.2287503331899643,0.0,-0.0048096925020217896,0.0048096925020217896
-hnBHBN8p5A$_$9,-hnBHBN8p5A,Positive,Neutral,False,0.142522931098938,0.6001100540161133,0.25736701488494873,0.3333333432674408,0.17219552397727966,0.16113781929016113
-hnBHBN8p5A$_$8,-hnBHBN8p5A,Neutral,Neutral,True,0.11052947491407394,0.5256792306900024,0.3637913167476654,0.0,0.3776756525039673,0.3776756525039673
-hnBHBN8p5A$_$3,-hnBHBN8p5A,Positive,Positive,True,0.11381617933511734,0.07287480682134628,0.8133090138435364,2.3333332538604736,0.9669517874717712,1.3663814067840576
-hnBHBN8p5A$_$7,-hnBHBN8p5A,Positive,Neutral,False,0.12736427783966064,0.4790496230125427,0.39358609914779663,0.6666666865348816,0.27626219391822815,0.39040449261665344
-hnBHBN8p5A$_$6,-hnBHBN8p5A,Positive,Positive,True,0.016533268615603447,0.1357998549938202,0.84766685962677,1.0,0.843358039855957,0.15664196014404297
-qDkUB0GgYY$_$8,-qDkUB0GgYY,Positive,Positive,True,0.01275512482970953,0.07951892912387848,0.907725989818573,1.6666666269302368,1.0949606895446777,0.5717059373855591
-qDkUB0GgYY$_$5,-qDkUB0GgYY,Positive,Positive,True,0.02239709533751011,0.16215503215789795,0.8154479265213013,2.0,0.872552752494812,1.127447247505188
-qDkUB0GgYY$_$6,-qDkUB0GgYY,Positive,Positive,True,0.010811912827193737,0.03095335327088833,0.9582347273826599,1.3333333730697632,1.57332181930542,0.23998844623565674
-uywlfIYOS8$_$4,-uywlfIYOS8,Positive,Positive,True,0.022583888843655586,0.16278323531150818,0.8146328926086426,0.3333333432674408,0.7541542649269104,0.4208209216594696
-uywlfIYOS8$_$7,-uywlfIYOS8,Positive,Positive,True,0.01945684291422367,0.03838072717189789,0.9421623945236206,2.6666667461395264,1.4634196758270264,1.2032470703125
06st0Ez_E_I$_$0,06st0Ez_E_I,Neutral,Positive,False,0.29139313101768494,0.28959161043167114,0.4190152883529663,0.0,0.19825728237628937,0.19825728237628937
06st0Ez_E_I$_$4,06st0Ez_E_I,Neutral,Neutral,True,0.057881854474544525,0.4797076880931854,0.46241042017936707,0.0,0.3302406072616577,0.3302406072616577
0utROiKxejc$_$1,0utROiKxejc,Neutral,Positive,False,0.03524332121014595,0.13173045217990875,0.8330262899398804,0.0,0.8769853711128235,0.8769853711128235
0utROiKxejc$_$2,0utROiKxejc,Neutral,Positive,False,0.034944213926792145,0.1194053441286087,0.8456504344940186,0.0,0.8396249413490295,0.8396249413490295
0utROiKxejc$_$4,0utROiKxejc,Neutral,Negative,False,0.9610162377357483,0.021800674498081207,0.017183098942041397,0.0,-1.6498515605926514,1.6498515605926514
0y022OlZ3W0$_$11,0y022OlZ3W0,Neutral,Negative,False,0.7852213382720947,0.09646590054035187,0.1183127835392952,0.0,-0.6596125364303589,0.6596125364303589
0y022OlZ3W0$_$1,0y022OlZ3W0,Positive,Neutral,False,0.0575588159263134,0.5909771919250488,0.35146403312683105,0.6666666865348816,0.26984626054763794,0.39682042598724365
0y022OlZ3W0$_$0,0y022OlZ3W0,Neutral,Positive,False,0.057436585426330566,0.4171341359615326,0.5254292488098145,0.0,0.4410263001918793,0.4410263001918793
0y022OlZ3W0$_$3,0y022OlZ3W0,Positive,Positive,True,0.09530024230480194,0.08401091396808624,0.8206888437271118,1.3333333730697632,1.1552246809005737,0.17810869216918945
0y022OlZ3W0$_$2,0y022OlZ3W0,Positive,Negative,False,0.4149676263332367,0.3764975368976593,0.208534836769104,1.0,-0.17465513944625854,1.1746551990509033
0y022OlZ3W0$_$5,0y022OlZ3W0,Negative,Negative,True,0.7435963153839111,0.1600044220685959,0.09639927744865417,-1.3333333730697632,-0.5838832855224609,0.7494500875473022
0y022OlZ3W0$_$4,0y022OlZ3W0,Negative,Positive,False,0.17481683194637299,0.36227941513061523,0.462903767824173,-0.3333333432674408,0.3403286337852478,0.6736619472503662
0y022OlZ3W0$_$9,0y022OlZ3W0,Negative,Negative,True,0.9043669104576111,0.04561512544751167,0.050018005073070526,-1.0,-1.354762315750122,0.35476231575012207
0y022OlZ3W0$_$8,0y022OlZ3W0,Negative,Neutral,False,0.10479534417390823,0.5459827780723572,0.3492218852043152,-0.3333333432674408,0.20171114802360535,0.5350444912910461
101787$_$11,101787,Neutral,Neutral,True,0.3045758008956909,0.5066797137260437,0.18874450027942657,0.0,-0.022367246448993683,0.022367246448993683
101787$_$10,101787,Negative,Neutral,False,0.21647882461547852,0.39937201142311096,0.3841492235660553,-0.3333333432674408,0.2681529223918915,0.6014862656593323
101787$_$13,101787,Negative,Positive,False,0.2664322555065155,0.09430771321058273,0.6392600536346436,-1.6666666269302368,0.7262037396430969,2.3928704261779785
101787$_$12,101787,Neutral,Neutral,True,0.13187561929225922,0.7878943085670471,0.08023010194301605,0.0,-0.03820809721946716,0.03820809721946716
101787$_$15,101787,Negative,Negative,True,0.8974515795707703,0.023345721885561943,0.07920273393392563,-1.0,-1.4645178318023682,0.46451783180236816
101787$_$14,101787,Negative,Negative,True,0.7229081988334656,0.16208608448505402,0.11500570923089981,-1.3333333730697632,-0.9037463665008545,0.4295870065689087
101787$_$1,101787,Negative,Neutral,False,0.11114997416734695,0.646999180316925,0.241850808262825,-0.6666666865348816,0.18920689821243286,0.8558735847473145
101787$_$0,101787,Neutral,Neutral,True,0.06374609470367432,0.7700098156929016,0.16624405980110168,0.0,0.15098389983177185,0.15098389983177185
101787$_$3,101787,Neutral,Neutral,True,0.07824411243200302,0.7575385570526123,0.16421732306480408,0.0,0.11620877683162689,0.11620877683162689
101787$_$2,101787,Negative,Negative,True,0.7726778984069824,0.15219658613204956,0.07512547075748444,-1.0,-0.7038700580596924,0.2961299419403076
101787$_$5,101787,Negative,Negative,True,0.9513409733772278,0.026130732148885727,0.022528264671564102,-1.6666666269302368,-1.6013754606246948,0.06529116630554199
101787$_$4,101787,Neutral,Neutral,True,0.09454859793186188,0.6334558129310608,0.2719956040382385,0.0,0.1644875556230545,0.1644875556230545
101787$_$7,101787,Positive,Positive,True,0.03668239712715149,0.059219419956207275,0.9040981531143188,1.0,1.4675188064575195,0.46751880645751953
101787$_$6,101787,Neutral,Positive,False,0.03730228915810585,0.12417848408222198,0.8385192155838013,0.0,1.0514476299285889,1.0514476299285889
101787$_$9,101787,Negative,Neutral,False,0.16871637105941772,0.7204492092132568,0.11083438247442245,-0.3333333432674408,-0.02976509928703308,0.3035682439804077
101787$_$8,101787,Positive,Positive,True,0.046936970204114914,0.10131824761629105,0.8517448306083679,1.6666666269302368,1.2474284172058105,0.41923820972442627
102408$_$1,102408,Neutral,Neutral,True,0.1875310242176056,0.6922447681427002,0.12022428959608078,0.0,-0.11421026289463043,0.11421026289463043
102408$_$0,102408,Neutral,Neutral,True,0.09494362771511078,0.4981693625450134,0.40688708424568176,0.0,0.41001665592193604,0.41001665592193604
102408$_$3,102408,Positive,Positive,True,0.2433464527130127,0.2811223864555359,0.47553113102912903,0.3333333432674408,0.34527507424354553,0.011941730976104736
102408$_$2,102408,Negative,Negative,True,0.562490701675415,0.38425469398498535,0.053254641592502594,-0.3333333432674408,-0.3939845561981201,0.06065121293067932
102408$_$5,102408,Negative,Negative,True,0.8085694313049316,0.06917457282543182,0.12225593626499176,-2.0,-0.9295870661735535,1.0704128742218018
102408$_$4,102408,Positive,Negative,False,0.6016051769256592,0.17855238914489746,0.21984246373176575,0.3333333432674408,-0.4219512939453125,0.7552846670150757
102408$_$7,102408,Negative,Negative,True,0.9644309878349304,0.020747246220707893,0.014821797609329224,-1.3333333730697632,-1.6612343788146973,0.3279010057449341
102408$_$6,102408,Negative,Negative,True,0.3916705846786499,0.38154369592666626,0.22678570449352264,-2.0,-0.1538098007440567,1.8461902141571045
102408$_$9,102408,Negative,Negative,True,0.8401273488998413,0.11385409533977509,0.04601860046386719,-1.6666666269302368,-0.8715957403182983,0.7950708866119385
102408$_$8,102408,Negative,Negative,True,0.976059079170227,0.014398444443941116,0.009542582556605339,-1.3333333730697632,-1.8204176425933838,0.4870842695236206
102858$_$24,102858,Positive,Negative,False,0.7839382290840149,0.08064796030521393,0.13541379570960999,3.0,-0.6295311450958252,3.629531145095825
102858$_$25,102858,Positive,Positive,True,0.05051608383655548,0.34973275661468506,0.5997511744499207,2.0,0.46894606947898865,1.531053900718689
102858$_$20,102858,Positive,Positive,True,0.2570773959159851,0.31525906920433044,0.42766353487968445,2.0,0.33546748757362366,1.6645325422286987
102858$_$21,102858,Positive,Negative,False,0.9108178615570068,0.04791564866900444,0.041266489773988724,1.0,-1.6063930988311768,2.6063930988311768
102858$_$23,102858,Positive,Positive,True,0.14313089847564697,0.30020439624786377,0.5566647052764893,3.0,0.35389912128448486,2.6461009979248047
102858$_$1,102858,Positive,Positive,True,0.03593340143561363,0.36561399698257446,0.5984525680541992,0.3333333432674408,0.622289776802063,0.2889564335346222
102858$_$0,102858,Positive,Positive,True,0.11217740923166275,0.4034336805343628,0.48438888788223267,0.3333333432674408,0.39121919870376587,0.05788585543632507
102858$_$3,102858,Positive,Neutral,False,0.05424482747912407,0.6235368251800537,0.3222183883190155,0.3333333432674408,0.2166086584329605,0.11672468483448029
102858$_$2,102858,Positive,Positive,True,0.05941370502114296,0.11002418398857117,0.830562174320221,1.6666666269302368,1.1157385110855103,0.5509281158447266
102858$_$5,102858,Positive,Positive,True,0.17593589425086975,0.07761099189519882,0.7464531064033508,2.6666667461395264,1.0491225719451904,1.617544174194336
102858$_$4,102858,Positive,Positive,True,0.05771408975124359,0.09358681738376617,0.8486990928649902,3.0,1.3265844583511353,1.6734155416488647
102858$_$7,102858,Neutral,Neutral,True,0.11068844795227051,0.6100475192070007,0.27926400303840637,0.0,0.22967413067817688,0.22967413067817688
102858$_$6,102858,Positive,Positive,True,0.11520776897668839,0.2087862193584442,0.676006019115448,2.6666667461395264,0.7162947058677673,1.9503719806671143
102858$_$9,102858,Negative,Neutral,False,0.2754485607147217,0.5488658547401428,0.17568561434745789,-0.3333333432674408,-0.011296379379928112,0.3220369517803192
102858$_$8,102858,Negative,Positive,False,0.3418809175491333,0.13227945566177368,0.525839626789093,-0.3333333432674408,0.36958006024360657,0.7029134035110474
102858$_$11,102858,Negative,Negative,True,0.8167540431022644,0.11749004572629929,0.0657559409737587,-0.6666666865348816,-0.9605380892753601,0.2938714027404785
102858$_$10,102858,Positive,Positive,True,0.042749591171741486,0.03220450505614281,0.9250459671020508,2.0,1.7361247539520264,0.26387524604797363
102858$_$13,102858,Neutral,Neutral,True,0.18236757814884186,0.4796350598335266,0.33799728751182556,0.0,0.21552923321723938,0.21552923321723938
102858$_$12,102858,Positive,Positive,True,0.07447052747011185,0.38221365213394165,0.5433158278465271,0.3333333432674408,0.4584718942642212,0.1251385509967804
102858$_$15,102858,Neutral,Positive,False,0.08447971194982529,0.4287174344062805,0.4868028461933136,0.0,0.3926490545272827,0.3926490545272827
102858$_$14,102858,Positive,Neutral,False,0.2503814399242401,0.4184924364089966,0.3311261236667633,0.6666666865348816,0.12077624350786209,0.5458904504776001
102858$_$17,102858,Positive,Positive,True,0.25791478157043457,0.34317144751548767,0.398913711309433,1.0,0.14951972663402557,0.8504802584648132
102858$_$16,102858,Negative,Positive,False,0.1620095819234848,0.4115043580532074,0.4264861047267914,-0.3333333432674408,0.2776879668235779,0.6110212802886963
102858$_$19,102858,Neutral,Neutral,True,0.12275765091180801,0.5367763638496399,0.3404659628868103,0.0,0.23010417819023132,0.23010417819023132
102858$_$18,102858,Neutral,Positive,False,0.05718815326690674,0.22289997339248657,0.7199119329452515,0.0,0.7568886280059814,0.7568886280059814
112433$_$10,112433,Neutral,Neutral,True,0.3055743873119354,0.4991653859615326,0.19526024162769318,0.0,-0.036429889500141144,0.036429889500141144
112433$_$1,112433,Negative,Negative,True,0.9537153840065002,0.02583635225892067,0.020448284223675728,-2.0,-1.5885075330734253,0.4114924669265747
112433$_$0,112433,Neutral,Positive,False,0.037188321352005005,0.3704451322555542,0.5923665165901184,0.0,0.490236759185791,0.490236759185791
112433$_$3,112433,Negative,Negative,True,0.9259364008903503,0.04685879498720169,0.0272047221660614,-0.3333333432674408,-1.3664146661758423,1.033081293106079
112433$_$2,112433,Negative,Negative,True,0.9626855850219727,0.02590257115662098,0.011411798186600208,-2.3333332538604736,-1.7239335775375366,0.609399676322937
112433$_$5,112433,Negative,Negative,True,0.8884475231170654,0.07932025194168091,0.03223218768835068,-1.3333333730697632,-1.2770999670028687,0.05623340606689453
112433$_$4,112433,Negative,Negative,True,0.8877134323120117,0.06190044432878494,0.05038612335920334,-1.3333333730697632,-1.3152021169662476,0.018131256103515625
112433$_$7,112433,Negative,Negative,True,0.5179353356361389,0.1020030528306961,0.38006162643432617,-0.6666666865348816,0.1222929060459137,0.7889596223831177
112433$_$6,112433,Negative,Negative,True,0.9776631593704224,0.014864119701087475,0.007472677156329155,-1.3333333730697632,-1.8542287349700928,0.5208953619003296
112433$_$9,112433,Negative,Negative,True,0.9761626720428467,0.013800689950585365,0.010036645457148552,-2.0,-1.8949730396270752,0.1050269603729248
112433$_$8,112433,Negative,Negative,True,0.9195433855056763,0.0642630085349083,0.016193635761737823,-1.3333333730697632,-1.347341775894165,0.014008402824401855
117tQqLjza4$_$8,117tQqLjza4,Neutral,Positive,False,0.017061293125152588,0.08764990419149399,0.8952887654304504,0.0,1.0741918087005615,1.0741918087005615
117tQqLjza4$_$6,117tQqLjza4,Positive,Positive,True,0.015204363502562046,0.09918031841516495,0.8856152892112732,0.6666666865348816,1.0888772010803223,0.4222105145454407
11j7EfglCAs$_$2,11j7EfglCAs,Positive,Neutral,False,0.09573324769735336,0.5747141242027283,0.32955265045166016,0.6666666865348816,0.1905108243227005,0.4761558771133423
11j7EfglCAs$_$4,11j7EfglCAs,Negative,Neutral,False,0.15605340898036957,0.586527407169342,0.2574191689491272,-0.6666666865348816,0.12096769362688065,0.7876343727111816
11j7EfglCAs$_$6,11j7EfglCAs,Positive,Positive,True,0.03348233923316002,0.21255582571029663,0.7539618611335754,0.3333333432674408,0.7121208310127258,0.37878748774528503
121128$_$10,121128,Positive,Positive,True,0.10545088350772858,0.09957552701234818,0.7949736714363098,2.0,0.8988710641860962,1.1011289358139038
121128$_$1,121128,Neutral,Neutral,True,0.07429955154657364,0.855076789855957,0.07062364369630814,0.0,-0.04411887004971504,0.04411887004971504
121128$_$0,121128,Neutral,Neutral,True,0.05958375334739685,0.799866259098053,0.14055000245571136,0.0,0.07635503262281418,0.07635503262281418
121128$_$3,121128,Neutral,Neutral,True,0.1396365612745285,0.6999858617782593,0.16037756204605103,0.0,0.0906132310628891,0.0906132310628891
121128$_$2,121128,Neutral,Neutral,True,0.033408042043447495,0.6657106280326843,0.3008812963962555,0.0,0.2510886788368225,0.2510886788368225
121128$_$5,121128,Positive,Positive,True,0.04995416849851608,0.04807363823056221,0.9019721746444702,3.0,1.7526806592941284,1.2473193407058716
121128$_$4,121128,Neutral,Neutral,True,0.2566382884979248,0.45550447702407837,0.28785720467567444,0.0,0.11552487313747406,0.11552487313747406
121128$_$7,121128,Positive,Positive,True,0.0902457982301712,0.22253994643688202,0.6872142553329468,0.6666666865348816,0.6295737028121948,0.03709298372268677
121128$_$6,121128,Positive,Positive,True,0.08514668047428131,0.1031288281083107,0.8117245435714722,2.0,1.2205479145050049,0.7794520854949951
121128$_$9,121128,Positive,Positive,True,0.3633226752281189,0.21102745831012726,0.4256499111652374,0.3333333432674408,0.18810632824897766,0.14522701501846313
121128$_$8,121128,Neutral,Negative,False,0.685466468334198,0.20476529002189636,0.10976825654506683,0.0,-0.6114699840545654,0.6114699840545654
125344$_$0,125344,Positive,Positive,True,0.37247851490974426,0.1447678506374359,0.4827536344528198,0.6666666865348816,0.3478787839412689,0.31878790259361267
125676$_$10,125676,Negative,Negative,True,0.8696982860565186,0.0634622573852539,0.06683950126171112,-1.6666666269302368,-1.106929898262024,0.5597367286682129
125676$_$1,125676,Positive,Neutral,False,0.027136772871017456,0.8779283761978149,0.09493483603000641,0.6666666865348816,0.12213445454835892,0.5445322394371033
125676$_$0,125676,Negative,Neutral,False,0.061506859958171844,0.6200141310691833,0.31847891211509705,-0.3333333432674408,0.225033700466156,0.5583670139312744
125676$_$3,125676,Negative,Neutral,False,0.056098178029060364,0.653879702091217,0.2900221049785614,-0.3333333432674408,0.23018896579742432,0.5635223388671875
125676$_$2,125676,Negative,Negative,True,0.812958300113678,0.08448107540607452,0.10256056487560272,-0.6666666865348816,-0.9550521969795227,0.2883855104446411
125676$_$5,125676,Negative,Negative,True,0.9765198230743408,0.015338861383497715,0.008141323924064636,-2.3333332538604736,-1.7859935760498047,0.547339677810669
125676$_$4,125676,Positive,Positive,True,0.024807501584291458,0.07208879292011261,0.9031037092208862,2.0,1.3971360921859741,0.6028639078140259
125676$_$7,125676,Negative,Negative,True,0.9737169146537781,0.01399119384586811,0.012291870079934597,-1.6666666269302368,-1.8083629608154297,0.14169633388519287
125676$_$6,125676,Negative,Negative,True,0.8678674697875977,0.0830250084400177,0.04910750687122345,-1.3333333730697632,-1.0076074600219727,0.3257259130477905
125676$_$9,125676,Negative,Negative,True,0.8853937387466431,0.07440038025379181,0.040205854922533035,-0.6666666865348816,-1.237646460533142,0.5709797739982605
125676$_$8,125676,Negative,Neutral,False,0.33254942297935486,0.5874254703521729,0.0800250992178917,-0.3333333432674408,-0.2986278235912323,0.034705519676208496
128059$_$11,128059,Negative,Negative,True,0.9728720784187317,0.015735451132059097,0.011392475105822086,-1.0,-1.8465628623962402,0.8465628623962402
128059$_$10,128059,Negative,Neutral,False,0.2632010579109192,0.36869972944259644,0.3680992126464844,-1.0,0.18225105106830597,1.1822510957717896
128059$_$13,128059,Neutral,Neutral,True,0.03493433818221092,0.7125084400177002,0.2525571882724762,0.0,0.1924448162317276,0.1924448162317276
128059$_$12,128059,Positive,Negative,False,0.45889368653297424,0.28407272696495056,0.2570335865020752,0.6666666865348816,-0.08753163367509842,0.7541983127593994
128059$_$15,128059,Negative,Neutral,False,0.23395080864429474,0.4195261299610138,0.34652307629585266,-0.3333333432674408,0.08935291320085526,0.42268624901771545
128059$_$14,128059,Neutral,Neutral,True,0.040135763585567474,0.8235771656036377,0.13628704845905304,0.0,0.14478445053100586,0.14478445053100586
128059$_$17,128059,Positive,Positive,True,0.10652853548526764,0.20140337944030762,0.6920680999755859,1.0,0.49336153268814087,0.5066384673118591
128059$_$16,128059,Positive,Negative,False,0.43632772564888,0.25103309750556946,0.31263914704322815,0.6666666865348816,0.055172502994537354,0.6114941835403442
128059$_$1,128059,Negative,Negative,True,0.9804428219795227,0.010824490338563919,0.008732601068913937,-2.6666667461395264,-2.111982822418213,0.5546839237213135
128059$_$0,128059,Neutral,Neutral,True,0.058280061930418015,0.8276470899581909,0.11407282948493958,0.0,0.018960660323500633,0.018960660323500633
128059$_$3,128059,Negative,Negative,True,0.6551278829574585,0.18780004978179932,0.1570720672607422,-1.6666666269302368,-0.3778170645236969,1.2888495922088623
128059$_$2,128059,Negative,Negative,True,0.9498946666717529,0.03255214914679527,0.017553254961967468,-1.6666666269302368,-1.3216246366500854,0.34504199028015137
128059$_$5,128059,Positive,Negative,False,0.5934192538261414,0.14460143446922302,0.2619793117046356,1.0,-0.16408498585224152,1.164085030555725
128059$_$4,128059,Negative,Negative,True,0.8106640577316284,0.10427720844745636,0.08505876362323761,-0.3333333432674408,-0.8124712705612183,0.47913792729377747
128059$_$7,128059,Neutral,Neutral,True,0.23947599530220032,0.6265814304351807,0.1339425891637802,0.0,-0.05172912776470184,0.05172912776470184
128059$_$6,128059,Positive,Positive,True,0.2071039229631424,0.12547874450683594,0.6674172878265381,1.0,0.7975398898124695,0.20246011018753052
128059$_$9,128059,Positive,Negative,False,0.5058015584945679,0.1960321068763733,0.29816633462905884,0.3333333432674408,-0.13109709322452545,0.46443045139312744
128059$_$8,128059,Neutral,Neutral,True,0.1916264444589615,0.6083214282989502,0.20005212724208832,0.0,0.0466747060418129,0.0466747060418129
128763$_$11,128763,Negative,Negative,True,0.9815443754196167,0.011450054123997688,0.00700553460046649,-2.6666667461395264,-2.0296785831451416,0.6369881629943848
128763$_$10,128763,Negative,Negative,True,0.9322380423545837,0.04698764160275459,0.0207743588835001,-1.3333333730697632,-1.6161943674087524,0.28286099433898926
128763$_$12,128763,Negative,Positive,False,0.14768321812152863,0.16933336853981018,0.6829833984375,-0.6666666865348816,0.6171458959579468,1.2838125228881836
128763$_$1,128763,Positive,Neutral,False,0.0680723562836647,0.7711209058761597,0.16080673038959503,0.3333333432674408,0.10366574674844742,0.22966760396957397
128763$_$0,128763,Neutral,Neutral,True,0.055252235382795334,0.7231995463371277,0.22154821455478668,0.0,0.13947762548923492,0.13947762548923492
128763$_$3,128763,Negative,Negative,True,0.9720117449760437,0.019718511030077934,0.008269681595265865,-1.6666666269302368,-1.8062845468521118,0.139617919921875
128763$_$2,128763,Neutral,Neutral,True,0.15989835560321808,0.7524973154067993,0.08760432153940201,0.0,-0.10233590751886368,0.10233590751886368
128763$_$5,128763,Neutral,Neutral,True,0.07964909076690674,0.764130175113678,0.15622080862522125,0.0,0.12107855826616287,0.12107855826616287
128763$_$4,128763,Negative,Negative,True,0.9517567753791809,0.034536104649305344,0.01370715256780386,-1.6666666269302368,-1.4189424514770508,0.24772417545318604
128763$_$7,128763,Negative,Negative,True,0.5093961954116821,0.3610040247440338,0.12959973514080048,-0.3333333432674408,-0.3473362326622009,0.014002889394760132
128763$_$6,128763,Neutral,Neutral,True,0.425584077835083,0.47916218638420105,0.09525368362665176,0.0,-0.37951454520225525,0.37951454520225525
128763$_$9,128763,Negative,Negative,True,0.8565764427185059,0.11343292146921158,0.02999061904847622,-0.3333333432674408,-1.2072806358337402,0.873947262763977
128763$_$8,128763,Neutral,Negative,False,0.6227005124092102,0.27112746238708496,0.10617206245660782,0.0,-0.40948981046676636,0.40948981046676636
130456$_$11,130456,Positive,Positive,True,0.3003566265106201,0.08275247365236282,0.6168909072875977,1.6666666269302368,0.6409736275672913,1.0256929397583008
130456$_$10,130456,Neutral,Negative,False,0.7827361822128296,0.15802225470542908,0.05924162268638611,0.0,-0.9436532258987427,0.9436532258987427
130456$_$1,130456,Neutral,Neutral,True,0.09147292375564575,0.8213293552398682,0.08719773590564728,0.0,0.02979927882552147,0.02979927882552147
130456$_$0,130456,Positive,Neutral,False,0.2764277160167694,0.5122189521789551,0.21135331690311432,0.3333333432674408,-0.007090694271028042,0.3404240310192108
130456$_$3,130456,Positive,Negative,False,0.8535759449005127,0.05306295305490494,0.09336104989051819,2.3333332538604736,-1.0222203731536865,3.35555362701416
130456$_$2,130456,Positive,Positive,True,0.05140784755349159,0.10797238349914551,0.8406198024749756,2.6666667461395264,1.1729702949523926,1.4936964511871338
130456$_$5,130456,Negative,Negative,True,0.4107576906681061,0.36417892575263977,0.22506333887577057,-0.3333333432674408,-0.08919721841812134,0.24413612484931946
130456$_$4,130456,Neutral,Neutral,True,0.04523235186934471,0.859722912311554,0.09504479169845581,0.0,0.16751845180988312,0.16751845180988312
130456$_$7,130456,Negative,Negative,True,0.7387210130691528,0.19682736694812775,0.06445152312517166,-0.3333333432674408,-0.904389500617981,0.5710561275482178
130456$_$6,130456,Positive,Negative,False,0.45907869935035706,0.44396352767944336,0.09695780277252197,0.3333333432674408,-0.44433340430259705,0.7776667475700378
130456$_$9,130456,Positive,Positive,True,0.341763436794281,0.05195920169353485,0.6062772870063782,0.6666666865348816,0.7041090130805969,0.03744232654571533
130456$_$8,130456,Negative,Negative,True,0.9794896841049194,0.013788406737148762,0.006721938028931618,-1.0,-1.8709046840667725,0.8709046840667725
188343$_$11,188343,Positive,Positive,True,0.12331674247980118,0.26722463965415955,0.6094586253166199,1.0,0.4062139391899109,0.5937860608100891
188343$_$10,188343,Positive,Positive,True,0.10569319128990173,0.09993427246809006,0.7943726181983948,1.6666666269302368,1.0296727418899536,0.6369938850402832
188343$_$13,188343,Positive,Negative,False,0.43206679821014404,0.20762811601161957,0.3603050112724304,1.0,0.042901381850242615,0.9570986032485962
188343$_$12,188343,Negative,Negative,True,0.9802212715148926,0.012917468324303627,0.006861317437142134,-2.0,-1.8969993591308594,0.10300064086914062
188343$_$15,188343,Positive,Neutral,False,0.018771396949887276,0.7312989234924316,0.24992962181568146,0.3333333432674408,0.2790101170539856,0.0543232262134552
188343$_$14,188343,Positive,Positive,True,0.05518351122736931,0.4713565707206726,0.47345995903015137,0.3333333432674408,0.2846285104751587,0.048704832792282104
188343$_$1,188343,Neutral,Neutral,True,0.1887347400188446,0.6110469698905945,0.2002182900905609,0.0,0.021688051521778107,0.021688051521778107
188343$_$0,188343,Neutral,Positive,False,0.020952407270669937,0.34209442138671875,0.6369531750679016,0.0,0.4874074459075928,0.4874074459075928
188343$_$3,188343,Negative,Negative,True,0.9367204308509827,0.041202545166015625,0.022077031433582306,-1.3333333730697632,-1.3635594844818115,0.03022611141204834
188343$_$2,188343,Positive,Positive,True,0.14647258818149567,0.14896363019943237,0.7045637369155884,0.6666666865348816,0.7548366189002991,0.08816993236541748
188343$_$5,188343,Neutral,Negative,False,0.5247908234596252,0.3945070207118988,0.08070216327905655,0.0,-0.48651331663131714,0.48651331663131714
188343$_$4,188343,Neutral,Neutral,True,0.1819436401128769,0.705489456653595,0.11256690323352814,0.0,-0.06576596200466156,0.06576596200466156
188343$_$7,188343,Negative,Negative,True,0.9775646328926086,0.013275688514113426,0.009159792214632034,-2.3333332538604736,-1.992666244506836,0.3406670093536377
188343$_$6,188343,Positive,Neutral,False,0.20033341646194458,0.7200707793235779,0.07959581166505814,0.6666666865348816,-0.1275002509355545,0.7941669225692749
188343$_$9,188343,Positive,Negative,False,0.48276811838150024,0.18255700170993805,0.33467480540275574,1.0,-0.16000059247016907,1.1600005626678467
188343$_$8,188343,Negative,Negative,True,0.9748702049255371,0.015994396060705185,0.009135442785918713,-1.3333333730697632,-1.9212243556976318,0.5878909826278687
1HK7Nea0PFo$_$1,1HK7Nea0PFo,Neutral,Positive,False,0.13685311377048492,0.2647368013858795,0.5984100699424744,0.0,0.4587276577949524,0.4587276577949524
1HK7Nea0PFo$_$0,1HK7Nea0PFo,Positive,Positive,True,0.26443764567375183,0.1916874349117279,0.5438749194145203,0.3333333432674408,0.45660465955734253,0.12327131628990173
1HK7Nea0PFo$_$2,1HK7Nea0PFo,Neutral,Positive,False,0.03187565505504608,0.15906773507595062,0.8090566396713257,0.0,0.751373291015625,0.751373291015625
1HK7Nea0PFo$_$5,1HK7Nea0PFo,Positive,Positive,True,0.03695861995220184,0.08349118381738663,0.8795502185821533,0.6666666865348816,0.9694344997406006,0.302767813205719
216097$_$1,216097,Negative,Negative,True,0.8985686898231506,0.07717227190732956,0.024259064346551895,-1.0,-1.188213586807251,0.18821358680725098
216097$_$0,216097,Neutral,Neutral,True,0.09792035073041916,0.5871762633323669,0.3149033188819885,0.0,0.175167977809906,0.175167977809906
216097$_$3,216097,Positive,Neutral,False,0.10033170133829117,0.7545300126075745,0.14513827860355377,0.6666666865348816,0.11960183084011078,0.5470648407936096
216097$_$2,216097,Neutral,Neutral,True,0.07264217734336853,0.8438536524772644,0.08350417017936707,0.0,-0.001676240935921669,0.001676240935921669
216097$_$5,216097,Negative,Positive,False,0.140882208943367,0.35463741421699524,0.5044803619384766,-0.3333333432674408,0.485300213098526,0.8186335563659668
216097$_$4,216097,Neutral,Negative,False,0.5670344233512878,0.3551223874092102,0.07784319669008255,0.0,-0.5007503628730774,0.5007503628730774
216097$_$7,216097,Negative,Positive,False,0.18213573098182678,0.10979750007390976,0.7080667614936829,-0.3333333432674408,0.9027308225631714,1.2360641956329346
216097$_$6,216097,Positive,Neutral,False,0.12065571546554565,0.7087814807891846,0.1705627739429474,0.3333333432674408,0.06876726448535919,0.2645660638809204
216097$_$8,216097,Negative,Negative,True,0.9571799039840698,0.031239420175552368,0.011580712161958218,-1.6666666269302368,-1.4032931327819824,0.2633734941482544
223431$_$11,223431,Negative,Negative,True,0.8541647791862488,0.10022691637277603,0.0456082783639431,-1.3333333730697632,-1.076980710029602,0.25635266304016113
223431$_$10,223431,Negative,Negative,True,0.44193896651268005,0.17649608850479126,0.3815649747848511,-1.0,0.157535120844841,1.1575350761413574
223431$_$13,223431,Negative,Negative,True,0.9601126313209534,0.02583119459450245,0.014056152664124966,-2.3333332538604736,-1.7642126083374023,0.5691206455230713
223431$_$12,223431,Negative,Negative,True,0.7502135038375854,0.15396808087825775,0.0958184003829956,-0.6666666865348816,-0.9284901022911072,0.2618234157562256
223431$_$14,223431,Negative,Positive,False,0.38995984196662903,0.14824709296226501,0.46179303526878357,-0.3333333432674408,0.026614829897880554,0.35994815826416016
223431$_$1,223431,Neutral,Neutral,True,0.10185335576534271,0.7720060348510742,0.12614063918590546,0.0,0.024827230721712112,0.024827230721712112
223431$_$0,223431,Positive,Neutral,False,0.03075617365539074,0.5303186774253845,0.4389251172542572,0.3333333432674408,0.2923019826412201,0.0410313606262207
223431$_$3,223431,Positive,Neutral,False,0.0885799378156662,0.6539279818534851,0.2574920654296875,0.6666666865348816,0.26643526554107666,0.40023142099380493
223431$_$2,223431,Negative,Negative,True,0.9646847248077393,0.02106017805635929,0.014255128800868988,-1.3333333730697632,-1.7650541067123413,0.4317207336425781
223431$_$5,223431,Neutral,Negative,False,0.5053136348724365,0.41356149315834045,0.08112484216690063,0.0,-0.5282694697380066,0.5282694697380066
223431$_$4,223431,Neutral,Neutral,True,0.4358159005641937,0.48193761706352234,0.08224641531705856,0.0,-0.42964687943458557,0.42964687943458557
223431$_$7,223431,Negative,Negative,True,0.5026246905326843,0.347745805978775,0.14962950348854065,-0.6666666865348816,-0.37436679005622864,0.29229989647865295
223431$_$6,223431,Negative,Neutral,False,0.29205840826034546,0.6137865781784058,0.09415500611066818,-0.6666666865348816,-0.2902037501335144,0.3764629364013672
223431$_$9,223431,Negative,Negative,True,0.35269618034362793,0.324980229139328,0.3223235607147217,-2.0,0.12292131781578064,2.1229212284088135
223431$_$8,223431,Negative,Negative,True,0.9088764786720276,0.0502985380589962,0.0408250167965889,-2.0,-1.2503093481063843,0.7496906518936157
225770$_$11,225770,Positive,Neutral,False,0.06623199582099915,0.49269890785217285,0.4410690665245056,0.3333333432674408,0.4399787485599518,0.10664540529251099
225770$_$10,225770,Negative,Negative,True,0.9676689505577087,0.020839707925915718,0.011491362936794758,-1.6666666269302368,-1.6738414764404297,0.007174849510192871
225770$_$13,225770,Negative,Negative,True,0.8989102244377136,0.027392778545618057,0.07369694113731384,-2.0,-1.3343193531036377,0.6656806468963623
225770$_$12,225770,Negative,Negative,True,0.947191059589386,0.030071711167693138,0.022737249732017517,-1.3333333730697632,-1.5394034385681152,0.20607006549835205
225770$_$14,225770,Negative,Negative,True,0.9670172929763794,0.023590490221977234,0.00939219444990158,-1.0,-1.565605640411377,0.565605640411377
225770$_$1,225770,Positive,Negative,False,0.8199117183685303,0.13860487937927246,0.04148339852690697,0.3333333432674408,-1.0743905305862427,1.4077239036560059
225770$_$0,225770,Neutral,Neutral,True,0.07924199849367142,0.7111042141914368,0.20965372025966644,0.0,0.13853734731674194,0.13853734731674194
225770$_$3,225770,Negative,Negative,True,0.8242051005363464,0.13138540089130402,0.044409576803445816,-1.3333333730697632,-0.9285757541656494,0.40475761890411377
225770$_$2,225770,Negative,Negative,True,0.9235239624977112,0.03325282782316208,0.04322325065732002,-1.0,-1.2880337238311768,0.28803372383117676
225770$_$5,225770,Negative,Neutral,False,0.06563647091388702,0.6820955872535706,0.2522679567337036,-0.3333333432674408,0.10123662650585175,0.43456995487213135
225770$_$4,225770,Neutral,Neutral,True,0.12878699600696564,0.7893139123916626,0.08189909160137177,0.0,-0.03377678245306015,0.03377678245306015
225770$_$7,225770,Positive,Positive,True,0.1280534416437149,0.12352501600980759,0.7484215497970581,2.0,0.8458713889122009,1.1541285514831543
225770$_$6,225770,Neutral,Neutral,True,0.29749438166618347,0.5634753704071045,0.13903023302555084,0.0,-0.10249985754489899,0.10249985754489899
225770$_$9,225770,Positive,Positive,True,0.04652433469891548,0.04479198157787323,0.908683717250824,1.3333333730697632,1.6483452320098877,0.3150118589401245
225770$_$8,225770,Positive,Positive,True,0.3802943527698517,0.08751598745584488,0.532189667224884,1.0,0.6127921342849731,0.38720786571502686
236021$_$11,236021,Positive,Neutral,False,0.0580778531730175,0.7233313918113708,0.21859069168567657,0.6666666865348816,0.24553309381008148,0.4211335778236389
236021$_$10,236021,Negative,Negative,True,0.9443181157112122,0.03860896825790405,0.01707298681139946,-1.0,-1.3696879148483276,0.36968791484832764
236021$_$12,236021,Positive,Positive,True,0.1536194086074829,0.32528021931648254,0.5211004018783569,1.3333333730697632,0.5093556642532349,0.8239777088165283
236021$_$1,236021,Positive,Neutral,False,0.03009655326604843,0.874882698059082,0.09502071887254715,0.3333333432674408,0.149504616856575,0.18382872641086578
236021$_$0,236021,Neutral,Positive,False,0.04276779666543007,0.4196370840072632,0.5375950932502747,0.0,0.4501330256462097,0.4501330256462097
236021$_$3,236021,Neutral,Negative,False,0.9596832990646362,0.023502247408032417,0.016814375296235085,0.0,-1.8911237716674805,1.8911237716674805
236021$_$2,236021,Neutral,Negative,False,0.511043906211853,0.3506239354610443,0.13833218812942505,0.0,-0.26988786458969116,0.26988786458969116
236021$_$5,236021,Negative,Neutral,False,0.14658252894878387,0.6522655487060547,0.20115187764167786,-0.6666666865348816,0.11870309710502625,0.7853697538375854
236021$_$4,236021,Positive,Negative,False,0.6289511322975159,0.2916315793991089,0.07941728830337524,0.6666666865348816,-0.5363122820854187,1.2029789686203003
236021$_$7,236021,Negative,Negative,True,0.909235417842865,0.03124837391078472,0.059516094624996185,-1.3333333730697632,-1.278272271156311,0.05506110191345215
236021$_$6,236021,Negative,Negative,True,0.9513035416603088,0.0277203731238842,0.020976094529032707,-1.3333333730697632,-1.4399209022521973,0.10658752918243408
236021$_$9,236021,Negative,Positive,False,0.02996068261563778,0.06503398716449738,0.9050052762031555,-0.3333333432674408,1.2515512704849243,1.5848846435546875
236021$_$8,236021,Negative,Negative,True,0.9313048124313354,0.050529975444078445,0.01816524751484394,-2.0,-1.429219126701355,0.570780873298645
237009$_$11,237009,Negative,Negative,True,0.9025999903678894,0.06936722993850708,0.02803279459476471,-3.0,-1.4481855630874634,1.5518144369125366
237009$_$10,237009,Neutral,Neutral,True,0.1993645429611206,0.5530816912651062,0.24755382537841797,0.0,0.1370723694562912,0.1370723694562912
237009$_$12,237009,Negative,Negative,True,0.9660035967826843,0.018521931022405624,0.015474497340619564,-2.6666667461395264,-1.994489073753357,0.6721776723861694
237009$_$1,237009,Neutral,Neutral,True,0.06036819890141487,0.7800434827804565,0.1595883071422577,0.0,0.0959806963801384,0.0959806963801384
237009$_$0,237009,Positive,Neutral,False,0.030651487410068512,0.578770101070404,0.39057841897010803,0.3333333432674408,0.40039658546447754,0.06706324219703674
237009$_$3,237009,Negative,Negative,True,0.7738971710205078,0.18051598966121674,0.045586902648210526,-0.6666666865348816,-0.9145082235336304,0.24784153699874878
237009$_$2,237009,Negative,Negative,True,0.9566951394081116,0.030101586133241653,0.013203341513872147,-1.0,-1.5481640100479126,0.5481640100479126
237009$_$5,237009,Negative,Negative,True,0.9498405456542969,0.03139418736100197,0.01876525580883026,-3.0,-1.6756294965744019,1.3243705034255981
237009$_$4,237009,Positive,Positive,True,0.19563591480255127,0.0727495327591896,0.7316145896911621,0.3333333432674408,0.9630235433578491,0.6296901702880859
237009$_$7,237009,Negative,Negative,True,0.9734861254692078,0.014685189351439476,0.011828707531094551,-3.0,-1.9488704204559326,1.0511295795440674
237009$_$6,237009,Negative,Negative,True,0.9664480686187744,0.021435074508190155,0.01211687084287405,-2.6666667461395264,-1.8085942268371582,0.8580725193023682
237009$_$9,237009,Neutral,Negative,False,0.9383739233016968,0.0473678894340992,0.014258169569075108,0.0,-1.4486215114593506,1.4486215114593506
237009$_$8,237009,Negative,Positive,False,0.23375338315963745,0.21966908872127533,0.546577513217926,-0.6666666865348816,0.484320729970932,1.1509873867034912
241629$_$10,241629,Negative,Negative,True,0.9837183356285095,0.007971318438649178,0.008310392498970032,-1.6666666269302368,-2.0891308784484863,0.4224642515182495
241629$_$1,241629,Neutral,Neutral,True,0.14853383600711823,0.6845974922180176,0.1668686419725418,0.0,0.03654363378882408,0.03654363378882408
241629$_$0,241629,Positive,Positive,True,0.09562793374061584,0.2283376157283783,0.6760344505310059,1.0,0.7909874320030212,0.20901256799697876
241629$_$3,241629,Positive,Positive,True,0.07347388565540314,0.031087175011634827,0.8954389095306396,2.3333332538604736,1.7586530447006226,0.5746802091598511
241629$_$2,241629,Positive,Neutral,False,0.11436290293931961,0.7101365327835083,0.1755005568265915,0.3333333432674408,0.06959157437086105,0.26374176144599915
241629$_$5,241629,Negative,Negative,True,0.8067374229431152,0.11931866407394409,0.07394391298294067,-0.3333333432674408,-0.8489233255386353,0.5155899524688721
241629$_$4,241629,Neutral,Neutral,True,0.0753796398639679,0.8034327030181885,0.12118763476610184,0.0,0.09467381238937378,0.09467381238937378
241629$_$7,241629,Negative,Negative,True,0.9735785722732544,0.015629060566425323,0.0107923848554492,-1.6666666269302368,-1.951930046081543,0.28526341915130615
241629$_$6,241629,Negative,Negative,True,0.9749668836593628,0.017472533509135246,0.007560554891824722,-2.0,-1.833745002746582,0.16625499725341797
241629$_$9,241629,Positive,Positive,True,0.3137003779411316,0.18065302073955536,0.5056465864181519,0.3333333432674408,0.38563743233680725,0.052304089069366455
241629$_$8,241629,Negative,Negative,True,0.9687756299972534,0.01793849654495716,0.013285813853144646,-0.3333333432674408,-1.7867939472198486,1.4534605741500854
243646$_$11,243646,Negative,Negative,True,0.8756256103515625,0.09261319786310196,0.03176117315888405,-0.6666666865348816,-1.099310040473938,0.4326433539390564
243646$_$10,243646,Negative,Negative,True,0.9780212044715881,0.011299368925392628,0.010679449886083603,-2.6666667461395264,-2.017409324645996,0.6492574214935303
243646$_$12,243646,Negative,Negative,True,0.9306074380874634,0.04023445397615433,0.02915814332664013,-1.3333333730697632,-1.4321889877319336,0.09885561466217041
243646$_$1,243646,Positive,Neutral,False,0.10535163432359695,0.7188884019851685,0.1757599115371704,0.3333333432674408,0.09761159121990204,0.23572175204753876
243646$_$0,243646,Positive,Neutral,False,0.05557648092508316,0.5839873552322388,0.36043617129325867,0.3333333432674408,0.21114331483840942,0.12219002842903137
243646$_$3,243646,Neutral,Positive,False,0.025728194043040276,0.43129637837409973,0.5429754257202148,0.0,0.3918452262878418,0.3918452262878418
243646$_$2,243646,Neutral,Neutral,True,0.31687042117118835,0.5673737525939941,0.1157558336853981,0.0,-0.3151583671569824,0.3151583671569824
243646$_$7,243646,Neutral,Neutral,True,0.24875859916210175,0.5334181785583496,0.21782328188419342,0.0,0.02012590691447258,0.02012590691447258
243646$_$6,243646,Positive,Negative,False,0.5371829867362976,0.3795328140258789,0.08328423649072647,0.3333333432674408,-0.5041986107826233,0.8375319242477417
243646$_$9,243646,Neutral,Neutral,True,0.13024087250232697,0.803026020526886,0.06673315167427063,0.0,-0.15337879955768585,0.15337879955768585
243646$_$8,243646,Neutral,Neutral,True,0.19908897578716278,0.6135036945343018,0.18740737438201904,0.0,-0.058034174144268036,0.058034174144268036
247318$_$11,247318,Positive,Negative,False,0.8452461957931519,0.06261776387691498,0.09213599562644958,0.3333333432674408,-0.8568651676177979,1.190198540687561
247318$_$10,247318,Negative,Negative,True,0.9548856019973755,0.01755686104297638,0.027557559311389923,-2.0,-1.6560180187225342,0.3439819812774658
247318$_$13,247318,Negative,Negative,True,0.9731572866439819,0.01692669279873371,0.009916014038026333,-1.6666666269302368,-1.8795061111450195,0.21283948421478271
247318$_$12,247318,Negative,Negative,True,0.9569666385650635,0.02770438976585865,0.015328939072787762,-2.0,-1.5229532718658447,0.4770467281341553
247318$_$14,247318,Negative,Negative,True,0.9754117131233215,0.014724021777510643,0.009864252991974354,-1.6666666269302368,-1.9534674882888794,0.2868008613586426
247318$_$1,247318,Neutral,Neutral,True,0.07300038635730743,0.6708476543426514,0.25615194439888,0.0,0.23739835619926453,0.23739835619926453
247318$_$0,247318,Neutral,Neutral,True,0.024463409557938576,0.6454747319221497,0.3300618827342987,0.0,0.26174041628837585,0.26174041628837585
247318$_$3,247318,Negative,Negative,True,0.5739840269088745,0.32544636726379395,0.10056960582733154,-2.3333332538604736,-0.42720872163772583,1.9061245918273926
247318$_$2,247318,Negative,Negative,True,0.8076098561286926,0.11381673067808151,0.07857347279787064,-1.6666666269302368,-1.0096186399459839,0.6570479869842529
247318$_$5,247318,Negative,Negative,True,0.5475857257843018,0.2560648024082184,0.19634944200515747,-0.3333333432674408,-0.3415847718715668,0.008251428604125977
247318$_$4,247318,Negative,Negative,True,0.8219023942947388,0.14397215843200684,0.03412536159157753,-1.6666666269302368,-0.9684909582138062,0.6981756687164307
247318$_$7,247318,Negative,Negative,True,0.9623624086380005,0.02412489429116249,0.013512670062482357,-2.0,-1.5262460708618164,0.4737539291381836
247318$_$6,247318,Negative,Neutral,False,0.12974108755588531,0.6829792857170105,0.18727955222129822,-0.3333333432674408,0.04811733961105347,0.38145068287849426
247318$_$9,247318,Negative,Negative,True,0.9720264673233032,0.017559880390763283,0.01041370164602995,-1.6666666269302368,-1.8369250297546387,0.17025840282440186
247318$_$8,247318,Negative,Negative,True,0.9628141522407532,0.02456648461520672,0.012619278393685818,-1.3333333730697632,-1.4703961610794067,0.13706278800964355
252998$_$1,252998,Neutral,Neutral,True,0.12742552161216736,0.6965781450271606,0.1759963035583496,0.0,0.0866328552365303,0.0866328552365303
252998$_$0,252998,Neutral,Neutral,True,0.0725468248128891,0.6644105911254883,0.2630425989627838,0.0,0.18265335261821747,0.18265335261821747
252998$_$3,252998,Positive,Neutral,False,0.04464799910783768,0.7796221375465393,0.175729900598526,0.3333333432674408,0.20679661631584167,0.12653672695159912
252998$_$2,252998,Neutral,Neutral,True,0.12086490541696548,0.7934320569038391,0.08570302277803421,0.0,-0.009372249245643616,0.009372249245643616
252998$_$5,252998,Negative,Negative,True,0.9739183187484741,0.016717277467250824,0.009364437311887741,-1.3333333730697632,-1.8680100440979004,0.5346766710281372
252998$_$4,252998,Negative,Neutral,False,0.42950373888015747,0.5112102627754211,0.0592859648168087,-0.3333333432674408,-0.4872836768627167,0.15395033359527588
252998$_$7,252998,Positive,Positive,True,0.29440924525260925,0.05904395133256912,0.6465467810630798,1.3333333730697632,0.8383024334907532,0.49503093957901
252998$_$6,252998,Negative,Positive,False,0.21160820126533508,0.16597406566143036,0.622417688369751,-2.0,0.6889771223068237,2.6889772415161133
252998$_$8,252998,Negative,Negative,True,0.5533115863800049,0.36770185828208923,0.07898655533790588,-1.6666666269302368,-0.5642919540405273,1.1023746728897095
257247$_$11,257247,Negative,Negative,True,0.945280134677887,0.03989345207810402,0.014826305210590363,-1.0,-1.3053874969482422,0.3053874969482422
257247$_$10,257247,Negative,Negative,True,0.8599011301994324,0.10054286569356918,0.03955601528286934,-0.3333333432674408,-0.923853874206543,0.5905205011367798
257247$_$12,257247,Negative,Negative,True,0.975155770778656,0.014740273356437683,0.010103884153068066,-1.6666666269302368,-1.895603895187378,0.2289372682571411
257247$_$1,257247,Neutral,Positive,False,0.028783757239580154,0.3199240267276764,0.6512922048568726,0.0,0.5397480726242065,0.5397480726242065
257247$_$0,257247,Positive,Positive,True,0.11837991327047348,0.29477936029434204,0.5868407487869263,0.3333333432674408,0.5442092418670654,0.21087589859962463
257247$_$3,257247,Negative,Negative,True,0.9480854868888855,0.028623774647712708,0.02329074591398239,-1.6666666269302368,-1.6017136573791504,0.06495296955108643
257247$_$2,257247,Neutral,Neutral,True,0.025868823751807213,0.7847647666931152,0.1893664002418518,0.0,0.16812728345394135,0.16812728345394135
257247$_$5,257247,Negative,Negative,True,0.9784494042396545,0.012334452010691166,0.009216148406267166,-1.3333333730697632,-1.9982962608337402,0.664962887763977
257247$_$4,257247,Negative,Neutral,False,0.12173698842525482,0.7324236631393433,0.14583934843540192,-0.3333333432674408,0.0481976717710495,0.3815310001373291
257247$_$7,257247,Negative,Negative,True,0.9554594159126282,0.03190230578184128,0.012638341635465622,-2.3333332538604736,-1.6249096393585205,0.7084236145019531
257247$_$6,257247,Negative,Negative,True,0.9205292463302612,0.053408533334732056,0.026062259450554848,-1.6666666269302368,-1.3554916381835938,0.31117498874664307
257247$_$9,257247,Neutral,Positive,False,0.03928310424089432,0.11511656641960144,0.8456003069877625,0.0,1.0178368091583252,1.0178368091583252
257247$_$8,257247,Neutral,Neutral,True,0.25328126549720764,0.44716566801071167,0.2995530962944031,0.0,0.1137470155954361,0.1137470155954361
258654$_$1,258654,Negative,Negative,True,0.9794542193412781,0.01255852822214365,0.00798727385699749,-1.3333333730697632,-2.059373617172241,0.726040244102478
258654$_$0,258654,Positive,Neutral,False,0.17233555018901825,0.5262482762336731,0.3014161288738251,1.3333333730697632,0.1815720796585083,1.1517612934112549
258654$_$3,258654,Negative,Negative,True,0.9715793132781982,0.01203774381428957,0.01638292893767357,-2.3333332538604736,-2.0945515632629395,0.23878169059753418
258654$_$2,258654,Negative,Negative,True,0.9326958656311035,0.04073222726583481,0.026571879163384438,-2.0,-1.5746103525161743,0.4253896474838257
258654$_$5,258654,Negative,Negative,True,0.9627315402030945,0.01700381375849247,0.02026471123099327,-1.6666666269302368,-1.8042900562286377,0.13762342929840088
258654$_$4,258654,Neutral,Neutral,True,0.10598701983690262,0.4754246175289154,0.4185883700847626,0.0,0.2758774757385254,0.2758774757385254
266791$_$24,266791,Negative,Negative,True,0.9533839225769043,0.02811856009066105,0.01849742978811264,-1.6666666269302368,-1.5450602769851685,0.12160634994506836
266791$_$25,266791,Negative,Negative,True,0.4988507926464081,0.27541816234588623,0.22573108971118927,-1.3333333730697632,-0.2489250749349594,1.0844082832336426
266791$_$26,266791,Neutral,Neutral,True,0.11831876635551453,0.5214864611625671,0.3601948618888855,0.0,0.23876053094863892,0.23876053094863892
266791$_$27,266791,Negative,Negative,True,0.8106050491333008,0.1475747674703598,0.04182010889053345,-1.3333333730697632,-0.9584399461746216,0.3748934268951416
266791$_$20,266791,Positive,Positive,True,0.13858070969581604,0.11964376270771027,0.7417755722999573,0.6666666865348816,0.9835016131401062,0.3168349266052246
266791$_$21,266791,Negative,Negative,True,0.9394335746765137,0.04123327136039734,0.019333157688379288,-1.6666666269302368,-1.4718093872070312,0.19485723972320557
266791$_$22,266791,Negative,Negative,True,0.6984622478485107,0.1840900480747223,0.117447629570961,-1.6666666269302368,-0.623397171497345,1.043269395828247
266791$_$23,266791,Negative,Positive,False,0.2961283326148987,0.27244287729263306,0.43142879009246826,-2.6666667461395264,0.24233797192573547,2.9090046882629395
266791$_$28,266791,Negative,Negative,True,0.9705279469490051,0.016425423324108124,0.013046590611338615,-2.6666667461395264,-1.9962830543518066,0.6703836917877197
266791$_$29,266791,Negative,Neutral,False,0.2464040368795395,0.5664448142051697,0.187151238322258,-1.6666666269302368,-0.029133884236216545,1.6375327110290527
266791$_$1,266791,Neutral,Neutral,True,0.10104437917470932,0.6425983309745789,0.25635725259780884,0.0,0.1504172384738922,0.1504172384738922
266791$_$0,266791,Neutral,Neutral,True,0.061708129942417145,0.5727652311325073,0.36552664637565613,0.0,0.19051438570022583,0.19051438570022583
266791$_$3,266791,Positive,Neutral,False,0.09948406368494034,0.6004773378372192,0.3000386953353882,1.0,0.23477599024772644,0.7652239799499512
266791$_$2,266791,Neutral,Neutral,True,0.045645322650671005,0.7915815114974976,0.16277316212654114,0.0,0.16870103776454926,0.16870103776454926
266791$_$5,266791,Negative,Negative,True,0.9649591445922852,0.022446265444159508,0.012594643048942089,-2.3333332538604736,-1.6688296794891357,0.6645035743713379
266791$_$4,266791,Negative,Negative,True,0.9489368200302124,0.033861223608255386,0.017202027142047882,-1.6666666269302368,-1.5839489698410034,0.0827176570892334
266791$_$7,266791,Negative,Negative,True,0.7457799315452576,0.2019243985414505,0.05229570344090462,-0.3333333432674408,-0.8277369737625122,0.4944036304950714
266791$_$6,266791,Neutral,Neutral,True,0.06617219001054764,0.8041444420814514,0.12968339025974274,0.0,0.16603615880012512,0.16603615880012512
266791$_$9,266791,Negative,Negative,True,0.8409273624420166,0.0997890830039978,0.05928358808159828,-1.3333333730697632,-1.033089518547058,0.3002438545227051
266791$_$8,266791,Negative,Negative,True,0.6262825131416321,0.325670063495636,0.04804753512144089,-1.3333333730697632,-0.6727137565612793,0.6606196165084839
266791$_$11,266791,Positive,Negative,False,0.43479257822036743,0.25984492897987366,0.3053624927997589,1.0,0.0056563690304756165,0.994343638420105
266791$_$10,266791,Negative,Negative,True,0.922960102558136,0.0532076396048069,0.023832252249121666,-1.3333333730697632,-1.3002352714538574,0.03309810161590576
266791$_$13,266791,Negative,Neutral,False,0.3603361248970032,0.502144455909729,0.13751938939094543,-0.6666666865348816,-0.2008746713399887,0.4657920002937317
266791$_$12,266791,Negative,Negative,True,0.9007440805435181,0.06808493286371231,0.03117101453244686,-1.3333333730697632,-1.1608977317810059,0.17243564128875732
266791$_$15,266791,Negative,Negative,True,0.974528968334198,0.016237039119005203,0.009234053082764149,-2.6666667461395264,-1.949108600616455,0.7175581455230713
266791$_$14,266791,Negative,Negative,True,0.9229403138160706,0.03271936997771263,0.04434042051434517,-1.3333333730697632,-1.4658732414245605,0.13253986835479736
266791$_$17,266791,Negative,Negative,True,0.9501750469207764,0.03280167654156685,0.017023291438817978,-2.3333332538604736,-1.530369758605957,0.8029634952545166
266791$_$16,266791,Negative,Negative,True,0.9755160808563232,0.013597712852060795,0.010886207222938538,-2.6666667461395264,-2.0061206817626953,0.660546064376831
266791$_$19,266791,Negative,Negative,True,0.4667685627937317,0.2253645658493042,0.30786681175231934,-0.3333333432674408,-0.051693178713321686,0.2816401720046997
266791$_$18,266791,Negative,Negative,True,0.9810150861740112,0.00865391455590725,0.010331030003726482,-2.6666667461395264,-2.1351490020751953,0.531517744064331
266791$_$31,266791,Negative,Negative,True,0.9786101579666138,0.009911120869219303,0.011478646658360958,-2.6666667461395264,-2.102494716644287,0.5641720294952393
266791$_$30,266791,Negative,Negative,True,0.952487051486969,0.03155524656176567,0.015957651659846306,-2.3333332538604736,-1.6523735523223877,0.6809597015380859
266791$_$36,266791,Negative,Negative,True,0.943733274936676,0.03661029413342476,0.01965642161667347,-2.6666667461395264,-1.7435638904571533,0.923102855682373
266791$_$35,266791,Negative,Negative,True,0.9703583121299744,0.015402779914438725,0.014238817617297173,-2.6666667461395264,-1.9593888521194458,0.7072778940200806
266791$_$34,266791,Negative,Negative,True,0.9683467745780945,0.015902958810329437,0.01575026847422123,-2.3333332538604736,-1.8356835842132568,0.4976496696472168
266791$_$33,266791,Negative,Negative,True,0.9807403683662415,0.009859384968876839,0.009400214068591595,-2.3333332538604736,-2.1587395668029785,0.17459368705749512
266791$_$32,266791,Negative,Negative,True,0.941356360912323,0.03164936602115631,0.026994284242391586,-1.0,-1.6400933265686035,0.6400933265686035
270254$_$24,270254,Negative,Negative,True,0.6094443202018738,0.2450302541255951,0.14552538096904755,-1.3333333730697632,-0.46493440866470337,0.8683989644050598
270254$_$25,270254,Negative,Negative,True,0.7660545110702515,0.04070381447672844,0.19324171543121338,-0.6666666865348816,-0.5682499408721924,0.09841674566268921
270254$_$20,270254,Negative,Neutral,False,0.3169907331466675,0.46482548117637634,0.21818377077579498,-1.0,-0.008512206375598907,0.9914878010749817
270254$_$21,270254,Positive,Positive,True,0.10636737942695618,0.14477194845676422,0.7488606572151184,1.3333333730697632,0.9846572875976562,0.34867608547210693
270254$_$22,270254,Negative,Negative,True,0.9617157578468323,0.022127071395516396,0.01615721359848976,-1.6666666269302368,-1.8430801630020142,0.17641353607177734
270254$_$23,270254,Negative,Negative,True,0.7068315148353577,0.16113147139549255,0.132036954164505,-1.6666666269302368,-0.8455172777175903,0.8211493492126465
270254$_$1,270254,Positive,Positive,True,0.10655739158391953,0.22576551139354706,0.667677104473114,1.3333333730697632,0.6218404173851013,0.7114929556846619
270254$_$0,270254,Neutral,Positive,False,0.08675332367420197,0.41348692774772644,0.4997597932815552,0.0,0.3982367515563965,0.3982367515563965
270254$_$3,270254,Positive,Neutral,False,0.14440158009529114,0.5760499835014343,0.27954840660095215,0.3333333432674408,0.1807119995355606,0.1526213437318802
270254$_$2,270254,Neutral,Neutral,True,0.28735777735710144,0.5636317133903503,0.1490105390548706,0.0,-0.10994577407836914,0.10994577407836914
270254$_$5,270254,Neutral,Neutral,True,0.18091577291488647,0.5609819889068604,0.25810229778289795,0.0,0.14777061343193054,0.14777061343193054
270254$_$4,270254,Negative,Positive,False,0.33825013041496277,0.09378637373447418,0.5679634809494019,-1.6666666269302368,0.2231138050556183,1.8897804021835327
270254$_$7,270254,Negative,Negative,True,0.9551264047622681,0.03029588609933853,0.01457766629755497,-2.6666667461395264,-1.510582447052002,1.1560842990875244
270254$_$6,270254,Positive,Positive,True,0.3488965630531311,0.30081525444984436,0.35028818249702454,0.6666666865348816,0.0993536189198494,0.5673130750656128
270254$_$9,270254,Positive,Positive,True,0.27660366892814636,0.20124131441116333,0.5221549868583679,1.3333333730697632,0.45451006293296814,0.8788232803344727
270254$_$8,270254,Negative,Negative,True,0.9737238883972168,0.014678056351840496,0.011598051525652409,-1.3333333730697632,-1.9842298030853271,0.650896430015564
270254$_$11,270254,Neutral,Neutral,True,0.19715151190757751,0.5641300082206726,0.23871847987174988,0.0,0.08921477198600769,0.08921477198600769
270254$_$10,270254,Negative,Neutral,False,0.3136957883834839,0.5645960569381714,0.12170813977718353,-0.6666666865348816,-0.1063634380698204,0.560303270816803
270254$_$13,270254,Neutral,Neutral,True,0.12205246835947037,0.5515064001083374,0.3264411687850952,0.0,0.21061550080776215,0.21061550080776215
270254$_$12,270254,Negative,Negative,True,0.8920661211013794,0.06385145336389542,0.04408235475420952,-1.3333333730697632,-1.293527603149414,0.03980576992034912
270254$_$15,270254,Negative,Negative,True,0.9282172918319702,0.03896866366267204,0.03281402587890625,-1.6666666269302368,-1.516137957572937,0.1505286693572998
270254$_$14,270254,Negative,Negative,True,0.4945896863937378,0.32901468873023987,0.17639568448066711,-1.6666666269302368,-0.1867222636938095,1.4799443483352661
270254$_$17,270254,Negative,Negative,True,0.966697096824646,0.021029548719525337,0.012273278087377548,-1.6666666269302368,-1.6346569061279297,0.03200972080230713
270254$_$16,270254,Negative,Negative,True,0.45645657181739807,0.38589754700660706,0.15764592587947845,-0.6666666865348816,-0.19547295570373535,0.47119373083114624
270254$_$19,270254,Negative,Negative,True,0.9694706797599792,0.02077881433069706,0.009750491939485073,-2.3333332538604736,-1.677264928817749,0.6560683250427246
270254$_$18,270254,Negative,Negative,True,0.8726204633712769,0.09831799566745758,0.029061533510684967,-2.3333332538604736,-1.1517354249954224,1.1815978288650513
272624$_$11,272624,Negative,Negative,True,0.9467716813087463,0.03167056292295456,0.02155776135623455,-1.0,-1.4898356199264526,0.48983561992645264
272624$_$10,272624,Negative,Negative,True,0.9364588260650635,0.040967945009469986,0.0225732009857893,-1.6666666269302368,-1.4628105163574219,0.20385611057281494
272624$_$13,272624,Positive,Positive,True,0.12700293958187103,0.0963420644402504,0.7766550183296204,0.6666666865348816,0.9016802906990051,0.23501360416412354
272624$_$12,272624,Negative,Negative,True,0.9106838703155518,0.07285977900028229,0.01645638793706894,-1.0,-1.1075528860092163,0.10755288600921631
272624$_$15,272624,Positive,Positive,True,0.3043436110019684,0.2021288275718689,0.4935275912284851,0.6666666865348816,0.33701252937316895,0.32965415716171265
272624$_$14,272624,Negative,Negative,True,0.9126742482185364,0.05094386264681816,0.036381885409355164,-0.3333333432674408,-1.3295023441314697,0.9961689710617065
272624$_$17,272624,Positive,Neutral,False,0.06374036520719528,0.806357204914093,0.1299024075269699,0.3333333432674408,0.026161428540945053,0.30717191100120544
272624$_$16,272624,Neutral,Negative,False,0.9607000350952148,0.02556181699037552,0.013738065026700497,0.0,-1.6871811151504517,1.6871811151504517
272624$_$18,272624,Positive,Neutral,False,0.2605331540107727,0.5526719093322754,0.18679501116275787,0.3333333432674408,-0.03533126413822174,0.36866462230682373
272624$_$1,272624,Neutral,Neutral,True,0.0633152425289154,0.5701390504837036,0.366545706987381,0.0,0.29439646005630493,0.29439646005630493
272624$_$0,272624,Positive,Positive,True,0.13145767152309418,0.3647671341896057,0.5037751793861389,0.3333333432674408,0.39863455295562744,0.06530120968818665
272624$_$3,272624,Neutral,Neutral,True,0.2684576213359833,0.5006020069122314,0.23094037175178528,0.0,0.008327089250087738,0.008327089250087738
272624$_$2,272624,Neutral,Neutral,True,0.06716524064540863,0.7921380996704102,0.1406966894865036,0.0,0.14674203097820282,0.14674203097820282
272624$_$5,272624,Neutral,Positive,False,0.08348733931779861,0.1782676726579666,0.7382449507713318,0.0,0.9381248950958252,0.9381248950958252
272624$_$4,272624,Positive,Negative,False,0.5797160863876343,0.15208080410957336,0.26820307970046997,0.3333333432674408,-0.28977787494659424,0.6231112480163574
272624$_$7,272624,Negative,Negative,True,0.8070011734962463,0.12324723601341248,0.06975153833627701,-1.0,-1.1268484592437744,0.12684845924377441
272624$_$6,272624,Negative,Negative,True,0.7426125407218933,0.15635016560554504,0.10103730857372284,-0.6666666865348816,-0.9772846698760986,0.31061798334121704
272624$_$9,272624,Negative,Negative,True,0.8215261697769165,0.06851431727409363,0.10995947569608688,-1.0,-1.0672547817230225,0.06725478172302246
272624$_$8,272624,Negative,Negative,True,0.8957062363624573,0.06458786129951477,0.03970596566796303,-1.6666666269302368,-1.2776572704315186,0.38900935649871826
273539$_$1,273539,Neutral,Neutral,True,0.07279115170240402,0.5854828357696533,0.34172603487968445,0.0,0.270717978477478,0.270717978477478
273539$_$0,273539,Positive,Neutral,False,0.07241548597812653,0.5427194237709045,0.38486501574516296,0.3333333432674408,0.2906694710254669,0.04266387224197388
273539$_$3,273539,Negative,Negative,True,0.96039879322052,0.029650947079062462,0.009950266219675541,-2.6666667461395264,-1.6373871564865112,1.0292795896530151
273539$_$2,273539,Neutral,Neutral,True,0.15085174143314362,0.7260866165161133,0.12306167930364609,0.0,-0.07901086658239365,0.07901086658239365
273539$_$5,273539,Neutral,Neutral,True,0.06419642269611359,0.6889613270759583,0.24684225022792816,0.0,0.18402917683124542,0.18402917683124542
273539$_$4,273539,Negative,Negative,True,0.8090223073959351,0.10274098813533783,0.08823677152395248,-1.6666666269302368,-0.767202615737915,0.8994640111923218
273539$_$7,273539,Negative,Negative,True,0.9523077011108398,0.0324934683740139,0.015198853798210621,-1.6666666269302368,-1.497876763343811,0.16878986358642578
273539$_$6,273539,Negative,Negative,True,0.6466566324234009,0.29857584834098816,0.05476754903793335,-0.6666666865348816,-0.8494256734848022,0.18275898694992065
273539$_$9,273539,Negative,Negative,True,0.9700031876564026,0.015098673291504383,0.01489812508225441,-2.3333332538604736,-1.9156858921051025,0.4176473617553711
273539$_$8,273539,Positive,Positive,True,0.3838407099246979,0.1759507656097412,0.4402084946632385,0.3333333432674408,0.32691192626953125,0.006421416997909546
290546$_$1,290546,Negative,Negative,True,0.7645074725151062,0.1910717636346817,0.0444207638502121,-1.0,-1.024202585220337,0.024202585220336914
290546$_$0,290546,Positive,Positive,True,0.06288941949605942,0.3798021376132965,0.5573084354400635,0.3333333432674408,0.502650260925293,0.16931691765785217
290546$_$3,290546,Neutral,Negative,False,0.5673938989639282,0.2911532521247864,0.14145275950431824,0.0,-0.3253571391105652,0.3253571391105652
290546$_$2,290546,Negative,Negative,True,0.9329044818878174,0.04189078137278557,0.025204742327332497,-1.0,-1.4721064567565918,0.4721064567565918
290546$_$5,290546,Negative,Negative,True,0.6789647340774536,0.28006452322006226,0.040970802307128906,-1.0,-0.8050921559333801,0.19490784406661987
290546$_$4,290546,Negative,Neutral,False,0.15475144982337952,0.7813661098480225,0.0638824999332428,-0.3333333432674408,-0.07050011307001114,0.26283323764801025
290546$_$7,290546,Negative,Neutral,False,0.4007909893989563,0.40944206714630127,0.18976692855358124,-0.3333333432674408,-0.10229047387838364,0.23104286193847656
290546$_$6,290546,Neutral,Neutral,True,0.44058677554130554,0.4604390859603882,0.09897416085004807,0.0,-0.2229021042585373,0.2229021042585373
290546$_$9,290546,Negative,Negative,True,0.9679604768753052,0.019157683476805687,0.012881780043244362,-1.3333333730697632,-1.7601343393325806,0.4268009662628174
290546$_$8,290546,Positive,Positive,True,0.03136565536260605,0.05268970876932144,0.9159445762634277,1.6666666269302368,1.4528776407241821,0.2137889862060547
2J4zrDn7K4s$_$1,2J4zrDn7K4s,Positive,Positive,True,0.01922304555773735,0.14969028532505035,0.8310866355895996,1.0,0.801794171333313,0.198205828666687
2S00zYaVrtc$_$10,2S00zYaVrtc,Negative,Negative,True,0.9245781898498535,0.04018709808588028,0.03523464500904083,-2.6666667461395264,-1.4378552436828613,1.228811502456665
2S00zYaVrtc$_$13,2S00zYaVrtc,Negative,Negative,True,0.8202362656593323,0.10691120475530624,0.07285249978303909,-1.6666666269302368,-0.9775681495666504,0.6890984773635864
2S00zYaVrtc$_$12,2S00zYaVrtc,Positive,Positive,True,0.04040117934346199,0.06662154197692871,0.8929772973060608,2.0,1.1156402826309204,0.8843597173690796
2S00zYaVrtc$_$20,2S00zYaVrtc,Positive,Positive,True,0.011244958266615868,0.035662323236465454,0.9530926942825317,1.3333333730697632,1.459102749824524,0.12576937675476074
2S00zYaVrtc$_$14,2S00zYaVrtc,Negative,Negative,True,0.8827226758003235,0.08396696299314499,0.03331039473414421,-1.0,-1.0572785139083862,0.05727851390838623
2S00zYaVrtc$_$17,2S00zYaVrtc,Negative,Positive,False,0.38157933950424194,0.1255137026309967,0.49290695786476135,-0.3333333432674408,0.2803077697753906,0.6136411428451538
2S00zYaVrtc$_$16,2S00zYaVrtc,Negative,Negative,True,0.7891971468925476,0.12339997291564941,0.08740291744470596,-0.6666666865348816,-0.7369176149368286,0.07025092840194702
2S00zYaVrtc$_$18,2S00zYaVrtc,Positive,Positive,True,0.01701836660504341,0.16545255482196808,0.8175290822982788,1.0,0.7263752222061157,0.2736247777938843
2S00zYaVrtc$_$1,2S00zYaVrtc,Negative,Negative,True,0.5827803611755371,0.2662915587425232,0.1509280800819397,-1.0,-0.2801021933555603,0.7198978066444397
2S00zYaVrtc$_$0,2S00zYaVrtc,Positive,Positive,True,0.024033891037106514,0.29219886660575867,0.6837672591209412,0.6666666865348816,0.6269764304161072,0.039690256118774414
2S00zYaVrtc$_$5,2S00zYaVrtc,Positive,Positive,True,0.020452994853258133,0.03697345405817032,0.942573606967926,1.6666666269302368,1.3572380542755127,0.3094285726547241
2S00zYaVrtc$_$4,2S00zYaVrtc,Positive,Positive,True,0.09084239602088928,0.09882593899965286,0.8103316426277161,1.3333333730697632,0.8915836811065674,0.4417496919631958
2S00zYaVrtc$_$7,2S00zYaVrtc,Positive,Positive,True,0.2351185828447342,0.11824191361665726,0.6466395258903503,0.6666666865348816,0.6266108751296997,0.040055811405181885
2Xt31_d0XEE$_$1,2Xt31_d0XEE,Positive,Positive,True,0.009631965309381485,0.06053519994020462,0.9298328757286072,2.0,1.1258313655853271,0.8741686344146729
2Xt31_d0XEE$_$0,2Xt31_d0XEE,Positive,Positive,True,0.010186414234340191,0.09813220798969269,0.891681432723999,1.3333333730697632,1.0675781965255737,0.26575517654418945
2Xt31_d0XEE$_$3,2Xt31_d0XEE,Positive,Positive,True,0.01248910091817379,0.024457981809973717,0.9630529284477234,2.0,1.6391863822937012,0.36081361770629883
2Xt31_d0XEE$_$2,2Xt31_d0XEE,Positive,Positive,True,0.01475871354341507,0.027075879275798798,0.9581654071807861,2.0,1.5417792797088623,0.4582207202911377
31474$_$11,31474,Negative,Neutral,False,0.2123873233795166,0.5559023022651672,0.23171032965183258,-1.3333333730697632,0.06224396824836731,1.395577311515808
31474$_$10,31474,Negative,Negative,True,0.9791243672370911,0.009305908344686031,0.011569693684577942,-2.6666667461395264,-2.1413397789001465,0.5253269672393799
31474$_$13,31474,Negative,Negative,True,0.7576393485069275,0.1752631664276123,0.06709741055965424,-0.6666666865348816,-0.8247652649879456,0.15809857845306396
31474$_$12,31474,Negative,Positive,False,0.2524873912334442,0.10467097163200378,0.642841637134552,-1.0,0.7624670267105103,1.7624670267105103
31474$_$15,31474,Negative,Negative,True,0.6919369697570801,0.21784652769565582,0.09021653234958649,-2.3333332538604736,-0.8636394739151001,1.4696937799453735
31474$_$14,31474,Neutral,Negative,False,0.9332351088523865,0.03944297879934311,0.027321839705109596,0.0,-1.423616647720337,1.423616647720337
31474$_$16,31474,Negative,Negative,True,0.8566209673881531,0.0354912132024765,0.10788785666227341,-1.3333333730697632,-1.037294626235962,0.29603874683380127
31474$_$1,31474,Neutral,Neutral,True,0.04687783867120743,0.8453425765037537,0.10777956992387772,0.0,0.05248299986124039,0.05248299986124039
31474$_$0,31474,Positive,Positive,True,0.034252531826496124,0.3056999444961548,0.6600475907325745,0.3333333432674408,0.542671799659729,0.2093384563922882
31474$_$3,31474,Neutral,Neutral,True,0.11683830618858337,0.8023175001144409,0.0808442234992981,0.0,-0.07875754684209824,0.07875754684209824
31474$_$2,31474,Negative,Negative,True,0.8279918432235718,0.10004990547895432,0.07195831090211868,-1.0,-0.9659120440483093,0.034087955951690674
31474$_$5,31474,Negative,Neutral,False,0.42831552028656006,0.46307632327079773,0.1086081936955452,-1.0,-0.3580673038959503,0.6419327259063721
31474$_$4,31474,Positive,Negative,False,0.38716834783554077,0.2803855836391449,0.33244600892066956,0.3333333432674408,0.0059083253145217896,0.3274250030517578
31474$_$7,31474,Positive,Positive,True,0.11323815584182739,0.10262184590101242,0.7841400504112244,1.0,0.84272301197052,0.15727698802947998
31474$_$6,31474,Negative,Negative,True,0.9746344089508057,0.014002073556184769,0.01136353425681591,-2.6666667461395264,-2.0107226371765137,0.6559441089630127
31474$_$9,31474,Negative,Negative,True,0.6790704131126404,0.2183852195739746,0.10254436731338501,-1.0,-0.5887054204940796,0.4112945795059204
31474$_$8,31474,Neutral,Negative,False,0.6405824422836304,0.28120487928390503,0.0782126784324646,0.0,-0.7672374248504639,0.7672374248504639
32681$_$1,32681,Neutral,Negative,False,0.5176624655723572,0.1452380120754242,0.3370996117591858,0.0,-0.20797467231750488,0.20797467231750488
32681$_$0,32681,Positive,Positive,True,0.10540822148323059,0.29675328731536865,0.5978385210037231,0.3333333432674408,0.6248997449874878,0.291566401720047
32681$_$3,32681,Negative,Negative,True,0.9767017364501953,0.014180328696966171,0.00911787524819374,-2.6666667461395264,-1.984482765197754,0.6821839809417725
32681$_$2,32681,Neutral,Positive,False,0.10213275998830795,0.35222098231315613,0.5456462502479553,0.0,0.45319440960884094,0.45319440960884094
32681$_$5,32681,Positive,Negative,False,0.5329745411872864,0.08823522925376892,0.3787902891635895,0.3333333432674408,0.07788515090942383,0.25544819235801697
32681$_$4,32681,Negative,Negative,True,0.9538546800613403,0.024968205019831657,0.02117711305618286,-0.6666666865348816,-1.635785698890686,0.9691190123558044
32681$_$6,32681,Negative,Negative,True,0.8971323370933533,0.08502280712127686,0.01784490793943405,-1.0,-1.2904691696166992,0.2904691696166992
33170$_$1,33170,Positive,Neutral,False,0.30752190947532654,0.5811503529548645,0.11132773756980896,0.3333333432674408,-0.23873934149742126,0.5720726847648621
33170$_$0,33170,Positive,Neutral,False,0.0332137830555439,0.666610062122345,0.3001761734485626,0.3333333432674408,0.22718951106071472,0.10614383220672607
33170$_$3,33170,Negative,Negative,True,0.5634399056434631,0.03515796363353729,0.40140214562416077,-2.0,0.30847620964050293,2.308476209640503
33170$_$2,33170,Negative,Negative,True,0.8620645403862,0.09697093814611435,0.040964506566524506,-0.6666666865348816,-1.2475337982177734,0.5808671116828918
33170$_$5,33170,Negative,Negative,True,0.46059638261795044,0.11255775392055511,0.4268459379673004,-0.3333333432674408,0.31618732213974,0.6495206356048584
33170$_$4,33170,Negative,Negative,True,0.9743427634239197,0.01764892414212227,0.00800835620611906,-2.0,-1.7860240936279297,0.2139759063720703
33170$_$6,33170,Neutral,Negative,False,0.6724869012832642,0.07175170630216599,0.25576141476631165,0.0,0.04441148042678833,0.04441148042678833
3MFNIag0wNE$_$11,3MFNIag0wNE,Negative,Negative,True,0.7715437412261963,0.17173810303211212,0.0567181222140789,-0.3333333432674408,-0.8080201148986816,0.47468677163124084
3MFNIag0wNE$_$12,3MFNIag0wNE,Negative,Negative,True,0.7474244236946106,0.1643531620502472,0.08822240680456161,-1.0,-0.6534426212310791,0.3465573787689209
3MFNIag0wNE$_$15,3MFNIag0wNE,Negative,Negative,True,0.882445752620697,0.07570331543684006,0.04185100644826889,-1.3333333730697632,-1.2533787488937378,0.07995462417602539
3MFNIag0wNE$_$14,3MFNIag0wNE,Negative,Negative,True,0.9566743969917297,0.025217832997441292,0.018107760697603226,-2.0,-1.6529994010925293,0.3470005989074707
3MFNIag0wNE$_$17,3MFNIag0wNE,Positive,Positive,True,0.012047935277223587,0.07075204700231552,0.9172000288963318,1.0,1.2054497003555298,0.20544970035552979
3MFNIag0wNE$_$16,3MFNIag0wNE,Negative,Positive,False,0.08209287375211716,0.42358264327049255,0.4943245053291321,-0.3333333432674408,0.27693426609039307,0.6102676391601562
3MFNIag0wNE$_$1,3MFNIag0wNE,Neutral,Positive,False,0.1421038955450058,0.32339972257614136,0.5344963669776917,0.0,0.5107226967811584,0.5107226967811584
3MFNIag0wNE$_$3,3MFNIag0wNE,Negative,Negative,True,0.5584940314292908,0.3024234473705292,0.13908252120018005,-0.6666666865348816,-0.2881222069263458,0.37854447960853577
3MFNIag0wNE$_$5,3MFNIag0wNE,Negative,Negative,True,0.6007080078125,0.16435322165489197,0.2349388152360916,-1.6666666269302368,-0.2637059986591339,1.4029606580734253
3MFNIag0wNE$_$7,3MFNIag0wNE,Negative,Negative,True,0.8357773423194885,0.07440793514251709,0.08981471508741379,-1.0,-0.9095634818077087,0.09043651819229126
3MFNIag0wNE$_$9,3MFNIag0wNE,Negative,Negative,True,0.956684947013855,0.024377843365073204,0.01893714629113674,-1.3333333730697632,-1.744384527206421,0.4110511541366577
3MFNIag0wNE$_$8,3MFNIag0wNE,Negative,Negative,True,0.8891724944114685,0.06747414171695709,0.04335339367389679,-1.3333333730697632,-1.1177160739898682,0.21561729907989502
3V2qm0rw920$_$11,3V2qm0rw920,Positive,Positive,True,0.06386404484510422,0.2570120692253113,0.6791239380836487,1.0,0.6339935660362244,0.36600643396377563
3V2qm0rw920$_$13,3V2qm0rw920,Positive,Positive,True,0.01649794541299343,0.025791017338633537,0.9577110409736633,3.0,1.648999571800232,1.351000428199768
3V2qm0rw920$_$0,3V2qm0rw920,Positive,Neutral,False,0.037140414118766785,0.5651828646659851,0.3976767361164093,0.3333333432674408,0.3212812542915344,0.012052088975906372
3V2qm0rw920$_$3,3V2qm0rw920,Positive,Positive,True,0.03195277601480484,0.23211823403835297,0.735929012298584,0.3333333432674408,0.6049769520759583,0.27164360880851746
3V2qm0rw920$_$2,3V2qm0rw920,Positive,Positive,True,0.017414139583706856,0.041102632880210876,0.941483199596405,0.3333333432674408,1.295911431312561,0.9625780582427979
3V2qm0rw920$_$4,3V2qm0rw920,Positive,Positive,True,0.017120160162448883,0.11562445014715195,0.8672553300857544,0.6666666865348816,0.8477086424827576,0.18104195594787598
3V2qm0rw920$_$7,3V2qm0rw920,Positive,Positive,True,0.019061701372265816,0.08866631239652634,0.8922719955444336,0.3333333432674408,1.0069019794464111,0.673568606376648
3V2qm0rw920$_$9,3V2qm0rw920,Neutral,Positive,False,0.03801528736948967,0.13219282031059265,0.8297918438911438,0.0,0.8505333662033081,0.8505333662033081
3j94B0pzSVs$_$12,3j94B0pzSVs,Positive,Positive,True,0.03853633627295494,0.1323244869709015,0.8291391730308533,1.6666666269302368,0.8713957667350769,0.7952708601951599
3j94B0pzSVs$_$15,3j94B0pzSVs,Positive,Positive,True,0.05120229721069336,0.17971642315387726,0.7690812945365906,1.0,0.772996723651886,0.227003276348114
3j94B0pzSVs$_$17,3j94B0pzSVs,Negative,Negative,True,0.6668723225593567,0.236673042178154,0.09645462036132812,-1.3333333730697632,-0.44562163949012756,0.887711763381958
3j94B0pzSVs$_$16,3j94B0pzSVs,Neutral,Neutral,True,0.20681977272033691,0.434924453496933,0.3582557737827301,0.0,0.16690506041049957,0.16690506041049957
3j94B0pzSVs$_$19,3j94B0pzSVs,Negative,Negative,True,0.5823677778244019,0.3156616985797882,0.10197048634290695,-1.0,-0.3281528651714325,0.6718471050262451
3j94B0pzSVs$_$18,3j94B0pzSVs,Positive,Positive,True,0.07349373400211334,0.2812757194042206,0.6452305912971497,1.0,0.5130976438522339,0.4869023561477661
3j94B0pzSVs$_$1,3j94B0pzSVs,Neutral,Neutral,True,0.16100692749023438,0.5140790939331055,0.32491397857666016,0.0,0.20595891773700714,0.20595891773700714
3j94B0pzSVs$_$0,3j94B0pzSVs,Neutral,Neutral,True,0.06636708974838257,0.5376605987548828,0.39597225189208984,0.0,0.32596370577812195,0.32596370577812195
3j94B0pzSVs$_$3,3j94B0pzSVs,Positive,Positive,True,0.02654525265097618,0.10753565281629562,0.8659191131591797,0.6666666865348816,0.934838593006134,0.26817190647125244
3j94B0pzSVs$_$7,3j94B0pzSVs,Negative,Positive,False,0.2677755057811737,0.15650701522827148,0.5757174491882324,-0.3333333432674408,0.450798898935318,0.7841322422027588
3j94B0pzSVs$_$6,3j94B0pzSVs,Positive,Neutral,False,0.33713284134864807,0.3875656723976135,0.27530142664909363,1.0,0.0737001821398735,0.9262998104095459
3j94B0pzSVs$_$9,3j94B0pzSVs,Positive,Positive,True,0.14808602631092072,0.3691881000995636,0.4827258586883545,0.3333333432674408,0.35047799348831177,0.01714465022087097
4cFeG2ydm9A$_$8,4cFeG2ydm9A,Positive,Positive,True,0.06199305132031441,0.07619566470384598,0.8618112802505493,1.0,1.1077191829681396,0.10771918296813965
4dV3slGSc60$_$11,4dV3slGSc60,Neutral,Positive,False,0.051449090242385864,0.16469110548496246,0.7838597893714905,0.0,0.8078291416168213,0.8078291416168213
4dV3slGSc60$_$10,4dV3slGSc60,Positive,Positive,True,0.020109687000513077,0.0700959861278534,0.9097943902015686,1.0,1.110033392906189,0.11003339290618896
4dV3slGSc60$_$12,4dV3slGSc60,Positive,Positive,True,0.019499633461236954,0.2444101870059967,0.7360901832580566,0.6666666865348816,0.6840623617172241,0.01739567518234253
4dV3slGSc60$_$22,4dV3slGSc60,Positive,Positive,True,0.022541770711541176,0.09812194108963013,0.8793362975120544,1.6666666269302368,1.036754846572876,0.6299117803573608
4dV3slGSc60$_$0,4dV3slGSc60,Positive,Positive,True,0.011651512235403061,0.04965609312057495,0.9386924505233765,1.3333333730697632,1.300614833831787,0.032718539237976074
4dV3slGSc60$_$3,4dV3slGSc60,Positive,Neutral,False,0.042053382843732834,0.6276566982269287,0.33028993010520935,0.6666666865348816,0.2664676904678345,0.4001989960670471
4dV3slGSc60$_$5,4dV3slGSc60,Positive,Neutral,False,0.26239344477653503,0.3725007176399231,0.36510586738586426,1.0,0.1870330572128296,0.8129669427871704
4dV3slGSc60$_$9,4dV3slGSc60,Positive,Positive,True,0.02869012951850891,0.11159487068653107,0.8597149848937988,1.6666666269302368,0.9485317468643188,0.718134880065918
4dV3slGSc60$_$8,4dV3slGSc60,Positive,Positive,True,0.06610818207263947,0.13245148956775665,0.8014402985572815,1.0,0.9901254177093506,0.009874582290649414
50103$_$1,50103,Negative,Neutral,False,0.3286459743976593,0.4050140082836151,0.2663399577140808,-2.6666667461395264,0.02491851896047592,2.6915853023529053
50103$_$0,50103,Neutral,Neutral,True,0.07084432989358902,0.8515297174453735,0.0776260495185852,0.0,-0.07027208805084229,0.07027208805084229
50103$_$3,50103,Negative,Negative,True,0.9701686501502991,0.021387912333011627,0.00844341330230236,-2.0,-1.7318410873413086,0.2681589126586914
50103$_$2,50103,Negative,Negative,True,0.7983217239379883,0.1546478420495987,0.04703046381473541,-2.3333332538604736,-1.1280169486999512,1.2053163051605225
50103$_$5,50103,Neutral,Neutral,True,0.049614984542131424,0.66969233751297,0.2806926369667053,0.0,0.20905792713165283,0.20905792713165283
50103$_$4,50103,Negative,Negative,True,0.975184440612793,0.014582060277462006,0.01023346558213234,-2.0,-1.8560583591461182,0.14394164085388184
50103$_$7,50103,Negative,Neutral,False,0.1493377983570099,0.6821441054344177,0.1685180813074112,-1.0,-0.004487983882427216,0.9955120086669922
50103$_$6,50103,Negative,Neutral,False,0.035763077437877655,0.625234842300415,0.3390021026134491,-1.0,0.28400442004203796,1.2840044498443604
50103$_$8,50103,Neutral,Neutral,True,0.14886674284934998,0.69953852891922,0.15159474313259125,0.0,0.06530994921922684,0.06530994921922684
5B0PQx3Ep3k$_$9,5B0PQx3Ep3k,Positive,Positive,True,0.016801195219159126,0.020092179998755455,0.9631066918373108,2.0,1.7981085777282715,0.20189142227172852
5B0PQx3Ep3k$_$2,5B0PQx3Ep3k,Positive,Positive,True,0.02902068756520748,0.19433937966823578,0.776639997959137,0.6666666865348816,0.7220655083656311,0.05539882183074951
5B0PQx3Ep3k$_$5,5B0PQx3Ep3k,Positive,Positive,True,0.09062974154949188,0.11374615877866745,0.7956241369247437,1.3333333730697632,0.910161554813385,0.4231718182563782
5B0PQx3Ep3k$_$4,5B0PQx3Ep3k,Positive,Positive,True,0.019142618402838707,0.038182154297828674,0.9426752924919128,1.6666666269302368,1.3517124652862549,0.31495416164398193
5O1W39o56gg$_$10,5O1W39o56gg,Neutral,Positive,False,0.029384704306721687,0.13586772978305817,0.8347475528717041,0.0,0.910781741142273,0.910781741142273
5O1W39o56gg$_$1,5O1W39o56gg,Neutral,Positive,False,0.030855389311909676,0.3247181475162506,0.6444264054298401,0.0,0.47565901279449463,0.47565901279449463
5O1W39o56gg$_$3,5O1W39o56gg,Positive,Positive,True,0.02532758191227913,0.22607047855854034,0.7486019134521484,0.6666666865348816,0.6563576459884644,0.010309040546417236
5O1W39o56gg$_$2,5O1W39o56gg,Positive,Positive,True,0.09056231379508972,0.4194599688053131,0.4899776875972748,0.6666666865348816,0.40130338072776794,0.26536330580711365
5O1W39o56gg$_$5,5O1W39o56gg,Positive,Positive,True,0.0249249879270792,0.46298253536224365,0.5120925307273865,1.3333333730697632,0.43755796551704407,0.8957754373550415
5O1W39o56gg$_$4,5O1W39o56gg,Negative,Negative,True,0.43249770998954773,0.33658820390701294,0.23091401159763336,-0.3333333432674408,-0.0785336047410965,0.2547997236251831
5O1W39o56gg$_$7,5O1W39o56gg,Neutral,Neutral,True,0.0823625773191452,0.4952680766582489,0.4223693311214447,0.0,0.25513797998428345,0.25513797998428345
5O1W39o56gg$_$9,5O1W39o56gg,Positive,Positive,True,0.029324693605303764,0.07984019815921783,0.890835165977478,0.3333333432674408,1.1877179145812988,0.8543845415115356
5O1W39o56gg$_$8,5O1W39o56gg,Positive,Positive,True,0.01830160804092884,0.06044871360063553,0.9212496280670166,2.0,1.2529667615890503,0.7470332384109497
5i6AgQSjXO4$_$1,5i6AgQSjXO4,Positive,Positive,True,0.012435341253876686,0.02339922823011875,0.9641655087471008,2.0,1.723172664642334,0.276827335357666
5i6AgQSjXO4$_$0,5i6AgQSjXO4,Positive,Neutral,False,0.16252464056015015,0.4489864706993103,0.38848888874053955,1.0,0.2574881315231323,0.7425118684768677
5i6AgQSjXO4$_$3,5i6AgQSjXO4,Positive,Positive,True,0.035463668406009674,0.24011607468128204,0.7244202494621277,0.6666666865348816,0.6278529167175293,0.038813769817352295
5i6AgQSjXO4$_$2,5i6AgQSjXO4,Neutral,Positive,False,0.07764475792646408,0.2778521478176117,0.644503116607666,0.0,0.5261731743812561,0.5261731743812561
5i6AgQSjXO4$_$5,5i6AgQSjXO4,Neutral,Neutral,True,0.270475834608078,0.46492141485214233,0.2646026611328125,0.0,0.09327299892902374,0.09327299892902374
5i6AgQSjXO4$_$4,5i6AgQSjXO4,Neutral,Positive,False,0.022796867415308952,0.07996517419815063,0.8972379565238953,0.0,1.0618199110031128,1.0618199110031128
5i6AgQSjXO4$_$7,5i6AgQSjXO4,Negative,Negative,True,0.5880381464958191,0.304831326007843,0.1071304902434349,-1.0,-0.4437803626060486,0.5562196373939514
5i6AgQSjXO4$_$6,5i6AgQSjXO4,Neutral,Positive,False,0.04827253893017769,0.4158368706703186,0.5358906388282776,0.0,0.5241659879684448,0.5241659879684448
5kaCGzjYukM$_$0,5kaCGzjYukM,Negative,Positive,False,0.1630629003047943,0.39482468366622925,0.44211244583129883,-0.3333333432674408,0.3089200556278229,0.6422533988952637
5kaCGzjYukM$_$3,5kaCGzjYukM,Negative,Negative,True,0.7517905235290527,0.18975163996219635,0.058457762002944946,-1.6666666269302368,-0.7128310203552246,0.9538356065750122
5kaCGzjYukM$_$2,5kaCGzjYukM,Negative,Negative,True,0.8308795094490051,0.09101565927267075,0.07810480147600174,-0.3333333432674408,-0.8829272985458374,0.5495939254760742
5kaCGzjYukM$_$5,5kaCGzjYukM,Negative,Negative,True,0.9282736778259277,0.04456048086285591,0.02716589905321598,-2.3333332538604736,-1.5954056978225708,0.7379275560379028
5kaCGzjYukM$_$7,5kaCGzjYukM,Negative,Positive,False,0.06549622863531113,0.14184506237506866,0.7926586866378784,-0.6666666865348816,0.8768361210823059,1.5435028076171875
6KvG5VbLalY$_$9,6KvG5VbLalY,Neutral,Negative,False,0.44798219203948975,0.31080782413482666,0.2412099540233612,0.0,-0.10961560904979706,0.10961560904979706
6KvG5VbLalY$_$0,6KvG5VbLalY,Positive,Positive,True,0.07756001502275467,0.26091381907463074,0.6615261435508728,0.3333333432674408,0.6157543659210205,0.2824210226535797
6KvG5VbLalY$_$11,6KvG5VbLalY,Positive,Positive,True,0.049881868064403534,0.10666867345571518,0.8434494733810425,1.0,0.9516217708587646,0.04837822914123535
6KvG5VbLalY$_$10,6KvG5VbLalY,Positive,Positive,True,0.03608999773859978,0.3026546537876129,0.6612553000450134,2.0,0.44568324089050293,1.554316759109497
6ZA8I83x-oY$_$0,6ZA8I83x-oY,Neutral,Positive,False,0.06083234027028084,0.19406263530254364,0.7451050281524658,0.0,0.7148221135139465,0.7148221135139465
6ZA8I83x-oY$_$3,6ZA8I83x-oY,Positive,Negative,False,0.43400871753692627,0.28957870602607727,0.2764125466346741,1.0,-0.09291394054889679,1.0929139852523804
6ZA8I83x-oY$_$2,6ZA8I83x-oY,Positive,Positive,True,0.0882757380604744,0.059134941548109055,0.8525893688201904,2.0,1.169466495513916,0.830533504486084
6ZA8I83x-oY$_$4,6ZA8I83x-oY,Positive,Positive,True,0.2603658139705658,0.1408267617225647,0.5988073945045471,1.0,0.4682806730270386,0.5317193269729614
6_ZT8beQXq8$_$11,6_ZT8beQXq8,Neutral,Positive,False,0.03571915253996849,0.05261097475886345,0.9116698503494263,0.0,1.3431352376937866,1.3431352376937866
6_ZT8beQXq8$_$10,6_ZT8beQXq8,Positive,Positive,True,0.025379808619618416,0.05410502105951309,0.9205151796340942,1.6666666269302368,1.3623794317245483,0.3042871952056885
6_ZT8beQXq8$_$12,6_ZT8beQXq8,Positive,Positive,True,0.028809182345867157,0.20228202641010284,0.7689087986946106,0.3333333432674408,0.7392374277114868,0.405904084444046
6_ZT8beQXq8$_$15,6_ZT8beQXq8,Positive,Positive,True,0.1337573081254959,0.14480772614479065,0.721435010433197,1.0,0.6734198331832886,0.3265801668167114
6_ZT8beQXq8$_$14,6_ZT8beQXq8,Positive,Positive,True,0.027931656688451767,0.03241107240319252,0.9396572709083557,2.0,1.7906782627105713,0.2093217372894287
6_ZT8beQXq8$_$16,6_ZT8beQXq8,Positive,Positive,True,0.03752073645591736,0.1630159467458725,0.7994633316993713,0.3333333432674408,0.744395911693573,0.4110625684261322
6_ZT8beQXq8$_$0,6_ZT8beQXq8,Positive,Positive,True,0.017321255058050156,0.04930451512336731,0.933374285697937,1.0,1.3814102411270142,0.38141024112701416
6_ZT8beQXq8$_$3,6_ZT8beQXq8,Positive,Positive,True,0.03266841918230057,0.03945931792259216,0.9278722405433655,1.3333333730697632,1.4341645240783691,0.10083115100860596
6_ZT8beQXq8$_$7,6_ZT8beQXq8,Positive,Negative,False,0.7021172046661377,0.1287861168384552,0.16909660398960114,1.0,-0.3595839738845825,1.3595839738845825
6_ZT8beQXq8$_$8,6_ZT8beQXq8,Neutral,Neutral,True,0.177444726228714,0.42685356736183167,0.39570173621177673,0.0,0.2837793529033661,0.2837793529033661
6hFiTU77Sm0$_$1,6hFiTU77Sm0,Neutral,Neutral,True,0.08721862733364105,0.5331647992134094,0.37961652874946594,0.0,0.3498666286468506,0.3498666286468506
6hFiTU77Sm0$_$0,6hFiTU77Sm0,Negative,Negative,True,0.7706338167190552,0.12356074899435043,0.1058054119348526,-1.3333333730697632,-0.5892964601516724,0.7440369129180908
6hFiTU77Sm0$_$3,6hFiTU77Sm0,Positive,Positive,True,0.03280773386359215,0.40511026978492737,0.5620819926261902,0.3333333432674408,0.5031147599220276,0.1697814166545868
6hFiTU77Sm0$_$2,6hFiTU77Sm0,Neutral,Neutral,True,0.14555829763412476,0.5108026266098022,0.343639075756073,0.0,0.15799586474895477,0.15799586474895477
6hFiTU77Sm0$_$6,6hFiTU77Sm0,Positive,Positive,True,0.02952292189002037,0.2792321443557739,0.691244900226593,0.3333333432674408,0.5360836982727051,0.20275035500526428
6uPGcKTpC4I$_$1,6uPGcKTpC4I,Neutral,Positive,False,0.05465428903698921,0.2470003366470337,0.698345422744751,0.0,0.7043792009353638,0.7043792009353638
6uPGcKTpC4I$_$2,6uPGcKTpC4I,Neutral,Neutral,True,0.13837185502052307,0.47078177332878113,0.3908463716506958,0.0,0.24042120575904846,0.24042120575904846
6uPGcKTpC4I$_$5,6uPGcKTpC4I,Positive,Positive,True,0.03955971449613571,0.0985102504491806,0.8619300127029419,1.3333333730697632,1.0189841985702515,0.3143491744995117
6uPGcKTpC4I$_$4,6uPGcKTpC4I,Positive,Positive,True,0.026025084778666496,0.04420747607946396,0.9297674298286438,0.3333333432674408,1.3790051937103271,1.045671820640564
6uPGcKTpC4I$_$6,6uPGcKTpC4I,Positive,Positive,True,0.023915311321616173,0.18368789553642273,0.7923967838287354,1.3333333730697632,0.8404368758201599,0.49289649724960327
70280$_$11,70280,Negative,Negative,True,0.9706760048866272,0.01565570756793022,0.013668328523635864,-1.6666666269302368,-2.072798728942871,0.4061321020126343
70280$_$10,70280,Negative,Positive,False,0.452450156211853,0.055547673255205154,0.4920021891593933,-2.0,0.2544076144695282,2.2544076442718506
70280$_$12,70280,Negative,Negative,True,0.9406964778900146,0.03470807150006294,0.024595491588115692,-1.6666666269302368,-1.583608865737915,0.08305776119232178
70280$_$1,70280,Positive,Neutral,False,0.2507827579975128,0.630855917930603,0.11836127936840057,0.3333333432674408,-0.12609395384788513,0.4594272971153259
70280$_$0,70280,Neutral,Neutral,True,0.047442637383937836,0.515009880065918,0.437547504901886,0.0,0.37898361682891846,0.37898361682891846
70280$_$3,70280,Negative,Negative,True,0.5509982109069824,0.3442436754703522,0.10475806146860123,-0.6666666865348816,-0.4292609691619873,0.2374057173728943
70280$_$2,70280,Neutral,Negative,False,0.796464204788208,0.14840573072433472,0.05513010546565056,0.0,-1.0085822343826294,1.0085822343826294
70280$_$5,70280,Positive,Positive,True,0.3773188889026642,0.09630237519741058,0.5263786911964417,0.6666666865348816,0.32921069860458374,0.33745598793029785
70280$_$4,70280,Neutral,Neutral,True,0.20889568328857422,0.5977716445922852,0.193332701921463,0.0,-0.005016693379729986,0.005016693379729986
70280$_$7,70280,Positive,Neutral,False,0.13269059360027313,0.710460364818573,0.15684902667999268,0.6666666865348816,0.09331710636615753,0.5733495950698853
70280$_$6,70280,Negative,Negative,True,0.9313787221908569,0.04177476093173027,0.02684648707509041,-1.3333333730697632,-1.3251216411590576,0.008211731910705566
70280$_$9,70280,Negative,Negative,True,0.9709218144416809,0.018248576670885086,0.010829627513885498,-0.6666666865348816,-1.6841819286346436,1.0175151824951172
70280$_$8,70280,Negative,Negative,True,0.8743268847465515,0.06274164468050003,0.06293147057294846,-1.3333333730697632,-1.151650071144104,0.18168330192565918
70HptJgAhZM$_$1,70HptJgAhZM,Positive,Positive,True,0.06324059516191483,0.33640116453170776,0.600358247756958,0.3333333432674408,0.4809631109237671,0.1476297676563263
70HptJgAhZM$_$3,70HptJgAhZM,Positive,Positive,True,0.24172738194465637,0.2370038628578186,0.5212687253952026,0.3333333432674408,0.35324573516845703,0.019912391901016235
75RGHaxmUK8$_$10,75RGHaxmUK8,Positive,Positive,True,0.011853605508804321,0.10340352356433868,0.8847428560256958,0.3333333432674408,0.8682846426963806,0.5349513292312622
75RGHaxmUK8$_$3,75RGHaxmUK8,Positive,Positive,True,0.017511019483208656,0.1885596215724945,0.7939293384552002,0.3333333432674408,0.6954345107078552,0.36210116744041443
75RGHaxmUK8$_$5,75RGHaxmUK8,Positive,Neutral,False,0.06904786825180054,0.5826256275177002,0.3483264744281769,0.3333333432674408,0.22990193963050842,0.10343140363693237
75RGHaxmUK8$_$8,75RGHaxmUK8,Neutral,Neutral,True,0.05469636619091034,0.5126181244850159,0.432685524225235,0.0,0.23063844442367554,0.23063844442367554
76PsKs4kPXE$_$2,76PsKs4kPXE,Positive,Positive,True,0.10711190849542618,0.08515840023756027,0.8077296614646912,1.0,0.9865323305130005,0.013467669486999512
7_K3F-lAv1k$_$1,7_K3F-lAv1k,Positive,Positive,True,0.03375530615448952,0.052655745297670364,0.9135888814926147,1.6666666269302368,1.4304929971694946,0.2361736297607422
7_K3F-lAv1k$_$0,7_K3F-lAv1k,Positive,Positive,True,0.01696205884218216,0.1508900374174118,0.8321478366851807,0.6666666865348816,0.7934839725494385,0.12681728601455688
7_K3F-lAv1k$_$3,7_K3F-lAv1k,Positive,Negative,False,0.3577907681465149,0.325286865234375,0.3169224262237549,1.0,0.05453484132885933,0.9454651474952698
7_K3F-lAv1k$_$2,7_K3F-lAv1k,Neutral,Positive,False,0.09246256202459335,0.28956538438796997,0.6179720759391785,0.0,0.5330493450164795,0.5330493450164795
7_K3F-lAv1k$_$4,7_K3F-lAv1k,Positive,Positive,True,0.018025729805231094,0.10258103162050247,0.8793932795524597,1.0,0.9946122765541077,0.005387723445892334
7r4vRxKLFCA$_$5,7r4vRxKLFCA,Neutral,Positive,False,0.03345203399658203,0.1460578441619873,0.8204901218414307,0.0,0.8989244699478149,0.8989244699478149
7r4vRxKLFCA$_$6,7r4vRxKLFCA,Negative,Positive,False,0.0676627904176712,0.23016919195652008,0.7021679878234863,-0.6666666865348816,0.7130707502365112,1.379737377166748
80566$_$1,80566,Neutral,Neutral,True,0.13580060005187988,0.5680052638053894,0.2961941659450531,0.0,0.1836979240179062,0.1836979240179062
80566$_$0,80566,Neutral,Neutral,True,0.03646695241332054,0.872461199760437,0.09107188135385513,0.0,0.08063678443431854,0.08063678443431854
80566$_$3,80566,Positive,Neutral,False,0.13824597001075745,0.5578374862670898,0.3039165437221527,0.3333333432674408,0.20070485770702362,0.13262848556041718
80566$_$2,80566,Positive,Positive,True,0.039720240980386734,0.2946035861968994,0.6656761765480042,0.6666666865348816,0.6010685563087463,0.06559813022613525
80566$_$5,80566,Positive,Negative,False,0.4748367667198181,0.3619563579559326,0.16320686042308807,0.3333333432674408,-0.24128767848014832,0.5746210217475891
80566$_$4,80566,Positive,Positive,True,0.051800649613142014,0.14915545284748077,0.7990438938140869,1.3333333730697632,0.8509517312049866,0.4823816418647766
80566$_$7,80566,Positive,Positive,True,0.040340133011341095,0.05360892415046692,0.9060509204864502,2.6666667461395264,1.4753341674804688,1.1913325786590576
80566$_$6,80566,Neutral,Negative,False,0.5118504762649536,0.32608839869499207,0.1620611548423767,0.0,-0.33483171463012695,0.33483171463012695
80566$_$8,80566,Positive,Positive,True,0.12148340791463852,0.12464853376150131,0.753868043422699,2.3333332538604736,0.920270562171936,1.4130626916885376
80855$_$11,80855,Neutral,Neutral,True,0.1872672438621521,0.5622989535331726,0.2504338324069977,0.0,0.11497358977794647,0.11497358977794647
80855$_$10,80855,Positive,Neutral,False,0.17577283084392548,0.6716554164886475,0.15257181227207184,0.3333333432674408,0.0069740694016218185,0.32635927200317383
80855$_$13,80855,Positive,Positive,True,0.049670539796352386,0.05784343555569649,0.8924859762191772,1.6666666269302368,1.4772047996520996,0.1894618272781372
80855$_$12,80855,Neutral,Neutral,True,0.19872908294200897,0.6601853966712952,0.14108552038669586,0.0,0.016207575798034668,0.016207575798034668
80855$_$15,80855,Positive,Positive,True,0.05965988337993622,0.07976965606212616,0.86057049036026,2.0,1.246740460395813,0.753259539604187
80855$_$14,80855,Positive,Positive,True,0.019862310960888863,0.040989767760038376,0.9391478896141052,2.0,1.6433497667312622,0.3566502332687378
80855$_$17,80855,Neutral,Negative,False,0.7530685663223267,0.10492105036973953,0.1420103758573532,0.0,-0.7006933689117432,0.7006933689117432
80855$_$16,80855,Positive,Positive,True,0.10990648716688156,0.07568027079105377,0.8144132494926453,2.0,1.0891048908233643,0.9108951091766357
80855$_$19,80855,Positive,Positive,True,0.09988052397966385,0.08067966252565384,0.8194398283958435,1.6666666269302368,1.2644731998443604,0.40219342708587646
80855$_$18,80855,Positive,Positive,True,0.24600349366664886,0.19945360720157623,0.5545428991317749,2.0,0.4873036742210388,1.5126962661743164
80855$_$1,80855,Positive,Positive,True,0.08665905892848969,0.09111303091049194,0.8222278952598572,2.3333332538604736,1.3608342409133911,0.9724990129470825
80855$_$0,80855,Neutral,Neutral,True,0.2635103166103363,0.46457433700561523,0.27191534638404846,0.0,0.024201422929763794,0.024201422929763794
80855$_$3,80855,Neutral,Positive,False,0.05840674787759781,0.1385800689458847,0.8030131459236145,0.0,1.0162441730499268,1.0162441730499268
80855$_$2,80855,Positive,Neutral,False,0.11085540801286697,0.6758549809455872,0.21328966319561005,1.0,-0.005836506374180317,1.0058364868164062
80855$_$5,80855,Positive,Neutral,False,0.12210750579833984,0.47423258423805237,0.4036598801612854,0.6666666865348816,0.16959869861602783,0.49706798791885376
80855$_$4,80855,Neutral,Neutral,True,0.06830764561891556,0.7953858971595764,0.13630646467208862,0.0,0.07641756534576416,0.07641756534576416
80855$_$7,80855,Neutral,Neutral,True,0.3639772832393646,0.412100613117218,0.22392217814922333,0.0,-0.03435714915394783,0.03435714915394783
80855$_$6,80855,Positive,Negative,False,0.44725674390792847,0.2035595029592514,0.3491837680339813,2.0,-0.04150262475013733,2.0415027141571045
80855$_$9,80855,Neutral,Neutral,True,0.18021216988563538,0.6015122532844543,0.21827557682991028,0.0,0.08022556453943253,0.08022556453943253
80855$_$20,80855,Positive,Neutral,False,0.17766273021697998,0.5662180185317993,0.2561192810535431,1.0,0.13420164585113525,0.8657983541488647
80855$_$8,80855,Positive,Neutral,False,0.3443172574043274,0.4418924152851105,0.21379037201404572,0.3333333432674408,-0.0742560625076294,0.4075894057750702
830KzUc6CbU$_$0,830KzUc6CbU,Neutral,Positive,False,0.01895727589726448,0.4014969766139984,0.5795457363128662,0.0,0.46572446823120117,0.46572446823120117
830KzUc6CbU$_$13,830KzUc6CbU,Positive,Neutral,False,0.3470098078250885,0.4550120234489441,0.1979781687259674,0.3333333432674408,-0.08281448483467102,0.4161478281021118
830KzUc6CbU$_$2,830KzUc6CbU,Positive,Positive,True,0.053839366883039474,0.3506624698638916,0.5954981446266174,0.3333333432674408,0.5152633786201477,0.1819300353527069
84140$_$1,84140,Negative,Negative,True,0.7555111646652222,0.17562612891197205,0.06886269897222519,-1.0,-0.6616557836532593,0.3383442163467407
84140$_$0,84140,Positive,Positive,True,0.1344372034072876,0.06463678926229477,0.8009259700775146,1.3333333730697632,1.1109446287155151,0.22238874435424805
84140$_$3,84140,Neutral,Neutral,True,0.0965018942952156,0.7150087356567383,0.18848945200443268,0.0,0.15465569496154785,0.15465569496154785
84140$_$2,84140,Negative,Negative,True,0.8337459564208984,0.10636329650878906,0.05989081785082817,-1.6666666269302368,-0.9282580018043518,0.738408625125885
84140$_$5,84140,Negative,Negative,True,0.8832129240036011,0.08360420167446136,0.033182863146066666,-1.3333333730697632,-1.265810251235962,0.06752312183380127
84140$_$4,84140,Positive,Neutral,False,0.10315848141908646,0.6040201783180237,0.2928212881088257,0.6666666865348816,0.1624266803264618,0.5042400360107422
89835$_$1,89835,Positive,Neutral,False,0.05845734849572182,0.5284001231193542,0.41314250230789185,1.0,0.27596527338027954,0.7240347266197205
89835$_$0,89835,Neutral,Positive,False,0.04800426587462425,0.32245126366615295,0.6295444369316101,0.0,0.6473106741905212,0.6473106741905212
89835$_$3,89835,Negative,Neutral,False,0.2349241077899933,0.677397608757019,0.08767829090356827,-1.6666666269302368,-0.2884296178817749,1.378237009048462
89835$_$2,89835,Positive,Neutral,False,0.07890698313713074,0.5927504301071167,0.3283425271511078,0.3333333432674408,0.2583872675895691,0.0749460756778717
89835$_$5,89835,Negative,Negative,True,0.9570078253746033,0.025928983464837074,0.017063185572624207,-2.3333332538604736,-1.5718209743499756,0.761512279510498
89835$_$4,89835,Negative,Negative,True,0.8701934814453125,0.10096856951713562,0.028837908059358597,-2.6666667461395264,-1.199900507926941,1.4667662382125854
89835$_$7,89835,Negative,Negative,True,0.9787712693214417,0.012420275248587132,0.008808453567326069,-2.3333332538604736,-1.8917427062988281,0.4415905475616455
89835$_$6,89835,Negative,Negative,True,0.7073225378990173,0.20612658560276031,0.08655095845460892,-0.3333333432674408,-0.7068906426429749,0.37355729937553406
8eaYvALnJ0o$_$1,8eaYvALnJ0o,Positive,Positive,True,0.01610824093222618,0.28739336133003235,0.6964983344078064,2.0,0.5356544256210327,1.4643455743789673
8eaYvALnJ0o$_$0,8eaYvALnJ0o,Positive,Positive,True,0.014578851871192455,0.057734232395887375,0.9276869297027588,1.6666666269302368,1.4124023914337158,0.254264235496521
8eaYvALnJ0o$_$2,8eaYvALnJ0o,Positive,Positive,True,0.019792957231402397,0.10320058465003967,0.877006471157074,2.0,1.0064349174499512,0.9935650825500488
8x_nCOh6Wmc$_$6,8x_nCOh6Wmc,Positive,Positive,True,0.054249510169029236,0.08084367960691452,0.8649067878723145,1.0,0.9890745878219604,0.01092541217803955
96642$_$1,96642,Neutral,Neutral,True,0.26580920815467834,0.5777860283851624,0.1564047634601593,0.0,-0.13141140341758728,0.13141140341758728
96642$_$0,96642,Positive,Positive,True,0.06293985992670059,0.2666063904762268,0.670453667640686,0.3333333432674408,0.6550561189651489,0.32172277569770813
96642$_$3,96642,Positive,Positive,True,0.04927996173501015,0.36730533838272095,0.5834147334098816,0.6666666865348816,0.689848780632019,0.02318209409713745
96642$_$2,96642,Neutral,Neutral,True,0.07060606777667999,0.7807585000991821,0.14863549172878265,0.0,0.1572297364473343,0.1572297364473343
96642$_$5,96642,Negative,Negative,True,0.6045612096786499,0.3252156376838684,0.07022318243980408,-1.0,-0.7316598296165466,0.26834017038345337
96642$_$4,96642,Negative,Negative,True,0.9688466787338257,0.018382064998149872,0.01277126744389534,-2.0,-1.8367210626602173,0.16327893733978271
96642$_$6,96642,Negative,Negative,True,0.6540019512176514,0.2103707641363144,0.13562731444835663,-0.6666666865348816,-0.5845174789428711,0.0821492075920105
99501$_$11,99501,Negative,Negative,True,0.9066752195358276,0.06507649272680283,0.028248297050595284,-0.6666666865348816,-1.2165813446044922,0.5499146580696106
99501$_$10,99501,Negative,Negative,True,0.7815422415733337,0.09734143316745758,0.1211162805557251,-1.6666666269302368,-0.7454608678817749,0.9212057590484619
99501$_$13,99501,Negative,Negative,True,0.8129173517227173,0.11966443806886673,0.06741821020841599,-1.6666666269302368,-0.7947608828544617,0.8719057440757751
99501$_$12,99501,Negative,Negative,True,0.5086468458175659,0.14132927358150482,0.35002386569976807,-0.3333333432674408,-0.16787077486515045,0.16546256840229034
99501$_$1,99501,Neutral,Neutral,True,0.0480554960668087,0.6533580422401428,0.2985864281654358,0.0,0.19778037071228027,0.19778037071228027
99501$_$0,99501,Positive,Neutral,False,0.09619717299938202,0.45800384879112244,0.44579899311065674,0.3333333432674408,0.2603798508644104,0.0729534924030304
99501$_$3,99501,Neutral,Neutral,True,0.08803468942642212,0.6794041395187378,0.23256124556064606,0.0,0.17055028676986694,0.17055028676986694
99501$_$2,99501,Negative,Negative,True,0.906104564666748,0.03943607956171036,0.054459378123283386,-1.6666666269302368,-1.360290288925171,0.3063763380050659
99501$_$5,99501,Negative,Negative,True,0.8677318692207336,0.09211881458759308,0.040149349719285965,-0.3333333432674408,-1.152930498123169,0.8195971250534058
99501$_$4,99501,Neutral,Neutral,True,0.29381078481674194,0.545333206653595,0.1608559638261795,0.0,-0.08696097135543823,0.08696097135543823
99501$_$7,99501,Negative,Negative,True,0.8979111909866333,0.046017393469810486,0.056071437895298004,-1.0,-1.1367958784103394,0.13679587841033936
99501$_$6,99501,Neutral,Negative,False,0.7479515075683594,0.06671158969402313,0.18533694744110107,0.0,-0.6609643697738647,0.6609643697738647
99501$_$9,99501,Negative,Negative,True,0.9386134743690491,0.025782452896237373,0.03560405969619751,-0.6666666865348816,-1.7414066791534424,1.074739933013916
99501$_$8,99501,Negative,Negative,True,0.8528734445571899,0.0913398265838623,0.05578675866127014,-1.3333333730697632,-0.9363794922828674,0.39695388078689575
9QI-9w_VdB4$_$9,9QI-9w_VdB4,Neutral,Neutral,True,0.1125013455748558,0.5483863353729248,0.3391123116016388,0.0,0.21898677945137024,0.21898677945137024
9QI-9w_VdB4$_$0,9QI-9w_VdB4,Positive,Positive,True,0.03152676299214363,0.34181883931159973,0.6266544461250305,0.3333333432674408,0.4922868609428406,0.15895351767539978
9QI-9w_VdB4$_$7,9QI-9w_VdB4,Positive,Neutral,False,0.17982566356658936,0.5044332146644592,0.3157411217689514,1.0,0.19874724745750427,0.8012527227401733
9QI-9w_VdB4$_$6,9QI-9w_VdB4,Neutral,Positive,False,0.06109706312417984,0.14768162369728088,0.7912212610244751,0.0,0.8187447190284729,0.8187447190284729
9iRncKVM2PA$_$1,9iRncKVM2PA,Negative,Positive,False,0.29388922452926636,0.21879227459430695,0.4873185455799103,-0.3333333432674408,0.26251882314682007,0.5958521366119385
AG5EY8ZaFj4$_$3,AG5EY8ZaFj4,Positive,Positive,True,0.01658438704907894,0.22402195632457733,0.759393572807312,0.3333333432674408,0.6846005916595459,0.3512672483921051
AG5EY8ZaFj4$_$15,AG5EY8ZaFj4,Positive,Positive,True,0.020648280158638954,0.19342204928398132,0.7859296798706055,0.3333333432674408,0.6707776188850403,0.3374442756175995
AG5EY8ZaFj4$_$4,AG5EY8ZaFj4,Neutral,Positive,False,0.022877607494592667,0.3966639041900635,0.5804585218429565,0.0,0.44634777307510376,0.44634777307510376
AbNmF4RTzOI$_$3,AbNmF4RTzOI,Neutral,Positive,False,0.16109955310821533,0.3860389292240143,0.4528615474700928,0.0,0.3094658851623535,0.3094658851623535
Arh2TKRi_mg$_$10,Arh2TKRi_mg,Neutral,Positive,False,0.018094532191753387,0.09982248395681381,0.8820829391479492,0.0,0.8871367573738098,0.8871367573738098
Arh2TKRi_mg$_$13,Arh2TKRi_mg,Negative,Positive,False,0.1510258913040161,0.40218064188957214,0.44679346680641174,-0.3333333432674408,0.29334142804145813,0.6266747713088989
Arh2TKRi_mg$_$15,Arh2TKRi_mg,Positive,Positive,True,0.011129701510071754,0.13398611545562744,0.854884147644043,1.0,0.7464728951454163,0.25352710485458374
Arh2TKRi_mg$_$14,Arh2TKRi_mg,Positive,Positive,True,0.033300623297691345,0.08497732877731323,0.8817220330238342,1.3333333730697632,1.0018935203552246,0.3314398527145386
Arh2TKRi_mg$_$17,Arh2TKRi_mg,Negative,Neutral,False,0.10474243015050888,0.5215400457382202,0.37371745705604553,-0.3333333432674408,0.22377470135688782,0.5571080446243286
Arh2TKRi_mg$_$16,Arh2TKRi_mg,Positive,Positive,True,0.06735365837812424,0.2678784132003784,0.6647679209709167,0.6666666865348816,0.5537573099136353,0.11290937662124634
Arh2TKRi_mg$_$19,Arh2TKRi_mg,Positive,Positive,True,0.19300861656665802,0.27283692359924316,0.53415447473526,0.3333333432674408,0.3159883916378021,0.017344951629638672
Arh2TKRi_mg$_$32,Arh2TKRi_mg,Positive,Positive,True,0.013774230144917965,0.022135358303785324,0.9640903472900391,2.0,1.7022759914398193,0.29772400856018066
Arh2TKRi_mg$_$28,Arh2TKRi_mg,Negative,Negative,True,0.41184288263320923,0.20945674180984497,0.3787004053592682,-0.6666666865348816,0.15554405748844147,0.8222107291221619
Arh2TKRi_mg$_$3,Arh2TKRi_mg,Positive,Positive,True,0.08361273258924484,0.19691404700279236,0.7194732427597046,0.6666666865348816,0.7498061060905457,0.08313941955566406
Arh2TKRi_mg$_$9,Arh2TKRi_mg,Neutral,Positive,False,0.02352496050298214,0.16991496086120605,0.8065600991249084,0.0,0.7644795775413513,0.7644795775413513
AxNy9TeTLq8$_$0,AxNy9TeTLq8,Positive,Positive,True,0.014125124551355839,0.04812461510300636,0.9377502202987671,1.3333333730697632,1.257737636566162,0.07559573650360107
BSKAHXFYF_I$_$10,BSKAHXFYF_I,Negative,Negative,True,0.8581085205078125,0.09346913546323776,0.04842233285307884,-0.3333333432674408,-0.8883148431777954,0.5549814701080322
BSKAHXFYF_I$_$12,BSKAHXFYF_I,Positive,Positive,True,0.03598049283027649,0.19365260004997253,0.7703668475151062,0.3333333432674408,0.7760727405548096,0.4427393972873688
BSKAHXFYF_I$_$1,BSKAHXFYF_I,Positive,Neutral,False,0.08170176297426224,0.5269313454627991,0.3913669288158417,0.3333333432674408,0.32991647720336914,0.0034168660640716553
BSKAHXFYF_I$_$3,BSKAHXFYF_I,Positive,Neutral,False,0.06868346035480499,0.48267918825149536,0.44863736629486084,0.6666666865348816,0.36201614141464233,0.30465054512023926
BSKAHXFYF_I$_$4,BSKAHXFYF_I,Neutral,Positive,False,0.015404902398586273,0.0844007283449173,0.9001943469047546,0.0,1.088681697845459,1.088681697845459
BSKAHXFYF_I$_$7,BSKAHXFYF_I,Positive,Neutral,False,0.08312204480171204,0.6407648921012878,0.27611303329467773,0.3333333432674408,0.22578595578670502,0.10754738748073578
BSKAHXFYF_I$_$9,BSKAHXFYF_I,Positive,Positive,True,0.079676054418087,0.3257066607475281,0.5946173071861267,0.3333333432674408,0.4193820059299469,0.0860486626625061
BSKAHXFYF_I$_$8,BSKAHXFYF_I,Positive,Neutral,False,0.057423532009124756,0.5401982665061951,0.4023781716823578,0.3333333432674408,0.23183104395866394,0.10150229930877686
Baz0VVQ-E9E$_$10,Baz0VVQ-E9E,Negative,Negative,True,0.8577612042427063,0.09107515960931778,0.05116359516978264,-0.3333333432674408,-1.0014774799346924,0.6681441068649292
Baz0VVQ-E9E$_$1,Baz0VVQ-E9E,Neutral,Neutral,True,0.16992248594760895,0.6555930972099304,0.17448444664478302,0.0,0.10442036390304565,0.10442036390304565
Baz0VVQ-E9E$_$0,Baz0VVQ-E9E,Positive,Positive,True,0.2670114040374756,0.27422595024108887,0.45876258611679077,0.3333333432674408,0.24775180220603943,0.08558154106140137
Baz0VVQ-E9E$_$3,Baz0VVQ-E9E,Negative,Neutral,False,0.2075919508934021,0.613918662071228,0.17848940193653107,-0.6666666865348816,0.12004069983959198,0.7867074012756348
Baz0VVQ-E9E$_$5,Baz0VVQ-E9E,Negative,Negative,True,0.839294970035553,0.12596265971660614,0.03474234417080879,-0.6666666865348816,-0.9656445980072021,0.29897791147232056
Baz0VVQ-E9E$_$7,Baz0VVQ-E9E,Positive,Positive,True,0.057455409318208694,0.05030272156000137,0.8922418355941772,0.6666666865348816,1.2954128980636597,0.6287462115287781
Baz0VVQ-E9E$_$6,Baz0VVQ-E9E,Negative,Negative,True,0.5971700549125671,0.3115277588367462,0.09130214899778366,-0.3333333432674408,-0.3934222459793091,0.060088902711868286
Baz0VVQ-E9E$_$9,Baz0VVQ-E9E,Negative,Negative,True,0.7981708645820618,0.13475239276885986,0.06707677245140076,-0.3333333432674408,-0.7145066261291504,0.3811732828617096
Baz0VVQ-E9E$_$8,Baz0VVQ-E9E,Positive,Positive,True,0.12664446234703064,0.15619291365146637,0.7171626091003418,1.6666666269302368,0.7760526537895203,0.8906139731407166
C864zaWmEd0$_$5,C864zaWmEd0,Positive,Positive,True,0.03508058190345764,0.06335104256868362,0.9015684127807617,1.0,1.1721593141555786,0.1721593141555786
CJGuudyvA0Y$_$1,CJGuudyvA0Y,Neutral,Neutral,True,0.12008300423622131,0.5049485564231873,0.3749684691429138,0.0,0.2993175685405731,0.2993175685405731
CJGuudyvA0Y$_$0,CJGuudyvA0Y,Positive,Positive,True,0.034888871014118195,0.22560574114322662,0.739505410194397,0.6666666865348816,0.6872893571853638,0.020622670650482178
CJGuudyvA0Y$_$4,CJGuudyvA0Y,Negative,Positive,False,0.3041692078113556,0.29867023229599,0.3971605598926544,-0.6666666865348816,0.11365220695734024,0.7803189158439636
CPjbogfLHR4$_$10,CPjbogfLHR4,Positive,Positive,True,0.055424097925424576,0.09333973377943039,0.8512361645698547,1.3333333730697632,1.1077690124511719,0.2255643606185913
CPjbogfLHR4$_$16,CPjbogfLHR4,Positive,Positive,True,0.012905729934573174,0.04200487956404686,0.9450893998146057,1.6666666269302368,1.4831637144088745,0.1835029125213623
CPjbogfLHR4$_$18,CPjbogfLHR4,Positive,Positive,True,0.030922580510377884,0.07430406659841537,0.8947733044624329,1.6666666269302368,1.3645260334014893,0.30214059352874756
CPjbogfLHR4$_$0,CPjbogfLHR4,Positive,Positive,True,0.01877553015947342,0.28867480158805847,0.6925496459007263,0.6666666865348816,0.5794071555137634,0.08725953102111816
CPjbogfLHR4$_$2,CPjbogfLHR4,Neutral,Negative,False,0.7720499634742737,0.14315657317638397,0.08479344099760056,0.0,-0.7997279167175293,0.7997279167175293
CPjbogfLHR4$_$5,CPjbogfLHR4,Positive,Positive,True,0.01410976704210043,0.19473235309123993,0.7911579608917236,2.0,0.6524224877357483,1.3475775718688965
CPjbogfLHR4$_$4,CPjbogfLHR4,Negative,Positive,False,0.0226217620074749,0.31332626938819885,0.6640520095825195,-0.3333333432674408,0.5154613256454468,0.84879469871521
CPjbogfLHR4$_$9,CPjbogfLHR4,Positive,Positive,True,0.058448586612939835,0.37830033898353577,0.5632510781288147,1.3333333730697632,0.4750922620296478,0.858241081237793
DdUJojoFU_c$_$11,DdUJojoFU_c,Positive,Positive,True,0.025654226541519165,0.25548169016838074,0.7188640832901001,0.6666666865348816,0.6801636219024658,0.013496935367584229
DdUJojoFU_c$_$13,DdUJojoFU_c,Positive,Positive,True,0.011643512174487114,0.3538115918636322,0.6345449090003967,1.3333333730697632,0.6585821509361267,0.6747512221336365
DdUJojoFU_c$_$15,DdUJojoFU_c,Positive,Positive,True,0.013338548131287098,0.42684224247932434,0.559819221496582,0.3333333432674408,0.3949492573738098,0.06161591410636902
DdUJojoFU_c$_$14,DdUJojoFU_c,Neutral,Positive,False,0.018888916820287704,0.2756030559539795,0.7055079936981201,0.0,0.6357461214065552,0.6357461214065552
DdUJojoFU_c$_$17,DdUJojoFU_c,Positive,Neutral,False,0.15378540754318237,0.43958428502082825,0.40663036704063416,0.3333333432674408,0.2952924370765686,0.03804090619087219
DdUJojoFU_c$_$16,DdUJojoFU_c,Positive,Positive,True,0.00922929123044014,0.0802944228053093,0.9104763269424438,1.0,1.0449252128601074,0.04492521286010742
DdUJojoFU_c$_$1,DdUJojoFU_c,Positive,Positive,True,0.1028866246342659,0.15639159083366394,0.7407218217849731,0.6666666865348816,0.8120629787445068,0.14539629220962524
DdUJojoFU_c$_$3,DdUJojoFU_c,Positive,Positive,True,0.06262046098709106,0.39978206157684326,0.5375974178314209,0.6666666865348816,0.512799084186554,0.15386760234832764
DdUJojoFU_c$_$2,DdUJojoFU_c,Positive,Positive,True,0.05697040259838104,0.4585112929344177,0.4845183193683624,0.3333333432674408,0.4644431173801422,0.13110977411270142
DdUJojoFU_c$_$6,DdUJojoFU_c,Positive,Positive,True,0.07712922245264053,0.4279687702655792,0.49490195512771606,0.6666666865348816,0.4423961043357849,0.22427058219909668
DdUJojoFU_c$_$9,DdUJojoFU_c,Positive,Positive,True,0.03528159484267235,0.2496868520975113,0.7150315642356873,0.6666666865348816,0.7431505918502808,0.07648390531539917
DdUJojoFU_c$_$8,DdUJojoFU_c,Positive,Neutral,False,0.05491266027092934,0.5958915948867798,0.3491956889629364,1.0,0.3128572702407837,0.6871427297592163
DlbYiwOnTyk$_$1,DlbYiwOnTyk,Negative,Neutral,False,0.06912487000226974,0.6026367545127869,0.3282383680343628,-0.3333333432674408,0.25989511609077454,0.5932284593582153
DlbYiwOnTyk$_$3,DlbYiwOnTyk,Positive,Positive,True,0.02300994284451008,0.15486286580562592,0.8221272230148315,0.3333333432674408,0.7709130048751831,0.4375796616077423
DlbYiwOnTyk$_$2,DlbYiwOnTyk,Positive,Positive,True,0.054108720272779465,0.1604597419500351,0.7854315042495728,0.6666666865348816,0.8025425672531128,0.1358758807182312
DlbYiwOnTyk$_$4,DlbYiwOnTyk,Positive,Positive,True,0.012108968570828438,0.03968653827905655,0.948204517364502,1.3333333730697632,1.6297706365585327,0.29643726348876953
DpZGnuj-BA8$_$0,DpZGnuj-BA8,Neutral,Positive,False,0.0363585539162159,0.4584801495075226,0.5051612854003906,0.0,0.39226359128952026,0.39226359128952026
DpZGnuj-BA8$_$3,DpZGnuj-BA8,Positive,Positive,True,0.019641662016510963,0.06568945944309235,0.9146689176559448,1.6666666269302368,1.1584899425506592,0.5081766843795776
DpZGnuj-BA8$_$2,DpZGnuj-BA8,Positive,Neutral,False,0.05532326176762581,0.5012986660003662,0.4433780610561371,0.3333333432674408,0.39271730184555054,0.05938395857810974
DpZGnuj-BA8$_$5,DpZGnuj-BA8,Positive,Positive,True,0.41577914357185364,0.11400788277387619,0.4702129364013672,0.6666666865348816,0.2678443491458893,0.3988223373889923
DpZGnuj-BA8$_$4,DpZGnuj-BA8,Neutral,Neutral,True,0.12381131201982498,0.5322833061218262,0.34390541911125183,0.0,0.305433988571167,0.305433988571167
E8MuzHUhUHk$_$13,E8MuzHUhUHk,Positive,Positive,True,0.04771250858902931,0.1759844571352005,0.7763030529022217,1.0,0.8497811555862427,0.15021884441375732
E8MuzHUhUHk$_$15,E8MuzHUhUHk,Positive,Positive,True,0.00968402810394764,0.039990898221731186,0.950325071811676,1.6666666269302368,1.309119701385498,0.35754692554473877
E8MuzHUhUHk$_$14,E8MuzHUhUHk,Positive,Positive,True,0.02959543839097023,0.14194515347480774,0.8284593820571899,0.6666666865348816,0.8739064931869507,0.2072398066520691
E8MuzHUhUHk$_$16,E8MuzHUhUHk,Positive,Positive,True,0.009006294421851635,0.06186695396900177,0.9291267395019531,2.0,1.175302267074585,0.824697732925415
E8MuzHUhUHk$_$1,E8MuzHUhUHk,Positive,Positive,True,0.013891263864934444,0.1841093748807907,0.8019993901252747,1.0,0.6709772944450378,0.32902270555496216
E8MuzHUhUHk$_$0,E8MuzHUhUHk,Positive,Positive,True,0.010129893198609352,0.06388094276189804,0.9259891510009766,1.0,1.1476836204528809,0.14768362045288086
E8MuzHUhUHk$_$3,E8MuzHUhUHk,Positive,Positive,True,0.01784983091056347,0.2751582860946655,0.7069919109344482,0.3333333432674408,0.5975465178489685,0.2642131745815277
E8MuzHUhUHk$_$2,E8MuzHUhUHk,Neutral,Positive,False,0.060269247740507126,0.39483749866485596,0.5448932647705078,0.0,0.5104773044586182,0.5104773044586182
E8MuzHUhUHk$_$5,E8MuzHUhUHk,Neutral,Positive,False,0.01602640561759472,0.2726052403450012,0.7113683819770813,0.0,0.6195341348648071,0.6195341348648071
E8MuzHUhUHk$_$6,E8MuzHUhUHk,Positive,Positive,True,0.020473157986998558,0.24440407752990723,0.735122799873352,0.3333333432674408,0.7121784687042236,0.37884512543678284
E8MuzHUhUHk$_$9,E8MuzHUhUHk,Positive,Positive,True,0.13096566498279572,0.39280590415000916,0.4762284457683563,0.3333333432674408,0.3289925158023834,0.004340827465057373
EEjCkc82oyk$_$11,EEjCkc82oyk,Neutral,Negative,False,0.5072845816612244,0.28826844692230225,0.2044469714164734,0.0,-0.200344055891037,0.200344055891037
EEjCkc82oyk$_$10,EEjCkc82oyk,Neutral,Neutral,True,0.024340851232409477,0.5179197192192078,0.4577394723892212,0.0,0.3223172724246979,0.3223172724246979
EEjCkc82oyk$_$0,EEjCkc82oyk,Negative,Neutral,False,0.2414492815732956,0.5759378671646118,0.1826128512620926,-0.6666666865348816,0.0495619997382164,0.7162286639213562
EEjCkc82oyk$_$3,EEjCkc82oyk,Negative,Negative,True,0.8283411264419556,0.09712319821119308,0.07453573495149612,-1.0,-0.8096719980239868,0.19032800197601318
EEjCkc82oyk$_$5,EEjCkc82oyk,Negative,Negative,True,0.4963051974773407,0.3358173072338104,0.16787752509117126,-0.3333333432674408,-0.2021876722574234,0.1311456710100174
EEjCkc82oyk$_$7,EEjCkc82oyk,Negative,Negative,True,0.6528775095939636,0.24415650963783264,0.10296599566936493,-1.0,-0.46415096521377563,0.5358490347862244
EEjCkc82oyk$_$9,EEjCkc82oyk,Neutral,Neutral,True,0.14446792006492615,0.42829349637031555,0.4272386133670807,0.0,0.2693047523498535,0.2693047523498535
EEjCkc82oyk$_$8,EEjCkc82oyk,Positive,Neutral,False,0.21846403181552887,0.5127626061439514,0.2687733471393585,0.3333333432674408,0.11279276013374329,0.2205405831336975
EQxkXiWAm08$_$8,EQxkXiWAm08,Positive,Neutral,False,0.0757308080792427,0.7809974551200867,0.14327175915241241,0.3333333432674408,0.08110088109970093,0.25223246216773987
EQxkXiWAm08$_$5,EQxkXiWAm08,Negative,Neutral,False,0.1483912467956543,0.6963117122650146,0.15529702603816986,-0.3333333432674408,0.06408022344112396,0.39741355180740356
ET1cU5_A2YM$_$10,ET1cU5_A2YM,Neutral,Positive,False,0.047605473548173904,0.06344003975391388,0.8889544606208801,0.0,1.2353802919387817,1.2353802919387817
ET1cU5_A2YM$_$1,ET1cU5_A2YM,Negative,Negative,True,0.7600523233413696,0.1162760779261589,0.12367161363363266,-2.3333332538604736,-0.48659151792526245,1.8467416763305664
ET1cU5_A2YM$_$3,ET1cU5_A2YM,Neutral,Negative,False,0.5504636764526367,0.2910706102848053,0.1584656834602356,0.0,-0.15968021750450134,0.15968021750450134
ET1cU5_A2YM$_$2,ET1cU5_A2YM,Negative,Negative,True,0.44997093081474304,0.3358743488788605,0.21415479481220245,-1.0,-0.14373990893363953,0.8562600612640381
ET1cU5_A2YM$_$5,ET1cU5_A2YM,Negative,Negative,True,0.6947876811027527,0.2121889591217041,0.09302341938018799,-1.3333333730697632,-0.5414106845855713,0.7919226884841919
ET1cU5_A2YM$_$6,ET1cU5_A2YM,Negative,Negative,True,0.8084142208099365,0.12111008912324905,0.07047560065984726,-2.0,-0.8246949315071106,1.1753051280975342
EmmuWoCUgXs$_$12,EmmuWoCUgXs,Negative,Negative,True,0.7086676359176636,0.13429439067840576,0.15703798830509186,-1.0,-0.5977165699005127,0.4022834300994873
EmmuWoCUgXs$_$14,EmmuWoCUgXs,Positive,Positive,True,0.09812554717063904,0.31549984216690063,0.5863746404647827,1.0,0.45927655696868896,0.540723443031311
EmmuWoCUgXs$_$22,EmmuWoCUgXs,Negative,Positive,False,0.016527477651834488,0.17628154158592224,0.807191014289856,-0.6666666865348816,0.6513875126838684,1.31805419921875
EmmuWoCUgXs$_$16,EmmuWoCUgXs,Neutral,Positive,False,0.035740990191698074,0.16464722156524658,0.7996117472648621,0.0,0.7323711514472961,0.7323711514472961
EmmuWoCUgXs$_$19,EmmuWoCUgXs,Positive,Negative,False,0.4075925946235657,0.310630738735199,0.28177669644355774,0.3333333432674408,-0.049708086997270584,0.3830414414405823
EmmuWoCUgXs$_$18,EmmuWoCUgXs,Positive,Positive,True,0.11045929789543152,0.29682278633117676,0.5927178859710693,0.3333333432674408,0.5306336283683777,0.1973002851009369
EmmuWoCUgXs$_$1,EmmuWoCUgXs,Positive,Positive,True,0.01807335577905178,0.10926759243011475,0.8726590871810913,0.3333333432674408,0.9223812222480774,0.589047908782959
EmmuWoCUgXs$_$3,EmmuWoCUgXs,Negative,Neutral,False,0.23398767411708832,0.468015193939209,0.2979971170425415,-0.6666666865348816,0.11205101013183594,0.7787176966667175
EmmuWoCUgXs$_$7,EmmuWoCUgXs,Negative,Negative,True,0.6716785430908203,0.1447206437587738,0.18360087275505066,-0.6666666865348816,-0.39964964985847473,0.26701703667640686
EmmuWoCUgXs$_$6,EmmuWoCUgXs,Neutral,Negative,False,0.7178699970245361,0.10955590754747391,0.17257413268089294,0.0,-0.5565601587295532,0.5565601587295532
Es9MkKsMsjU$_$10,Es9MkKsMsjU,Negative,Neutral,False,0.1012653037905693,0.6272709369659424,0.2714637815952301,-1.3333333730697632,0.22017920017242432,1.5535125732421875
Es9MkKsMsjU$_$12,Es9MkKsMsjU,Negative,Negative,True,0.8890544772148132,0.0724034309387207,0.038542043417692184,-1.6666666269302368,-1.180267333984375,0.4863992929458618
Es9MkKsMsjU$_$2,Es9MkKsMsjU,Negative,Negative,True,0.8403834700584412,0.09326016902923584,0.0663563683629036,-1.6666666269302368,-0.9814069271087646,0.6852596998214722
Es9MkKsMsjU$_$5,Es9MkKsMsjU,Negative,Negative,True,0.7881317734718323,0.1661471575498581,0.0457211397588253,-2.0,-0.7590060830116272,1.2409939765930176
Es9MkKsMsjU$_$7,Es9MkKsMsjU,Negative,Negative,True,0.955994188785553,0.02290274202823639,0.02110305055975914,-1.6666666269302368,-1.8392884731292725,0.17262184619903564
Es9MkKsMsjU$_$6,Es9MkKsMsjU,Negative,Negative,True,0.7959790229797363,0.12083379924297333,0.08318714052438736,-2.0,-0.7761141061782837,1.2238858938217163
Ezn3p5FWF_U$_$3,Ezn3p5FWF_U,Neutral,Positive,False,0.045897338539361954,0.18258415162563324,0.7715185284614563,0.0,0.7531750202178955,0.7531750202178955
Ezn3p5FWF_U$_$4,Ezn3p5FWF_U,Positive,Positive,True,0.09825251996517181,0.0793440043926239,0.8224034905433655,1.0,0.9306310415267944,0.06936895847320557
F1U26PLiXjM$_$1,F1U26PLiXjM,Positive,Positive,True,0.08179908990859985,0.29784247279167175,0.620358407497406,0.6666666865348816,0.5311254858970642,0.13554120063781738
F1U26PLiXjM$_$3,F1U26PLiXjM,Positive,Positive,True,0.02022671140730381,0.04818592220544815,0.9315873980522156,2.3333332538604736,1.2988595962524414,1.0344736576080322
F4yFRROWtdE$_$3,F4yFRROWtdE,Positive,Positive,True,0.015844296663999557,0.14504413306713104,0.8391116261482239,0.3333333432674408,0.8423761129379272,0.5090427398681641
F4yFRROWtdE$_$4,F4yFRROWtdE,Positive,Positive,True,0.013920777477324009,0.0699974000453949,0.9160818457603455,0.6666666865348816,1.0282922983169556,0.361625611782074
F6JV-K840EY$_$2,F6JV-K840EY,Neutral,Neutral,True,0.05615239590406418,0.5849485397338867,0.3588990867137909,0.0,0.22061336040496826,0.22061336040496826
F6JV-K840EY$_$0,F6JV-K840EY,Positive,Positive,True,0.01258762739598751,0.11348743736743927,0.873924970626831,1.3333333730697632,0.8434529900550842,0.48988038301467896
F6JV-K840EY$_$12,F6JV-K840EY,Positive,Positive,True,0.019389301538467407,0.25272229313850403,0.7278884053230286,1.3333333730697632,0.7364325523376465,0.5969008207321167
FB_b1dm0SRY$_$11,FB_b1dm0SRY,Positive,Positive,True,0.021948419511318207,0.03262992575764656,0.9454216361045837,1.6666666269302368,1.6654114723205566,0.0012551546096801758
FB_b1dm0SRY$_$10,FB_b1dm0SRY,Neutral,Negative,False,0.4066312313079834,0.39335235953330994,0.20001639425754547,0.0,-0.09314584732055664,0.09314584732055664
FB_b1dm0SRY$_$13,FB_b1dm0SRY,Positive,Positive,True,0.09084033966064453,0.27937090396881104,0.6297887563705444,1.0,0.6808997988700867,0.31910020112991333
FB_b1dm0SRY$_$12,FB_b1dm0SRY,Neutral,Positive,False,0.16577349603176117,0.3810069262981415,0.45321959257125854,0.0,0.36159616708755493,0.36159616708755493
FB_b1dm0SRY$_$15,FB_b1dm0SRY,Positive,Positive,True,0.1162542998790741,0.10328201949596405,0.780463695526123,2.3333332538604736,0.9152182340621948,1.4181150197982788
FB_b1dm0SRY$_$14,FB_b1dm0SRY,Neutral,Positive,False,0.2192952036857605,0.34243160486221313,0.43827322125434875,0.0,0.3063221573829651,0.3063221573829651
FB_b1dm0SRY$_$16,FB_b1dm0SRY,Positive,Positive,True,0.04973352700471878,0.20897400379180908,0.7412924766540527,1.6666666269302368,0.7084370255470276,0.9582296013832092
FB_b1dm0SRY$_$1,FB_b1dm0SRY,Negative,Negative,True,0.708773672580719,0.19119782745838165,0.10002847760915756,-1.0,-0.5273442268371582,0.4726557731628418
FB_b1dm0SRY$_$0,FB_b1dm0SRY,Positive,Neutral,False,0.13645631074905396,0.49324408173561096,0.37029966711997986,0.3333333432674408,0.2130821943283081,0.12025114893913269
FB_b1dm0SRY$_$3,FB_b1dm0SRY,Positive,Positive,True,0.12822575867176056,0.11091785132884979,0.7608564496040344,2.0,0.9795236587524414,1.0204763412475586
FB_b1dm0SRY$_$2,FB_b1dm0SRY,Neutral,Negative,False,0.4512454569339752,0.31626397371292114,0.23249053955078125,0.0,-0.13632658123970032,0.13632658123970032
FB_b1dm0SRY$_$5,FB_b1dm0SRY,Neutral,Positive,False,0.08004851639270782,0.4042101800441742,0.5157412886619568,0.0,0.35038501024246216,0.35038501024246216
FB_b1dm0SRY$_$4,FB_b1dm0SRY,Neutral,Negative,False,0.5144256949424744,0.15665078163146973,0.3289235830307007,0.0,-0.06836611032485962,0.06836611032485962
FB_b1dm0SRY$_$7,FB_b1dm0SRY,Positive,Positive,True,0.01624653860926628,0.05185054987668991,0.9319029450416565,1.3333333730697632,1.2906389236450195,0.04269444942474365
FB_b1dm0SRY$_$6,FB_b1dm0SRY,Positive,Negative,False,0.4609660804271698,0.3712376654148102,0.1677962690591812,0.6666666865348816,-0.1824531853199005,0.8491199016571045
FB_b1dm0SRY$_$9,FB_b1dm0SRY,Neutral,Positive,False,0.2619020640850067,0.31441032886505127,0.423687607049942,0.0,0.28313151001930237,0.28313151001930237
FB_b1dm0SRY$_$8,FB_b1dm0SRY,Positive,Positive,True,0.04799234867095947,0.028409427031874657,0.9235982894897461,1.6666666269302368,1.6691744327545166,0.002507805824279785
FxxJB8hBpyQ$_$1,FxxJB8hBpyQ,Negative,Negative,True,0.9023177623748779,0.06847404688596725,0.0292082279920578,-0.3333333432674408,-1.0261151790618896,0.6927818059921265
FxxJB8hBpyQ$_$5,FxxJB8hBpyQ,Negative,Negative,True,0.7882323861122131,0.15581098198890686,0.05595659092068672,-2.0,-0.7724461555480957,1.2275538444519043
FxxJB8hBpyQ$_$17,FxxJB8hBpyQ,Positive,Positive,True,0.027378855273127556,0.19590772688388824,0.7767133712768555,0.3333333432674408,0.7440395951271057,0.4107062518596649
Fy0Uid9afM8$_$1,Fy0Uid9afM8,Negative,Negative,True,0.6592957973480225,0.26783815026283264,0.07286608964204788,-0.6666666865348816,-0.5542559623718262,0.11241072416305542
Fy0Uid9afM8$_$0,Fy0Uid9afM8,Negative,Negative,True,0.4778967797756195,0.38736119866371155,0.13474206626415253,-1.0,-0.2086920142173767,0.7913079857826233
Fy0Uid9afM8$_$3,Fy0Uid9afM8,Negative,Neutral,False,0.39656269550323486,0.40043237805366516,0.2030048966407776,-0.6666666865348816,-0.06378167867660522,0.6028850078582764
Fy0Uid9afM8$_$2,Fy0Uid9afM8,Negative,Neutral,False,0.38802671432495117,0.5039088726043701,0.10806439816951752,-1.3333333730697632,-0.17819756269454956,1.1551358699798584
Fy0Uid9afM8$_$5,Fy0Uid9afM8,Negative,Negative,True,0.7548254728317261,0.20207619667053223,0.043098289519548416,-1.3333333730697632,-0.8692725896835327,0.46406078338623047
Fy0Uid9afM8$_$4,Fy0Uid9afM8,Negative,Negative,True,0.7181954383850098,0.1945071965456009,0.08729739487171173,-1.0,-0.6149881482124329,0.38501185178756714
Fy0Uid9afM8$_$6,Fy0Uid9afM8,Positive,Neutral,False,0.2911738455295563,0.5094443559646606,0.19938179850578308,0.6666666865348816,0.030579864978790283,0.6360868215560913
Gz2qsCqWNUY$_$2,Gz2qsCqWNUY,Positive,Positive,True,0.0774977058172226,0.2477264106273651,0.6747758388519287,0.6666666865348816,0.5849548578262329,0.08171182870864868
H1DpVwktfDQ$_$1,H1DpVwktfDQ,Positive,Positive,True,0.10962703824043274,0.37060093879699707,0.5197720527648926,0.3333333432674408,0.48990747332572937,0.15657413005828857
H1DpVwktfDQ$_$0,H1DpVwktfDQ,Positive,Positive,True,0.06154802069067955,0.3849439024925232,0.5535080432891846,1.6666666269302368,0.5858783721923828,1.080788254737854
H1DpVwktfDQ$_$2,H1DpVwktfDQ,Neutral,Positive,False,0.3339230716228485,0.2728669345378876,0.3932100534439087,0.0,0.2738751173019409,0.2738751173019409
H1DpVwktfDQ$_$5,H1DpVwktfDQ,Positive,Positive,True,0.09603514522314072,0.2752342224121094,0.6287305951118469,0.6666666865348816,0.6358059048652649,0.0308607816696167
H6ci6Myq8uI$_$8,H6ci6Myq8uI,Neutral,Neutral,True,0.40092918276786804,0.45998135209083557,0.1390894502401352,0.0,-0.14663314819335938,0.14663314819335938
H6ci6Myq8uI$_$4,H6ci6Myq8uI,Positive,Positive,True,0.04131712391972542,0.436828076839447,0.5218547582626343,1.0,0.39975541830062866,0.6002445816993713
H6ci6Myq8uI$_$6,H6ci6Myq8uI,Positive,Positive,True,0.04965739697217941,0.26010948419570923,0.690233051776886,0.3333333432674408,0.6391767263412476,0.30584338307380676
H9mSft9YGuk$_$11,H9mSft9YGuk,Positive,Negative,False,0.7189117074012756,0.16636459529399872,0.11472377181053162,0.6666666865348816,-0.5795668959617615,1.246233582496643
H9mSft9YGuk$_$7,H9mSft9YGuk,Neutral,Negative,False,0.4601955711841583,0.4340302348136902,0.10577426850795746,0.0,-0.24223622679710388,0.24223622679710388
H9mSft9YGuk$_$6,H9mSft9YGuk,Negative,Neutral,False,0.12549416720867157,0.599048376083374,0.2754574418067932,-0.3333333432674408,0.18319487571716309,0.5165282487869263
HGicRLwgtkM$_$1,HGicRLwgtkM,Positive,Neutral,False,0.10651848465204239,0.4716636538505554,0.421817809343338,1.0,0.28626900911331177,0.7137309908866882
HGicRLwgtkM$_$0,HGicRLwgtkM,Positive,Neutral,False,0.08244619518518448,0.520376980304718,0.3971767723560333,1.3333333730697632,0.3397443890571594,0.9935889840126038
HGicRLwgtkM$_$3,HGicRLwgtkM,Positive,Neutral,False,0.18960192799568176,0.5291708707809448,0.2812272310256958,1.0,0.18677684664726257,0.813223123550415
HGicRLwgtkM$_$2,HGicRLwgtkM,Positive,Positive,True,0.02972481958568096,0.2773914635181427,0.6928836703300476,2.0,0.6050006151199341,1.394999384880066
HGicRLwgtkM$_$5,HGicRLwgtkM,Positive,Positive,True,0.06328573822975159,0.30690139532089233,0.6298128366470337,1.3333333730697632,0.6230731010437012,0.710260272026062
HGicRLwgtkM$_$4,HGicRLwgtkM,Positive,Positive,True,0.022253287956118584,0.09242676943540573,0.8853198885917664,1.3333333730697632,1.0466482639312744,0.28668510913848877
HGicRLwgtkM$_$6,HGicRLwgtkM,Positive,Positive,True,0.05126335844397545,0.3657713234424591,0.5829653143882751,2.3333332538604736,0.5596354007720947,1.773697853088379
HetCe0lLacc$_$3,HetCe0lLacc,Neutral,Neutral,True,0.22412310540676117,0.48777681589126587,0.28810012340545654,0.0,0.09557334333658218,0.09557334333658218
HmXXW45eZL4$_$1,HmXXW45eZL4,Negative,Positive,False,0.26192909479141235,0.2934269309043884,0.444644033908844,-0.3333333432674408,0.21465738117694855,0.5479907393455505
HmXXW45eZL4$_$4,HmXXW45eZL4,Neutral,Negative,False,0.8944564461708069,0.0402166023850441,0.0653270035982132,0.0,-1.3962795734405518,1.3962795734405518
HmXXW45eZL4$_$6,HmXXW45eZL4,Neutral,Negative,False,0.9289057850837708,0.03493286296725273,0.03616134077310562,0.0,-1.5115827322006226,1.5115827322006226
IM6HW1HwHhM$_$11,IM6HW1HwHhM,Positive,Positive,True,0.18135209381580353,0.3058593273162842,0.5127885937690735,1.0,0.46525195240974426,0.5347480773925781
IM6HW1HwHhM$_$12,IM6HW1HwHhM,Neutral,Neutral,True,0.10454147309064865,0.5187106132507324,0.37674790620803833,0.0,0.2856209874153137,0.2856209874153137
IM6HW1HwHhM$_$15,IM6HW1HwHhM,Positive,Positive,True,0.0180803369730711,0.15752658247947693,0.824393093585968,1.0,0.778511643409729,0.221488356590271
IM6HW1HwHhM$_$17,IM6HW1HwHhM,Neutral,Positive,False,0.04572366178035736,0.2044220119714737,0.7498542666435242,0.0,0.71824711561203,0.71824711561203
IM6HW1HwHhM$_$16,IM6HW1HwHhM,Negative,Positive,False,0.32132741808891296,0.23424889147281647,0.44442373514175415,-0.3333333432674408,0.19069452583789825,0.5240278840065002
IM6HW1HwHhM$_$44,IM6HW1HwHhM,Positive,Positive,True,0.015574458986520767,0.10788990557193756,0.8765355944633484,2.6666667461395264,1.0057885646820068,1.6608781814575195
IM6HW1HwHhM$_$36,IM6HW1HwHhM,Neutral,Positive,False,0.024006575345993042,0.16356982290744781,0.8124236464500427,0.0,0.867499053478241,0.867499053478241
IM6HW1HwHhM$_$2,IM6HW1HwHhM,Neutral,Neutral,True,0.08481141924858093,0.4635920822620392,0.4515964686870575,0.0,0.3647839426994324,0.3647839426994324
IM6HW1HwHhM$_$6,IM6HW1HwHhM,Neutral,Neutral,True,0.1456184685230255,0.4367716312408447,0.417609840631485,0.0,0.3332187235355377,0.3332187235355377
IRY4D_-mx3Q$_$2,IRY4D_-mx3Q,Positive,Negative,False,0.49387964606285095,0.09465554356575012,0.4114648699760437,0.3333333432674408,0.20771944522857666,0.12561389803886414
IUmxJNs2zaY$_$1,IUmxJNs2zaY,Positive,Neutral,False,0.10427781194448471,0.4835982322692871,0.41212397813796997,0.3333333432674408,0.3662933111190796,0.032959967851638794
IUmxJNs2zaY$_$3,IUmxJNs2zaY,Positive,Positive,True,0.038888346403837204,0.4549177885055542,0.5061938762664795,0.3333333432674408,0.32121706008911133,0.012116283178329468
IUmxJNs2zaY$_$2,IUmxJNs2zaY,Positive,Neutral,False,0.1048988476395607,0.5614861845970154,0.3336149752140045,0.6666666865348816,0.15801548957824707,0.5086511969566345
IUmxJNs2zaY$_$4,IUmxJNs2zaY,Positive,Neutral,False,0.04768693074584007,0.4854207932949066,0.4668922424316406,0.6666666865348816,0.36372318863868713,0.30294349789619446
JAnRCQ9A0vI$_$1,JAnRCQ9A0vI,Neutral,Positive,False,0.023162435740232468,0.18303991854190826,0.7937976121902466,0.0,0.7794508934020996,0.7794508934020996
JAnRCQ9A0vI$_$0,JAnRCQ9A0vI,Neutral,Neutral,True,0.10975996404886246,0.6373724937438965,0.25286754965782166,0.0,0.16141831874847412,0.16141831874847412
JAnRCQ9A0vI$_$3,JAnRCQ9A0vI,Positive,Positive,True,0.024736884981393814,0.13872376084327698,0.8365393877029419,1.0,0.8726774454116821,0.12732255458831787
JAnRCQ9A0vI$_$2,JAnRCQ9A0vI,Positive,Positive,True,0.018033599480986595,0.07511497288942337,0.9068514704704285,1.0,1.0841307640075684,0.08413076400756836
JAnRCQ9A0vI$_$5,JAnRCQ9A0vI,Neutral,Positive,False,0.014094294980168343,0.12170785665512085,0.864197850227356,0.0,0.8297545909881592,0.8297545909881592
JAnRCQ9A0vI$_$4,JAnRCQ9A0vI,Neutral,Neutral,True,0.13600406050682068,0.7011077404022217,0.16288824379444122,0.0,0.0068649426102638245,0.0068649426102638245
JAnRCQ9A0vI$_$7,JAnRCQ9A0vI,Positive,Positive,True,0.026063643395900726,0.10991000384092331,0.8640263676643372,1.3333333730697632,0.9378635287284851,0.3954698443412781
JAnRCQ9A0vI$_$6,JAnRCQ9A0vI,Neutral,Neutral,True,0.03838794305920601,0.6901112794876099,0.271500825881958,0.0,0.20736064016819,0.20736064016819
JAnRCQ9A0vI$_$8,JAnRCQ9A0vI,Positive,Positive,True,0.07131602615118027,0.18307004868984222,0.7456139326095581,1.3333333730697632,0.6766963005065918,0.6566370725631714
JGzFUzPeAA8$_$0,JGzFUzPeAA8,Positive,Positive,True,0.017238348722457886,0.10138542205095291,0.8813762068748474,0.3333333432674408,0.9570153951644897,0.6236820220947266
JOK1SSmPtFw$_$11,JOK1SSmPtFw,Neutral,Positive,False,0.018600549548864365,0.4170767366886139,0.5643226504325867,0.0,0.492304265499115,0.492304265499115
JOK1SSmPtFw$_$10,JOK1SSmPtFw,Neutral,Neutral,True,0.023112555965781212,0.5751292705535889,0.4017581641674042,0.0,0.29225146770477295,0.29225146770477295
JOK1SSmPtFw$_$13,JOK1SSmPtFw,Negative,Positive,False,0.14153553545475006,0.388967901468277,0.46949657797813416,-0.6666666865348816,0.3160465955734253,0.9827132821083069
JOK1SSmPtFw$_$12,JOK1SSmPtFw,Neutral,Neutral,True,0.26778337359428406,0.47289809584617615,0.2593185007572174,0.0,0.031640902161598206,0.031640902161598206
JOK1SSmPtFw$_$15,JOK1SSmPtFw,Neutral,Neutral,True,0.027785664424300194,0.7150235772132874,0.25719067454338074,0.0,0.183389812707901,0.183389812707901
JOK1SSmPtFw$_$14,JOK1SSmPtFw,Neutral,Neutral,True,0.04032541811466217,0.6981008648872375,0.26157376170158386,0.0,0.20222443342208862,0.20222443342208862
JOK1SSmPtFw$_$17,JOK1SSmPtFw,Neutral,Neutral,True,0.07079729437828064,0.49867546558380127,0.4305272400379181,0.0,0.29894837737083435,0.29894837737083435
JOK1SSmPtFw$_$16,JOK1SSmPtFw,Neutral,Neutral,True,0.03601917251944542,0.7073879241943359,0.25659283995628357,0.0,0.22562327980995178,0.22562327980995178
JOK1SSmPtFw$_$19,JOK1SSmPtFw,Positive,Neutral,False,0.22697775065898895,0.39161068201065063,0.38141152262687683,0.3333333432674408,0.13987326622009277,0.19346007704734802
JOK1SSmPtFw$_$18,JOK1SSmPtFw,Positive,Positive,True,0.02868713065981865,0.11426284909248352,0.8570500612258911,0.3333333432674408,0.9127874970436096,0.5794541835784912
JOK1SSmPtFw$_$1,JOK1SSmPtFw,Negative,Negative,True,0.45691248774528503,0.3677656054496765,0.17532189190387726,-0.6666666865348816,-0.22195151448249817,0.4447151720523834
JOK1SSmPtFw$_$0,JOK1SSmPtFw,Positive,Positive,True,0.014684310182929039,0.03124486841261387,0.9540708661079407,1.3333333730697632,1.5871381759643555,0.2538048028945923
JOK1SSmPtFw$_$3,JOK1SSmPtFw,Positive,Positive,True,0.11461152881383896,0.4393390715122223,0.44604942202568054,0.3333333432674408,0.41453176736831665,0.08119842410087585
JOK1SSmPtFw$_$2,JOK1SSmPtFw,Positive,Positive,True,0.027770666405558586,0.07983611524105072,0.8923932313919067,0.6666666865348816,1.145512580871582,0.47884589433670044
JOK1SSmPtFw$_$5,JOK1SSmPtFw,Neutral,Positive,False,0.08598146587610245,0.3332400321960449,0.5807785391807556,0.0,0.5126066207885742,0.5126066207885742
JOK1SSmPtFw$_$4,JOK1SSmPtFw,Neutral,Positive,False,0.03938594460487366,0.27636221051216125,0.6842519044876099,0.0,0.6546674370765686,0.6546674370765686
JOK1SSmPtFw$_$7,JOK1SSmPtFw,Neutral,Neutral,True,0.15164627134799957,0.6122041344642639,0.23614951968193054,0.0,0.15646526217460632,0.15646526217460632
JOK1SSmPtFw$_$6,JOK1SSmPtFw,Neutral,Neutral,True,0.11718478798866272,0.7676087617874146,0.11520647257566452,0.0,0.031285885721445084,0.031285885721445084
JOK1SSmPtFw$_$9,JOK1SSmPtFw,Positive,Positive,True,0.030355459079146385,0.2906174063682556,0.6790271401405334,0.3333333432674408,0.509682297706604,0.1763489544391632
JOK1SSmPtFw$_$20,JOK1SSmPtFw,Neutral,Neutral,True,0.09234005212783813,0.49086201190948486,0.4167979955673218,0.0,0.32209789752960205,0.32209789752960205
JOK1SSmPtFw$_$8,JOK1SSmPtFw,Neutral,Neutral,True,0.0642283484339714,0.7512598633766174,0.18451184034347534,0.0,0.15359202027320862,0.15359202027320862
JPT38CA3sGI$_$1,JPT38CA3sGI,Positive,Positive,True,0.1678435057401657,0.41601985692977905,0.4161366820335388,1.0,0.3564424514770508,0.6435575485229492
JPT38CA3sGI$_$0,JPT38CA3sGI,Positive,Positive,True,0.16402706503868103,0.3664915859699249,0.46948134899139404,0.6666666865348816,0.3116137981414795,0.3550528883934021
JPT38CA3sGI$_$3,JPT38CA3sGI,Positive,Positive,True,0.09822611510753632,0.18043909966945648,0.7213348150253296,0.6666666865348816,0.5847233533859253,0.0819433331489563
JPT38CA3sGI$_$2,JPT38CA3sGI,Negative,Negative,True,0.8597899079322815,0.06568814814090729,0.07452191412448883,-1.0,-1.130419373512268,0.13041937351226807
JPT38CA3sGI$_$5,JPT38CA3sGI,Positive,Positive,True,0.1258070170879364,0.40547817945480347,0.46871477365493774,1.3333333730697632,0.4038362205028534,0.9294971227645874
JPT38CA3sGI$_$6,JPT38CA3sGI,Positive,Negative,False,0.7832396030426025,0.14021919667720795,0.07654114812612534,0.6666666865348816,-0.6197494864463806,1.2864161729812622
JVpF99zuQhA$_$0,JVpF99zuQhA,Positive,Positive,True,0.017900824546813965,0.1796400547027588,0.8024590611457825,0.3333333432674408,0.7686170339584351,0.43528369069099426
JVpF99zuQhA$_$2,JVpF99zuQhA,Neutral,Neutral,True,0.029206499457359314,0.6570560336112976,0.3137374818325043,0.0,0.2299051582813263,0.2299051582813263
JVpF99zuQhA$_$4,JVpF99zuQhA,Neutral,Neutral,True,0.027767637744545937,0.6468908786773682,0.32534149289131165,0.0,0.20673835277557373,0.20673835277557373
JVpF99zuQhA$_$6,JVpF99zuQhA,Neutral,Neutral,True,0.20452670753002167,0.5733226537704468,0.22215063869953156,0.0,0.08691582083702087,0.08691582083702087
K0m1tO3Ybyc$_$10,K0m1tO3Ybyc,Neutral,Neutral,True,0.0747411698102951,0.47255295515060425,0.45270588994026184,0.0,0.37311339378356934,0.37311339378356934
K0m1tO3Ybyc$_$13,K0m1tO3Ybyc,Positive,Positive,True,0.07285218685865402,0.1290755718946457,0.7980722784996033,0.3333333432674408,0.8874890208244324,0.554155707359314
K0m1tO3Ybyc$_$15,K0m1tO3Ybyc,Neutral,Positive,False,0.17420874536037445,0.31152933835983276,0.5142619609832764,0.0,0.5236300230026245,0.5236300230026245
K0m1tO3Ybyc$_$2,K0m1tO3Ybyc,Negative,Positive,False,0.09805785119533539,0.31549185514450073,0.5864502787590027,-0.3333333432674408,0.4866816997528076,0.8200150728225708
K0m1tO3Ybyc$_$4,K0m1tO3Ybyc,Positive,Positive,True,0.025953752920031548,0.12501995265483856,0.8490262627601624,0.6666666865348816,1.002755045890808,0.3360883593559265
K0m1tO3Ybyc$_$8,K0m1tO3Ybyc,Negative,Positive,False,0.33017465472221375,0.23766553401947021,0.43215981125831604,-1.3333333730697632,0.2758783996105194,1.609211802482605
K8gp7ncdUl8$_$5,K8gp7ncdUl8,Positive,Positive,True,0.08035583049058914,0.1847137063741684,0.7349304556846619,1.0,0.7065502405166626,0.2934497594833374
K8gp7ncdUl8$_$6,K8gp7ncdUl8,Positive,Neutral,False,0.23483985662460327,0.457872599363327,0.3072875440120697,1.0,0.1535448282957077,0.8464551568031311
KB73TD4xQ8Y$_$2,KB73TD4xQ8Y,Positive,Positive,True,0.028431307524442673,0.07584568113088608,0.8957229852676392,0.6666666865348816,1.0313928127288818,0.36472612619400024
KDjl2exStlI$_$10,KDjl2exStlI,Neutral,Neutral,True,0.03778911381959915,0.620292603969574,0.3419182598590851,0.0,0.24895143508911133,0.24895143508911133
KDjl2exStlI$_$13,KDjl2exStlI,Neutral,Neutral,True,0.11577950417995453,0.6592404246330261,0.22498014569282532,0.0,0.14625471830368042,0.14625471830368042
KDjl2exStlI$_$5,KDjl2exStlI,Positive,Neutral,False,0.04006313905119896,0.6054816842079163,0.3544551730155945,0.3333333432674408,0.20847094058990479,0.12486240267753601
KDjl2exStlI$_$4,KDjl2exStlI,Neutral,Positive,False,0.03472081571817398,0.2938881516456604,0.6713910102844238,0.0,0.5244351625442505,0.5244351625442505
KDjl2exStlI$_$6,KDjl2exStlI,Positive,Neutral,False,0.029347676783800125,0.794844388961792,0.1758078634738922,0.3333333432674408,0.11235576868057251,0.2209775745868683
KkKWFZZmmCM$_$1,KkKWFZZmmCM,Neutral,Positive,False,0.052468594163656235,0.094041608273983,0.8534897565841675,0.0,1.0467901229858398,1.0467901229858398
KpMCvUyQCXg$_$1,KpMCvUyQCXg,Neutral,Negative,False,0.5603587627410889,0.31866520643234253,0.12097598612308502,0.0,-0.23389440774917603,0.23389440774917603
KpMCvUyQCXg$_$0,KpMCvUyQCXg,Positive,Negative,False,0.45127663016319275,0.2777520418167114,0.2709713876247406,0.3333333432674408,-0.18675431609153748,0.5200876593589783
KpMCvUyQCXg$_$3,KpMCvUyQCXg,Negative,Neutral,False,0.4088693857192993,0.4554557800292969,0.1356748789548874,-0.3333333432674408,-0.17455483973026276,0.15877850353717804
KpMCvUyQCXg$_$5,KpMCvUyQCXg,Positive,Positive,True,0.06725441664457321,0.29942747950553894,0.6333180665969849,0.3333333432674408,0.5215933322906494,0.18825998902320862
KqFarHUGjSc$_$0,KqFarHUGjSc,Positive,Neutral,False,0.03844559192657471,0.6059104800224304,0.3556439280509949,0.3333333432674408,0.2931777834892273,0.0401555597782135
KqFarHUGjSc$_$3,KqFarHUGjSc,Positive,Positive,True,0.08773504197597504,0.39509299397468567,0.5171719789505005,0.6666666865348816,0.3751767873764038,0.2914898991584778
L1eFHRQGFeg$_$0,L1eFHRQGFeg,Negative,Neutral,False,0.2875453531742096,0.3576386570930481,0.3548159897327423,-1.0,0.18574897944927216,1.1857489347457886
L1eFHRQGFeg$_$3,L1eFHRQGFeg,Positive,Positive,True,0.02167578972876072,0.05184190347790718,0.9264823198318481,0.6666666865348816,1.2805558443069458,0.6138891577720642
L1eFHRQGFeg$_$2,L1eFHRQGFeg,Positive,Negative,False,0.47013333439826965,0.33316734433174133,0.19669930636882782,0.3333333432674408,-0.04444555193185806,0.37777888774871826
L1eFHRQGFeg$_$4,L1eFHRQGFeg,Neutral,Neutral,True,0.35359498858451843,0.38080835342407227,0.2655966877937317,0.0,-0.005038566887378693,0.005038566887378693
Lh8r-5eHX6Q$_$0,Lh8r-5eHX6Q,Neutral,Negative,False,0.46609753370285034,0.07473784685134888,0.45916464924812317,0.0,0.3850453197956085,0.3850453197956085
MCsvw5-7lVE$_$1,MCsvw5-7lVE,Positive,Positive,True,0.019142724573612213,0.06402629613876343,0.9168309569358826,1.3333333730697632,1.2225910425186157,0.11074233055114746
MCsvw5-7lVE$_$3,MCsvw5-7lVE,Positive,Positive,True,0.014546780847012997,0.06697963923215866,0.9184735417366028,1.3333333730697632,1.1481616497039795,0.1851717233657837
MCsvw5-7lVE$_$2,MCsvw5-7lVE,Positive,Positive,True,0.05577150359749794,0.23224136233329773,0.7119871377944946,0.6666666865348816,0.7002286314964294,0.03356194496154785
MCsvw5-7lVE$_$4,MCsvw5-7lVE,Neutral,Positive,False,0.029420241713523865,0.23272868990898132,0.737851083278656,0.0,0.655380129814148,0.655380129814148
MD6Tq_4VlGc$_$3,MD6Tq_4VlGc,Positive,Positive,True,0.009517569094896317,0.03583423048257828,0.9546481370925903,2.3333332538604736,1.4253102540969849,0.9080229997634888
MD6Tq_4VlGc$_$7,MD6Tq_4VlGc,Positive,Positive,True,0.0439484678208828,0.077193982899189,0.8788574934005737,1.0,1.218592643737793,0.21859264373779297
MMpo2bDk-DU$_$10,MMpo2bDk-DU,Negative,Negative,True,0.47792425751686096,0.36486777663230896,0.1572079211473465,-0.3333333432674408,-0.20061038434505463,0.13272295892238617
MMpo2bDk-DU$_$14,MMpo2bDk-DU,Neutral,Negative,False,0.9257687330245972,0.042571622878313065,0.03165971487760544,0.0,-1.283515453338623,1.283515453338623
MMpo2bDk-DU$_$17,MMpo2bDk-DU,Negative,Negative,True,0.6608541011810303,0.2512616217136383,0.08788424730300903,-0.6666666865348816,-0.546078622341156,0.12058806419372559
MMpo2bDk-DU$_$16,MMpo2bDk-DU,Negative,Negative,True,0.5345088243484497,0.25591984391212463,0.20957134664058685,-1.0,-0.36352625489234924,0.6364737749099731
MMpo2bDk-DU$_$19,MMpo2bDk-DU,Positive,Positive,True,0.008682471700012684,0.038899242877960205,0.952418327331543,1.6666666269302368,1.3538817167282104,0.31278491020202637
MMpo2bDk-DU$_$5,MMpo2bDk-DU,Negative,Negative,True,0.571498692035675,0.15930873155593872,0.26919251680374146,-1.0,-0.3669832944869995,0.6330167055130005
MMpo2bDk-DU$_$7,MMpo2bDk-DU,Negative,Negative,True,0.7926509976387024,0.1394757479429245,0.06787321716547012,-0.6666666865348816,-0.7244877815246582,0.05782109498977661
MMpo2bDk-DU$_$8,MMpo2bDk-DU,Positive,Neutral,False,0.04143105819821358,0.5092155933380127,0.4493533968925476,0.6666666865348816,0.2907455861568451,0.3759211003780365
MjaaudUc5-4$_$1,MjaaudUc5-4,Neutral,Negative,False,0.7883790731430054,0.14823253452777863,0.06338837742805481,0.0,-0.7558497190475464,0.7558497190475464
MjaaudUc5-4$_$0,MjaaudUc5-4,Negative,Positive,False,0.053980644792318344,0.2739846408367157,0.672034740447998,-0.3333333432674408,0.5031481981277466,0.8364815711975098
MjaaudUc5-4$_$3,MjaaudUc5-4,Positive,Positive,True,0.10090918093919754,0.1964733600616455,0.7026175260543823,0.6666666865348816,0.7010582089424133,0.03439152240753174
MjaaudUc5-4$_$2,MjaaudUc5-4,Positive,Positive,True,0.03024846687912941,0.06540835648775101,0.9043431878089905,0.6666666865348816,1.271235704421997,0.6045690178871155
MjaaudUc5-4$_$5,MjaaudUc5-4,Neutral,Negative,False,0.8217868804931641,0.11339971423149109,0.06481336802244186,0.0,-0.8658086061477661,0.8658086061477661
MjaaudUc5-4$_$4,MjaaudUc5-4,Positive,Positive,True,0.1194382980465889,0.20837457478046417,0.672187089920044,0.6666666865348816,0.6161954402923584,0.05047124624252319
MjaaudUc5-4$_$6,MjaaudUc5-4,Positive,Negative,False,0.864543080329895,0.08209875226020813,0.053358156234025955,0.6666666865348816,-0.9475889801979065,1.614255666732788
MoQmPA7Q07Q$_$1,MoQmPA7Q07Q,Positive,Positive,True,0.03889671713113785,0.20147721469402313,0.759626030921936,1.3333333730697632,0.7741857767105103,0.5591475963592529
MoQmPA7Q07Q$_$0,MoQmPA7Q07Q,Positive,Positive,True,0.03475881367921829,0.13307197391986847,0.832169234752655,0.6666666865348816,0.8625068664550781,0.19584017992019653
MoQmPA7Q07Q$_$3,MoQmPA7Q07Q,Positive,Positive,True,0.019968412816524506,0.04116208106279373,0.9388695359230042,1.6666666269302368,1.4177699089050293,0.24889671802520752
MoQmPA7Q07Q$_$2,MoQmPA7Q07Q,Positive,Positive,True,0.01522793248295784,0.04314059019088745,0.9416314959526062,1.6666666269302368,1.404627799987793,0.26203882694244385
MoQmPA7Q07Q$_$5,MoQmPA7Q07Q,Neutral,Negative,False,0.5889031887054443,0.24330225586891174,0.16779457032680511,0.0,-0.3166557252407074,0.3166557252407074
MoQmPA7Q07Q$_$4,MoQmPA7Q07Q,Negative,Negative,True,0.6987375020980835,0.19218532741069794,0.1090770736336708,-1.3333333730697632,-0.48112955689430237,0.8522038459777832
MoQmPA7Q07Q$_$7,MoQmPA7Q07Q,Positive,Positive,True,0.016670551151037216,0.04502405226230621,0.9383054375648499,2.3333332538604736,1.45062255859375,0.8827106952667236
MoQmPA7Q07Q$_$6,MoQmPA7Q07Q,Positive,Positive,True,0.2526680827140808,0.16056714951992035,0.5867648124694824,1.3333333730697632,0.38812094926834106,0.9452124238014221
MoQmPA7Q07Q$_$8,MoQmPA7Q07Q,Positive,Positive,True,0.01147763803601265,0.03468538075685501,0.953836977481842,1.6666666269302368,1.3950695991516113,0.2715970277786255
N1X63d_jgmw$_$5,N1X63d_jgmw,Positive,Positive,True,0.17463894188404083,0.34514397382736206,0.4802170395851135,0.3333333432674408,0.2998921573162079,0.03344118595123291
N5xfBtD6rLY$_$1,N5xfBtD6rLY,Positive,Neutral,False,0.14273451268672943,0.6630420684814453,0.19422337412834167,0.3333333432674408,0.1056298315525055,0.2277035117149353
N5xfBtD6rLY$_$3,N5xfBtD6rLY,Positive,Positive,True,0.14301760494709015,0.11444874107837677,0.7425336837768555,1.3333333730697632,0.9288077354431152,0.40452563762664795
N5xfBtD6rLY$_$2,N5xfBtD6rLY,Positive,Positive,True,0.1140221580862999,0.2902158200740814,0.5957620143890381,1.0,0.5562474727630615,0.4437525272369385
N5xfBtD6rLY$_$5,N5xfBtD6rLY,Negative,Neutral,False,0.39015188813209534,0.4586044251918793,0.15124362707138062,-0.3333333432674408,-0.1739117056131363,0.1594216376543045
N5xfBtD6rLY$_$7,N5xfBtD6rLY,Positive,Positive,True,0.015051314607262611,0.13857808709144592,0.8463705778121948,0.6666666865348816,0.8714293241500854,0.20476263761520386
N5xfBtD6rLY$_$8,N5xfBtD6rLY,Negative,Neutral,False,0.12116689234972,0.4828842878341675,0.3959487974643707,-0.6666666865348816,0.22948649525642395,0.8961532115936279
NoZsdSGnNpI$_$1,NoZsdSGnNpI,Positive,Positive,True,0.026352381333708763,0.27652692794799805,0.6971206665039062,0.3333333432674408,0.5310492515563965,0.1977159082889557
NoZsdSGnNpI$_$3,NoZsdSGnNpI,Positive,Positive,True,0.031278468668460846,0.34624600410461426,0.6224755048751831,0.6666666865348816,0.4998621344566345,0.16680455207824707
NoZsdSGnNpI$_$7,NoZsdSGnNpI,Neutral,Positive,False,0.06984506547451019,0.30141550302505493,0.6287394762039185,0.0,0.6125890016555786,0.6125890016555786
Nrurc5sMUOE$_$2,Nrurc5sMUOE,Neutral,Neutral,True,0.06861043721437454,0.6487424373626709,0.28264716267585754,0.0,0.18786810338497162,0.18786810338497162
Nrurc5sMUOE$_$5,Nrurc5sMUOE,Negative,Negative,True,0.948968231678009,0.030504731461405754,0.020527029410004616,-0.3333333432674408,-1.5047686100006104,1.1714352369308472
Nrurc5sMUOE$_$4,Nrurc5sMUOE,Negative,Negative,True,0.9013910293579102,0.06717107445001602,0.031437911093235016,-1.0,-1.1107138395309448,0.11071383953094482
Nrurc5sMUOE$_$7,Nrurc5sMUOE,Neutral,Negative,False,0.4716961085796356,0.42541152238845825,0.10289237648248672,0.0,-0.3507465720176697,0.3507465720176697
Nrurc5sMUOE$_$6,Nrurc5sMUOE,Negative,Neutral,False,0.38934555649757385,0.448935866355896,0.16171862185001373,-0.6666666865348816,-0.21538111567497253,0.45128557085990906
Nrurc5sMUOE$_$8,Nrurc5sMUOE,Neutral,Negative,False,0.7089057564735413,0.20792655646800995,0.083167664706707,0.0,-0.5874283313751221,0.5874283313751221
NzvNW7vP-Co$_$0,NzvNW7vP-Co,Neutral,Neutral,True,0.027534527704119682,0.6730314493179321,0.29943400621414185,0.0,0.24874275922775269,0.24874275922775269
NzvNW7vP-Co$_$3,NzvNW7vP-Co,Positive,Positive,True,0.021591095253825188,0.04232998937368393,0.9360789656639099,2.3333332538604736,1.4628442525863647,0.8704890012741089
NzvNW7vP-Co$_$5,NzvNW7vP-Co,Positive,Positive,True,0.020324882119894028,0.03888576105237007,0.9407894015312195,1.3333333730697632,1.4596730470657349,0.12633967399597168
NzvNW7vP-Co$_$4,NzvNW7vP-Co,Neutral,Neutral,True,0.17196179926395416,0.6211445331573486,0.2068936675786972,0.0,0.09546518325805664,0.09546518325805664
NzvNW7vP-Co$_$7,NzvNW7vP-Co,Neutral,Positive,False,0.3351805508136749,0.08400653302669525,0.5808128714561462,0.0,0.5411545038223267,0.5411545038223267
OLP0nCKwU6k$_$1,OLP0nCKwU6k,Positive,Positive,True,0.030557379126548767,0.3691452443599701,0.6002973318099976,0.3333333432674408,0.5476565361022949,0.21432319283485413
OLP0nCKwU6k$_$6,OLP0nCKwU6k,Negative,Neutral,False,0.32411685585975647,0.504102349281311,0.17178086936473846,-0.6666666865348816,-0.08083458989858627,0.5858321189880371
OrYBtyO0aPI$_$1,OrYBtyO0aPI,Positive,Positive,True,0.2240860015153885,0.2298070341348648,0.5461069941520691,0.6666666865348816,0.4523623585700989,0.21430432796478271
OrYBtyO0aPI$_$0,OrYBtyO0aPI,Positive,Positive,True,0.1803206503391266,0.20829316973686218,0.6113861799240112,0.6666666865348816,0.42683878540992737,0.23982790112495422
OrYBtyO0aPI$_$3,OrYBtyO0aPI,Negative,Negative,True,0.9475634694099426,0.0296336580067873,0.022802917286753654,-0.6666666865348816,-1.5346062183380127,0.8679395318031311
OrYBtyO0aPI$_$5,OrYBtyO0aPI,Positive,Positive,True,0.02623085305094719,0.42262768745422363,0.5511413812637329,0.6666666865348816,0.44361814856529236,0.22304853796958923
OrYBtyO0aPI$_$4,OrYBtyO0aPI,Positive,Positive,True,0.10789469629526138,0.2591351568698883,0.6329701542854309,1.0,0.6248699426651001,0.3751300573348999
OrYBtyO0aPI$_$6,OrYBtyO0aPI,Positive,Positive,True,0.023795174434781075,0.047010309994220734,0.9291945099830627,1.3333333730697632,1.4809613227844238,0.14762794971466064
OrYBtyO0aPI$_$9,OrYBtyO0aPI,Positive,Positive,True,0.020918918773531914,0.032432157546281815,0.946648895740509,2.0,1.7812281847000122,0.2187718152999878
OwE-7MwzfYI$_$0,OwE-7MwzfYI,Positive,Positive,True,0.025333568453788757,0.12571865320205688,0.8489478230476379,1.3333333730697632,0.8755658864974976,0.4577674865722656
PORCNDRKtko$_$3,PORCNDRKtko,Positive,Positive,True,0.021751699969172478,0.0799739733338356,0.898274302482605,1.3333333730697632,1.0571880340576172,0.276145339012146
PboaYD5hlG8$_$10,PboaYD5hlG8,Positive,Positive,True,0.03453392907977104,0.2952966094017029,0.6701694130897522,1.0,0.5910691022872925,0.4089308977127075
PboaYD5hlG8$_$1,PboaYD5hlG8,Positive,Positive,True,0.3191677927970886,0.19258816540241241,0.4882439970970154,1.6666666269302368,0.3690745234489441,1.2975921630859375
PboaYD5hlG8$_$0,PboaYD5hlG8,Positive,Positive,True,0.0374426394701004,0.28237831592559814,0.6801790595054626,0.6666666865348816,0.6811131834983826,0.014446496963500977
PboaYD5hlG8$_$3,PboaYD5hlG8,Positive,Positive,True,0.08787872642278671,0.26330211758613586,0.6488191485404968,1.3333333730697632,0.6821284294128418,0.6512049436569214
PboaYD5hlG8$_$2,PboaYD5hlG8,Negative,Neutral,False,0.06416314840316772,0.6540045142173767,0.28183233737945557,-0.6666666865348816,0.2653566002845764,0.932023286819458
PboaYD5hlG8$_$5,PboaYD5hlG8,Positive,Neutral,False,0.24357856810092926,0.4412139654159546,0.31520751118659973,1.0,0.12585623562335968,0.8741437792778015
PboaYD5hlG8$_$4,PboaYD5hlG8,Positive,Positive,True,0.019204773008823395,0.034368615597486496,0.9464266300201416,1.3333333730697632,1.4724254608154297,0.1390920877456665
PboaYD5hlG8$_$7,PboaYD5hlG8,Neutral,Neutral,True,0.05126708000898361,0.5999072194099426,0.34882569313049316,0.0,0.2640743851661682,0.2640743851661682
PboaYD5hlG8$_$6,PboaYD5hlG8,Negative,Negative,True,0.7552191615104675,0.1145462766289711,0.13023464381694794,-0.3333333432674408,-0.6645997762680054,0.3312664330005646
PboaYD5hlG8$_$9,PboaYD5hlG8,Neutral,Neutral,True,0.22319373488426208,0.3924713432788849,0.384334921836853,0.0,0.23390063643455505,0.23390063643455505
PboaYD5hlG8$_$8,PboaYD5hlG8,Negative,Negative,True,0.8393370509147644,0.0993746817111969,0.06128828227519989,-1.3333333730697632,-0.9704020023345947,0.36293137073516846
Pt-D0LUHDSc$_$1,Pt-D0LUHDSc,Neutral,Positive,False,0.3041890263557434,0.16720570623874664,0.5286052227020264,0.0,0.24557366967201233,0.24557366967201233
Pt-D0LUHDSc$_$0,Pt-D0LUHDSc,Positive,Neutral,False,0.08688274770975113,0.48779723048210144,0.4253200590610504,0.6666666865348816,0.3922666013240814,0.27440008521080017
Pt-D0LUHDSc$_$2,Pt-D0LUHDSc,Positive,Positive,True,0.02717909775674343,0.2021910399198532,0.7706298232078552,0.3333333432674408,0.7998443245887756,0.46651098132133484
Pt-D0LUHDSc$_$4,Pt-D0LUHDSc,Neutral,Positive,False,0.16383972764015198,0.2791573107242584,0.5570029616355896,0.0,0.6080538034439087,0.6080538034439087
PwapK9d8IGk$_$4,PwapK9d8IGk,Neutral,Neutral,True,0.11870553344488144,0.6405224204063416,0.2407720983028412,0.0,0.1591680943965912,0.1591680943965912
PwapK9d8IGk$_$6,PwapK9d8IGk,Neutral,Negative,False,0.8118512630462646,0.13656900823116302,0.051579829305410385,0.0,-0.7617270946502686,0.7617270946502686
PyQrAYl1bFs$_$1,PyQrAYl1bFs,Positive,Neutral,False,0.033418700098991394,0.49327054619789124,0.47331079840660095,1.3333333730697632,0.4082784056663513,0.9250549674034119
PyQrAYl1bFs$_$0,PyQrAYl1bFs,Positive,Positive,True,0.018414651975035667,0.3195342421531677,0.6620510816574097,1.0,0.5377834439277649,0.4622165560722351
PyQrAYl1bFs$_$3,PyQrAYl1bFs,Positive,Positive,True,0.03752422332763672,0.09756819158792496,0.8649075627326965,2.0,1.1340000629425049,0.8659999370574951
PyQrAYl1bFs$_$2,PyQrAYl1bFs,Neutral,Positive,False,0.025765320286154747,0.2906748652458191,0.6835598349571228,0.0,0.5818965435028076,0.5818965435028076
PyQrAYl1bFs$_$5,PyQrAYl1bFs,Positive,Positive,True,0.014935527928173542,0.027961045503616333,0.9571034908294678,1.6666666269302368,1.6658965349197388,0.0007700920104980469
PyQrAYl1bFs$_$4,PyQrAYl1bFs,Positive,Positive,True,0.026561139151453972,0.08024855703115463,0.8931902647018433,0.1666666716337204,1.0963292121887207,0.9296625256538391
PyQrAYl1bFs$_$7,PyQrAYl1bFs,Positive,Positive,True,0.013636092655360699,0.07722515612840652,0.9091387987136841,1.3333333730697632,1.0158684253692627,0.3174649477005005
PyQrAYl1bFs$_$6,PyQrAYl1bFs,Positive,Positive,True,0.04397622495889664,0.34934869408607483,0.6066750884056091,0.8333333134651184,0.5943846702575684,0.23894864320755005
PyQrAYl1bFs$_$9,PyQrAYl1bFs,Positive,Positive,True,0.03092038631439209,0.04290785640478134,0.9261717796325684,1.6666666269302368,1.492917537689209,0.17374908924102783
PyQrAYl1bFs$_$8,PyQrAYl1bFs,Positive,Positive,True,0.032287705689668655,0.07753083109855652,0.8901814818382263,1.6666666269302368,1.1660915613174438,0.500575065612793
Q4WzApjaCNI$_$0,Q4WzApjaCNI,Positive,Positive,True,0.06925392895936966,0.2808430790901184,0.6499029994010925,0.6666666865348816,0.589725136756897,0.07694154977798462
Q7S0tX4FUNA$_$1,Q7S0tX4FUNA,Negative,Negative,True,0.8543728590011597,0.07405352592468262,0.0715736448764801,-1.3333333730697632,-0.9706258773803711,0.3627074956893921
Q7S0tX4FUNA$_$2,Q7S0tX4FUNA,Negative,Negative,True,0.5995794534683228,0.23610146343708038,0.1643190234899521,-0.6666666865348816,-0.3274691104888916,0.33919757604599
Q7S0tX4FUNA$_$5,Q7S0tX4FUNA,Positive,Positive,True,0.24212871491909027,0.18169547617435455,0.5761758685112,0.3333333432674408,0.5223684310913086,0.1890350878238678
Q7S0tX4FUNA$_$4,Q7S0tX4FUNA,Positive,Positive,True,0.06743134558200836,0.2524397373199463,0.6801289319992065,0.6666666865348816,0.5874981880187988,0.07916849851608276
Q7S0tX4FUNA$_$7,Q7S0tX4FUNA,Positive,Negative,False,0.5815925002098083,0.3231382668018341,0.09526921063661575,0.6666666865348816,-0.33391430974006653,1.0005810260772705
Q7S0tX4FUNA$_$6,Q7S0tX4FUNA,Positive,Positive,True,0.046354155987501144,0.30224353075027466,0.6514022946357727,0.3333333432674408,0.5124717950820923,0.1791384518146515
Q7S0tX4FUNA$_$8,Q7S0tX4FUNA,Negative,Neutral,False,0.39941373467445374,0.42570003867149353,0.17488624155521393,-0.6666666865348816,-0.1578807532787323,0.5087859630584717
Qa6Yz62V-Yc$_$0,Qa6Yz62V-Yc,Positive,Neutral,False,0.3048708140850067,0.39903685450553894,0.29609230160713196,0.6666666865348816,0.10476908087730408,0.5618976354598999
Qa6Yz62V-Yc$_$4,Qa6Yz62V-Yc,Positive,Positive,True,0.05501263588666916,0.207302063703537,0.7376852631568909,0.6666666865348816,0.7589372992515564,0.0922706127166748
QjcQx8_PQfw$_$10,QjcQx8_PQfw,Positive,Positive,True,0.014034467749297619,0.07978028804063797,0.9061852097511292,1.0,1.0849065780639648,0.08490657806396484
QjcQx8_PQfw$_$7,QjcQx8_PQfw,Negative,Neutral,False,0.3825322687625885,0.4464651644229889,0.171002596616745,-0.3333333432674408,-0.29800787568092346,0.035325467586517334
QpchvHpGFc8$_$13,QpchvHpGFc8,Positive,Positive,True,0.023379066959023476,0.08132968097925186,0.895291268825531,0.3333333432674408,1.0323811769485474,0.6990478038787842
QpchvHpGFc8$_$17,QpchvHpGFc8,Positive,Neutral,False,0.30378371477127075,0.4624001383781433,0.23381611704826355,1.0,-0.04398961365222931,1.043989658355713
QpchvHpGFc8$_$3,QpchvHpGFc8,Positive,Positive,True,0.07916378229856491,0.16779455542564392,0.753041684627533,0.6666666865348816,0.7817151546478271,0.11504846811294556
QpchvHpGFc8$_$2,QpchvHpGFc8,Positive,Positive,True,0.09333480149507523,0.3121412992477417,0.5945239067077637,0.6666666865348816,0.38622739911079407,0.2804392874240875
QpchvHpGFc8$_$5,QpchvHpGFc8,Positive,Positive,True,0.018478382378816605,0.04689353331923485,0.9346281290054321,1.0,1.3112833499908447,0.3112833499908447
QpchvHpGFc8$_$9,QpchvHpGFc8,Positive,Positive,True,0.058798953890800476,0.11820598691701889,0.822995126247406,1.0,0.9130831956863403,0.08691680431365967
QpchvHpGFc8$_$8,QpchvHpGFc8,Positive,Positive,True,0.03655974194407463,0.24986039102077484,0.7135798931121826,0.3333333432674408,0.6114722490310669,0.2781389057636261
QxU625Hn370$_$1,QxU625Hn370,Neutral,Neutral,True,0.17614740133285522,0.5425665974617004,0.2812860608100891,0.0,0.15811792016029358,0.15811792016029358
R7IkQVUuLew$_$1,R7IkQVUuLew,Positive,Positive,True,0.0415651760995388,0.13376910984516144,0.8246657252311707,0.6666666865348816,0.9081138372421265,0.24144715070724487
R7IkQVUuLew$_$3,R7IkQVUuLew,Positive,Positive,True,0.08105219155550003,0.08672536909580231,0.8322224020957947,0.6666666865348816,0.9058620929718018,0.23919540643692017
R7IkQVUuLew$_$2,R7IkQVUuLew,Neutral,Positive,False,0.03136603534221649,0.07336365431547165,0.8952703475952148,0.0,1.1468405723571777,1.1468405723571777
R7IkQVUuLew$_$5,R7IkQVUuLew,Positive,Neutral,False,0.09112668037414551,0.5951979756355286,0.3136753439903259,0.3333333432674408,0.2567780613899231,0.0765552818775177
R7IkQVUuLew$_$4,R7IkQVUuLew,Positive,Positive,True,0.03884486109018326,0.1256900578737259,0.835465133190155,0.6666666865348816,0.9655671715736389,0.2989004850387573
R7IkQVUuLew$_$6,R7IkQVUuLew,Positive,Positive,True,0.02199488878250122,0.04407908022403717,0.9339260458946228,0.6666666865348816,1.3312864303588867,0.6646197438240051
RArhIHk4Qs4$_$11,RArhIHk4Qs4,Positive,Neutral,False,0.1002025231719017,0.6245523691177368,0.2752451002597809,0.3333333432674408,0.1848514974117279,0.1484818458557129
RArhIHk4Qs4$_$10,RArhIHk4Qs4,Neutral,Negative,False,0.4237760603427887,0.4202343225479126,0.15598955750465393,0.0,-0.3165753185749054,0.3165753185749054
RArhIHk4Qs4$_$13,RArhIHk4Qs4,Positive,Positive,True,0.1978432834148407,0.3714723587036133,0.430684357881546,0.3333333432674408,0.29193928837776184,0.041394054889678955
RArhIHk4Qs4$_$12,RArhIHk4Qs4,Neutral,Neutral,True,0.18747329711914062,0.5626674294471741,0.24985924363136292,0.0,0.1232147365808487,0.1232147365808487
RArhIHk4Qs4$_$15,RArhIHk4Qs4,Positive,Positive,True,0.03318679332733154,0.1415877491235733,0.8252254128456116,0.3333333432674408,0.9052073955535889,0.5718740224838257
RArhIHk4Qs4$_$14,RArhIHk4Qs4,Negative,Neutral,False,0.40706324577331543,0.43615177273750305,0.15678496658802032,-0.3333333432674408,-0.14344483613967896,0.18988850712776184
RArhIHk4Qs4$_$17,RArhIHk4Qs4,Neutral,Negative,False,0.577558159828186,0.1654399335384369,0.25700193643569946,0.0,-0.3013128638267517,0.3013128638267517
RArhIHk4Qs4$_$16,RArhIHk4Qs4,Positive,Negative,False,0.6781406998634338,0.2075612097978592,0.11429812014102936,0.3333333432674408,-0.45756232738494873,0.7908957004547119
RArhIHk4Qs4$_$19,RArhIHk4Qs4,Positive,Neutral,False,0.05242154002189636,0.7118494510650635,0.23572903871536255,0.3333333432674408,0.18844746053218842,0.14488588273525238
RArhIHk4Qs4$_$18,RArhIHk4Qs4,Negative,Negative,True,0.5239432454109192,0.3799276649951935,0.0961291566491127,-0.3333333432674408,-0.3419809341430664,0.00864759087562561
RArhIHk4Qs4$_$1,RArhIHk4Qs4,Neutral,Positive,False,0.024071786552667618,0.4382006525993347,0.5377275347709656,0.0,0.39846479892730713,0.39846479892730713
RArhIHk4Qs4$_$0,RArhIHk4Qs4,Neutral,Positive,False,0.03615514189004898,0.47960612177848816,0.4842386841773987,0.0,0.3617788851261139,0.3617788851261139
RArhIHk4Qs4$_$2,RArhIHk4Qs4,Positive,Negative,False,0.5727358460426331,0.2528039813041687,0.17446011304855347,0.3333333432674408,-0.39954185485839844,0.7328752279281616
RArhIHk4Qs4$_$5,RArhIHk4Qs4,Positive,Neutral,False,0.1283763200044632,0.6678165793418884,0.20380710065364838,0.3333333432674408,0.10807536542415619,0.2252579778432846
RArhIHk4Qs4$_$4,RArhIHk4Qs4,Positive,Positive,True,0.04868588596582413,0.3908185660839081,0.5604954957962036,1.3333333730697632,0.38233309984207153,0.9510002732276917
RArhIHk4Qs4$_$7,RArhIHk4Qs4,Positive,Positive,True,0.09573256969451904,0.44783109426498413,0.4564363360404968,0.3333333432674408,0.3839426040649414,0.05060926079750061
RArhIHk4Qs4$_$6,RArhIHk4Qs4,Positive,Neutral,False,0.30643513798713684,0.48735082149505615,0.2062140703201294,0.3333333432674408,-0.003906033933162689,0.3372393846511841
RArhIHk4Qs4$_$9,RArhIHk4Qs4,Neutral,Neutral,True,0.3917435109615326,0.3977644443511963,0.21049201488494873,0.0,-0.10519815981388092,0.10519815981388092
RArhIHk4Qs4$_$20,RArhIHk4Qs4,Neutral,Positive,False,0.055918533354997635,0.2083309292793274,0.7357504963874817,0.0,0.6813130378723145,0.6813130378723145
RArhIHk4Qs4$_$8,RArhIHk4Qs4,Neutral,Positive,False,0.07567475736141205,0.2301367074251175,0.6941885352134705,0.0,0.5922306180000305,0.5922306180000305
RArhIHk4Qs4$_$21,RArhIHk4Qs4,Neutral,Positive,False,0.01426270604133606,0.0649801641702652,0.9207571744918823,0.0,1.1416198015213013,1.1416198015213013
ROcTx5VEn7o$_$11,ROcTx5VEn7o,Neutral,Positive,False,0.027630086988210678,0.37545254826545715,0.5969173312187195,0.0,0.48216885328292847,0.48216885328292847
ROcTx5VEn7o$_$1,ROcTx5VEn7o,Positive,Neutral,False,0.09882862865924835,0.5823737978935242,0.3187975287437439,0.3333333432674408,0.1531020551919937,0.18023128807544708
ROcTx5VEn7o$_$0,ROcTx5VEn7o,Positive,Neutral,False,0.034248314797878265,0.5117643475532532,0.4539873003959656,0.3333333432674408,0.32593411207199097,0.007399231195449829
ROcTx5VEn7o$_$5,ROcTx5VEn7o,Negative,Neutral,False,0.195261150598526,0.5621644258499146,0.24257437884807587,-0.3333333432674408,0.022043220698833466,0.35537657141685486
ROcTx5VEn7o$_$4,ROcTx5VEn7o,Neutral,Neutral,True,0.047869544476270676,0.5084953308105469,0.44363510608673096,0.0,0.2986910939216614,0.2986910939216614
ROcTx5VEn7o$_$9,ROcTx5VEn7o,Neutral,Neutral,True,0.027022872120141983,0.6225497722625732,0.35042741894721985,0.0,0.19956836104393005,0.19956836104393005
RrGpzInAwCg$_$0,RrGpzInAwCg,Positive,Positive,True,0.030260544270277023,0.4409657418727875,0.5287737250328064,0.6666666865348816,0.48615121841430664,0.18051546812057495
RrGpzInAwCg$_$2,RrGpzInAwCg,Positive,Positive,True,0.019926471635699272,0.051901381462812424,0.9281721115112305,1.6666666269302368,1.1605758666992188,0.5060907602310181
RzOFxDk26p0$_$1,RzOFxDk26p0,Positive,Positive,True,0.01298421062529087,0.022186171263456345,0.9648296236991882,1.3333333730697632,1.736137866973877,0.40280449390411377
RzOFxDk26p0$_$0,RzOFxDk26p0,Positive,Positive,True,0.026807261630892754,0.24650761485099792,0.726685106754303,1.3333333730697632,0.6538952589035034,0.6794381141662598
RzOFxDk26p0$_$3,RzOFxDk26p0,Positive,Positive,True,0.02237510308623314,0.028271188959479332,0.9493536949157715,2.3333332538604736,1.6546895503997803,0.6786437034606934
RzOFxDk26p0$_$2,RzOFxDk26p0,Positive,Positive,True,0.017915917560458183,0.028436707332730293,0.9536473155021667,2.3333332538604736,1.6910592317581177,0.642274022102356
SHa756SwGJQ$_$1,SHa756SwGJQ,Negative,Negative,True,0.384941428899765,0.2927233576774597,0.32233524322509766,-0.3333333432674408,0.11048784852027893,0.4438211917877197
SHa756SwGJQ$_$0,SHa756SwGJQ,Positive,Neutral,False,0.3089621067047119,0.3733607232570648,0.31767719984054565,0.3333333432674408,0.12244483083486557,0.21088850498199463
SHa756SwGJQ$_$3,SHa756SwGJQ,Positive,Neutral,False,0.06779499351978302,0.5134268403053284,0.4187781512737274,0.3333333432674408,0.3522646427154541,0.018931299448013306
SHa756SwGJQ$_$2,SHa756SwGJQ,Neutral,Neutral,True,0.06415321677923203,0.616380512714386,0.3194662630558014,0.0,0.21605415642261505,0.21605415642261505
SHa756SwGJQ$_$4,SHa756SwGJQ,Negative,Negative,True,0.5161371827125549,0.34445640444755554,0.13940644264221191,-1.0,-0.40917208790779114,0.5908279418945312
SHa756SwGJQ$_$7,SHa756SwGJQ,Positive,Negative,False,0.5434760451316833,0.29388970136642456,0.1626342236995697,0.3333333432674408,-0.2327742576599121,0.5661076307296753
SHa756SwGJQ$_$6,SHa756SwGJQ,Neutral,Neutral,True,0.1425454467535019,0.5252654552459717,0.33218914270401,0.0,0.24307700991630554,0.24307700991630554
SHa756SwGJQ$_$9,SHa756SwGJQ,Neutral,Negative,False,0.7501925826072693,0.1991797238588333,0.05062761902809143,0.0,-0.8023737668991089,0.8023737668991089
SO53x_pbou8$_$1,SO53x_pbou8,Positive,Positive,True,0.02239839918911457,0.03820156678557396,0.9394000172615051,2.0,1.3232499361038208,0.6767500638961792
SO53x_pbou8$_$2,SO53x_pbou8,Positive,Positive,True,0.01605689525604248,0.07963985204696655,0.904303252696991,1.0,1.0085318088531494,0.008531808853149414
SuIcJvERiFk$_$0,SuIcJvERiFk,Positive,Positive,True,0.01244682352989912,0.06901225447654724,0.918540894985199,0.3333333432674408,1.1858675479888916,0.8525341749191284
SuIcJvERiFk$_$3,SuIcJvERiFk,Neutral,Positive,False,0.011449305340647697,0.12739863991737366,0.8611520528793335,0.0,0.7958639860153198,0.7958639860153198
TH32jop4FiI$_$11,TH32jop4FiI,Positive,Neutral,False,0.034190669655799866,0.5954168438911438,0.37039247155189514,0.3333333432674408,0.30660510063171387,0.02672824263572693
TH32jop4FiI$_$15,TH32jop4FiI,Positive,Negative,False,0.7057663202285767,0.23180925846099854,0.062424395233392715,0.3333333432674408,-0.6723361015319824,1.0056694746017456
TH32jop4FiI$_$14,TH32jop4FiI,Negative,Negative,True,0.7232946753501892,0.20356003940105438,0.0731453076004982,-0.6666666865348816,-0.5077023506164551,0.1589643359184265
TH32jop4FiI$_$17,TH32jop4FiI,Positive,Positive,True,0.05335120111703873,0.14724670350551605,0.7994020581245422,1.0,0.7787831425666809,0.2212168574333191
TH32jop4FiI$_$1,TH32jop4FiI,Negative,Negative,True,0.4491041600704193,0.38756677508354187,0.16332904994487762,-0.6666666865348816,-0.1814243495464325,0.4852423369884491
TH32jop4FiI$_$0,TH32jop4FiI,Positive,Negative,False,0.8955199122428894,0.07020707428455353,0.034273047000169754,0.3333333432674408,-1.231031060218811,1.5643644332885742
TH32jop4FiI$_$5,TH32jop4FiI,Neutral,Negative,False,0.8370875120162964,0.10032711923122406,0.06258538365364075,0.0,-1.0137004852294922,1.0137004852294922
TH32jop4FiI$_$8,TH32jop4FiI,Neutral,Negative,False,0.8086331486701965,0.14064596593379974,0.0507209412753582,0.0,-0.8318724036216736,0.8318724036216736
TH32jop4FiI$_$7,TH32jop4FiI,Negative,Negative,True,0.6142014861106873,0.3092459738254547,0.07655250281095505,-0.3333333432674408,-0.6167728304862976,0.2834394872188568
TH32jop4FiI$_$6,TH32jop4FiI,Neutral,Negative,False,0.6049392819404602,0.1883188933134079,0.20674175024032593,0.0,-0.3384385406970978,0.3384385406970978
TH32jop4FiI$_$9,TH32jop4FiI,Neutral,Neutral,True,0.2746119499206543,0.47071573138237,0.2546723484992981,0.0,0.03469022735953331,0.03469022735953331
TH32jop4FiI$_$20,TH32jop4FiI,Positive,Positive,True,0.015181764028966427,0.1547657549381256,0.8300524353981018,1.0,0.8025966286659241,0.19740337133407593
TWszOxkOV0w$_$1,TWszOxkOV0w,Negative,Negative,True,0.7046249508857727,0.1195451095700264,0.1758299320936203,-2.3333332538604736,-0.5221839547157288,1.8111493587493896
TWszOxkOV0w$_$3,TWszOxkOV0w,Neutral,Positive,False,0.1037520319223404,0.2517331540584564,0.6445148587226868,0.0,0.6563264727592468,0.6563264727592468
TWszOxkOV0w$_$2,TWszOxkOV0w,Positive,Positive,True,0.05045916512608528,0.35645824670791626,0.5930825471878052,0.3333333432674408,0.4608836770057678,0.12755033373832703
TXCXFYIc3Yo$_$10,TXCXFYIc3Yo,Positive,Positive,True,0.06780050694942474,0.10108430683612823,0.8311151266098022,1.0,1.0191081762313843,0.019108176231384277
TXCXFYIc3Yo$_$16,TXCXFYIc3Yo,Positive,Positive,True,0.16573521494865417,0.16127389669418335,0.6729909181594849,2.0,0.712713897228241,1.2872860431671143
TXCXFYIc3Yo$_$1,TXCXFYIc3Yo,Negative,Negative,True,0.7544611692428589,0.10186447203159332,0.1436743289232254,-0.3333333432674408,-0.6039494872093201,0.2706161439418793
TXCXFYIc3Yo$_$0,TXCXFYIc3Yo,Positive,Positive,True,0.016328057274222374,0.05930222570896149,0.9243696928024292,1.3333333730697632,1.1839611530303955,0.14937222003936768
TXCXFYIc3Yo$_$3,TXCXFYIc3Yo,Negative,Negative,True,0.906754195690155,0.0592583492398262,0.033987466245889664,-1.3333333730697632,-1.238486886024475,0.09484648704528809
TXCXFYIc3Yo$_$2,TXCXFYIc3Yo,Positive,Positive,True,0.06266757100820541,0.3686240017414093,0.5687084197998047,0.6666666865348816,0.49473726749420166,0.17192941904067993
TXCXFYIc3Yo$_$4,TXCXFYIc3Yo,Negative,Negative,True,0.5666018724441528,0.27870258688926697,0.154695525765419,-1.0,-0.25344446301460266,0.7465555667877197
TXCXFYIc3Yo$_$7,TXCXFYIc3Yo,Positive,Positive,True,0.0736580640077591,0.04643753170967102,0.8799043893814087,1.3333333730697632,1.2669689655303955,0.06636440753936768
TXCXFYIc3Yo$_$6,TXCXFYIc3Yo,Positive,Positive,True,0.11107246577739716,0.13903120160102844,0.7498963475227356,1.3333333730697632,0.763815701007843,0.5695176720619202
TXCXFYIc3Yo$_$9,TXCXFYIc3Yo,Positive,Positive,True,0.09113329648971558,0.20837341248989105,0.7004932761192322,0.3333333432674408,0.7280145883560181,0.39468124508857727
TXCXFYIc3Yo$_$8,TXCXFYIc3Yo,Positive,Positive,True,0.021249644458293915,0.11176695674657822,0.8669834136962891,1.3333333730697632,1.026293396949768,0.3070399761199951
TYJzg5IJN8o$_$11,TYJzg5IJN8o,Negative,Negative,True,0.6063815951347351,0.25869688391685486,0.13492156565189362,-0.3333333432674408,-0.34637534618377686,0.01304200291633606
TYJzg5IJN8o$_$10,TYJzg5IJN8o,Negative,Neutral,False,0.3359910845756531,0.4750693738460541,0.18893949687480927,-0.3333333432674408,-0.021533630788326263,0.31179970502853394
TYJzg5IJN8o$_$14,TYJzg5IJN8o,Positive,Positive,True,0.03175981715321541,0.16593094170093536,0.8023092150688171,1.0,0.7733266949653625,0.22667330503463745
TYJzg5IJN8o$_$1,TYJzg5IJN8o,Positive,Neutral,False,0.11157260835170746,0.6414451003074646,0.24698227643966675,0.3333333432674408,0.25419092178344727,0.07914242148399353
TYJzg5IJN8o$_$0,TYJzg5IJN8o,Positive,Positive,True,0.035103414207696915,0.2707805335521698,0.6941159963607788,1.3333333730697632,0.6292867660522461,0.7040466070175171
TYJzg5IJN8o$_$4,TYJzg5IJN8o,Positive,Positive,True,0.06318007409572601,0.43275728821754456,0.5040626525878906,0.3333333432674408,0.4431902766227722,0.10985693335533142
TYJzg5IJN8o$_$7,TYJzg5IJN8o,Neutral,Positive,False,0.058395612984895706,0.18200139701366425,0.759602963924408,0.0,0.7974884510040283,0.7974884510040283
TYJzg5IJN8o$_$9,TYJzg5IJN8o,Neutral,Negative,False,0.5121179819107056,0.2287706583738327,0.25911134481430054,0.0,-0.11783422529697418,0.11783422529697418
TYJzg5IJN8o$_$8,TYJzg5IJN8o,Positive,Positive,True,0.028805922716856003,0.14768444001674652,0.8235095739364624,1.0,0.9018497467041016,0.09815025329589844
Tpdqfpuumg4$_$0,Tpdqfpuumg4,Neutral,Neutral,True,0.07375843822956085,0.5946155190467834,0.3316260278224945,0.0,0.262157142162323,0.262157142162323
Tpdqfpuumg4$_$15,Tpdqfpuumg4,Positive,Positive,True,0.06464660912752151,0.41535237431526184,0.5200010538101196,0.6666666865348816,0.37248075008392334,0.29418593645095825
TqMh7U3J4D4$_$8,TqMh7U3J4D4,Positive,Positive,True,0.01740986295044422,0.08861970901489258,0.8939704298973083,0.3333333432674408,1.0205178260803223,0.6871844530105591
TqMh7U3J4D4$_$3,TqMh7U3J4D4,Positive,Positive,True,0.07773297280073166,0.16735489666461945,0.7549121379852295,0.3333333432674408,0.775023877620697,0.4416905343532562
TqMh7U3J4D4$_$6,TqMh7U3J4D4,Positive,Positive,True,0.05583282560110092,0.06484409421682358,0.8793231248855591,1.6666666269302368,1.2029247283935547,0.46374189853668213
Uc_6d-fkZEc$_$3,Uc_6d-fkZEc,Neutral,Positive,False,0.015438336879014969,0.08812232315540314,0.8964393734931946,0.0,1.0372388362884521,1.0372388362884521
Uc_6d-fkZEc$_$2,Uc_6d-fkZEc,Neutral,Neutral,True,0.058183904737234116,0.5683103799819946,0.37350568175315857,0.0,0.34173503518104553,0.34173503518104553
Uc_6d-fkZEc$_$7,Uc_6d-fkZEc,Neutral,Positive,False,0.02013339288532734,0.143845334649086,0.8360212445259094,0.0,0.9405229091644287,0.9405229091644287
UiPmjKggv1s$_$5,UiPmjKggv1s,Negative,Negative,True,0.645563542842865,0.14524023234844208,0.2091962844133377,-0.6666666865348816,-0.37779557704925537,0.2888711094856262
UlTJmndbGHM$_$1,UlTJmndbGHM,Positive,Positive,True,0.03606973588466644,0.047751378268003464,0.9161788821220398,1.6666666269302368,1.428969144821167,0.23769748210906982
UlTJmndbGHM$_$0,UlTJmndbGHM,Positive,Positive,True,0.3275609016418457,0.041665710508823395,0.6307734251022339,0.3333333432674408,0.295296311378479,0.03803703188896179
UlTJmndbGHM$_$3,UlTJmndbGHM,Negative,Negative,True,0.5276336669921875,0.2340998500585556,0.2382664680480957,-1.0,-0.32536977529525757,0.6746302247047424
UlTJmndbGHM$_$4,UlTJmndbGHM,Negative,Negative,True,0.8468984365463257,0.09545378386974335,0.057647716253995895,-1.0,-1.0624192953109741,0.06241929531097412
UlTJmndbGHM$_$7,UlTJmndbGHM,Negative,Positive,False,0.3308890163898468,0.17435234785079956,0.49475857615470886,-1.3333333730697632,0.396683931350708,1.7300173044204712
UlTJmndbGHM$_$6,UlTJmndbGHM,Positive,Positive,True,0.1662558764219284,0.19478438794612885,0.6389597654342651,1.0,0.6675096750259399,0.33249032497406006
UvniNGPyeBc$_$0,UvniNGPyeBc,Positive,Neutral,False,0.30950164794921875,0.36774906516075134,0.3227493166923523,0.3333333432674408,0.0665445327758789,0.2667888104915619
UvniNGPyeBc$_$4,UvniNGPyeBc,Neutral,Positive,False,0.3102686107158661,0.23036114871501923,0.4593702554702759,0.0,0.3851129412651062,0.3851129412651062
VAXhC2U9-2A$_$0,VAXhC2U9-2A,Positive,Positive,True,0.017678532749414444,0.05445706099271774,0.9278644323348999,0.6666666865348816,1.2976689338684082,0.6310022473335266
VbV9S4svrTg$_$11,VbV9S4svrTg,Positive,Negative,False,0.45265015959739685,0.31896644830703735,0.22838342189788818,0.3333333432674408,-0.10576193779706955,0.43909528851509094
VbV9S4svrTg$_$10,VbV9S4svrTg,Positive,Positive,True,0.016011882573366165,0.018740326166152954,0.9652478694915771,1.6666666269302368,1.9042675495147705,0.2376009225845337
VbV9S4svrTg$_$13,VbV9S4svrTg,Neutral,Neutral,True,0.09551133960485458,0.46734264492988586,0.43714597821235657,0.0,0.3658570349216461,0.3658570349216461
VbV9S4svrTg$_$12,VbV9S4svrTg,Positive,Positive,True,0.024821149185299873,0.145795077085495,0.8293837904930115,0.3333333432674408,0.8791910409927368,0.5458576679229736
VbV9S4svrTg$_$15,VbV9S4svrTg,Positive,Neutral,False,0.30063337087631226,0.35074421763420105,0.3486223518848419,0.3333333432674408,0.11071670800447464,0.22261664271354675
VbV9S4svrTg$_$1,VbV9S4svrTg,Negative,Negative,True,0.6044842600822449,0.14190322160720825,0.25361254811286926,-0.6666666865348816,-0.1656922996044159,0.5009744167327881
VbV9S4svrTg$_$0,VbV9S4svrTg,Positive,Positive,True,0.029907356947660446,0.05331427976489067,0.9167783260345459,1.0,1.2783926725387573,0.2783926725387573
VbV9S4svrTg$_$3,VbV9S4svrTg,Positive,Positive,True,0.020741449669003487,0.09121957421302795,0.8880389928817749,1.3333333730697632,0.9685847163200378,0.36474865674972534
VbV9S4svrTg$_$2,VbV9S4svrTg,Neutral,Neutral,True,0.12643195688724518,0.46695128083229065,0.40661677718162537,0.0,0.27849525213241577,0.27849525213241577
VbV9S4svrTg$_$5,VbV9S4svrTg,Neutral,Positive,False,0.012977121397852898,0.2785904109477997,0.7084324359893799,0.0,0.5527905821800232,0.5527905821800232
VbV9S4svrTg$_$4,VbV9S4svrTg,Neutral,Positive,False,0.033132441341876984,0.47823527455329895,0.4886322617530823,0.0,0.3083232343196869,0.3083232343196869
VbV9S4svrTg$_$7,VbV9S4svrTg,Positive,Positive,True,0.08873426914215088,0.10081677883863449,0.810448944568634,1.0,1.046857237815857,0.046857237815856934
VbV9S4svrTg$_$6,VbV9S4svrTg,Positive,Positive,True,0.038046468049287796,0.11128352582454681,0.8506699800491333,0.3333333432674408,0.9214265942573547,0.5880932807922363
VbV9S4svrTg$_$9,VbV9S4svrTg,Positive,Positive,True,0.017901116982102394,0.13289260864257812,0.849206268787384,0.6666666865348816,0.862960696220398,0.19629400968551636
VbV9S4svrTg$_$8,VbV9S4svrTg,Positive,Positive,True,0.15620355308055878,0.2272055447101593,0.6165908575057983,0.6666666865348816,0.5311014652252197,0.13556522130966187
VinxKpWioTo$_$1,VinxKpWioTo,Positive,Positive,True,0.009618744254112244,0.02891499735414982,0.9614663124084473,1.0,1.4931116104125977,0.49311161041259766
VinxKpWioTo$_$0,VinxKpWioTo,Neutral,Neutral,True,0.02019214816391468,0.5544819235801697,0.4253259003162384,0.0,0.3149406909942627,0.3149406909942627
VinxKpWioTo$_$3,VinxKpWioTo,Positive,Positive,True,0.03390297293663025,0.21677280962467194,0.7493242025375366,0.3333333432674408,0.6761614680290222,0.3428281247615814
VinxKpWioTo$_$2,VinxKpWioTo,Positive,Positive,True,0.011494752019643784,0.04434860497713089,0.9441566467285156,1.3333333730697632,1.249537706375122,0.08379566669464111
VinxKpWioTo$_$5,VinxKpWioTo,Positive,Positive,True,0.04166467487812042,0.11347721517086029,0.8448581099510193,0.6666666865348816,0.9689432382583618,0.3022765517234802
VinxKpWioTo$_$4,VinxKpWioTo,Positive,Positive,True,0.024340705946087837,0.07044099271297455,0.9052183032035828,1.3333333730697632,1.0931740999221802,0.240159273147583
ViyQVpGW05w$_$1,ViyQVpGW05w,Positive,Positive,True,0.015486739575862885,0.2865934669971466,0.6979197859764099,1.6666666269302368,0.529981791973114,1.1366848945617676
ViyQVpGW05w$_$3,ViyQVpGW05w,Positive,Positive,True,0.06874512135982513,0.2279079705476761,0.7033469080924988,1.0,0.6227666139602661,0.3772333860397339
ViyQVpGW05w$_$4,ViyQVpGW05w,Neutral,Neutral,True,0.22741271555423737,0.5294523239135742,0.24313491582870483,0.0,0.014693036675453186,0.014693036675453186
ViyQVpGW05w$_$6,ViyQVpGW05w,Negative,Negative,True,0.6312918066978455,0.26808297634124756,0.10062522441148758,-0.3333333432674408,-0.44370704889297485,0.11037370562553406
Viz5vDE39y8$_$2,Viz5vDE39y8,Positive,Positive,True,0.029904481023550034,0.23301073908805847,0.7370847463607788,0.3333333432674408,0.6548566818237305,0.3215233385562897
Viz5vDE39y8$_$4,Viz5vDE39y8,Positive,Positive,True,0.03133515268564224,0.09020568430423737,0.8784592151641846,1.0,1.0386834144592285,0.038683414459228516
Viz5vDE39y8$_$6,Viz5vDE39y8,Positive,Positive,True,0.03050415962934494,0.028742285445332527,0.9407535195350647,2.3333332538604736,1.6501750946044922,0.6831581592559814
Vuay0mVKkik$_$10,Vuay0mVKkik,Positive,Positive,True,0.0792773962020874,0.12701264023780823,0.7937099933624268,1.0,0.8465757369995117,0.15342426300048828
Vuay0mVKkik$_$3,Vuay0mVKkik,Negative,Negative,True,0.8289378881454468,0.13137158751487732,0.039690449833869934,-2.0,-0.8784728646278381,1.1215271949768066
Vuay0mVKkik$_$2,Vuay0mVKkik,Negative,Neutral,False,0.27608954906463623,0.5197378993034363,0.20417247712612152,-0.6666666865348816,0.031198397278785706,0.6978650689125061
Vuay0mVKkik$_$4,Vuay0mVKkik,Negative,Negative,True,0.5129019021987915,0.16492964327335358,0.32216840982437134,-0.6666666865348816,-0.07055674493312836,0.596109926700592
Vuay0mVKkik$_$7,Vuay0mVKkik,Positive,Positive,True,0.1467266082763672,0.2954823970794678,0.557790994644165,2.0,0.45270106196403503,1.5472989082336426
VwvptdTkwEE$_$1,VwvptdTkwEE,Negative,Negative,True,0.8821477890014648,0.06028875708580017,0.05756348371505737,-1.3333333730697632,-1.070414662361145,0.26291871070861816
VwvptdTkwEE$_$3,VwvptdTkwEE,Negative,Neutral,False,0.27169907093048096,0.4752168655395508,0.25308409333229065,-1.6666666269302368,0.07383269816637039,1.7404993772506714
VwvptdTkwEE$_$2,VwvptdTkwEE,Positive,Negative,False,0.9312763810157776,0.044273097068071365,0.02445060946047306,0.3333333432674408,-1.464739203453064,1.7980725765228271
VwvptdTkwEE$_$4,VwvptdTkwEE,Neutral,Negative,False,0.4322395622730255,0.4121229648590088,0.15563751757144928,0.0,-0.3020891845226288,0.3020891845226288
WmQF5RmbsVQ$_$6,WmQF5RmbsVQ,Neutral,Positive,False,0.017549701035022736,0.25391054153442383,0.728539764881134,0.0,0.5864344835281372,0.5864344835281372
Wrcf2xtqbkQ$_$9,Wrcf2xtqbkQ,Neutral,Neutral,True,0.06621912866830826,0.7566441893577576,0.1771365851163864,0.0,0.0921119898557663,0.0921119898557663
Wrcf2xtqbkQ$_$1,Wrcf2xtqbkQ,Positive,Neutral,False,0.11813962459564209,0.5963156223297119,0.285544753074646,0.3333333432674408,0.1709108054637909,0.1624225378036499
Wrcf2xtqbkQ$_$3,Wrcf2xtqbkQ,Negative,Negative,True,0.6454577445983887,0.2828523814678192,0.0716898962855339,-0.3333333432674408,-0.6112895011901855,0.27795615792274475
Wrcf2xtqbkQ$_$2,Wrcf2xtqbkQ,Negative,Negative,True,0.5518819689750671,0.3313702344894409,0.11674778908491135,-0.6666666865348816,-0.3062210977077484,0.3604455888271332
Wrcf2xtqbkQ$_$8,Wrcf2xtqbkQ,Negative,Neutral,False,0.10576745122671127,0.4557349383831024,0.4384976327419281,-0.3333333432674408,0.2911054491996765,0.6244387626647949
WxajvjGKz7Y$_$1,WxajvjGKz7Y,Positive,Positive,True,0.024407044053077698,0.4852490723133087,0.49034383893013,0.3333333432674408,0.34547507762908936,0.01214173436164856
WxajvjGKz7Y$_$0,WxajvjGKz7Y,Positive,Neutral,False,0.03416411578655243,0.578463077545166,0.38737282156944275,0.6666666865348816,0.25002315640449524,0.41664353013038635
WxajvjGKz7Y$_$3,WxajvjGKz7Y,Neutral,Neutral,True,0.2689683139324188,0.5140490531921387,0.21698258817195892,0.0,-0.024379637092351913,0.024379637092351913
WxajvjGKz7Y$_$4,WxajvjGKz7Y,Neutral,Neutral,True,0.06301577389240265,0.7590279579162598,0.1779562532901764,0.0,0.16415978968143463,0.16415978968143463
WxajvjGKz7Y$_$7,WxajvjGKz7Y,Neutral,Positive,False,0.10648926347494125,0.2275077998638153,0.6660029292106628,0.0,0.7088638544082642,0.7088638544082642
WxajvjGKz7Y$_$6,WxajvjGKz7Y,Neutral,Neutral,True,0.08444450795650482,0.45802339911460876,0.4575321078300476,0.0,0.3998779356479645,0.3998779356479645
XIGpuL-Kkyk$_$11,XIGpuL-Kkyk,Neutral,Neutral,True,0.04751821979880333,0.5453937649726868,0.40708792209625244,0.0,0.36787962913513184,0.36787962913513184
XIGpuL-Kkyk$_$12,XIGpuL-Kkyk,Positive,Positive,True,0.024164892733097076,0.17537100613117218,0.8004641532897949,2.0,0.7849906086921692,1.2150094509124756
XIGpuL-Kkyk$_$0,XIGpuL-Kkyk,Neutral,Negative,False,0.5491210222244263,0.2843407094478607,0.1665383130311966,0.0,-0.2820085287094116,0.2820085287094116
XIGpuL-Kkyk$_$4,XIGpuL-Kkyk,Positive,Positive,True,0.011895705945789814,0.03135358914732933,0.9567506313323975,1.0,1.5262408256530762,0.5262408256530762
XIGpuL-Kkyk$_$7,XIGpuL-Kkyk,Neutral,Neutral,True,0.14606082439422607,0.6222313642501831,0.23170779645442963,0.0,0.14805856347084045,0.14805856347084045
XIGpuL-Kkyk$_$9,XIGpuL-Kkyk,Positive,Positive,True,0.0921657606959343,0.2993789315223694,0.6084553003311157,0.6666666865348816,0.5854771137237549,0.08118957281112671
XaVYxIW0FDg$_$1,XaVYxIW0FDg,Negative,Negative,True,0.8170636892318726,0.12422703206539154,0.05870932713150978,-1.3333333730697632,-0.953554630279541,0.37977874279022217
XaVYxIW0FDg$_$0,XaVYxIW0FDg,Positive,Neutral,False,0.10928308963775635,0.6370886564254761,0.2536282539367676,0.3333333432674408,0.18106907606124878,0.15226426720619202
XaVYxIW0FDg$_$2,XaVYxIW0FDg,Positive,Positive,True,0.07159169763326645,0.41344356536865234,0.5149646997451782,0.3333333432674408,0.41959208250045776,0.08625873923301697
XyP8bVmGX6M$_$0,XyP8bVmGX6M,Positive,Positive,True,0.014239104464650154,0.11226851493120193,0.873492419719696,1.0,0.983332097530365,0.01666790246963501
XyP8bVmGX6M$_$4,XyP8bVmGX6M,Positive,Positive,True,0.017683256417512894,0.07833278179168701,0.903984010219574,0.6666666865348816,1.065739393234253,0.39907270669937134
XytBlo2R5Yg$_$4,XytBlo2R5Yg,Positive,Positive,True,0.016597824171185493,0.05815734341740608,0.9252448081970215,2.0,1.1924957036972046,0.8075042963027954
XzVapdEr_GY$_$1,XzVapdEr_GY,Positive,Positive,True,0.026410363614559174,0.45539453625679016,0.5181951522827148,1.0,0.29327863454818726,0.7067213654518127
XzVapdEr_GY$_$0,XzVapdEr_GY,Positive,Negative,False,0.46011611819267273,0.37800681591033936,0.1618771106004715,0.3333333432674408,-0.2732912003993988,0.6066245436668396
XzVapdEr_GY$_$3,XzVapdEr_GY,Positive,Positive,True,0.024535512551665306,0.05979460850358009,0.915669858455658,1.3333333730697632,1.235009789466858,0.09832358360290527
XzVapdEr_GY$_$2,XzVapdEr_GY,Positive,Positive,True,0.026327533647418022,0.1642588973045349,0.8094136118888855,0.6666666865348816,0.8905287981033325,0.22386211156845093
XzVapdEr_GY$_$4,XzVapdEr_GY,Positive,Positive,True,0.019063284620642662,0.06130296364426613,0.9196338057518005,2.3333332538604736,1.2790504693984985,1.054282784461975
Y7h-S3cJ52o$_$1,Y7h-S3cJ52o,Positive,Positive,True,0.06036682426929474,0.36668476462364197,0.5729484558105469,0.6666666865348816,0.406643807888031,0.2600228786468506
Y7h-S3cJ52o$_$0,Y7h-S3cJ52o,Neutral,Positive,False,0.01931876875460148,0.2624155282974243,0.7182657122612,0.0,0.6102722883224487,0.6102722883224487
Y7qkyMyanjU$_$1,Y7qkyMyanjU,Positive,Positive,True,0.021084580570459366,0.32126447558403015,0.6576510071754456,0.3333333432674408,0.5292904376983643,0.19595709443092346
Y7qkyMyanjU$_$0,Y7qkyMyanjU,Neutral,Neutral,True,0.02550627291202545,0.5203235149383545,0.45417022705078125,0.0,0.37780654430389404,0.37780654430389404
Y7qkyMyanjU$_$2,Y7qkyMyanjU,Neutral,Positive,False,0.050914641469717026,0.42758944630622864,0.5214959383010864,0.0,0.40325894951820374,0.40325894951820374
Y7qkyMyanjU$_$4,Y7qkyMyanjU,Positive,Neutral,False,0.11654261499643326,0.4839276969432831,0.3995296359062195,0.6666666865348816,0.2928861975669861,0.3737804889678955
YbuG8xyUO-o$_$3,YbuG8xyUO-o,Neutral,Neutral,True,0.08464513719081879,0.6809253692626953,0.23442955315113068,0.0,0.15693402290344238,0.15693402290344238
YbuG8xyUO-o$_$2,YbuG8xyUO-o,Positive,Neutral,False,0.06076719984412193,0.6128572225570679,0.3263755738735199,0.6666666865348816,0.29076096415519714,0.37590572237968445
YbuG8xyUO-o$_$5,YbuG8xyUO-o,Positive,Neutral,False,0.03667883202433586,0.5935572981834412,0.36976391077041626,0.3333333432674408,0.3086390197277069,0.024694323539733887
YbuG8xyUO-o$_$6,YbuG8xyUO-o,Positive,Positive,True,0.012945020571351051,0.23278860747814178,0.7542663812637329,0.6666666865348816,0.6522778868675232,0.014388799667358398
Z7L3V5bwzI0$_$0,Z7L3V5bwzI0,Negative,Negative,True,0.5463995933532715,0.20844092965126038,0.24515950679779053,-1.0,-0.2182651311159134,0.7817348837852478
Z7L3V5bwzI0$_$2,Z7L3V5bwzI0,Positive,Positive,True,0.10522161424160004,0.07904304563999176,0.8157353401184082,2.3333332538604736,0.996976375579834,1.3363568782806396
ZaoFHcbRM9g$_$1,ZaoFHcbRM9g,Neutral,Neutral,True,0.11564642190933228,0.7250145077705383,0.1593390703201294,0.0,0.05061114579439163,0.05061114579439163
ZaoFHcbRM9g$_$0,ZaoFHcbRM9g,Neutral,Neutral,True,0.22298572957515717,0.4702712893486023,0.30674299597740173,0.0,0.20647644996643066,0.20647644996643066
ZaoFHcbRM9g$_$3,ZaoFHcbRM9g,Positive,Positive,True,0.1442396193742752,0.06135387346148491,0.7944064736366272,1.6666666269302368,1.1571133136749268,0.5095533132553101
ZaoFHcbRM9g$_$2,ZaoFHcbRM9g,Neutral,Neutral,True,0.24132314324378967,0.37955600023269653,0.379120796918869,0.0,0.28116869926452637,0.28116869926452637
ZaoFHcbRM9g$_$5,ZaoFHcbRM9g,Positive,Negative,False,0.7130485773086548,0.2076023519039154,0.07934907078742981,0.3333333432674408,-0.6386486291885376,0.9719820022583008
ZaoFHcbRM9g$_$7,ZaoFHcbRM9g,Negative,Negative,True,0.4489632546901703,0.17138619720935822,0.3796505331993103,-1.0,0.13967975974082947,1.1396797895431519
ZaoFHcbRM9g$_$6,ZaoFHcbRM9g,Negative,Negative,True,0.7247287631034851,0.06156100705265999,0.2137102484703064,-1.0,-0.23193415999412537,0.7680658102035522
ZaoFHcbRM9g$_$9,ZaoFHcbRM9g,Negative,Negative,True,0.9098528623580933,0.04792093485593796,0.04222617298364639,-1.3333333730697632,-1.2125886678695679,0.12074470520019531
ZaoFHcbRM9g$_$8,ZaoFHcbRM9g,Negative,Negative,True,0.901016891002655,0.04537119343876839,0.0536118745803833,-1.0,-1.179992437362671,0.1799924373626709
Zvisaa77Cng$_$1,Zvisaa77Cng,Negative,Negative,True,0.5565071105957031,0.2311413735151291,0.21235156059265137,-0.6666666865348816,-0.19788986444473267,0.4687768220901489
Zvisaa77Cng$_$2,Zvisaa77Cng,Positive,Positive,True,0.09423903375864029,0.2177715301513672,0.6879894733428955,0.6666666865348816,0.6295781135559082,0.03708857297897339
Zvisaa77Cng$_$5,Zvisaa77Cng,Positive,Positive,True,0.09058992564678192,0.22413547337055206,0.685274600982666,0.6666666865348816,0.6929467916488647,0.026280105113983154
_7HVhnSYX1Y$_$26,_7HVhnSYX1Y,Neutral,Neutral,True,0.027249010279774666,0.5139469504356384,0.45880404114723206,0.0,0.2880455255508423,0.2880455255508423
_7HVhnSYX1Y$_$12,_7HVhnSYX1Y,Neutral,Positive,False,0.03541208803653717,0.3466525673866272,0.617935299873352,0.0,0.4425661563873291,0.4425661563873291
_7HVhnSYX1Y$_$14,_7HVhnSYX1Y,Positive,Positive,True,0.020069176331162453,0.11861122399568558,0.8613196015357971,0.3333333432674408,0.839652419090271,0.5063190460205078
_7HVhnSYX1Y$_$17,_7HVhnSYX1Y,Positive,Positive,True,0.013734936714172363,0.05775430426001549,0.9285107254981995,1.0,1.1099580526351929,0.10995805263519287
_7HVhnSYX1Y$_$16,_7HVhnSYX1Y,Positive,Positive,True,0.03296840563416481,0.1390683352947235,0.8279632925987244,0.6666666865348816,0.9032649397850037,0.23659825325012207
_7HVhnSYX1Y$_$19,_7HVhnSYX1Y,Positive,Positive,True,0.1537621021270752,0.29903876781463623,0.5471991300582886,0.6666666865348816,0.37958720326423645,0.28707948327064514
_7HVhnSYX1Y$_$31,_7HVhnSYX1Y,Positive,Positive,True,0.0231811311095953,0.15600016713142395,0.8208187222480774,0.6666666865348816,0.8322019577026367,0.16553527116775513
_7HVhnSYX1Y$_$30,_7HVhnSYX1Y,Positive,Positive,True,0.019667167216539383,0.42852380871772766,0.5518090128898621,0.6666666865348816,0.46493780612945557,0.20172888040542603
_7HVhnSYX1Y$_$1,_7HVhnSYX1Y,Positive,Positive,True,0.01138877123594284,0.08883018046617508,0.8997809886932373,0.6666666865348816,0.9886962175369263,0.3220295310020447
_7HVhnSYX1Y$_$0,_7HVhnSYX1Y,Positive,Positive,True,0.02254321798682213,0.15343058109283447,0.8240261673927307,1.6666666269302368,0.8118411302566528,0.854825496673584
_7HVhnSYX1Y$_$3,_7HVhnSYX1Y,Positive,Positive,True,0.019655371084809303,0.2936457097530365,0.6866989135742188,0.6666666865348816,0.5334996581077576,0.13316702842712402
_7HVhnSYX1Y$_$6,_7HVhnSYX1Y,Positive,Positive,True,0.0626639723777771,0.20803043246269226,0.7293055653572083,0.3333333432674408,0.6623759269714355,0.32904258370399475
_BvNNdEkhZA$_$11,_BvNNdEkhZA,Neutral,Neutral,True,0.3699360191822052,0.47846609354019165,0.15159793198108673,0.0,-0.21304304897785187,0.21304304897785187
_BvNNdEkhZA$_$13,_BvNNdEkhZA,Negative,Negative,True,0.4026447832584381,0.38850104808807373,0.20885419845581055,-1.0,-0.0830952525138855,0.9169047474861145
_BvNNdEkhZA$_$15,_BvNNdEkhZA,Neutral,Negative,False,0.6848803162574768,0.17448800802230835,0.14063170552253723,0.0,-0.521638810634613,0.521638810634613
_BvNNdEkhZA$_$14,_BvNNdEkhZA,Negative,Neutral,False,0.36486783623695374,0.4091550409793854,0.2259771078824997,-0.6666666865348816,-0.0402408242225647,0.6264258623123169
_BvNNdEkhZA$_$16,_BvNNdEkhZA,Positive,Positive,True,0.052110686898231506,0.46470770239830017,0.4831816852092743,0.6666666865348816,0.3801811635494232,0.2864855229854584
_BvNNdEkhZA$_$19,_BvNNdEkhZA,Positive,Positive,True,0.026321524754166603,0.37922534346580505,0.5944530963897705,0.6666666865348816,0.49772462248802185,0.16894206404685974
_BvNNdEkhZA$_$0,_BvNNdEkhZA,Neutral,Neutral,True,0.11069837957620621,0.4554818272590637,0.43381980061531067,0.0,0.35544583201408386,0.35544583201408386
_BvNNdEkhZA$_$7,_BvNNdEkhZA,Positive,Positive,True,0.07556966692209244,0.26305368542671204,0.6613766551017761,1.0,0.5015246868133545,0.4984753131866455
_BvNNdEkhZA$_$6,_BvNNdEkhZA,Neutral,Negative,False,0.6374927759170532,0.27124297618865967,0.09126430749893188,0.0,-0.3856659531593323,0.3856659531593323
_BvNNdEkhZA$_$9,_BvNNdEkhZA,Positive,Neutral,False,0.0488402396440506,0.4786076545715332,0.4725520610809326,0.3333333432674408,0.3206888437271118,0.01264449954032898
_aZDaIfGfPo$_$1,_aZDaIfGfPo,Positive,Positive,True,0.016087615862488747,0.030553849413990974,0.9533584713935852,0.6666666865348816,1.4148666858673096,0.748199999332428
_aZDaIfGfPo$_$0,_aZDaIfGfPo,Positive,Positive,True,0.02122514508664608,0.24524231255054474,0.7335325479507446,1.3333333730697632,0.686488687992096,0.6468446850776672
_aZDaIfGfPo$_$9,_aZDaIfGfPo,Neutral,Positive,False,0.011286566033959389,0.19569937884807587,0.7930140495300293,0.0,0.7233587503433228,0.7233587503433228
_gr7o5ynhnw$_$13,_gr7o5ynhnw,Positive,Positive,True,0.03231735900044441,0.31326737999916077,0.6544152498245239,0.3333333432674408,0.5035240650177002,0.1701907217502594
_gr7o5ynhnw$_$12,_gr7o5ynhnw,Positive,Positive,True,0.025873979553580284,0.2132168561220169,0.7609091401100159,0.6666666865348816,0.6493291854858398,0.017337501049041748
_gr7o5ynhnw$_$15,_gr7o5ynhnw,Positive,Positive,True,0.02158021368086338,0.025341980159282684,0.9530778527259827,1.6666666269302368,1.6595171689987183,0.007149457931518555
_gr7o5ynhnw$_$14,_gr7o5ynhnw,Positive,Positive,True,0.019711164757609367,0.12704700231552124,0.8532418608665466,0.3333333432674408,0.8264235854148865,0.4930902421474457
_gr7o5ynhnw$_$1,_gr7o5ynhnw,Positive,Positive,True,0.016742447391152382,0.06607669591903687,0.9171808958053589,2.3333332538604736,1.1529768705368042,1.1803563833236694
_gr7o5ynhnw$_$2,_gr7o5ynhnw,Positive,Positive,True,0.030612250789999962,0.2687563896179199,0.7006313800811768,0.6666666865348816,0.5076080560684204,0.15905863046646118
_gr7o5ynhnw$_$5,_gr7o5ynhnw,Positive,Positive,True,0.036790940910577774,0.06379160284996033,0.899417519569397,2.0,1.2050526142120361,0.7949473857879639
_gr7o5ynhnw$_$4,_gr7o5ynhnw,Positive,Positive,True,0.032687172293663025,0.1150965467095375,0.8522163033485413,0.6666666865348816,0.9492706656455994,0.2826039791107178
_gr7o5ynhnw$_$7,_gr7o5ynhnw,Positive,Positive,True,0.024459315463900566,0.3406771123409271,0.634863555431366,0.3333333432674408,0.47086891531944275,0.13753557205200195
_gr7o5ynhnw$_$9,_gr7o5ynhnw,Negative,Neutral,False,0.030720306560397148,0.6297603845596313,0.33951932191848755,-0.3333333432674408,0.22584259510040283,0.559175968170166
_gr7o5ynhnw$_$8,_gr7o5ynhnw,Neutral,Positive,False,0.024118365719914436,0.297353595495224,0.6785280108451843,0.0,0.5939780473709106,0.5939780473709106
_gzYkdjNvPc$_$11,_gzYkdjNvPc,Neutral,Negative,False,0.47426652908325195,0.3316173851490021,0.19411605596542358,0.0,-0.1663515418767929,0.1663515418767929
_gzYkdjNvPc$_$10,_gzYkdjNvPc,Positive,Positive,True,0.03236017003655434,0.12313482165336609,0.8445049524307251,0.3333333432674408,0.9261911511421204,0.592857837677002
_gzYkdjNvPc$_$13,_gzYkdjNvPc,Positive,Neutral,False,0.3381332755088806,0.40446919202804565,0.2573975622653961,0.3333333432674408,0.052938856184482574,0.2803944945335388
_gzYkdjNvPc$_$12,_gzYkdjNvPc,Positive,Positive,True,0.0508330799639225,0.24607078731060028,0.7030960917472839,1.3333333730697632,0.6301580667495728,0.7031753063201904
_gzYkdjNvPc$_$15,_gzYkdjNvPc,Positive,Positive,True,0.08898359537124634,0.17325006425380707,0.7377663254737854,0.6666666865348816,0.9202849864959717,0.2536182999610901
_gzYkdjNvPc$_$14,_gzYkdjNvPc,Neutral,Positive,False,0.15378519892692566,0.2424454391002655,0.6037693023681641,0.0,0.5257447957992554,0.5257447957992554
_gzYkdjNvPc$_$17,_gzYkdjNvPc,Negative,Negative,True,0.9137786030769348,0.056441690772771835,0.02977972850203514,-1.3333333730697632,-1.2567479610443115,0.07658541202545166
_gzYkdjNvPc$_$16,_gzYkdjNvPc,Positive,Positive,True,0.08488094806671143,0.3662567436695099,0.5488622784614563,0.3333333432674408,0.4676576256752014,0.13432428240776062
_gzYkdjNvPc$_$1,_gzYkdjNvPc,Negative,Negative,True,0.4314558506011963,0.14551416039466858,0.4230300486087799,-0.3333333432674408,0.3474753499031067,0.6808086633682251
_gzYkdjNvPc$_$0,_gzYkdjNvPc,Negative,Negative,True,0.4465283751487732,0.37068066000938416,0.18279092013835907,-0.3333333432674408,-0.1377195119857788,0.195613831281662
_gzYkdjNvPc$_$3,_gzYkdjNvPc,Neutral,Neutral,True,0.05416668578982353,0.6641250848770142,0.2817081809043884,0.0,0.2540976405143738,0.2540976405143738
_gzYkdjNvPc$_$2,_gzYkdjNvPc,Negative,Negative,True,0.6973503232002258,0.13276363909244537,0.16988599300384521,-0.6666666865348816,-0.4522290825843811,0.2144376039505005
_gzYkdjNvPc$_$5,_gzYkdjNvPc,Positive,Neutral,False,0.1372637152671814,0.5130011439323425,0.34973517060279846,0.6666666865348816,0.2406708002090454,0.4259958863258362
_gzYkdjNvPc$_$4,_gzYkdjNvPc,Neutral,Neutral,True,0.11732560396194458,0.6076198220252991,0.27505457401275635,0.0,0.13946910202503204,0.13946910202503204
_gzYkdjNvPc$_$7,_gzYkdjNvPc,Negative,Positive,False,0.07706648856401443,0.16842681169509888,0.7545066475868225,-0.3333333432674408,0.790067732334137,1.1234010457992554
_gzYkdjNvPc$_$6,_gzYkdjNvPc,Negative,Negative,True,0.8935461044311523,0.08083543926477432,0.025618473067879677,-0.3333333432674408,-1.0892910957336426,0.7559577226638794
_gzYkdjNvPc$_$9,_gzYkdjNvPc,Positive,Neutral,False,0.38812291622161865,0.4837479293346405,0.12812909483909607,0.3333333432674408,-0.15434645116329193,0.48767977952957153
_gzYkdjNvPc$_$8,_gzYkdjNvPc,Positive,Positive,True,0.133274108171463,0.19361484050750732,0.6731110215187073,1.3333333730697632,0.5756458640098572,0.757687509059906
a-WihYDk6vc$_$9,a-WihYDk6vc,Neutral,Positive,False,0.04664040729403496,0.33324578404426575,0.6201137900352478,0.0,0.5739765763282776,0.5739765763282776
a-WihYDk6vc$_$8,a-WihYDk6vc,Positive,Positive,True,0.029582569375634193,0.3437012732028961,0.6267161965370178,0.6666666865348816,0.5207956433296204,0.14587104320526123
a-WihYDk6vc$_$0,a-WihYDk6vc,Positive,Neutral,False,0.07284314185380936,0.5144867897033691,0.4126700758934021,0.3333333432674408,0.3442392945289612,0.010905951261520386
aFhc2ddipoM$_$20,aFhc2ddipoM,Positive,Positive,True,0.013606983236968517,0.0462987907230854,0.9400941729545593,2.0,1.2900211811065674,0.7099788188934326
aFhc2ddipoM$_$14,aFhc2ddipoM,Positive,Positive,True,0.017318330705165863,0.19143088161945343,0.7912507653236389,1.0,0.6987714767456055,0.30122852325439453
aFhc2ddipoM$_$16,aFhc2ddipoM,Positive,Positive,True,0.01585840992629528,0.03643340989947319,0.9477081894874573,1.6666666269302368,1.4052294492721558,0.26143717765808105
aFhc2ddipoM$_$19,aFhc2ddipoM,Positive,Positive,True,0.03457639738917351,0.21880996227264404,0.7466136813163757,0.6666666865348816,0.7319486141204834,0.0652819275856018
aFhc2ddipoM$_$1,aFhc2ddipoM,Positive,Positive,True,0.023537687957286835,0.057399556040763855,0.9190627336502075,1.3333333730697632,1.293378472328186,0.03995490074157715
aFhc2ddipoM$_$0,aFhc2ddipoM,Positive,Positive,True,0.018269794061779976,0.1489563137292862,0.8327738642692566,0.3333333432674408,0.7959722876548767,0.4626389443874359
aFhc2ddipoM$_$9,aFhc2ddipoM,Positive,Positive,True,0.01981103979051113,0.0456014946103096,0.9345875382423401,1.6666666269302368,1.3345623016357422,0.33210432529449463
aK5tRCXjUvU$_$0,aK5tRCXjUvU,Positive,Positive,True,0.01770869642496109,0.14072035253047943,0.8415709733963013,2.0,0.8386639356613159,1.161336064338684
b-FX9NOVQOM$_$1,b-FX9NOVQOM,Negative,Negative,True,0.5104535818099976,0.34618526697158813,0.14336124062538147,-1.0,-0.3544093668460846,0.6455906629562378
b-FX9NOVQOM$_$0,b-FX9NOVQOM,Neutral,Positive,False,0.06968726217746735,0.26209744811058044,0.6682153344154358,0.0,0.5617468953132629,0.5617468953132629
b-FX9NOVQOM$_$3,b-FX9NOVQOM,Positive,Positive,True,0.12816902995109558,0.251293808221817,0.6205372214317322,0.6666666865348816,0.5938057899475098,0.07286089658737183
b-FX9NOVQOM$_$5,b-FX9NOVQOM,Negative,Negative,True,0.6240716576576233,0.20760703086853027,0.16832129657268524,-1.6666666269302368,-0.44351842999458313,1.223148226737976
b-FX9NOVQOM$_$4,b-FX9NOVQOM,Negative,Negative,True,0.7000635266304016,0.18490849435329437,0.11502793431282043,-1.3333333730697632,-0.7704832553863525,0.5628501176834106
b1LEcg6z66g$_$11,b1LEcg6z66g,Neutral,Positive,False,0.10271421074867249,0.35954099893569946,0.5377448201179504,0.0,0.44098275899887085,0.44098275899887085
b1LEcg6z66g$_$13,b1LEcg6z66g,Negative,Positive,False,0.01828891970217228,0.04749860242009163,0.9342125058174133,-0.3333333432674408,1.2948812246322632,1.6282145977020264
b1LEcg6z66g$_$0,b1LEcg6z66g,Negative,Neutral,False,0.3586386740207672,0.3866344392299652,0.25472694635391235,-0.6666666865348816,-0.04192009195685387,0.6247466206550598
b1LEcg6z66g$_$2,b1LEcg6z66g,Positive,Positive,True,0.0842660516500473,0.0648198276758194,0.8509141802787781,1.0,1.061774492263794,0.061774492263793945
b1LEcg6z66g$_$4,b1LEcg6z66g,Positive,Positive,True,0.049739137291908264,0.057912178337574005,0.8923487067222595,0.6666666865348816,1.0869187116622925,0.4202520251274109
b1LEcg6z66g$_$7,b1LEcg6z66g,Positive,Positive,True,0.09373389184474945,0.08021163195371628,0.8260544538497925,0.6666666865348816,1.018923044204712,0.3522563576698303
b1LEcg6z66g$_$6,b1LEcg6z66g,Positive,Positive,True,0.03204849734902382,0.0662173479795456,0.9017341136932373,1.3333333730697632,1.134568214416504,0.19876515865325928
b1LEcg6z66g$_$9,b1LEcg6z66g,Positive,Positive,True,0.05966129153966904,0.230698823928833,0.7096399068832397,0.3333333432674408,0.6625863313674927,0.3292529881000519
b1LEcg6z66g$_$8,b1LEcg6z66g,Negative,Negative,True,0.9189885854721069,0.04868214204907417,0.03232927620410919,-1.0,-1.341802716255188,0.341802716255188
bAkUEnPoucg$_$0,bAkUEnPoucg,Positive,Positive,True,0.03574012592434883,0.1311688870191574,0.8330909609794617,1.6666666269302368,0.9073635339736938,0.759303092956543
bAkUEnPoucg$_$3,bAkUEnPoucg,Positive,Positive,True,0.02532726712524891,0.03984595090150833,0.9348267316818237,1.6666666269302368,1.5024101734161377,0.16425645351409912
bNQkb4K5DX0$_$1,bNQkb4K5DX0,Positive,Positive,True,0.03535201773047447,0.3874918520450592,0.5771560668945312,1.3333333730697632,0.4134829640388489,0.9198504090309143
bNQkb4K5DX0$_$8,bNQkb4K5DX0,Positive,Positive,True,0.010578172281384468,0.03909069299697876,0.9503311514854431,1.0,1.4118479490280151,0.41184794902801514
bNQkb4K5DX0$_$3,bNQkb4K5DX0,Positive,Neutral,False,0.06709213554859161,0.6862630248069763,0.24664480984210968,0.3333333432674408,0.21932153403759003,0.11401180922985077
bNQkb4K5DX0$_$5,bNQkb4K5DX0,Neutral,Neutral,True,0.03220314532518387,0.5805233120918274,0.3872735798358917,0.0,0.28662145137786865,0.28662145137786865
bNQkb4K5DX0$_$7,bNQkb4K5DX0,Positive,Positive,True,0.010539242997765541,0.025715555995702744,0.9637452363967896,2.3333332538604736,1.5508278608322144,0.7825053930282593
bQ8QteHvrEk$_$0,bQ8QteHvrEk,Positive,Negative,False,0.43292349576950073,0.16817434132099152,0.39890220761299133,1.0,0.22215045988559723,0.777849555015564
bWunvAd96zI$_$1,bWunvAd96zI,Negative,Negative,True,0.6623820066452026,0.20242968201637268,0.1351882964372635,-0.3333333432674408,-0.5022077560424805,0.16887441277503967
bWunvAd96zI$_$0,bWunvAd96zI,Neutral,Negative,False,0.8294451236724854,0.12452589720487595,0.04602900519967079,0.0,-0.7700439691543579,0.7700439691543579
bWunvAd96zI$_$3,bWunvAd96zI,Positive,Negative,False,0.4173014461994171,0.17485946416854858,0.4078390598297119,0.3333333432674408,0.13241931796073914,0.20091402530670166
bWunvAd96zI$_$2,bWunvAd96zI,Positive,Negative,False,0.43276265263557434,0.3843276798725128,0.18290968239307404,0.3333333432674408,-0.20173093676567078,0.5350642800331116
bWunvAd96zI$_$5,bWunvAd96zI,Neutral,Neutral,True,0.053090326488018036,0.652275562286377,0.294634073972702,0.0,0.14232294261455536,0.14232294261455536
bWunvAd96zI$_$4,bWunvAd96zI,Neutral,Positive,False,0.0538417287170887,0.25178852677345276,0.6943697333335876,0.0,0.6763195991516113,0.6763195991516113
bWunvAd96zI$_$7,bWunvAd96zI,Positive,Positive,True,0.037309858947992325,0.05008704587817192,0.9126030802726746,2.0,1.4547028541564941,0.5452971458435059
bWunvAd96zI$_$6,bWunvAd96zI,Neutral,Positive,False,0.12102162092924118,0.2432538866996765,0.6357244849205017,0.0,0.6129750609397888,0.6129750609397888
bj9e8w4vNxo$_$0,bj9e8w4vNxo,Neutral,Positive,False,0.024388719350099564,0.12581808865070343,0.8497931957244873,0.0,0.9594842195510864,0.9594842195510864
bj9e8w4vNxo$_$12,bj9e8w4vNxo,Neutral,Positive,False,0.22992175817489624,0.18643593788146973,0.583642303943634,0.0,0.4324321150779724,0.4324321150779724
bj9e8w4vNxo$_$14,bj9e8w4vNxo,Positive,Negative,False,0.8627434968948364,0.08232304453849792,0.054933369159698486,0.3333333432674408,-1.092164397239685,1.4254977703094482
bj9e8w4vNxo$_$16,bj9e8w4vNxo,Negative,Positive,False,0.04687248170375824,0.41036543250083923,0.542762041091919,-0.3333333432674408,0.4172227382659912,0.7505561113357544
bpvYdXVlgvc$_$1,bpvYdXVlgvc,Neutral,Negative,False,0.6525304317474365,0.24300342798233032,0.10446616262197495,0.0,-0.46133458614349365,0.46133458614349365
bpvYdXVlgvc$_$0,bpvYdXVlgvc,Negative,Neutral,False,0.0900774672627449,0.6190059781074524,0.2909165620803833,-1.3333333730697632,0.2537391185760498,1.587072491645813
bpvYdXVlgvc$_$3,bpvYdXVlgvc,Negative,Negative,True,0.6517103314399719,0.22453515231609344,0.12375449389219284,-1.3333333730697632,-0.4635370671749115,0.8697962760925293
bpvYdXVlgvc$_$5,bpvYdXVlgvc,Negative,Negative,True,0.7242714166641235,0.17914855480194092,0.09658002108335495,-1.6666666269302368,-0.5249758362770081,1.141690731048584
bpvYdXVlgvc$_$4,bpvYdXVlgvc,Negative,Negative,True,0.9503430724143982,0.03447650372982025,0.015180407091975212,-1.6666666269302368,-1.6595218181610107,0.007144808769226074
bpvYdXVlgvc$_$6,bpvYdXVlgvc,Negative,Negative,True,0.8450679779052734,0.10234266519546509,0.05258933827280998,-2.0,-1.024705171585083,0.975294828414917
c1a1y9ytHH0$_$10,c1a1y9ytHH0,Neutral,Positive,False,0.017053743824362755,0.35791993141174316,0.625026285648346,0.0,0.469468891620636,0.469468891620636
c1a1y9ytHH0$_$1,c1a1y9ytHH0,Neutral,Neutral,True,0.03635527193546295,0.5303919315338135,0.43325281143188477,0.0,0.288250595331192,0.288250595331192
c1a1y9ytHH0$_$0,c1a1y9ytHH0,Positive,Neutral,False,0.044230710715055466,0.5258278250694275,0.4299415051937103,0.3333333432674408,0.3106839060783386,0.022649437189102173
c1a1y9ytHH0$_$3,c1a1y9ytHH0,Neutral,Neutral,True,0.0443907268345356,0.5770226120948792,0.37858670949935913,0.0,0.29753005504608154,0.29753005504608154
c1a1y9ytHH0$_$7,c1a1y9ytHH0,Neutral,Positive,False,0.030364414677023888,0.197487935423851,0.7721476554870605,0.0,0.7424361109733582,0.7424361109733582
c1a1y9ytHH0$_$8,c1a1y9ytHH0,Positive,Positive,True,0.02779381535947323,0.48501601815223694,0.4871901869773865,0.6666666865348816,0.31999868154525757,0.346668004989624
c5cB7AfVgcE$_$13,c5cB7AfVgcE,Neutral,Negative,False,0.4829098582267761,0.3440761864185333,0.17301398515701294,0.0,-0.1899455189704895,0.1899455189704895
c5cB7AfVgcE$_$12,c5cB7AfVgcE,Positive,Positive,True,0.03645504638552666,0.2391805648803711,0.7243643999099731,1.3333333730697632,0.5944852232933044,0.7388481497764587
c5cB7AfVgcE$_$5,c5cB7AfVgcE,Negative,Negative,True,0.7349557876586914,0.1683761179447174,0.09666815400123596,-0.6666666865348816,-0.6119256615638733,0.0547410249710083
c5cB7AfVgcE$_$4,c5cB7AfVgcE,Positive,Neutral,False,0.19329378008842468,0.47292256355285645,0.3337835967540741,0.3333333432674408,0.15956920385360718,0.17376413941383362
d8BR6hsvzoY$_$1,d8BR6hsvzoY,Positive,Positive,True,0.03545098006725311,0.45519816875457764,0.5093508958816528,0.6666666865348816,0.3855935037136078,0.2810731828212738
d8BR6hsvzoY$_$0,d8BR6hsvzoY,Neutral,Neutral,True,0.09089844673871994,0.5220168232917786,0.3870846927165985,0.0,0.2718779742717743,0.2718779742717743
d8BR6hsvzoY$_$3,d8BR6hsvzoY,Neutral,Neutral,True,0.02313392050564289,0.5108700394630432,0.46599605679512024,0.0,0.28846636414527893,0.28846636414527893
d8BR6hsvzoY$_$2,d8BR6hsvzoY,Neutral,Positive,False,0.058950383216142654,0.43094417452812195,0.5101054906845093,0.0,0.3517424166202545,0.3517424166202545
d8BR6hsvzoY$_$5,d8BR6hsvzoY,Neutral,Neutral,True,0.3167954981327057,0.49855875968933105,0.18464574217796326,0.0,-0.12146596610546112,0.12146596610546112
d8BR6hsvzoY$_$4,d8BR6hsvzoY,Positive,Neutral,False,0.157269686460495,0.5692422986030579,0.27348798513412476,1.0,0.1885104477405548,0.8114895820617676
d8BR6hsvzoY$_$7,d8BR6hsvzoY,Neutral,Neutral,True,0.18584540486335754,0.5986738801002502,0.2154807150363922,0.0,0.04543822258710861,0.04543822258710861
d8BR6hsvzoY$_$6,d8BR6hsvzoY,Positive,Neutral,False,0.2512281537055969,0.5263903141021729,0.2223815768957138,0.3333333432674408,0.06682255864143372,0.2665107846260071
d8BR6hsvzoY$_$9,d8BR6hsvzoY,Neutral,Neutral,True,0.09427469223737717,0.6182828545570374,0.28744247555732727,0.0,0.18369761109352112,0.18369761109352112
d8BR6hsvzoY$_$8,d8BR6hsvzoY,Positive,Positive,True,0.07271913439035416,0.42341455817222595,0.5038663148880005,0.3333333432674408,0.35538244247436523,0.02204909920692444
dBWvtPeHpWM$_$11,dBWvtPeHpWM,Positive,Positive,True,0.03828427940607071,0.07883944362401962,0.8828762173652649,1.3333333730697632,1.1012860536575317,0.23204731941223145
dBWvtPeHpWM$_$10,dBWvtPeHpWM,Positive,Negative,False,0.7069209218025208,0.07783043384552002,0.21524867415428162,0.6666666865348816,-0.5527377128601074,1.2194044589996338
dBWvtPeHpWM$_$1,dBWvtPeHpWM,Negative,Negative,True,0.5750693678855896,0.2554442286491394,0.1694864183664322,-0.3333333432674408,-0.46565935015678406,0.13232600688934326
dBWvtPeHpWM$_$0,dBWvtPeHpWM,Positive,Positive,True,0.01191528420895338,0.036385152488946915,0.9516995549201965,2.0,1.5172568559646606,0.48274314403533936
dBWvtPeHpWM$_$3,dBWvtPeHpWM,Negative,Negative,True,0.7713673710823059,0.15683241188526154,0.07180022448301315,-1.0,-0.7295409440994263,0.27045905590057373
dBWvtPeHpWM$_$2,dBWvtPeHpWM,Neutral,Negative,False,0.8265639543533325,0.0993393212556839,0.07409671694040298,0.0,-0.9149308800697327,0.9149308800697327
dBWvtPeHpWM$_$5,dBWvtPeHpWM,Positive,Positive,True,0.20298632979393005,0.13451211154460907,0.6625015735626221,0.3333333432674408,0.6361604332923889,0.3028270900249481
dBWvtPeHpWM$_$4,dBWvtPeHpWM,Positive,Positive,True,0.07776905596256256,0.2943631708621979,0.6278677582740784,0.6666666865348816,0.5226302146911621,0.14403647184371948
dBWvtPeHpWM$_$7,dBWvtPeHpWM,Positive,Negative,False,0.4616229832172394,0.32954102754592896,0.20883601903915405,0.6666666865348816,-0.09361888468265533,0.7602855563163757
dBWvtPeHpWM$_$6,dBWvtPeHpWM,Negative,Negative,True,0.8231185674667358,0.12181199342012405,0.05506940931081772,-1.0,-0.849342942237854,0.150657057762146
dBWvtPeHpWM$_$9,dBWvtPeHpWM,Positive,Neutral,False,0.1548723727464676,0.5126043558120728,0.3325232267379761,2.3333332538604736,0.1832718849182129,2.1500613689422607
dBWvtPeHpWM$_$8,dBWvtPeHpWM,Positive,Positive,True,0.1309356838464737,0.21934369206428528,0.6497206091880798,2.0,0.6473486423492432,1.3526513576507568
dEDbm2ubVRQ$_$0,dEDbm2ubVRQ,Negative,Neutral,False,0.14497536420822144,0.6290287375450134,0.22599585354328156,-0.3333333432674408,0.0858437716960907,0.4191771149635315
dEDbm2ubVRQ$_$3,dEDbm2ubVRQ,Positive,Negative,False,0.779350221157074,0.1528039574623108,0.06784582883119583,0.3333333432674408,-0.9439970254898071,1.2773303985595703
dEDbm2ubVRQ$_$2,dEDbm2ubVRQ,Negative,Negative,True,0.8942270278930664,0.06423922628164291,0.04153378680348396,-1.3333333730697632,-1.2706055641174316,0.06272780895233154
dEDbm2ubVRQ$_$7,dEDbm2ubVRQ,Positive,Positive,True,0.022453490644693375,0.3707936406135559,0.6067528128623962,0.3333333432674408,0.48936134576797485,0.15602800250053406
dEDbm2ubVRQ$_$9,dEDbm2ubVRQ,Neutral,Neutral,True,0.23967789113521576,0.4804307520389557,0.27989140152931213,0.0,0.09756716340780258,0.09756716340780258
dEDbm2ubVRQ$_$8,dEDbm2ubVRQ,Positive,Neutral,False,0.029007919132709503,0.6960563063621521,0.2749358117580414,0.3333333432674408,0.144306480884552,0.1890268623828888
dt641WxonBI$_$1,dt641WxonBI,Positive,Neutral,False,0.03937511891126633,0.5340133309364319,0.4266115725040436,0.3333333432674408,0.4416290521621704,0.10829570889472961
dt641WxonBI$_$3,dt641WxonBI,Positive,Positive,True,0.03571178391575813,0.4411945939064026,0.5230936408042908,0.6666666865348816,0.44970864057540894,0.21695804595947266
eKRWfaizBO0$_$1,eKRWfaizBO0,Positive,Negative,False,0.6711668968200684,0.19261100888252258,0.13622204959392548,0.3333333432674408,-0.4096846580505371,0.7430180311203003
eKRWfaizBO0$_$2,eKRWfaizBO0,Positive,Positive,True,0.09912647306919098,0.13504226505756378,0.7658312916755676,0.6666666865348816,0.6863793730735779,0.01971268653869629
eOiC1kb17P4$_$0,eOiC1kb17P4,Positive,Positive,True,0.048940274864435196,0.12748275697231293,0.8235770463943481,1.3333333730697632,0.9678021669387817,0.36553120613098145
eOiC1kb17P4$_$3,eOiC1kb17P4,Positive,Positive,True,0.054805781692266464,0.04590575397014618,0.8992884755134583,2.0,1.4193373918533325,0.5806626081466675
eOiC1kb17P4$_$5,eOiC1kb17P4,Positive,Positive,True,0.026437321677803993,0.06756892055273056,0.9059937596321106,2.0,1.144961953163147,0.855038046836853
eOiC1kb17P4$_$4,eOiC1kb17P4,Positive,Positive,True,0.12664367258548737,0.2907918095588684,0.5825645327568054,1.3333333730697632,0.5506523847579956,0.7826809883117676
eOiC1kb17P4$_$6,eOiC1kb17P4,Positive,Positive,True,0.018124103546142578,0.04081251844763756,0.941063404083252,1.3333333730697632,1.462256908416748,0.12892353534698486
erNDEjQeox8$_$10,erNDEjQeox8,Neutral,Positive,False,0.07571015506982803,0.09270025044679642,0.8315896391868591,0.0,1.0062410831451416,1.0062410831451416
erNDEjQeox8$_$12,erNDEjQeox8,Positive,Positive,True,0.03745659813284874,0.038284964859485626,0.9242584109306335,2.0,1.4622414112091064,0.5377585887908936
evAswZ6m3hg$_$1,evAswZ6m3hg,Negative,Negative,True,0.6791924834251404,0.2292478084564209,0.09155971556901932,-0.6666666865348816,-0.5153518319129944,0.1513148546218872
evAswZ6m3hg$_$0,evAswZ6m3hg,Negative,Positive,False,0.15811754763126373,0.36590051651000977,0.47598201036453247,-0.6666666865348816,0.32592833042144775,0.9925950169563293
evAswZ6m3hg$_$4,evAswZ6m3hg,Neutral,Positive,False,0.1504187285900116,0.33821091055870056,0.5113703608512878,0.0,0.35253652930259705,0.35253652930259705
ewBrNsyY82Q$_$4,ewBrNsyY82Q,Neutral,Neutral,True,0.1353951096534729,0.44707491993904114,0.41753000020980835,0.0,0.35103484988212585,0.35103484988212585
fPsy1co_nuw$_$1,fPsy1co_nuw,Positive,Positive,True,0.03575741872191429,0.053091034293174744,0.9111515879631042,2.0,1.5938509702682495,0.4061490297317505
fWOIAxzBQFY$_$24,fWOIAxzBQFY,Positive,Positive,True,0.08308204263448715,0.40629497170448303,0.510623037815094,0.6666666865348816,0.3793138861656189,0.2873528003692627
fWOIAxzBQFY$_$25,fWOIAxzBQFY,Positive,Positive,True,0.031869471073150635,0.12234456837177277,0.845785915851593,1.0,0.8394390940666199,0.16056090593338013
fWOIAxzBQFY$_$12,fWOIAxzBQFY,Neutral,Positive,False,0.02789996564388275,0.453013151884079,0.5190868973731995,0.0,0.4333003759384155,0.4333003759384155
fWOIAxzBQFY$_$20,fWOIAxzBQFY,Positive,Positive,True,0.040451064705848694,0.2584732472896576,0.7010756731033325,0.6666666865348816,0.6672097444534302,0.000543057918548584
fWOIAxzBQFY$_$14,fWOIAxzBQFY,Positive,Positive,True,0.010335815139114857,0.15868313610553741,0.8309810161590576,0.6666666865348816,0.7773752212524414,0.11070853471755981
fWOIAxzBQFY$_$10,fWOIAxzBQFY,Neutral,Positive,False,0.018797732889652252,0.34705817699432373,0.6341440677642822,0.0,0.4749603569507599,0.4749603569507599
fWOIAxzBQFY$_$18,fWOIAxzBQFY,Positive,Positive,True,0.03818204253911972,0.33135759830474854,0.6304603815078735,0.3333333432674408,0.5138465166091919,0.1805131733417511
fWOIAxzBQFY$_$1,fWOIAxzBQFY,Positive,Positive,True,0.010023617185652256,0.041299548000097275,0.9486768841743469,1.3333333730697632,1.250008225440979,0.08332514762878418
fWOIAxzBQFY$_$5,fWOIAxzBQFY,Positive,Positive,True,0.10145296901464462,0.42602625489234924,0.4725207984447479,1.3333333730697632,0.41839390993118286,0.9149394631385803
fWOIAxzBQFY$_$7,fWOIAxzBQFY,Neutral,Positive,False,0.06079283356666565,0.38160064816474915,0.5576065182685852,0.0,0.4098729193210602,0.4098729193210602
fWOIAxzBQFY$_$8,fWOIAxzBQFY,Positive,Positive,True,0.02363446168601513,0.1201653927564621,0.8562001585960388,0.6666666865348816,0.8176068067550659,0.15094012022018433
fWOIAxzBQFY$_$15,fWOIAxzBQFY,Positive,Positive,True,0.017819099128246307,0.33191537857055664,0.6502654552459717,1.0,0.4619706869125366,0.5380293130874634
f_ZJ7L14oYQ$_$11,f_ZJ7L14oYQ,Positive,Positive,True,0.060047559440135956,0.12973354756832123,0.8102189302444458,1.3333333730697632,0.9659966826438904,0.3673366904258728
f_ZJ7L14oYQ$_$24,f_ZJ7L14oYQ,Positive,Positive,True,0.02487691305577755,0.06830596178770065,0.9068171381950378,1.3333333730697632,1.2178802490234375,0.11545312404632568
f_ZJ7L14oYQ$_$27,f_ZJ7L14oYQ,Positive,Positive,True,0.04671105742454529,0.17246387898921967,0.7808250188827515,1.6666666269302368,0.8114114999771118,0.855255126953125
f_ZJ7L14oYQ$_$21,f_ZJ7L14oYQ,Positive,Negative,False,0.5420182943344116,0.09394107013940811,0.3640405833721161,2.0,-0.11922001838684082,2.119220018386841
f_ZJ7L14oYQ$_$17,f_ZJ7L14oYQ,Negative,Negative,True,0.3553692102432251,0.3476235270500183,0.2970072329044342,-0.6666666865348816,-0.02557218074798584,0.6410945057868958
f_ZJ7L14oYQ$_$33,f_ZJ7L14oYQ,Positive,Positive,True,0.09421831369400024,0.32312774658203125,0.5826539397239685,2.0,0.5317795276641846,1.4682204723358154
f_ZJ7L14oYQ$_$18,f_ZJ7L14oYQ,Negative,Negative,True,0.4227485656738281,0.38406112790107727,0.19319038093090057,-0.3333333432674408,-0.12289129197597504,0.21044205129146576
f_ZJ7L14oYQ$_$22,f_ZJ7L14oYQ,Positive,Positive,True,0.020336253568530083,0.030269604176282883,0.9493941068649292,1.6666666269302368,1.6558544635772705,0.010812163352966309
f_ZJ7L14oYQ$_$28,f_ZJ7L14oYQ,Positive,Positive,True,0.057625334709882736,0.04772798344492912,0.8946466445922852,2.0,1.434258222579956,0.565741777420044
f_ZJ7L14oYQ$_$1,f_ZJ7L14oYQ,Positive,Positive,True,0.04678001627326012,0.4033200144767761,0.5498999953269958,0.3333333432674408,0.47778117656707764,0.14444783329963684
f_ZJ7L14oYQ$_$19,f_ZJ7L14oYQ,Positive,Positive,True,0.03033326007425785,0.08053317666053772,0.8891335725784302,1.6666666269302368,1.1239607334136963,0.5427058935165405
f_ZJ7L14oYQ$_$2,f_ZJ7L14oYQ,Positive,Positive,True,0.10411165654659271,0.14727284014225006,0.7486155033111572,1.3333333730697632,0.8556809425354004,0.4776524305343628
f_ZJ7L14oYQ$_$30,f_ZJ7L14oYQ,Positive,Positive,True,0.06412308663129807,0.036943137645721436,0.8989337682723999,3.0,1.561303973197937,1.438696026802063
f_ZJ7L14oYQ$_$9,f_ZJ7L14oYQ,Neutral,Positive,False,0.06856357306241989,0.28683021664619446,0.6446062326431274,0.0,0.5660549402236938,0.5660549402236938
f_ZJ7L14oYQ$_$8,f_ZJ7L14oYQ,Positive,Positive,True,0.1048448234796524,0.2337930053472519,0.6613621711730957,0.6666666865348816,0.6137751936912537,0.05289149284362793
fe2CWCpdTF8$_$0,fe2CWCpdTF8,Positive,Positive,True,0.017743853852152824,0.2838332951068878,0.6984228491783142,0.6666666865348816,0.6766725182533264,0.010005831718444824
fe2CWCpdTF8$_$4,fe2CWCpdTF8,Positive,Positive,True,0.030288318172097206,0.033247578889131546,0.9364641308784485,0.6666666865348816,1.6032276153564453,0.9365609288215637
ffrJ91swyq0$_$1,ffrJ91swyq0,Positive,Positive,True,0.023985296487808228,0.07040580362081528,0.9056088924407959,0.6666666865348816,1.1731261014938354,0.5064594149589539
ffrJ91swyq0$_$2,ffrJ91swyq0,Positive,Positive,True,0.03275400772690773,0.3268686532974243,0.6403773427009583,1.0,0.5648438930511475,0.43515610694885254
g8Cl74tS3oY$_$1,g8Cl74tS3oY,Negative,Neutral,False,0.36851128935813904,0.5028043389320374,0.12868435680866241,-0.6666666865348816,-0.10853135585784912,0.5581353306770325
g8Cl74tS3oY$_$3,g8Cl74tS3oY,Negative,Neutral,False,0.3085070252418518,0.416008323431015,0.2754846513271332,-0.3333333432674408,0.0838632732629776,0.4171966314315796
g8Cl74tS3oY$_$2,g8Cl74tS3oY,Negative,Negative,True,0.8044883012771606,0.10644885152578354,0.08906283229589462,-0.6666666865348816,-0.7164732813835144,0.04980659484863281
g8Cl74tS3oY$_$7,g8Cl74tS3oY,Positive,Neutral,False,0.362825870513916,0.47011351585388184,0.16706061363220215,1.0,-0.18833716213703156,1.1883372068405151
g8Cl74tS3oY$_$6,g8Cl74tS3oY,Positive,Positive,True,0.03414653241634369,0.043823644518852234,0.9220298528671265,0.6666666865348816,1.3326890468597412,0.6660223603248596
gR4gM_WXesQ$_$11,gR4gM_WXesQ,Negative,Negative,True,0.48128247261047363,0.420349657535553,0.09836786240339279,-0.6666666865348816,-0.31438833475112915,0.35227835178375244
gR4gM_WXesQ$_$10,gR4gM_WXesQ,Positive,Negative,False,0.47774815559387207,0.42411115765571594,0.0981406569480896,0.3333333432674408,-0.32424432039260864,0.657577633857727
gR4gM_WXesQ$_$26,gR4gM_WXesQ,Neutral,Negative,False,0.8346454501152039,0.11550623923540115,0.04984834045171738,0.0,-0.9771949052810669,0.9771949052810669
gR4gM_WXesQ$_$20,gR4gM_WXesQ,Negative,Neutral,False,0.25275787711143494,0.5130995512008667,0.23414257168769836,-1.3333333730697632,0.07348009943962097,1.4068135023117065
gR4gM_WXesQ$_$21,gR4gM_WXesQ,Positive,Negative,False,0.6071601510047913,0.27863043546676636,0.11420943588018417,0.3333333432674408,-0.3156939744949341,0.6490273475646973
gR4gM_WXesQ$_$16,gR4gM_WXesQ,Positive,Negative,False,0.478222131729126,0.21844016015529633,0.3033376932144165,1.3333333730697632,0.04026574641466141,1.2930675745010376
gR4gM_WXesQ$_$24,gR4gM_WXesQ,Negative,Negative,True,0.552527129650116,0.3024376630783081,0.1450352668762207,-0.3333333432674408,-0.35575559735298157,0.02242225408554077
gR4gM_WXesQ$_$18,gR4gM_WXesQ,Positive,Negative,False,0.7661377787590027,0.160629004240036,0.07323317974805832,0.6666666865348816,-0.7173704504966736,1.3840371370315552
gR4gM_WXesQ$_$28,gR4gM_WXesQ,Positive,Positive,True,0.012685433030128479,0.03846549615263939,0.9488491415977478,1.0,1.392910122871399,0.3929101228713989
gR4gM_WXesQ$_$0,gR4gM_WXesQ,Positive,Neutral,False,0.015627345070242882,0.8463549613952637,0.13801772892475128,0.6666666865348816,0.10250361263751984,0.564163088798523
gR4gM_WXesQ$_$3,gR4gM_WXesQ,Positive,Neutral,False,0.20683780312538147,0.4697738587856293,0.32338836789131165,0.3333333432674408,0.05375981330871582,0.279573529958725
gR4gM_WXesQ$_$2,gR4gM_WXesQ,Negative,Negative,True,0.8880670666694641,0.08182376623153687,0.030109209939837456,-1.3333333730697632,-1.1372908353805542,0.19604253768920898
gR4gM_WXesQ$_$4,gR4gM_WXesQ,Positive,Positive,True,0.017618082463741302,0.13521374762058258,0.8471681475639343,1.6666666269302368,0.8317987322807312,0.8348678946495056
gR4gM_WXesQ$_$6,gR4gM_WXesQ,Positive,Positive,True,0.043485984206199646,0.2879554331302643,0.6685585975646973,0.3333333432674408,0.5360562801361084,0.2027229368686676
gR4gM_WXesQ$_$15,gR4gM_WXesQ,Positive,Positive,True,0.12524357438087463,0.43549665808677673,0.43925976753234863,1.3333333730697632,0.3395630419254303,0.9937703609466553
gR4gM_WXesQ$_$25,gR4gM_WXesQ,Positive,Neutral,False,0.27687403559684753,0.5242722034454346,0.1988537758588791,1.0,0.06977453082799911,0.9302254915237427
gR4gM_WXesQ$_$8,gR4gM_WXesQ,Positive,Positive,True,0.06399306654930115,0.39740896224975586,0.5385980010032654,0.6666666865348816,0.4249788224697113,0.2416878640651703
gVqs4TzqySw$_$1,gVqs4TzqySw,Positive,Negative,False,0.48189863562583923,0.3172430396080017,0.20085832476615906,0.3333333432674408,-0.2569720149040222,0.5903053283691406
gVqs4TzqySw$_$3,gVqs4TzqySw,Neutral,Negative,False,0.6086349487304688,0.2195609211921692,0.17180415987968445,0.0,-0.6058228611946106,0.6058228611946106
gVqs4TzqySw$_$2,gVqs4TzqySw,Neutral,Neutral,True,0.07114547491073608,0.4840989410877228,0.4447556138038635,0.0,0.3906552195549011,0.3906552195549011
gVqs4TzqySw$_$4,gVqs4TzqySw,Neutral,Neutral,True,0.18734775483608246,0.5414460301399231,0.27120620012283325,0.0,0.07801148295402527,0.07801148295402527
gVqs4TzqySw$_$7,gVqs4TzqySw,Neutral,Neutral,True,0.29510509967803955,0.37922677397727966,0.3256680965423584,0.0,0.06437008082866669,0.06437008082866669
gVqs4TzqySw$_$6,gVqs4TzqySw,Neutral,Positive,False,0.0680849701166153,0.3872639238834381,0.5446510910987854,0.0,0.4325326681137085,0.4325326681137085
goMtnNHQ_z4$_$1,goMtnNHQ_z4,Neutral,Positive,False,0.01875210739672184,0.2088957130908966,0.7723521590232849,0.0,0.6610466837882996,0.6610466837882996
goMtnNHQ_z4$_$2,goMtnNHQ_z4,Positive,Positive,True,0.01693440042436123,0.0520060695707798,0.9310595393180847,1.6666666269302368,1.3376193046569824,0.3290473222732544
goMtnNHQ_z4$_$13,goMtnNHQ_z4,Positive,Positive,True,0.035925984382629395,0.129463791847229,0.8346102237701416,1.0,0.9809329509735107,0.019067049026489258
goMtnNHQ_z4$_$12,goMtnNHQ_z4,Negative,Neutral,False,0.026915527880191803,0.5901656746864319,0.3829188048839569,-0.3333333432674408,0.24384136497974396,0.577174723148346
hqzF4IDaIYE$_$1,hqzF4IDaIYE,Negative,Positive,False,0.28620991110801697,0.24938590824604034,0.4644041359424591,-0.6666666865348816,0.30512723326683044,0.9717938899993896
hqzF4IDaIYE$_$0,hqzF4IDaIYE,Negative,Negative,True,0.6654826998710632,0.13294024765491486,0.20157702267169952,-1.3333333730697632,-0.4096762537956238,0.9236571192741394
hqzF4IDaIYE$_$3,hqzF4IDaIYE,Positive,Positive,True,0.06842423975467682,0.17026986181735992,0.7613058686256409,1.0,0.7852746248245239,0.21472537517547607
hqzF4IDaIYE$_$2,hqzF4IDaIYE,Positive,Positive,True,0.07205795496702194,0.1996837556362152,0.7282583117485046,0.6666666865348816,0.6650195717811584,0.0016471147537231445
hqzF4IDaIYE$_$5,hqzF4IDaIYE,Negative,Positive,False,0.22026002407073975,0.3130257725715637,0.46671420335769653,-0.3333333432674408,0.3531954884529114,0.6865288019180298
hqzF4IDaIYE$_$4,hqzF4IDaIYE,Positive,Positive,True,0.08865125477313995,0.2650623619556427,0.6462863683700562,0.3333333432674408,0.6099172234535217,0.27658388018608093
hqzF4IDaIYE$_$6,hqzF4IDaIYE,Negative,Neutral,False,0.35657942295074463,0.4584852159023285,0.18493534624576569,-0.6666666865348816,-0.036618851125240326,0.6300478577613831
hrLoOAh_8LY$_$1,hrLoOAh_8LY,Positive,Positive,True,0.00869402103126049,0.0709533542394638,0.920352578163147,1.0,1.1009280681610107,0.10092806816101074
hrLoOAh_8LY$_$2,hrLoOAh_8LY,Positive,Positive,True,0.007797842845320702,0.036650050431489944,0.9555521607398987,2.3333332538604736,1.30033540725708,1.0329978466033936
hvfaYsv7p8E$_$8,hvfaYsv7p8E,Negative,Negative,True,0.3576192855834961,0.31105145812034607,0.33132922649383545,-1.0,0.08875459432601929,1.088754653930664
hvfaYsv7p8E$_$12,hvfaYsv7p8E,Negative,Negative,True,0.8813782334327698,0.06407803297042847,0.054543767124414444,-1.0,-1.0889301300048828,0.08893013000488281
hvfaYsv7p8E$_$7,hvfaYsv7p8E,Negative,Negative,True,0.8636322617530823,0.07055196166038513,0.065815769135952,-0.6666666865348816,-0.9517109394073486,0.28504425287246704
hvfaYsv7p8E$_$0,hvfaYsv7p8E,Negative,Negative,True,0.3611343502998352,0.34875860810279846,0.29010698199272156,-0.6666666865348816,-0.013282671570777893,0.6533840298652649
iUXqlrui25c$_$10,iUXqlrui25c,Negative,Negative,True,0.6557151079177856,0.22901767492294312,0.11526718735694885,-0.6666666865348816,-0.45510053634643555,0.21156615018844604
iUXqlrui25c$_$13,iUXqlrui25c,Negative,Negative,True,0.4150634706020355,0.3437895178794861,0.24114704132080078,-0.3333333432674408,-0.15840813517570496,0.17492520809173584
iUXqlrui25c$_$12,iUXqlrui25c,Positive,Negative,False,0.7101645469665527,0.17579308152198792,0.11404230445623398,0.3333333432674408,-0.5515577793121338,0.884891152381897
iUXqlrui25c$_$15,iUXqlrui25c,Positive,Positive,True,0.02118511125445366,0.08223067224025726,0.8965842127799988,1.0,1.0660490989685059,0.06604909896850586
iUXqlrui25c$_$21,iUXqlrui25c,Negative,Positive,False,0.18674887716770172,0.3567809760570526,0.45647016167640686,-0.6666666865348816,0.36111778020858765,1.0277844667434692
iUXqlrui25c$_$22,iUXqlrui25c,Neutral,Positive,False,0.08022189885377884,0.30461978912353516,0.6151583194732666,0.0,0.567888617515564,0.567888617515564
iUXqlrui25c$_$23,iUXqlrui25c,Neutral,Positive,False,0.12441324442625046,0.27457836270332336,0.601008415222168,0.0,0.5016127228736877,0.5016127228736877
iUXqlrui25c$_$31,iUXqlrui25c,Positive,Positive,True,0.037247009575366974,0.14405503869056702,0.8186979293823242,0.6666666865348816,0.8439854383468628,0.1773187518119812
iUXqlrui25c$_$30,iUXqlrui25c,Positive,Positive,True,0.03790341317653656,0.15409758687019348,0.8079989552497864,0.3333333432674408,0.8549900054931641,0.5216566324234009
iUXqlrui25c$_$28,iUXqlrui25c,Positive,Positive,True,0.017241494730114937,0.1015966385602951,0.8811618685722351,0.3333333432674408,0.9725320339202881,0.6391986608505249
iUXqlrui25c$_$29,iUXqlrui25c,Negative,Positive,False,0.20369014143943787,0.30710935592651367,0.48920053243637085,-0.3333333432674408,0.2992000877857208,0.6325334310531616
iUXqlrui25c$_$3,iUXqlrui25c,Positive,Positive,True,0.03328370675444603,0.15056844055652618,0.8161478042602539,0.3333333432674408,0.9251161813735962,0.591782808303833
iUXqlrui25c$_$5,iUXqlrui25c,Positive,Positive,True,0.02933420054614544,0.07441499829292297,0.8962507843971252,0.6666666865348816,1.0994170904159546,0.432750403881073
iUXqlrui25c$_$4,iUXqlrui25c,Positive,Positive,True,0.024679353460669518,0.12165988236665726,0.8536608219146729,0.6666666865348816,0.8768283128738403,0.21016162633895874
icbUzboLcDQ$_$0,icbUzboLcDQ,Negative,Positive,False,0.048403117805719376,0.06707189977169037,0.8845250010490417,-0.6666666865348816,1.3940246105194092,2.0606913566589355
ioupaiAuRr0$_$0,ioupaiAuRr0,Positive,Positive,True,0.011947939172387123,0.38557881116867065,0.602473258972168,0.3333333432674408,0.43526047468185425,0.10192713141441345
ioupaiAuRr0$_$5,ioupaiAuRr0,Neutral,Positive,False,0.02406715787947178,0.3952856659889221,0.5806472301483154,0.0,0.40846335887908936,0.40846335887908936
ioupaiAuRr0$_$4,ioupaiAuRr0,Neutral,Neutral,True,0.14671985805034637,0.48671233654022217,0.36656785011291504,0.0,0.2593652307987213,0.2593652307987213
ip8xwAr4MRE$_$1,ip8xwAr4MRE,Positive,Positive,True,0.12372951954603195,0.39954033493995667,0.4767301082611084,0.3333333432674408,0.4377168118953705,0.10438346862792969
ip8xwAr4MRE$_$0,ip8xwAr4MRE,Neutral,Neutral,True,0.08690353482961655,0.5668373703956604,0.34625908732414246,0.0,0.25412997603416443,0.25412997603416443
ip8xwAr4MRE$_$3,ip8xwAr4MRE,Positive,Positive,True,0.0908510833978653,0.3115885853767395,0.5975603461265564,0.6666666865348816,0.48773613572120667,0.17893055081367493
j0br-fFy160$_$1,j0br-fFy160,Positive,Positive,True,0.012564409524202347,0.10255853086709976,0.88487708568573,0.3333333432674408,0.896547794342041,0.5632144212722778
j0br-fFy160$_$0,j0br-fFy160,Positive,Positive,True,0.01976112090051174,0.30574464797973633,0.6744942665100098,0.3333333432674408,0.6108613610267639,0.2775280177593231
j0br-fFy160$_$3,j0br-fFy160,Positive,Positive,True,0.03598445653915405,0.2111983448266983,0.7528172731399536,1.0,0.6895468235015869,0.3104531764984131
j0br-fFy160$_$5,j0br-fFy160,Neutral,Positive,False,0.025326915085315704,0.24473564326763153,0.7299374938011169,0.0,0.5072230100631714,0.5072230100631714
j0br-fFy160$_$4,j0br-fFy160,Positive,Positive,True,0.015577333979308605,0.33350998163223267,0.6509127616882324,0.6666666865348816,0.4022817611694336,0.264384925365448
jICmfLeFymA$_$11,jICmfLeFymA,Positive,Positive,True,0.020064102485775948,0.043332356959581375,0.9366035461425781,1.0,1.3501460552215576,0.3501460552215576
jICmfLeFymA$_$10,jICmfLeFymA,Neutral,Neutral,True,0.4385508894920349,0.4488565921783447,0.11259252578020096,0.0,-0.3213927447795868,0.3213927447795868
jICmfLeFymA$_$13,jICmfLeFymA,Neutral,Neutral,True,0.11930730193853378,0.5116502046585083,0.3690425753593445,0.0,0.21638330817222595,0.21638330817222595
jICmfLeFymA$_$12,jICmfLeFymA,Positive,Negative,False,0.41545161604881287,0.31284427642822266,0.2717040479183197,0.6666666865348816,0.061525970697402954,0.6051406860351562
jICmfLeFymA$_$15,jICmfLeFymA,Positive,Positive,True,0.007386744488030672,0.09354615211486816,0.8990671038627625,1.3333333730697632,1.0989561080932617,0.23437726497650146
jICmfLeFymA$_$14,jICmfLeFymA,Positive,Positive,True,0.015953419730067253,0.09372561424970627,0.8903210163116455,1.3333333730697632,0.9854593276977539,0.3478740453720093
jICmfLeFymA$_$16,jICmfLeFymA,Positive,Positive,True,0.007134541403502226,0.038657985627651215,0.9542074799537659,1.6666666269302368,1.316367745399475,0.3502988815307617
jICmfLeFymA$_$2,jICmfLeFymA,Positive,Positive,True,0.01649419777095318,0.05040125921368599,0.9331045746803284,1.6666666269302368,1.305906057357788,0.36076056957244873
jICmfLeFymA$_$4,jICmfLeFymA,Positive,Positive,True,0.0292014442384243,0.11376126855611801,0.8570372462272644,1.6666666269302368,1.0081558227539062,0.6585108041763306
jICmfLeFymA$_$7,jICmfLeFymA,Positive,Positive,True,0.05160796642303467,0.40734389424324036,0.5410481691360474,2.0,0.43919050693511963,1.5608094930648804
jICmfLeFymA$_$6,jICmfLeFymA,Positive,Positive,True,0.018031476065516472,0.05184014514088631,0.9301283359527588,0.6666666865348816,1.2674243450164795,0.6007576584815979
jICmfLeFymA$_$9,jICmfLeFymA,Neutral,Negative,False,0.6129930019378662,0.26620930433273315,0.12079771608114243,0.0,-0.4174378514289856,0.4174378514289856
jPrEKz1rAno$_$11,jPrEKz1rAno,Positive,Neutral,False,0.07422467321157455,0.594743549823761,0.33103179931640625,0.6666666865348816,0.19076868891716003,0.47589799761772156
jPrEKz1rAno$_$0,jPrEKz1rAno,Positive,Positive,True,0.02398063987493515,0.3634933829307556,0.6125259399414062,0.6666666865348816,0.452047735452652,0.21461895108222961
jPrEKz1rAno$_$3,jPrEKz1rAno,Positive,Neutral,False,0.028173765167593956,0.6915512681007385,0.280274897813797,0.3333333432674408,0.2002074420452118,0.133125901222229
jPrEKz1rAno$_$2,jPrEKz1rAno,Neutral,Positive,False,0.015979323536157608,0.39283883571624756,0.5911818742752075,0.0,0.41677507758140564,0.41677507758140564
jPrEKz1rAno$_$5,jPrEKz1rAno,Neutral,Neutral,True,0.024777371436357498,0.5696633458137512,0.4055593013763428,0.0,0.22960183024406433,0.22960183024406433
jPrEKz1rAno$_$7,jPrEKz1rAno,Neutral,Neutral,True,0.0938757136464119,0.5090369582176208,0.39708730578422546,0.0,0.25852683186531067,0.25852683186531067
jPrEKz1rAno$_$6,jPrEKz1rAno,Positive,Positive,True,0.038908544927835464,0.3986367881298065,0.5624547004699707,0.3333333432674408,0.36210986971855164,0.02877652645111084
jrDqduyQrfo$_$1,jrDqduyQrfo,Positive,Positive,True,0.015688979998230934,0.29301270842552185,0.6912983059883118,0.3333333432674408,0.5843634605407715,0.2510301172733307
jrDqduyQrfo$_$6,jrDqduyQrfo,Positive,Positive,True,0.07249659299850464,0.3040812611579895,0.6234221458435059,1.0,0.47845661640167236,0.5215433835983276
jrDqduyQrfo$_$4,jrDqduyQrfo,Positive,Neutral,False,0.0417913943529129,0.5486158132553101,0.40959280729293823,0.6666666865348816,0.2979816794395447,0.3686850070953369
jrDqduyQrfo$_$16,jrDqduyQrfo,Positive,Neutral,False,0.04380214586853981,0.4880817234516144,0.4681161344051361,0.6666666865348816,0.3277394771575928,0.3389272093772888
k5ZOshC2LP4$_$1,k5ZOshC2LP4,Negative,Negative,True,0.4174085259437561,0.41233551502227783,0.17025601863861084,-1.3333333730697632,-0.12835243344306946,1.2049809694290161
k5ZOshC2LP4$_$0,k5ZOshC2LP4,Positive,Negative,False,0.6070014238357544,0.19459259510040283,0.19840599596500397,0.3333333432674408,-0.24711203575134277,0.580445408821106
k5ZOshC2LP4$_$3,k5ZOshC2LP4,Negative,Negative,True,0.8564860224723816,0.07572990655899048,0.0677841380238533,-1.3333333730697632,-1.1927474737167358,0.14058589935302734
k5ZOshC2LP4$_$2,k5ZOshC2LP4,Negative,Negative,True,0.4798598289489746,0.2323598712682724,0.2877802848815918,-1.3333333730697632,-0.06299903988838196,1.2703343629837036
k5ZOshC2LP4$_$4,k5ZOshC2LP4,Negative,Positive,False,0.16974449157714844,0.3868435025215149,0.44341203570365906,-0.6666666865348816,0.32840877771377563,0.9950754642486572
kbGhEJ4W44o$_$0,kbGhEJ4W44o,Positive,Negative,False,0.3675137162208557,0.30675172805786133,0.32573452591896057,1.3333333730697632,0.09230192750692368,1.2410314083099365
kfsO4c0Ekes$_$9,kfsO4c0Ekes,Positive,Positive,True,0.1951114535331726,0.1476612687110901,0.6572272777557373,0.6666666865348816,0.6700942516326904,0.003427565097808838
kfsO4c0Ekes$_$0,kfsO4c0Ekes,Negative,Neutral,False,0.06603601574897766,0.6428572535514832,0.29110682010650635,-0.3333333432674408,0.27943265438079834,0.6127660274505615
kfsO4c0Ekes$_$4,kfsO4c0Ekes,Positive,Positive,True,0.07317905128002167,0.2181299328804016,0.7086910605430603,0.3333333432674408,0.6985872387886047,0.36525389552116394
kfsO4c0Ekes$_$7,kfsO4c0Ekes,Positive,Positive,True,0.01684231497347355,0.04001243785023689,0.943145215511322,0.6666666865348816,1.3778740167617798,0.7112073302268982
kvUb78Rdzdc$_$3,kvUb78Rdzdc,Positive,Positive,True,0.024372421205043793,0.05525142326951027,0.9203761219978333,1.0,1.3485006093978882,0.3485006093978882
kvUb78Rdzdc$_$2,kvUb78Rdzdc,Positive,Negative,False,0.48369571566581726,0.3449554443359375,0.17134886980056763,0.3333333432674408,-0.3629814088344574,0.6963147521018982
lO87-4Kf0cQ$_$0,lO87-4Kf0cQ,Positive,Positive,True,0.020096352323889732,0.09762881696224213,0.8822748064994812,1.3333333730697632,1.013472557067871,0.3198608160018921
lO87-4Kf0cQ$_$3,lO87-4Kf0cQ,Neutral,Neutral,True,0.04669174924492836,0.6791297793388367,0.27417856454849243,0.0,0.21908803284168243,0.21908803284168243
lO87-4Kf0cQ$_$2,lO87-4Kf0cQ,Neutral,Neutral,True,0.05996214225888252,0.6745443940162659,0.2654934227466583,0.0,0.24247920513153076,0.24247920513153076
lO87-4Kf0cQ$_$5,lO87-4Kf0cQ,Positive,Neutral,False,0.03605330362915993,0.5777676105499268,0.38617902994155884,0.3333333432674408,0.2424493134021759,0.09088402986526489
lO87-4Kf0cQ$_$4,lO87-4Kf0cQ,Negative,Neutral,False,0.03642459586262703,0.7385181188583374,0.22505727410316467,-0.3333333432674408,0.1366938054561615,0.4700271487236023
lO87-4Kf0cQ$_$7,lO87-4Kf0cQ,Neutral,Neutral,True,0.3267853558063507,0.46687960624694824,0.20633502304553986,0.0,0.0113939568400383,0.0113939568400383
lWf5hHRHIDs$_$11,lWf5hHRHIDs,Positive,Positive,True,0.011540069244801998,0.11726304143667221,0.8711969256401062,1.0,0.8644698858261108,0.13553011417388916
lWf5hHRHIDs$_$4,lWf5hHRHIDs,Positive,Negative,False,0.39442846179008484,0.30792948603630066,0.2976420223712921,0.6666666865348816,0.11465256661176682,0.5520141124725342
lWf5hHRHIDs$_$7,lWf5hHRHIDs,Positive,Positive,True,0.009999364614486694,0.07785513997077942,0.9121454954147339,1.3333333730697632,1.0029135942459106,0.33041977882385254
lawHYX5eB20$_$1,lawHYX5eB20,Negative,Neutral,False,0.32289060950279236,0.5374634861946106,0.13964584469795227,-1.0,-0.10695938766002655,0.8930405974388123
lawHYX5eB20$_$2,lawHYX5eB20,Positive,Positive,True,0.07044833153486252,0.2828693687915802,0.6466823220252991,0.6666666865348816,0.5968629121780396,0.06980377435684204
lilHOUfWrIA$_$0,lilHOUfWrIA,Negative,Positive,False,0.20409926772117615,0.3278053402900696,0.4680953621864319,-0.3333333432674408,0.30328696966171265,0.636620283126831
ly3QDQDJzzQ$_$1,ly3QDQDJzzQ,Neutral,Positive,False,0.019398098811507225,0.14142559468746185,0.83917635679245,0.0,0.8485420942306519,0.8485420942306519
mHGaQ_nv9UY$_$11,mHGaQ_nv9UY,Neutral,Neutral,True,0.13298751413822174,0.7635869383811951,0.10342561453580856,0.0,-0.023013409227132797,0.023013409227132797
mHGaQ_nv9UY$_$25,mHGaQ_nv9UY,Positive,Positive,True,0.01786968857049942,0.23236577212810516,0.7497645616531372,0.3333333432674408,0.6823792457580566,0.34904590249061584
mHGaQ_nv9UY$_$13,mHGaQ_nv9UY,Positive,Positive,True,0.306659460067749,0.33080431818962097,0.3625362515449524,1.3333333730697632,0.041064146906137466,1.292269229888916
mHGaQ_nv9UY$_$14,mHGaQ_nv9UY,Negative,Neutral,False,0.2724227011203766,0.44433510303497314,0.2832421064376831,-0.3333333432674408,0.051294781267642975,0.3846281170845032
mHGaQ_nv9UY$_$17,mHGaQ_nv9UY,Neutral,Neutral,True,0.12445513159036636,0.4447915554046631,0.43075329065322876,0.0,0.2926706373691559,0.2926706373691559
mHGaQ_nv9UY$_$16,mHGaQ_nv9UY,Negative,Negative,True,0.3638016879558563,0.36317843198776245,0.273019939661026,-0.3333333432674408,-0.12282085418701172,0.21051248908042908
mHGaQ_nv9UY$_$19,mHGaQ_nv9UY,Neutral,Negative,False,0.6016656756401062,0.15326575934886932,0.24506862461566925,0.0,-0.20972591638565063,0.20972591638565063
mHGaQ_nv9UY$_$18,mHGaQ_nv9UY,Positive,Positive,True,0.0565728098154068,0.25700005888938904,0.6864271759986877,0.6666666865348816,0.6474531888961792,0.019213497638702393
mHGaQ_nv9UY$_$6,mHGaQ_nv9UY,Negative,Positive,False,0.14995847642421722,0.4131987988948822,0.436842679977417,-0.3333333432674408,0.3900020718574524,0.7233353853225708
mHGaQ_nv9UY$_$23,mHGaQ_nv9UY,Positive,Positive,True,0.2731308341026306,0.14013852179050446,0.5867305994033813,0.3333333432674408,0.4518970549106598,0.118563711643219
mHGaQ_nv9UY$_$22,mHGaQ_nv9UY,Negative,Negative,True,0.7907933592796326,0.13375058770179749,0.07545603066682816,-0.3333333432674408,-0.7482448816299438,0.41491153836250305
mHGaQ_nv9UY$_$2,mHGaQ_nv9UY,Neutral,Neutral,True,0.1535482555627823,0.5351210236549377,0.31133073568344116,0.0,0.22650417685508728,0.22650417685508728
mHGaQ_nv9UY$_$5,mHGaQ_nv9UY,Neutral,Negative,False,0.7716065049171448,0.12258472293615341,0.10580875724554062,0.0,-0.7558630108833313,0.7558630108833313
mHGaQ_nv9UY$_$4,mHGaQ_nv9UY,Negative,Negative,True,0.9166677594184875,0.046465590596199036,0.03686660900712013,-1.6666666269302368,-1.1601718664169312,0.5064947605133057
mHGaQ_nv9UY$_$24,mHGaQ_nv9UY,Negative,Negative,True,0.6106277108192444,0.2563307583332062,0.13304151594638824,-0.3333333432674408,-0.35913413763046265,0.02580079436302185
mHGaQ_nv9UY$_$9,mHGaQ_nv9UY,Neutral,Neutral,True,0.07847612351179123,0.7013868689537048,0.22013698518276215,0.0,0.17749455571174622,0.17749455571174622
mHGaQ_nv9UY$_$8,mHGaQ_nv9UY,Positive,Neutral,False,0.10196992009878159,0.5470162034034729,0.3510138690471649,0.3333333432674408,0.20368662476539612,0.12964671850204468
mHGaQ_nv9UY$_$10,mHGaQ_nv9UY,Positive,Positive,True,0.05467664822936058,0.1845296323299408,0.7607936859130859,0.6666666865348816,0.7851516008377075,0.11848491430282593
mLW-jn67gRE$_$10,mLW-jn67gRE,Negative,Negative,True,0.8054001927375793,0.14195111393928528,0.052648719400167465,-0.3333333432674408,-0.8239315152168274,0.4905981719493866
mLW-jn67gRE$_$12,mLW-jn67gRE,Negative,Negative,True,0.9023793935775757,0.057237327098846436,0.0403832346200943,-0.6666666865348816,-1.2287538051605225,0.5620871186256409
mLW-jn67gRE$_$20,mLW-jn67gRE,Positive,Positive,True,0.010029489174485207,0.056154102087020874,0.9338163733482361,1.3333333730697632,1.151085376739502,0.18224799633026123
mLW-jn67gRE$_$17,mLW-jn67gRE,Positive,Positive,True,0.18026943504810333,0.300589919090271,0.5191406607627869,0.6666666865348816,0.3951002359390259,0.2715664505958557
mLW-jn67gRE$_$19,mLW-jn67gRE,Positive,Positive,True,0.042431749403476715,0.1812622845172882,0.7763059139251709,0.3333333432674408,0.8472420573234558,0.5139087438583374
mLW-jn67gRE$_$1,mLW-jn67gRE,Negative,Negative,True,0.7611398696899414,0.1701866090297699,0.06867346167564392,-0.6666666865348816,-0.6397905945777893,0.026876091957092285
mLW-jn67gRE$_$3,mLW-jn67gRE,Neutral,Neutral,True,0.03946096822619438,0.6393488049507141,0.32119020819664,0.0,0.1655707061290741,0.1655707061290741
mLW-jn67gRE$_$5,mLW-jn67gRE,Neutral,Positive,False,0.02286222204566002,0.48164764046669006,0.49549010396003723,0.0,0.3380996286869049,0.3380996286869049
mLW-jn67gRE$_$4,mLW-jn67gRE,Neutral,Negative,False,0.6350410580635071,0.21145668625831604,0.15350225567817688,0.0,-0.2891156077384949,0.2891156077384949
mLW-jn67gRE$_$6,mLW-jn67gRE,Negative,Negative,True,0.5192089080810547,0.314287006855011,0.16650404036045074,-0.3333333432674408,-0.22992004454135895,0.10341329872608185
mLW-jn67gRE$_$9,mLW-jn67gRE,Neutral,Negative,False,0.82024085521698,0.09526361525058746,0.08449551463127136,0.0,-0.8415385484695435,0.8415385484695435
mLW-jn67gRE$_$8,mLW-jn67gRE,Neutral,Negative,False,0.5561302304267883,0.3281822204589844,0.11568749696016312,0.0,-0.31520959734916687,0.31520959734916687
mjpCK2Edsv8$_$0,mjpCK2Edsv8,Positive,Positive,True,0.01635383814573288,0.024547427892684937,0.9590986967086792,2.0,1.7431554794311523,0.25684452056884766
nUZYqTRSGDw$_$4,nUZYqTRSGDw,Negative,Negative,True,0.8486155271530151,0.0923498123884201,0.05903462693095207,-0.6666666865348816,-0.9689260721206665,0.3022593855857849
nUZYqTRSGDw$_$7,nUZYqTRSGDw,Positive,Positive,True,0.0914698913693428,0.3561050593852997,0.5524250864982605,0.3333333432674408,0.3792073130607605,0.0458739697933197
nyzIL6YAonY$_$5,nyzIL6YAonY,Positive,Positive,True,0.008639447391033173,0.05933493375778198,0.9320256114006042,1.0,1.0312961339950562,0.03129613399505615
nyzIL6YAonY$_$4,nyzIL6YAonY,Positive,Positive,True,0.018285775557160378,0.034691836684942245,0.9470223784446716,0.3333333432674408,1.5172784328460693,1.1839450597763062
nyzIL6YAonY$_$6,nyzIL6YAonY,Positive,Positive,True,0.010786383412778378,0.11889981478452682,0.8703137636184692,1.0,0.8041852116584778,0.19581478834152222
ooAF6I-fmTg$_$3,ooAF6I-fmTg,Neutral,Neutral,True,0.29307639598846436,0.4854556620121002,0.22146791219711304,0.0,-0.0012379325926303864,0.0012379325926303864
ooAF6I-fmTg$_$5,ooAF6I-fmTg,Negative,Negative,True,0.6856041550636292,0.1418295055627823,0.17256630957126617,-0.3333333432674408,-0.5220409631729126,0.1887076199054718
ooAF6I-fmTg$_$7,ooAF6I-fmTg,Negative,Negative,True,0.8853633403778076,0.07911130785942078,0.03552527353167534,-2.0,-1.2983282804489136,0.7016717195510864
pOrk7fl1AYo$_$1,pOrk7fl1AYo,Neutral,Neutral,True,0.1796392798423767,0.6699268221855164,0.15043392777442932,0.0,0.06901534646749496,0.06901534646749496
pOrk7fl1AYo$_$0,pOrk7fl1AYo,Negative,Neutral,False,0.08202840387821198,0.48216453194618225,0.4358070492744446,-0.6666666865348816,0.34227418899536133,1.0089409351348877
pOrk7fl1AYo$_$3,pOrk7fl1AYo,Positive,Positive,True,0.2846567928791046,0.19476836919784546,0.5205748081207275,0.3333333432674408,0.3681787848472595,0.034845441579818726
pOrk7fl1AYo$_$2,pOrk7fl1AYo,Neutral,Negative,False,0.6080918312072754,0.3254297971725464,0.06647837907075882,0.0,-0.5043740272521973,0.5043740272521973
pOrk7fl1AYo$_$4,pOrk7fl1AYo,Negative,Negative,True,0.6942237615585327,0.17050306499004364,0.13527311384677887,-0.6666666865348816,-0.49521467089653015,0.17145201563835144
pRdxEaLB8r4$_$0,pRdxEaLB8r4,Negative,Negative,True,0.49636927247047424,0.36958086490631104,0.1340499222278595,-0.6666666865348816,-0.24813087284564972,0.41853582859039307
pRdxEaLB8r4$_$2,pRdxEaLB8r4,Positive,Positive,True,0.04824194312095642,0.27093568444252014,0.6808223128318787,0.3333333432674408,0.6139974594116211,0.2806641161441803
pVs1daijYTw$_$1,pVs1daijYTw,Negative,Negative,True,0.8774397373199463,0.08581719547510147,0.03674311563372612,-2.3333332538604736,-1.105225682258606,1.2281075716018677
pVs1daijYTw$_$2,pVs1daijYTw,Negative,Negative,True,0.5747044086456299,0.20501752197742462,0.2202780693769455,-0.6666666865348816,-0.1456851363182068,0.5209815502166748
q9yDL81QppI$_$1,q9yDL81QppI,Positive,Positive,True,0.02143171802163124,0.45547956228256226,0.5230886936187744,1.0,0.3123836815357208,0.6876163482666016
q9yDL81QppI$_$0,q9yDL81QppI,Negative,Positive,False,0.05955028533935547,0.3247438073158264,0.6157059073448181,-0.3333333432674408,0.5137444138526917,0.8470777273178101
q9yDL81QppI$_$2,q9yDL81QppI,Neutral,Positive,False,0.017180893570184708,0.30560243129730225,0.6772167086601257,0.0,0.5177316665649414,0.5177316665649414
qK77ZmbqmOM$_$9,qK77ZmbqmOM,Negative,Negative,True,0.702344536781311,0.21179090440273285,0.08586449921131134,-0.3333333432674408,-0.6804657578468323,0.3471324145793915
qK77ZmbqmOM$_$0,qK77ZmbqmOM,Negative,Neutral,False,0.19463029503822327,0.6231927275657654,0.18217696249485016,-0.3333333432674408,0.11142106354236603,0.444754421710968
qK77ZmbqmOM$_$3,qK77ZmbqmOM,Negative,Negative,True,0.8543556332588196,0.10644471645355225,0.03919965401291847,-1.0,-0.9328674077987671,0.06713259220123291
qK77ZmbqmOM$_$14,qK77ZmbqmOM,Positive,Positive,True,0.03350159153342247,0.2258235216140747,0.7406748533248901,0.6666666865348816,0.6511456966400146,0.015520989894866943
qY1sXq-YCHs$_$11,qY1sXq-YCHs,Negative,Positive,False,0.054002828896045685,0.3523840308189392,0.5936132073402405,-0.3333333432674408,0.5002853870391846,0.8336187601089478
qY1sXq-YCHs$_$8,qY1sXq-YCHs,Negative,Negative,True,0.45148366689682007,0.3497881591320038,0.19872823357582092,-0.3333333432674408,-0.1523003876209259,0.1810329556465149
qY1sXq-YCHs$_$5,qY1sXq-YCHs,Negative,Negative,True,0.8223143815994263,0.13276655972003937,0.04491904377937317,-1.0,-0.8800463676452637,0.11995363235473633
qY1sXq-YCHs$_$6,qY1sXq-YCHs,Negative,Negative,True,0.8408254981040955,0.11307849735021591,0.04609599709510803,-0.3333333432674408,-0.9508640170097351,0.6175307035446167
qmMSumMloAs$_$1,qmMSumMloAs,Positive,Positive,True,0.021587267518043518,0.0260304007679224,0.9523822665214539,2.3333332538604736,1.7657897472381592,0.5675435066223145
qmMSumMloAs$_$3,qmMSumMloAs,Positive,Positive,True,0.01857759989798069,0.04025466367602348,0.9411677122116089,1.0,1.5600085258483887,0.5600085258483887
qmMSumMloAs$_$2,qmMSumMloAs,Positive,Positive,True,0.022376321256160736,0.02069506235420704,0.956928551197052,2.6666667461395264,1.8543412685394287,0.8123254776000977
r13W4H8ZhqI$_$11,r13W4H8ZhqI,Positive,Positive,True,0.06781730055809021,0.34036675095558167,0.5918160080909729,0.3333333432674408,0.5079910159111023,0.1746576726436615
r13W4H8ZhqI$_$10,r13W4H8ZhqI,Positive,Positive,True,0.0337708480656147,0.07264165580272675,0.8935874700546265,1.0,1.1254611015319824,0.12546110153198242
r13W4H8ZhqI$_$12,r13W4H8ZhqI,Positive,Neutral,False,0.09057950228452682,0.5844194293022156,0.3250010907649994,1.0,0.19192956387996674,0.8080704212188721
r13W4H8ZhqI$_$1,r13W4H8ZhqI,Neutral,Neutral,True,0.12878896296024323,0.5013759136199951,0.36983510851860046,0.0,0.25395911931991577,0.25395911931991577
r13W4H8ZhqI$_$3,r13W4H8ZhqI,Positive,Negative,False,0.6476492285728455,0.20996586978435516,0.142384871840477,1.0,-0.3463647961616516,1.3463647365570068
r13W4H8ZhqI$_$2,r13W4H8ZhqI,Positive,Positive,True,0.03818996250629425,0.1305312067270279,0.8312788605690002,0.3333333432674408,0.8869951963424683,0.5536618232727051
r13W4H8ZhqI$_$5,r13W4H8ZhqI,Positive,Positive,True,0.08508171886205673,0.45166245102882385,0.4632558822631836,1.0,0.38790765404701233,0.6120923757553101
r13W4H8ZhqI$_$7,r13W4H8ZhqI,Positive,Positive,True,0.24773035943508148,0.19871264696121216,0.5535570383071899,1.3333333730697632,0.5239710211753845,0.8093623518943787
r13W4H8ZhqI$_$9,r13W4H8ZhqI,Negative,Negative,True,0.7348546385765076,0.19555720686912537,0.06958818435668945,-0.6666666865348816,-0.5201335549354553,0.14653313159942627
r13W4H8ZhqI$_$8,r13W4H8ZhqI,Positive,Positive,True,0.03787775710225105,0.11808861792087555,0.8440336585044861,0.6666666865348816,0.871432363986969,0.2047656774520874
r5ijC2W9ddk$_$8,r5ijC2W9ddk,Positive,Positive,True,0.01260476466268301,0.12820890545845032,0.8591862916946411,0.3333333432674408,0.8386223316192627,0.5052889585494995
r5ijC2W9ddk$_$6,r5ijC2W9ddk,Positive,Positive,True,0.00972592830657959,0.030550599098205566,0.9597234725952148,2.3333332538604736,1.4519643783569336,0.88136887550354
r5ijC2W9ddk$_$2,r5ijC2W9ddk,Positive,Positive,True,0.02168296091258526,0.16055434942245483,0.8177626729011536,1.3333333730697632,0.6733470559120178,0.6599863171577454
r5ijC2W9ddk$_$5,r5ijC2W9ddk,Positive,Positive,True,0.014625731855630875,0.13743054866790771,0.8479437232017517,0.3333333432674408,0.7661373019218445,0.4328039586544037
r5ijC2W9ddk$_$0,r5ijC2W9ddk,Neutral,Neutral,True,0.18174725770950317,0.5058321952819824,0.31242048740386963,0.0,0.09262033551931381,0.09262033551931381
r8Jyl2Bfl14$_$0,r8Jyl2Bfl14,Positive,Positive,True,0.03120066225528717,0.04843682050704956,0.9203624725341797,0.3333333432674408,1.4044861793518066,1.0711528062820435
r8Jyl2Bfl14$_$2,r8Jyl2Bfl14,Positive,Positive,True,0.0806044191122055,0.35302966833114624,0.5663659572601318,1.0,0.4493834376335144,0.5506165623664856
r91csZc6AXE$_$0,r91csZc6AXE,Neutral,Neutral,True,0.027875198051333427,0.5195960402488708,0.4525287449359894,0.0,0.3512423038482666,0.3512423038482666
r9tgDqXEcuc$_$11,r9tgDqXEcuc,Neutral,Neutral,True,0.07285882532596588,0.6417463421821594,0.28539490699768066,0.0,0.24560357630252838,0.24560357630252838
r9tgDqXEcuc$_$13,r9tgDqXEcuc,Negative,Negative,True,0.8248305320739746,0.10817131400108337,0.06699812412261963,-0.3333333432674408,-0.7752492427825928,0.441915899515152
r9tgDqXEcuc$_$4,r9tgDqXEcuc,Positive,Neutral,False,0.07146619260311127,0.48935410380363464,0.4391796290874481,0.3333333432674408,0.2481585443019867,0.0851747989654541
r9tgDqXEcuc$_$6,r9tgDqXEcuc,Positive,Positive,True,0.04272911325097084,0.33007171750068665,0.6271991729736328,0.6666666865348816,0.48022156953811646,0.18644511699676514
rf0yDSeVEUA$_$1,rf0yDSeVEUA,Positive,Positive,True,0.014133336953818798,0.03402779623866081,0.9518388509750366,1.6666666269302368,1.3950929641723633,0.27157366275787354
rf0yDSeVEUA$_$0,rf0yDSeVEUA,Positive,Positive,True,0.013226624578237534,0.021390719339251518,0.9653826951980591,2.3333332538604736,1.818778395652771,0.5145548582077026
rf0yDSeVEUA$_$3,rf0yDSeVEUA,Positive,Positive,True,0.3990902006626129,0.15453583002090454,0.44637396931648254,0.3333333432674408,0.22387272119522095,0.10946062207221985
rf0yDSeVEUA$_$4,rf0yDSeVEUA,Neutral,Positive,False,0.013325674459338188,0.06500974297523499,0.9216645956039429,0.0,1.159079909324646,1.159079909324646
rojyUp4FPSg$_$24,rojyUp4FPSg,Positive,Positive,True,0.024329351261258125,0.04273967444896698,0.9329309463500977,0.8333333134651184,1.4530490636825562,0.6197157502174377
rojyUp4FPSg$_$25,rojyUp4FPSg,Positive,Neutral,False,0.07583720982074738,0.5454587340354919,0.3787040114402771,0.8333333134651184,0.2876201570034027,0.5457131862640381
rojyUp4FPSg$_$26,rojyUp4FPSg,Positive,Positive,True,0.021511375904083252,0.29098567366600037,0.687502920627594,1.0,0.6240873336791992,0.3759126663208008
rojyUp4FPSg$_$27,rojyUp4FPSg,Positive,Positive,True,0.02855072356760502,0.11290383338928223,0.8585454225540161,1.5,0.9153716564178467,0.5846283435821533
rojyUp4FPSg$_$20,rojyUp4FPSg,Positive,Negative,False,0.5219842195510864,0.20292696356773376,0.2750888168811798,1.3333333730697632,-0.047796666622161865,1.3811299800872803
rojyUp4FPSg$_$21,rojyUp4FPSg,Positive,Positive,True,0.022394025698304176,0.04058131203055382,0.9370246529579163,1.3333333730697632,1.4668842554092407,0.13355088233947754
rojyUp4FPSg$_$22,rojyUp4FPSg,Positive,Negative,False,0.4649207592010498,0.22969593107700348,0.3053832948207855,1.3333333730697632,0.03904581815004349,1.2942875623703003
rojyUp4FPSg$_$23,rojyUp4FPSg,Positive,Positive,True,0.02183479629456997,0.04053771495819092,0.9376274943351746,2.3333332538604736,1.596590518951416,0.7367427349090576
rojyUp4FPSg$_$28,rojyUp4FPSg,Positive,Negative,False,0.49825942516326904,0.28479981422424316,0.21694067120552063,1.8333333730697632,-0.1860915571451187,2.0194249153137207
rojyUp4FPSg$_$29,rojyUp4FPSg,Positive,Positive,True,0.026621229946613312,0.3267216086387634,0.6466572284698486,1.3333333730697632,0.5780549049377441,0.755278468132019
rojyUp4FPSg$_$1,rojyUp4FPSg,Positive,Neutral,False,0.04713960364460945,0.6870560646057129,0.26580435037612915,1.3333333730697632,0.17998887598514557,1.1533445119857788
rojyUp4FPSg$_$0,rojyUp4FPSg,Positive,Positive,True,0.03645487129688263,0.19724777340888977,0.7662973403930664,1.0,0.7855557203292847,0.21444427967071533
rojyUp4FPSg$_$3,rojyUp4FPSg,Positive,Positive,True,0.013642596080899239,0.1424478441476822,0.8439095616340637,0.1666666716337204,0.7998790740966797,0.6332123875617981
rojyUp4FPSg$_$2,rojyUp4FPSg,Positive,Positive,True,0.012089293450117111,0.047301098704338074,0.9406096339225769,0.5,1.336975336074829,0.8369753360748291
rojyUp4FPSg$_$5,rojyUp4FPSg,Positive,Positive,True,0.032548461109399796,0.4830144941806793,0.4844370484352112,0.6666666865348816,0.3523317277431488,0.3143349587917328
rojyUp4FPSg$_$4,rojyUp4FPSg,Positive,Positive,True,0.023433789610862732,0.1727578490972519,0.8038083910942078,0.3333333432674408,0.7719524502754211,0.43861910700798035
rojyUp4FPSg$_$7,rojyUp4FPSg,Positive,Positive,True,0.010893150232732296,0.07162126898765564,0.9174855351448059,0.3333333432674408,1.032362937927246,0.6990295648574829
rojyUp4FPSg$_$6,rojyUp4FPSg,Positive,Positive,True,0.019431471824645996,0.10647290199995041,0.874095618724823,0.6666666865348816,0.998168408870697,0.33150172233581543
rojyUp4FPSg$_$9,rojyUp4FPSg,Positive,Negative,False,0.8760720491409302,0.060241565108299255,0.06368637830018997,2.0,-0.9686152935028076,2.9686152935028076
rojyUp4FPSg$_$8,rojyUp4FPSg,Positive,Positive,True,0.09589440375566483,0.3119264245033264,0.5921791791915894,0.5,0.4732257127761841,0.026774287223815918
rojyUp4FPSg$_$38,rojyUp4FPSg,Positive,Positive,True,0.02372632920742035,0.05256834626197815,0.9237053394317627,1.6666666269302368,1.5272361040115356,0.13943052291870117
rojyUp4FPSg$_$11,rojyUp4FPSg,Positive,Positive,True,0.11279221624135971,0.23861059546470642,0.6485971808433533,1.5,0.44288215041160583,1.0571178197860718
rojyUp4FPSg$_$10,rojyUp4FPSg,Positive,Positive,True,0.02115868590772152,0.04049061983823776,0.9383507370948792,1.3333333730697632,1.5525760650634766,0.21924269199371338
rojyUp4FPSg$_$13,rojyUp4FPSg,Positive,Positive,True,0.019697660580277443,0.03864147141575813,0.9416608810424805,0.6666666865348816,1.6748669147491455,1.0082001686096191
rojyUp4FPSg$_$12,rojyUp4FPSg,Positive,Positive,True,0.02378503605723381,0.06656555086374283,0.9096494317054749,0.6666666865348816,1.2750558853149414,0.6083891987800598
rojyUp4FPSg$_$15,rojyUp4FPSg,Positive,Neutral,False,0.10829430818557739,0.5378952026367188,0.35381048917770386,0.6666666865348816,0.2326778769493103,0.4339888095855713
rojyUp4FPSg$_$14,rojyUp4FPSg,Positive,Positive,True,0.021816063672304153,0.4384647309780121,0.5397191643714905,1.0,0.3809431195259094,0.6190568804740906
rojyUp4FPSg$_$17,rojyUp4FPSg,Positive,Positive,True,0.09165824949741364,0.15268579125404358,0.7556559443473816,1.0,0.7106320858001709,0.2893679141998291
rojyUp4FPSg$_$16,rojyUp4FPSg,Positive,Positive,True,0.04154519736766815,0.1248825341463089,0.833572268486023,0.6666666865348816,0.9265496730804443,0.25988298654556274
rojyUp4FPSg$_$19,rojyUp4FPSg,Positive,Positive,True,0.13178092241287231,0.17048314213752747,0.6977359652519226,0.6666666865348816,0.9389960765838623,0.2723293900489807
rojyUp4FPSg$_$18,rojyUp4FPSg,Positive,Positive,True,0.06286988407373428,0.29826897382736206,0.6388611793518066,2.5,0.5622956156730652,1.93770432472229
rojyUp4FPSg$_$31,rojyUp4FPSg,Positive,Positive,True,0.022336529567837715,0.05783788114786148,0.9198256134986877,0.5,1.2951455116271973,0.7951455116271973
rojyUp4FPSg$_$30,rojyUp4FPSg,Positive,Positive,True,0.027367906644940376,0.041986338794231415,0.930645763874054,0.3333333432674408,1.571207046508789,1.2378736734390259
rojyUp4FPSg$_$37,rojyUp4FPSg,Positive,Positive,True,0.008667954243719578,0.08877304941415787,0.9025589823722839,1.5,0.9149091243743896,0.5850908756256104
rojyUp4FPSg$_$36,rojyUp4FPSg,Positive,Positive,True,0.02760428562760353,0.05456447973847389,0.9178311824798584,0.6666666865348816,1.3853366374969482,0.7186699509620667
rojyUp4FPSg$_$35,rojyUp4FPSg,Positive,Positive,True,0.01498633623123169,0.3858340084552765,0.5991796851158142,1.6666666269302368,0.4736875891685486,1.192979097366333
rojyUp4FPSg$_$34,rojyUp4FPSg,Positive,Positive,True,0.019894428551197052,0.29260358214378357,0.6875019669532776,2.0,0.5503391027450562,1.4496608972549438
rojyUp4FPSg$_$33,rojyUp4FPSg,Positive,Positive,True,0.020144624635577202,0.036660801619291306,0.9431945085525513,1.6666666269302368,1.5965379476547241,0.0701286792755127
rojyUp4FPSg$_$32,rojyUp4FPSg,Positive,Positive,True,0.02275259420275688,0.04667774215340614,0.9305696487426758,0.3333333432674408,1.6157803535461426,1.2824469804763794
rwNlqh0k1j4$_$11,rwNlqh0k1j4,Positive,Negative,False,0.40502989292144775,0.39912670850753784,0.1958434134721756,0.3333333432674408,-0.10689932107925415,0.44023266434669495
rwNlqh0k1j4$_$15,rwNlqh0k1j4,Negative,Positive,False,0.1730327010154724,0.15184013545513153,0.6751272082328796,-0.6666666865348816,0.6175766587257385,1.2842433452606201
rwNlqh0k1j4$_$16,rwNlqh0k1j4,Positive,Negative,False,0.3931693732738495,0.37681442499160767,0.23001618683338165,1.3333333730697632,-0.06247184798121452,1.3958052396774292
rwNlqh0k1j4$_$19,rwNlqh0k1j4,Positive,Positive,True,0.06381062418222427,0.3412952721118927,0.5948941111564636,1.3333333730697632,0.43010979890823364,0.9032235741615295
rwNlqh0k1j4$_$3,rwNlqh0k1j4,Negative,Negative,True,0.843928337097168,0.11300792545080185,0.04306365177035332,-0.6666666865348816,-0.9417789578437805,0.2751122713088989
rwNlqh0k1j4$_$2,rwNlqh0k1j4,Neutral,Neutral,True,0.2796516716480255,0.4941355288028717,0.2262127548456192,0.0,0.043048907071352005,0.043048907071352005
rwNlqh0k1j4$_$5,rwNlqh0k1j4,Positive,Positive,True,0.12495312094688416,0.37660545110702515,0.4984414577484131,0.3333333432674408,0.3974834382534027,0.06415009498596191
rwNlqh0k1j4$_$4,rwNlqh0k1j4,Negative,Negative,True,0.8064371943473816,0.12371375411748886,0.06984902173280716,-0.6666666865348816,-0.7847274541854858,0.11806076765060425
rwNlqh0k1j4$_$7,rwNlqh0k1j4,Negative,Negative,True,0.6359379291534424,0.2605191767215729,0.10354292392730713,-0.3333333432674408,-0.4457654356956482,0.1124320924282074
sC16n1k66io$_$3,sC16n1k66io,Positive,Positive,True,0.07910234481096268,0.32678884267807007,0.5941087603569031,0.6666666865348816,0.6310274600982666,0.03563922643661499
sC16n1k66io$_$2,sC16n1k66io,Positive,Positive,True,0.0294705331325531,0.13781122863292694,0.8327182531356812,1.6666666269302368,0.833948016166687,0.8327186107635498
sC16n1k66io$_$16,sC16n1k66io,Positive,Negative,False,0.3783376216888428,0.3056887984275818,0.31597355008125305,0.3333333432674408,0.15561333298683167,0.17772001028060913
sPremsknoLM$_$9,sPremsknoLM,Positive,Positive,True,0.05448596552014351,0.07741343975067139,0.8681005835533142,1.6666666269302368,1.2663534879684448,0.400313138961792
sPremsknoLM$_$1,sPremsknoLM,Negative,Negative,True,0.6696853637695312,0.17962746322155,0.15068721771240234,-0.3333333432674408,-0.6641847491264343,0.33085140585899353
sPremsknoLM$_$8,sPremsknoLM,Neutral,Negative,False,0.8863168358802795,0.08028779178857803,0.03339533507823944,0.0,-1.0789765119552612,1.0789765119552612
ssqiwP19JhM$_$10,ssqiwP19JhM,Neutral,Negative,False,0.5346168875694275,0.3544749617576599,0.110908143222332,0.0,-0.40469643473625183,0.40469643473625183
ssqiwP19JhM$_$12,ssqiwP19JhM,Neutral,Neutral,True,0.0897962674498558,0.5950205326080322,0.31518319249153137,0.0,0.23694327473640442,0.23694327473640442
ssqiwP19JhM$_$1,ssqiwP19JhM,Positive,Neutral,False,0.05353768542408943,0.5241325497627258,0.42232975363731384,1.0,0.30618640780448914,0.6938135623931885
ssqiwP19JhM$_$2,ssqiwP19JhM,Positive,Neutral,False,0.0434185266494751,0.528904914855957,0.42767655849456787,0.3333333432674408,0.3391248285770416,0.00579148530960083
ssqiwP19JhM$_$7,ssqiwP19JhM,Positive,Neutral,False,0.07439495623111725,0.7162311673164368,0.20937387645244598,0.3333333432674408,0.17678700387477875,0.15654633939266205
ssqiwP19JhM$_$8,ssqiwP19JhM,Positive,Neutral,False,0.04636345058679581,0.5468121767044067,0.40682438015937805,0.6666666865348816,0.34155017137527466,0.32511651515960693
szic2IB9HB4$_$1,szic2IB9HB4,Positive,Negative,False,0.5006645321846008,0.33451661467552185,0.1648189127445221,0.6666666865348816,-0.28017526865005493,0.9468419551849365
szic2IB9HB4$_$8,szic2IB9HB4,Negative,Negative,True,0.7771340608596802,0.14882639050483704,0.07403956353664398,-0.3333333432674408,-0.7481042146682739,0.41477087140083313
szic2IB9HB4$_$3,szic2IB9HB4,Positive,Positive,True,0.25606247782707214,0.2893497943878174,0.4545877277851105,0.3333333432674408,0.3411983251571655,0.007864981889724731
szic2IB9HB4$_$5,szic2IB9HB4,Positive,Negative,False,0.7828820943832397,0.1460050642490387,0.07111284881830215,0.3333333432674408,-0.5686285495758057,0.9019619226455688
szic2IB9HB4$_$7,szic2IB9HB4,Negative,Negative,True,0.7924648523330688,0.1464495062828064,0.06108566001057625,-1.3333333730697632,-0.8333719968795776,0.49996137619018555
tQ-CIfgj-Js$_$3,tQ-CIfgj-Js,Neutral,Positive,False,0.17162048816680908,0.15400885045528412,0.6743705868721008,0.0,0.7024324536323547,0.7024324536323547
tXQpm-nKxNA$_$0,tXQpm-nKxNA,Positive,Positive,True,0.04079579934477806,0.053246691823005676,0.9059575796127319,0.6666666865348816,1.2136170864105225,0.5469503998756409
tXQpm-nKxNA$_$2,tXQpm-nKxNA,Positive,Positive,True,0.050961725413799286,0.07670385390520096,0.872334361076355,2.3333332538604736,1.0704874992370605,1.262845754623413
tXQpm-nKxNA$_$5,tXQpm-nKxNA,Positive,Positive,True,0.016566375270485878,0.03142044320702553,0.9520131945610046,1.6666666269302368,1.628903865814209,0.03776276111602783
tXQpm-nKxNA$_$4,tXQpm-nKxNA,Positive,Positive,True,0.01431946363300085,0.03185141831636429,0.9538291692733765,0.6666666865348816,1.4464404582977295,0.7797737717628479
tXQpm-nKxNA$_$7,tXQpm-nKxNA,Positive,Positive,True,0.028827447444200516,0.06330125778913498,0.9078712463378906,1.6666666269302368,1.205538272857666,0.4611283540725708
tXQpm-nKxNA$_$6,tXQpm-nKxNA,Positive,Positive,True,0.017536576837301254,0.05039660632610321,0.9320668578147888,2.6666667461395264,1.2678028345108032,1.3988639116287231
u6PL_7Z9QlU$_$1,u6PL_7Z9QlU,Positive,Positive,True,0.018758753314614296,0.2593684196472168,0.721872866153717,1.3333333730697632,0.6688970923423767,0.6644362807273865
u6PL_7Z9QlU$_$0,u6PL_7Z9QlU,Neutral,Positive,False,0.020270325243473053,0.253038614988327,0.7266910076141357,0.0,0.568865180015564,0.568865180015564
u6PL_7Z9QlU$_$2,u6PL_7Z9QlU,Positive,Positive,True,0.06540106981992722,0.17355628311634064,0.7610426545143127,0.3333333432674408,0.5743763446807861,0.24104300141334534
uacdDoBtT1k$_$1,uacdDoBtT1k,Neutral,Negative,False,0.5347131490707397,0.35480570793151855,0.11048117280006409,0.0,-0.3198334574699402,0.3198334574699402
uacdDoBtT1k$_$0,uacdDoBtT1k,Negative,Negative,True,0.5673781037330627,0.2245529741048813,0.20806898176670074,-1.3333333730697632,-0.3200678825378418,1.0132654905319214
uacdDoBtT1k$_$2,uacdDoBtT1k,Negative,Neutral,False,0.20005829632282257,0.5428580641746521,0.25708362460136414,-0.3333333432674408,0.11813346296548843,0.45146679878234863
uacdDoBtT1k$_$5,uacdDoBtT1k,Negative,Neutral,False,0.13627390563488007,0.5878275036811829,0.27589860558509827,-0.3333333432674408,0.11247821152210236,0.44581156969070435
uacdDoBtT1k$_$6,uacdDoBtT1k,Negative,Negative,True,0.7996037006378174,0.1428479254245758,0.057548366487026215,-0.6666666865348816,-0.7456905245780945,0.07902383804321289
unNY4zIk8MM$_$10,unNY4zIk8MM,Positive,Positive,True,0.14424481987953186,0.1746104657649994,0.6811447143554688,2.3333332538604736,0.7421376705169678,1.5911955833435059
unNY4zIk8MM$_$1,unNY4zIk8MM,Positive,Positive,True,0.023588726297020912,0.03579670935869217,0.9406145811080933,1.6666666269302368,1.6529299020767212,0.013736724853515625
unNY4zIk8MM$_$0,unNY4zIk8MM,Positive,Positive,True,0.05878515541553497,0.3818916082382202,0.559323251247406,0.3333333432674408,0.49419331550598145,0.16085997223854065
unNY4zIk8MM$_$3,unNY4zIk8MM,Positive,Positive,True,0.020286930724978447,0.30563032627105713,0.6740827560424805,0.6666666865348816,0.619914174079895,0.04675251245498657
unNY4zIk8MM$_$5,unNY4zIk8MM,Positive,Neutral,False,0.0394635908305645,0.5737325549125671,0.38680386543273926,1.0,0.3993504047393799,0.6006495952606201
unNY4zIk8MM$_$4,unNY4zIk8MM,Positive,Positive,True,0.0290522463619709,0.1538844108581543,0.8170633316040039,1.6666666269302368,0.8353406190872192,0.8313260078430176
unNY4zIk8MM$_$7,unNY4zIk8MM,Positive,Positive,True,0.02809472568333149,0.048906438052654266,0.9229987859725952,2.0,1.4206197261810303,0.5793802738189697
unNY4zIk8MM$_$6,unNY4zIk8MM,Neutral,Neutral,True,0.15875795483589172,0.6302493810653687,0.21099260449409485,0.0,0.1725386381149292,0.1725386381149292
unNY4zIk8MM$_$8,unNY4zIk8MM,Neutral,Positive,False,0.043866053223609924,0.3139311969280243,0.6422027349472046,0.0,0.5378068685531616,0.5378068685531616
uooIiW6dEyg$_$1,uooIiW6dEyg,Negative,Negative,True,0.7233693599700928,0.17091456055641174,0.10571599751710892,-0.3333333432674408,-0.8549550771713257,0.5216217041015625
uooIiW6dEyg$_$0,uooIiW6dEyg,Positive,Negative,False,0.8393048644065857,0.08080776780843735,0.07988734543323517,0.3333333432674408,-1.0658607482910156,1.3991941213607788
uooIiW6dEyg$_$3,uooIiW6dEyg,Neutral,Positive,False,0.07020723074674606,0.14237867295742035,0.7874140739440918,0.0,0.8690146207809448,0.8690146207809448
uooIiW6dEyg$_$2,uooIiW6dEyg,Neutral,Positive,False,0.017990199849009514,0.09623400121927261,0.8857758045196533,0.0,0.9552029967308044,0.9552029967308044
uooIiW6dEyg$_$5,uooIiW6dEyg,Neutral,Positive,False,0.02247084490954876,0.17270706593990326,0.8048220872879028,0.0,0.7114056348800659,0.7114056348800659
uooIiW6dEyg$_$4,uooIiW6dEyg,Neutral,Positive,False,0.06595434248447418,0.27740776538848877,0.6566379070281982,0.0,0.5676253437995911,0.5676253437995911
uu1FqsR7JV0$_$1,uu1FqsR7JV0,Neutral,Neutral,True,0.043971359729766846,0.6829443573951721,0.2730843126773834,0.0,0.17451351881027222,0.17451351881027222
uu1FqsR7JV0$_$5,uu1FqsR7JV0,Neutral,Neutral,True,0.2343827188014984,0.4578215777873993,0.3077956736087799,0.0,-0.14941658079624176,0.14941658079624176
v2Rr-EsJda8$_$1,v2Rr-EsJda8,Neutral,Negative,False,0.7716934084892273,0.14268890023231506,0.08561769872903824,0.0,-0.7170785069465637,0.7170785069465637
v2Rr-EsJda8$_$0,v2Rr-EsJda8,Negative,Negative,True,0.4587770402431488,0.3452002704143524,0.196022629737854,-0.3333333432674408,-0.11289512366056442,0.22043821215629578
v2Rr-EsJda8$_$3,v2Rr-EsJda8,Negative,Negative,True,0.786140501499176,0.1452910602092743,0.06856849044561386,-2.0,-0.8387156128883362,1.1612844467163086
v2Rr-EsJda8$_$2,v2Rr-EsJda8,Negative,Negative,True,0.8016546964645386,0.06020103767514229,0.13814425468444824,-0.6666666865348816,-0.8667212724685669,0.2000545859336853
v2Rr-EsJda8$_$4,v2Rr-EsJda8,Positive,Positive,True,0.13294053077697754,0.15749810636043549,0.7095614075660706,2.0,0.8163503408432007,1.1836496591567993
v2Rr-EsJda8$_$7,v2Rr-EsJda8,Neutral,Negative,False,0.888503909111023,0.05721114203333855,0.05428493022918701,0.0,-1.3023884296417236,1.3023884296417236
v2Rr-EsJda8$_$6,v2Rr-EsJda8,Positive,Positive,True,0.056020334362983704,0.10797281563282013,0.8360068202018738,0.6666666865348816,0.9098083972930908,0.24314171075820923
v9gjg7TDlTA$_$1,v9gjg7TDlTA,Neutral,Positive,False,0.02679302729666233,0.14035773277282715,0.8328492641448975,0.0,0.7457244992256165,0.7457244992256165
v9gjg7TDlTA$_$0,v9gjg7TDlTA,Positive,Negative,False,0.6344752311706543,0.28436246514320374,0.08116229623556137,0.3333333432674408,-0.4033637046813965,0.7366970777511597
v9gjg7TDlTA$_$3,v9gjg7TDlTA,Neutral,Neutral,True,0.35931000113487244,0.3826586604118347,0.25803142786026,0.0,-0.0013347620842978358,0.0013347620842978358
v9gjg7TDlTA$_$5,v9gjg7TDlTA,Negative,Negative,True,0.5121814608573914,0.2603226900100708,0.22749586403369904,-0.6666666865348816,-0.16582728922367096,0.5008394122123718
v9gjg7TDlTA$_$4,v9gjg7TDlTA,Negative,Negative,True,0.5733432769775391,0.17892782390117645,0.2477288693189621,-0.6666666865348816,-0.11847123503684998,0.548195481300354
vC9oWzTU71s$_$8,vC9oWzTU71s,Neutral,Positive,False,0.06902548670768738,0.2632199227809906,0.6677546501159668,0.0,0.604362964630127,0.604362964630127
vC9oWzTU71s$_$2,vC9oWzTU71s,Positive,Positive,True,0.01590651087462902,0.2014230191707611,0.7826704382896423,0.6666666865348816,0.6820987462997437,0.01543205976486206
vHzbn_YW76s$_$3,vHzbn_YW76s,Negative,Negative,True,0.8188007473945618,0.10270807147026062,0.07849107682704926,-1.0,-0.7384694218635559,0.2615305781364441
vHzbn_YW76s$_$2,vHzbn_YW76s,Neutral,Positive,False,0.15767309069633484,0.0912015289068222,0.7511253952980042,0.0,0.9342546463012695,0.9342546463012695
vHzbn_YW76s$_$5,vHzbn_YW76s,Neutral,Positive,False,0.1228441447019577,0.23087720572948456,0.6462786793708801,0.0,0.583499550819397,0.583499550819397
vU0a4F36Ksw$_$11,vU0a4F36Ksw,Positive,Positive,True,0.012507092207670212,0.06139455735683441,0.9260983467102051,1.0,1.1076704263687134,0.10767042636871338
vU0a4F36Ksw$_$10,vU0a4F36Ksw,Positive,Positive,True,0.016994111239910126,0.1544928103685379,0.8285130858421326,0.3333333432674408,0.7560319900512695,0.42269864678382874
vU0a4F36Ksw$_$13,vU0a4F36Ksw,Positive,Positive,True,0.03684593364596367,0.34145060181617737,0.6217034459114075,0.6666666865348816,0.5068762898445129,0.15979039669036865
vU0a4F36Ksw$_$12,vU0a4F36Ksw,Positive,Positive,True,0.02999461628496647,0.27023905515670776,0.6997662782669067,0.3333333432674408,0.5786796808242798,0.245346337556839
vU0a4F36Ksw$_$15,vU0a4F36Ksw,Neutral,Positive,False,0.014548118226230145,0.20800866186618805,0.7774432301521301,0.0,0.6752309799194336,0.6752309799194336
vU0a4F36Ksw$_$14,vU0a4F36Ksw,Positive,Positive,True,0.013863234780728817,0.1116224154829979,0.8745142817497253,1.3333333730697632,0.8941028118133545,0.4392305612564087
vU0a4F36Ksw$_$17,vU0a4F36Ksw,Positive,Positive,True,0.02914499118924141,0.20260661840438843,0.7682483792304993,1.0,0.7056934833526611,0.29430651664733887
vU0a4F36Ksw$_$16,vU0a4F36Ksw,Neutral,Positive,False,0.013209614902734756,0.08785875886678696,0.898931622505188,0.0,1.0042182207107544,1.0042182207107544
vU0a4F36Ksw$_$19,vU0a4F36Ksw,Positive,Positive,True,0.016664890572428703,0.03518184274435043,0.9481533169746399,2.0,1.578909993171692,0.4210900068283081
vU0a4F36Ksw$_$18,vU0a4F36Ksw,Positive,Positive,True,0.030996277928352356,0.3432055115699768,0.6257981657981873,1.0,0.5702061653137207,0.4297938346862793
vU0a4F36Ksw$_$1,vU0a4F36Ksw,Positive,Positive,True,0.015546044334769249,0.02907450683414936,0.9553794264793396,2.6666667461395264,1.4911179542541504,1.175548791885376
vU0a4F36Ksw$_$0,vU0a4F36Ksw,Positive,Positive,True,0.015398219227790833,0.04821246117353439,0.9363893270492554,1.3333333730697632,1.263195514678955,0.0701378583908081
vU0a4F36Ksw$_$3,vU0a4F36Ksw,Positive,Positive,True,0.024942390620708466,0.09224488586187363,0.8828126788139343,1.0,1.1994647979736328,0.1994647979736328
vU0a4F36Ksw$_$2,vU0a4F36Ksw,Positive,Positive,True,0.03041708469390869,0.1634155511856079,0.8061673045158386,1.0,0.7828691005706787,0.2171308994293213
vU0a4F36Ksw$_$5,vU0a4F36Ksw,Positive,Positive,True,0.1062488928437233,0.24377430975437164,0.6499767899513245,1.0,0.6071474552154541,0.3928525447845459
vU0a4F36Ksw$_$4,vU0a4F36Ksw,Positive,Positive,True,0.02503967471420765,0.12081709504127502,0.8541432023048401,0.6666666865348816,1.0628408193588257,0.3961741328239441
vU0a4F36Ksw$_$7,vU0a4F36Ksw,Positive,Positive,True,0.018145205453038216,0.3199451267719269,0.6619096994400024,0.6666666865348816,0.5552562475204468,0.11141043901443481
vU0a4F36Ksw$_$6,vU0a4F36Ksw,Positive,Positive,True,0.01732366345822811,0.22660213708877563,0.7560741305351257,1.0,0.698790431022644,0.30120956897735596
vU0a4F36Ksw$_$9,vU0a4F36Ksw,Positive,Positive,True,0.018131019547581673,0.20969119668006897,0.7721777558326721,1.3333333730697632,0.6703466176986694,0.6629867553710938
vU0a4F36Ksw$_$20,vU0a4F36Ksw,Positive,Positive,True,0.1072387620806694,0.40103021264076233,0.4917309880256653,1.6666666269302368,0.3605189919471741,1.306147575378418
vU0a4F36Ksw$_$8,vU0a4F36Ksw,Positive,Positive,True,0.04738149791955948,0.4574510157108307,0.49516746401786804,0.6666666865348816,0.4143768548965454,0.2522898316383362
vbr3EA8cJTI$_$13,vbr3EA8cJTI,Neutral,Positive,False,0.21939486265182495,0.2968563437461853,0.48374876379966736,0.0,0.34132876992225647,0.34132876992225647
vbr3EA8cJTI$_$15,vbr3EA8cJTI,Positive,Negative,False,0.5134658217430115,0.22539427876472473,0.261139839887619,0.3333333432674408,-0.2117588222026825,0.5450921654701233
vbr3EA8cJTI$_$14,vbr3EA8cJTI,Negative,Negative,True,0.7553442120552063,0.11567248404026031,0.1289833039045334,-0.6666666865348816,-0.5179945230484009,0.1486721634864807
vbr3EA8cJTI$_$0,vbr3EA8cJTI,Positive,Positive,True,0.011029620654881,0.021337365731596947,0.9676330089569092,1.3333333730697632,1.7366384267807007,0.4033050537109375
vbr3EA8cJTI$_$2,vbr3EA8cJTI,Positive,Positive,True,0.3156436085700989,0.16548997163772583,0.5188664197921753,1.6666666269302368,0.40489813685417175,1.2617684602737427
vbr3EA8cJTI$_$7,vbr3EA8cJTI,Neutral,Positive,False,0.1865752637386322,0.1916542798280716,0.6217705011367798,0.0,0.4921174645423889,0.4921174645423889
vbr3EA8cJTI$_$6,vbr3EA8cJTI,Positive,Positive,True,0.009144253097474575,0.0445825532078743,0.9462732076644897,1.0,1.3113789558410645,0.31137895584106445
vo_JbAFAD68$_$0,vo_JbAFAD68,Positive,Negative,False,0.5053898692131042,0.042666662484407425,0.45194339752197266,0.3333333432674408,0.4278302788734436,0.09449693560600281
vySKXq0ZOb0$_$1,vySKXq0ZOb0,Neutral,Neutral,True,0.1878303587436676,0.5322391390800476,0.2799304723739624,0.0,0.13791149854660034,0.13791149854660034
vySKXq0ZOb0$_$5,vySKXq0ZOb0,Negative,Neutral,False,0.09750280529260635,0.4759945571422577,0.42650261521339417,-0.3333333432674408,0.35618340969085693,0.6895167827606201
wF8980oGklk$_$24,wF8980oGklk,Positive,Neutral,False,0.09377499669790268,0.5433226823806763,0.36290228366851807,0.6666666865348816,0.3036624789237976,0.363004207611084
wF8980oGklk$_$25,wF8980oGklk,Positive,Positive,True,0.02123820222914219,0.044625040143728256,0.9341367483139038,1.6666666269302368,1.388887643814087,0.2777789831161499
wF8980oGklk$_$26,wF8980oGklk,Positive,Positive,True,0.038922108709812164,0.19124186038970947,0.7698360085487366,0.6666666865348816,0.7276340126991272,0.060967326164245605
wF8980oGklk$_$27,wF8980oGklk,Positive,Positive,True,0.03529641404747963,0.11909794807434082,0.8456056118011475,1.3333333730697632,1.0001587867736816,0.33317458629608154
wF8980oGklk$_$20,wF8980oGklk,Positive,Positive,True,0.1529521495103836,0.124691903591156,0.7223559021949768,0.3333333432674408,0.618029773235321,0.28469642996788025
wF8980oGklk$_$21,wF8980oGklk,Neutral,Positive,False,0.022408628836274147,0.14308758080005646,0.8345037698745728,0.0,0.8592393398284912,0.8592393398284912
wF8980oGklk$_$22,wF8980oGklk,Positive,Positive,True,0.08502147346735,0.1833309680223465,0.7316474914550781,0.6666666865348816,0.7998983860015869,0.13323169946670532
wF8980oGklk$_$23,wF8980oGklk,Positive,Positive,True,0.04021099954843521,0.2521110773086548,0.707677960395813,0.6666666865348816,0.6567674875259399,0.00989919900894165
wF8980oGklk$_$28,wF8980oGklk,Positive,Positive,True,0.06650302559137344,0.21454067528247833,0.7189562916755676,0.6666666865348816,0.6549779772758484,0.011688709259033203
wF8980oGklk$_$1,wF8980oGklk,Neutral,Neutral,True,0.11830857396125793,0.6604864597320557,0.2212049812078476,0.0,0.13643144071102142,0.13643144071102142
wF8980oGklk$_$0,wF8980oGklk,Neutral,Neutral,True,0.05192633345723152,0.6330992579460144,0.31497445702552795,0.0,0.2558576464653015,0.2558576464653015
wF8980oGklk$_$3,wF8980oGklk,Negative,Negative,True,0.5798635482788086,0.34843066334724426,0.07170574367046356,-0.3333333432674408,-0.5269261598587036,0.19359281659126282
wF8980oGklk$_$2,wF8980oGklk,Negative,Negative,True,0.8938488364219666,0.0755043476819992,0.030646877363324165,-0.3333333432674408,-1.0443693399429321,0.711035966873169
wF8980oGklk$_$5,wF8980oGklk,Positive,Neutral,False,0.049858465790748596,0.50926274061203,0.44087883830070496,0.3333333432674408,0.34995150566101074,0.016618162393569946
wF8980oGklk$_$4,wF8980oGklk,Negative,Negative,True,0.8957571387290955,0.06721440702676773,0.03702850639820099,-0.3333333432674408,-1.0806822776794434,0.7473489046096802
wF8980oGklk$_$7,wF8980oGklk,Positive,Positive,True,0.026989607140421867,0.14932942390441895,0.8236809372901917,1.6666666269302368,0.9197959899902344,0.7468706369400024
wF8980oGklk$_$6,wF8980oGklk,Neutral,Positive,False,0.038774751126766205,0.12643000483512878,0.8347952365875244,0.0,0.8913190364837646,0.8913190364837646
wF8980oGklk$_$9,wF8980oGklk,Positive,Negative,False,0.7514959573745728,0.14465175569057465,0.10385224968194962,0.6666666865348816,-0.6946300268173218,1.3612966537475586
wF8980oGklk$_$8,wF8980oGklk,Neutral,Negative,False,0.5322751402854919,0.3171921968460083,0.15053264796733856,0.0,-0.24572500586509705,0.24572500586509705
wF8980oGklk$_$11,wF8980oGklk,Positive,Positive,True,0.02035537362098694,0.20546995103359222,0.7741746306419373,1.0,0.723351001739502,0.27664899826049805
wF8980oGklk$_$10,wF8980oGklk,Positive,Positive,True,0.10899969190359116,0.2013411968946457,0.6896591186523438,0.3333333432674408,0.7881955504417419,0.45486220717430115
wF8980oGklk$_$13,wF8980oGklk,Positive,Positive,True,0.016397206112742424,0.11736774444580078,0.8662350177764893,1.3333333730697632,0.8987293243408203,0.43460404872894287
wF8980oGklk$_$12,wF8980oGklk,Positive,Positive,True,0.01943865418434143,0.13985350728034973,0.8407078385353088,0.6666666865348816,0.849399745464325,0.18273305892944336
wF8980oGklk$_$15,wF8980oGklk,Positive,Positive,True,0.048889871686697006,0.10470869392156601,0.8464013934135437,0.6666666865348816,0.9553735256195068,0.28870683908462524
wF8980oGklk$_$14,wF8980oGklk,Neutral,Positive,False,0.02014688402414322,0.17084656655788422,0.8090065121650696,0.0,0.7120537161827087,0.7120537161827087
wF8980oGklk$_$17,wF8980oGklk,Positive,Positive,True,0.021061554551124573,0.029375698417425156,0.9495627284049988,0.6666666865348816,1.6117229461669922,0.9450562596321106
wF8980oGklk$_$16,wF8980oGklk,Neutral,Positive,False,0.02223503775894642,0.21736419200897217,0.7604007720947266,0.0,0.6666356325149536,0.6666356325149536
wF8980oGklk$_$19,wF8980oGklk,Positive,Positive,True,0.19064509868621826,0.37735310196876526,0.4320017695426941,0.6666666865348816,0.23003368079662323,0.43663299083709717
wF8980oGklk$_$18,wF8980oGklk,Positive,Positive,True,0.027340613305568695,0.3754845857620239,0.5971747636795044,0.6666666865348816,0.46485912799835205,0.20180755853652954
wgca4dZnnVQ$_$3,wgca4dZnnVQ,Negative,Negative,True,0.7975677847862244,0.07830245047807693,0.12412970513105392,-0.6666666865348816,-0.7331366539001465,0.06646996736526489
wosolsrH3sM$_$2,wosolsrH3sM,Negative,Negative,True,0.7355570793151855,0.20539167523384094,0.0590512752532959,-0.6666666865348816,-0.714536726474762,0.04787003993988037
wosolsrH3sM$_$5,wosolsrH3sM,Positive,Positive,True,0.1814945638179779,0.25639018416404724,0.5621152520179749,1.3333333730697632,0.5788396596908569,0.7544937133789062
wosolsrH3sM$_$6,wosolsrH3sM,Positive,Negative,False,0.7688432335853577,0.08278077095746994,0.1483759582042694,0.3333333432674408,-0.5260227918624878,0.859356164932251
wvLEIxt-_V0$_$0,wvLEIxt-_V0,Positive,Positive,True,0.015542710199952126,0.02737341821193695,0.9570839405059814,1.3333333730697632,1.704477071762085,0.3711436986923218
x-zGBp7axao$_$3,x-zGBp7axao,Positive,Positive,True,0.25958579778671265,0.05436939746141434,0.6860448122024536,1.6666666269302368,0.8707246780395508,0.795941948890686
x-zGBp7axao$_$2,x-zGBp7axao,Positive,Positive,True,0.02767026610672474,0.030387988314032555,0.9419417381286621,2.6666667461395264,1.6370348930358887,1.0296318531036377
x2lOwQaAn4g$_$0,x2lOwQaAn4g,Positive,Positive,True,0.039966460317373276,0.2593459486961365,0.7006875872612,0.3333333432674408,0.697345495223999,0.3640121519565582
x2lOwQaAn4g$_$3,x2lOwQaAn4g,Positive,Positive,True,0.014743490144610405,0.08008218556642532,0.9051743149757385,0.3333333432674408,1.1088893413543701,0.7755559682846069
x2lOwQaAn4g$_$2,x2lOwQaAn4g,Neutral,Positive,False,0.08554508537054062,0.13819186389446259,0.7762629985809326,0.0,0.8348889350891113,0.8348889350891113
x2lOwQaAn4g$_$5,x2lOwQaAn4g,Positive,Positive,True,0.023496178910136223,0.07233595848083496,0.9041678309440613,0.6666666865348816,1.1345018148422241,0.46783512830734253
x2lOwQaAn4g$_$4,x2lOwQaAn4g,Neutral,Positive,False,0.010340235196053982,0.02613704837858677,0.963522732257843,0.0,1.5820040702819824,1.5820040702819824
xUgAP84vsg4$_$13,xUgAP84vsg4,Positive,Positive,True,0.010994098149240017,0.06445352733135223,0.9245523810386658,0.3333333432674408,1.2023143768310547,0.8689810037612915
xUgAP84vsg4$_$15,xUgAP84vsg4,Positive,Positive,True,0.013931394554674625,0.04766278713941574,0.9384058713912964,2.0,1.3629350662231445,0.6370649337768555
xUgAP84vsg4$_$3,xUgAP84vsg4,Positive,Positive,True,0.01896834187209606,0.03358476608991623,0.9474469423294067,2.3333332538604736,1.576948642730713,0.7563846111297607
xUgAP84vsg4$_$2,xUgAP84vsg4,Positive,Positive,True,0.010558074340224266,0.046643100678920746,0.9427987933158875,1.3333333730697632,1.3139575719833374,0.01937580108642578
xUgAP84vsg4$_$4,xUgAP84vsg4,Positive,Positive,True,0.010624316520988941,0.05999010428786278,0.9293855428695679,2.3333332538604736,1.1981327533721924,1.1352005004882812
xUgAP84vsg4$_$7,xUgAP84vsg4,Positive,Positive,True,0.010537728667259216,0.10959510505199432,0.8798671960830688,1.6666666269302368,0.9434915781021118,0.723175048828125
xUgAP84vsg4$_$6,xUgAP84vsg4,Positive,Positive,True,0.009852214716374874,0.041017696261405945,0.9491300582885742,1.0,1.350829839706421,0.3508298397064209
xUgAP84vsg4$_$8,xUgAP84vsg4,Positive,Positive,True,0.015631631016731262,0.46207451820373535,0.5222938060760498,1.3333333730697632,0.36114346981048584,0.9721899032592773
xivYoEUQ5sk$_$1,xivYoEUQ5sk,Positive,Positive,True,0.016885370016098022,0.03528637811541557,0.9478282332420349,1.6666666269302368,1.6214587688446045,0.045207858085632324
xivYoEUQ5sk$_$0,xivYoEUQ5sk,Positive,Positive,True,0.017289353534579277,0.3555099666118622,0.6272006630897522,1.0,0.5089188814163208,0.4910811185836792
xivYoEUQ5sk$_$3,xivYoEUQ5sk,Positive,Positive,True,0.03559544309973717,0.1300533562898636,0.8343512415885925,1.0,0.8779315948486328,0.12206840515136719
xivYoEUQ5sk$_$2,xivYoEUQ5sk,Positive,Positive,True,0.013501097448170185,0.048471417278051376,0.9380274415016174,2.6666667461395264,1.3407280445098877,1.3259387016296387
xivYoEUQ5sk$_$5,xivYoEUQ5sk,Positive,Positive,True,0.07041693478822708,0.06205815076828003,0.8675248622894287,2.6666667461395264,1.219006896018982,1.4476598501205444
xivYoEUQ5sk$_$4,xivYoEUQ5sk,Positive,Positive,True,0.022207096219062805,0.02648121491074562,0.9513116478919983,2.3333332538604736,1.809145212173462,0.5241880416870117
xivYoEUQ5sk$_$6,xivYoEUQ5sk,Positive,Positive,True,0.015615067444741726,0.03839564323425293,0.9459892511367798,1.3333333730697632,1.4599707126617432,0.12663733959197998
xjsaS-LeZ14$_$11,xjsaS-LeZ14,Positive,Positive,True,0.04940050467848778,0.3033279478549957,0.6472715139389038,1.6666666269302368,0.5650825500488281,1.1015840768814087
xjsaS-LeZ14$_$10,xjsaS-LeZ14,Positive,Positive,True,0.014327974990010262,0.2910924255847931,0.6945796012878418,1.0,0.6927903294563293,0.30720967054367065
xjsaS-LeZ14$_$13,xjsaS-LeZ14,Positive,Positive,True,0.025497419759631157,0.3447667360305786,0.6297358274459839,0.3333333432674408,0.46433812379837036,0.13100478053092957
xjsaS-LeZ14$_$12,xjsaS-LeZ14,Positive,Positive,True,0.02107224240899086,0.24341769516468048,0.7355101108551025,2.3333332538604736,0.6172082424163818,1.7161250114440918
xjsaS-LeZ14$_$20,xjsaS-LeZ14,Positive,Neutral,False,0.058666933327913284,0.6289753913879395,0.312357634305954,0.3333333432674408,0.14264021813869476,0.19069312512874603
xjsaS-LeZ14$_$14,xjsaS-LeZ14,Positive,Positive,True,0.01332873571664095,0.17795221507549286,0.8087190389633179,1.0,0.6712561845779419,0.3287438154220581
xjsaS-LeZ14$_$22,xjsaS-LeZ14,Positive,Positive,True,0.050599101930856705,0.1372022181749344,0.8121986985206604,0.6666666865348816,0.8321118950843811,0.1654452085494995
xjsaS-LeZ14$_$23,xjsaS-LeZ14,Positive,Positive,True,0.009049306623637676,0.04602387547492981,0.9449268579483032,2.0,1.2780401706695557,0.7219598293304443
xjsaS-LeZ14$_$4,xjsaS-LeZ14,Positive,Negative,False,0.6431577205657959,0.2269151508808136,0.12992706894874573,2.0,-0.5131323337554932,2.513132333755493
xjsaS-LeZ14$_$6,xjsaS-LeZ14,Positive,Positive,True,0.05900106579065323,0.12974144518375397,0.811257541179657,2.0,0.885947585105896,1.114052414894104
y8HXGm1-Ecw$_$1,y8HXGm1-Ecw,Positive,Positive,True,0.023272661492228508,0.19603879749774933,0.7806885838508606,1.3333333730697632,0.7091876864433289,0.6241456866264343
y8HXGm1-Ecw$_$10,y8HXGm1-Ecw,Positive,Positive,True,0.04102092608809471,0.1805371642112732,0.7784419059753418,0.3333333432674408,0.768357515335083,0.4350241720676422
y8HXGm1-Ecw$_$3,y8HXGm1-Ecw,Positive,Positive,True,0.05084718018770218,0.11161839216947556,0.8375343680381775,1.0,0.9218463897705078,0.07815361022949219
y8HXGm1-Ecw$_$5,y8HXGm1-Ecw,Negative,Negative,True,0.9140939116477966,0.056734513491392136,0.02917153760790825,-1.6666666269302368,-1.136666178703308,0.5300004482269287
y8HXGm1-Ecw$_$7,y8HXGm1-Ecw,Negative,Negative,True,0.7646690011024475,0.149244025349617,0.0860869437456131,-0.6666666865348816,-0.7496123313903809,0.08294564485549927
y9FyTEyGy5Y$_$1,y9FyTEyGy5Y,Positive,Positive,True,0.02583349123597145,0.14344309270381927,0.8307234644889832,0.6666666865348816,0.8264846205711365,0.15981793403625488
y9FyTEyGy5Y$_$3,y9FyTEyGy5Y,Negative,Neutral,False,0.1892876774072647,0.5238950848579407,0.2868172526359558,-0.6666666865348816,0.19046050310134888,0.8571271896362305
y9FyTEyGy5Y$_$2,y9FyTEyGy5Y,Positive,Positive,True,0.039679817855358124,0.2272641956806183,0.7330560088157654,1.3333333730697632,0.627724289894104,0.7056090831756592
y9FyTEyGy5Y$_$5,y9FyTEyGy5Y,Positive,Positive,True,0.02125430479645729,0.06223674118518829,0.9165089130401611,1.6666666269302368,1.2872868776321411,0.3793797492980957
y9FyTEyGy5Y$_$4,y9FyTEyGy5Y,Positive,Positive,True,0.1308562457561493,0.2721185088157654,0.5970252156257629,0.3333333432674408,0.5465312600135803,0.21319791674613953
y9FyTEyGy5Y$_$8,y9FyTEyGy5Y,Positive,Positive,True,0.033713046461343765,0.3072633147239685,0.659023642539978,3.0,0.6837859153747559,2.316214084625244
zhE_68GMJIk$_$8,zhE_68GMJIk,Neutral,Positive,False,0.36707010865211487,0.26258185505867004,0.3703480362892151,0.0,0.18855081498622894,0.18855081498622894
zhE_68GMJIk$_$5,zhE_68GMJIk,Positive,Positive,True,0.20385928452014923,0.21225406229496002,0.5838866233825684,1.3333333730697632,0.433275043964386,0.9000583291053772
zhE_68GMJIk$_$6,zhE_68GMJIk,Neutral,Negative,False,0.6155334115028381,0.20551446080207825,0.17895209789276123,0.0,-0.36320948600769043,0.36320948600769043
zjYEBwXGD8I$_$11,zjYEBwXGD8I,Positive,Positive,True,0.03544628247618675,0.03205941617488861,0.9324943423271179,1.3333333730697632,1.5800154209136963,0.2466820478439331
zjYEBwXGD8I$_$10,zjYEBwXGD8I,Neutral,Positive,False,0.10341188311576843,0.09535932540893555,0.8012288212776184,0.0,0.9807711243629456,0.9807711243629456
zjYEBwXGD8I$_$13,zjYEBwXGD8I,Negative,Positive,False,0.01661752164363861,0.153488889336586,0.8298936486244202,-0.3333333432674408,0.7692224979400635,1.1025558710098267
zjYEBwXGD8I$_$12,zjYEBwXGD8I,Positive,Positive,True,0.08907926082611084,0.12284399569034576,0.7880767583847046,1.6666666269302368,0.8361355662345886,0.8305310606956482
zjYEBwXGD8I$_$15,zjYEBwXGD8I,Positive,Positive,True,0.02152697741985321,0.08445492386817932,0.8940181136131287,0.3333333432674408,0.9920118451118469,0.6586785316467285
zjYEBwXGD8I$_$14,zjYEBwXGD8I,Positive,Positive,True,0.02991783432662487,0.03493974357843399,0.9351423978805542,1.0,1.6008950471878052,0.6008950471878052
zjYEBwXGD8I$_$17,zjYEBwXGD8I,Positive,Negative,False,0.7441045641899109,0.08513828366994858,0.17075711488723755,0.6666666865348816,-0.5666919350624084,1.23335862159729
zjYEBwXGD8I$_$16,zjYEBwXGD8I,Positive,Positive,True,0.011100339703261852,0.02595122531056404,0.9629484415054321,1.0,1.6143356561660767,0.6143356561660767
zjYEBwXGD8I$_$1,zjYEBwXGD8I,Positive,Neutral,False,0.022233644500374794,0.5858676433563232,0.39189866185188293,0.3333333432674408,0.2629047632217407,0.07042858004570007
zjYEBwXGD8I$_$0,zjYEBwXGD8I,Neutral,Positive,False,0.019388925284147263,0.25870481133461,0.721906304359436,0.0,0.7006075382232666,0.7006075382232666
zjYEBwXGD8I$_$3,zjYEBwXGD8I,Positive,Positive,True,0.03489506244659424,0.03789762035012245,0.927207350730896,0.6666666865348816,1.4774428606033325,0.8107761740684509
zjYEBwXGD8I$_$2,zjYEBwXGD8I,Positive,Positive,True,0.06454666703939438,0.12883791327476501,0.8066153526306152,1.0,0.960760235786438,0.03923976421356201
zjYEBwXGD8I$_$5,zjYEBwXGD8I,Positive,Positive,True,0.04340365529060364,0.201486274600029,0.7551100254058838,0.6666666865348816,0.7644773125648499,0.09781062602996826
zjYEBwXGD8I$_$4,zjYEBwXGD8I,Neutral,Positive,False,0.05170408636331558,0.19148412346839905,0.756811797618866,0.0,0.8018805980682373,0.8018805980682373
zjYEBwXGD8I$_$7,zjYEBwXGD8I,Positive,Positive,True,0.029958296567201614,0.05608373135328293,0.9139580130577087,1.3333333730697632,1.4330079555511475,0.09967458248138428
zjYEBwXGD8I$_$6,zjYEBwXGD8I,Negative,Negative,True,0.44895339012145996,0.40976205468177795,0.14128446578979492,-0.3333333432674408,-0.15926973521709442,0.17406360805034637
zjYEBwXGD8I$_$9,zjYEBwXGD8I,Positive,Positive,True,0.010562491603195667,0.12708225846290588,0.8623552322387695,0.3333333432674408,0.8279989361763,0.49466559290885925
zjYEBwXGD8I$_$8,zjYEBwXGD8I,Positive,Positive,True,0.025681691244244576,0.30180951952934265,0.6725088357925415,0.3333333432674408,0.5347267389297485,0.20139339566230774
zk2jTlAtvSU$_$3,zk2jTlAtvSU,Neutral,Neutral,True,0.20400743186473846,0.5898544788360596,0.20613808929920197,0.0,0.05794837325811386,0.05794837325811386
zk2jTlAtvSU$_$5,zk2jTlAtvSU,Neutral,Neutral,True,0.08978244662284851,0.6313870549201965,0.27883046865463257,0.0,0.14662471413612366,0.14662471413612366
